{
  "directed": true,
  "graph": {
    "annotation_list": {
      "Mouse_Strain": [
        "C57BL/6J"
      ],
      "Mouse_Type": [
        "C3 -/-"
      ],
      "PublicationStatus": [
        "Published"
      ],
      "PublicationType": [
        "Research"
      ],
      "Section": [
        "Results"
      ],
      "Timeline": [
        "1 day post infection",
        "2 days post infection",
        "3 days post infection",
        "4 days post infection"
      ]
    },
    "annotation_pattern": {
      "BioAssay": ".*"
    },
    "annotation_url": {
      "MeSHAnatomy": "https://arty.scai.fraunhofer.de/artifactory/bel/annotation/mesh-anatomy/mesh-anatomy-20190128.belanno",
      "MeSHDisease": "https://arty.scai.fraunhofer.de/artifactory/bel/annotation/mesh-diseases/mesh-diseases-20190128.belanno",
      "Species": "https://arty.scai.fraunhofer.de/artifactory/bel/annotation/species-taxonomy-id/species-taxonomy-id-20170511.belanno"
    },
    "document_metadata": {
      "authors": "Abish K",
      "contact": "abish@causalitybiomodels.com",
      "copyright": "Copyright © 2020 Fraunhofer Institute SCAI, All rights reserved",
      "description": "COVID Knowledge Curation project",
      "licenses": "Private Ownership to Fraunhofer Institute SCAI",
      "name": "30301856.bel",
      "version": "2.0.0"
    },
    "namespace_pattern": {},
    "namespace_url": {
      "DO": "https://arty.scai.fraunhofer.de/artifactory/bel/namespace/disease-ontology/disease-ontology-20190128.belns",
      "GO": "https://arty.scai.fraunhofer.de/artifactory/bel/namespace/go/go-20180109.belns",
      "HP": "https://arty.scai.fraunhofer.de/artifactory/bel/namespace/hp/hp-20190130.belns",
      "MESH": "https://arty.scai.fraunhofer.de/artifactory/bel/namespace/mesh/mesh-names-20181007.belns",
      "MGI": "https://arty.scai.fraunhofer.de/artifactory/bel/namespace/mgi-mouse-genes/mgi-mouse-genes-20190128.belns",
      "TAX": "https://arty.scai.fraunhofer.de/artifactory/bel/namespace/ncbi-taxonomy/ncbi-taxonomy-20200322.belns"
    },
    "path": "30301856.bel",
    "pybel_version": "0.14.6"
  },
  "links": [
    {
      "annotations": {
        "MeSHAnatomy": {
          "Lung": true
        },
        "MeSHDisease": {
          "Severe Acute Respiratory Syndrome": true
        },
        "Mouse_Strain": {
          "C57BL/6J": true
        },
        "PublicationStatus": {
          "Published": true
        },
        "PublicationType": {
          "Research": true
        },
        "Section": {
          "Results": true
        },
        "Species": {
          "10090": true
        }
      },
      "citation": {
        "authors": [
          "Baric RS",
          "Gralinski LE",
          "Heise MT",
          "Jensen K",
          "Leist SR",
          "Menachery VD",
          "Morrison TE",
          "Sheahan TP",
          "Whitmore A"
        ],
        "date": "2018-10-09",
        "db": "PubMed",
        "db_id": "30301856",
        "db_name": "mBio",
        "first": "Gralinski LE",
        "last": "Baric RS",
        "volume": "9"
      },
      "evidence": "C4b, CfB, and C3 all had significantly higher abundances in the lungs of mice infected with a lethal dose of SARS-CoV MA15 than in those of mice infected with a sublethal dose (Fig. 1A).",
      "key": "3a1822a9a3df955518d49c50a7b06c77",
      "line": 52,
      "relation": "increases",
      "source": 9,
      "target": 17
    },
    {
      "annotations": {
        "MeSHAnatomy": {
          "Lung": true
        },
        "MeSHDisease": {
          "Severe Acute Respiratory Syndrome": true
        },
        "Mouse_Strain": {
          "C57BL/6J": true
        },
        "PublicationStatus": {
          "Published": true
        },
        "PublicationType": {
          "Research": true
        },
        "Section": {
          "Results": true
        },
        "Species": {
          "10090": true
        }
      },
      "citation": {
        "authors": [
          "Baric RS",
          "Gralinski LE",
          "Heise MT",
          "Jensen K",
          "Leist SR",
          "Menachery VD",
          "Morrison TE",
          "Sheahan TP",
          "Whitmore A"
        ],
        "date": "2018-10-09",
        "db": "PubMed",
        "db_id": "30301856",
        "db_name": "mBio",
        "first": "Gralinski LE",
        "last": "Baric RS",
        "volume": "9"
      },
      "evidence": "C4b, CfB, and C3 all had significantly higher abundances in the lungs of mice infected with a lethal dose of SARS-CoV MA15 than in those of mice infected with a sublethal dose (Fig. 1A).",
      "key": "a0e22936b1b0c55eae1a3d9737c56e7a",
      "line": 53,
      "relation": "increases",
      "source": 9,
      "target": 22
    },
    {
      "annotations": {
        "MeSHAnatomy": {
          "Lung": true
        },
        "MeSHDisease": {
          "Severe Acute Respiratory Syndrome": true
        },
        "Mouse_Strain": {
          "C57BL/6J": true
        },
        "PublicationStatus": {
          "Published": true
        },
        "PublicationType": {
          "Research": true
        },
        "Section": {
          "Results": true
        },
        "Species": {
          "10090": true
        }
      },
      "citation": {
        "authors": [
          "Baric RS",
          "Gralinski LE",
          "Heise MT",
          "Jensen K",
          "Leist SR",
          "Menachery VD",
          "Morrison TE",
          "Sheahan TP",
          "Whitmore A"
        ],
        "date": "2018-10-09",
        "db": "PubMed",
        "db_id": "30301856",
        "db_name": "mBio",
        "first": "Gralinski LE",
        "last": "Baric RS",
        "volume": "9"
      },
      "evidence": "C4b, CfB, and C3 all had significantly higher abundances in the lungs of mice infected with a lethal dose of SARS-CoV MA15 than in those of mice infected with a sublethal dose (Fig. 1A).",
      "key": "5b12d853eb73bdbd91781b9356229b08",
      "line": 54,
      "relation": "increases",
      "source": 9,
      "target": 16
    },
    {
      "annotations": {
        "BioAssay": {
          "western blot": true
        },
        "MeSHAnatomy": {
          "Lung": true
        },
        "MeSHDisease": {
          "Severe Acute Respiratory Syndrome": true
        },
        "Mouse_Strain": {
          "C57BL/6J": true
        },
        "PublicationStatus": {
          "Published": true
        },
        "PublicationType": {
          "Research": true
        },
        "Section": {
          "Results": true
        },
        "Species": {
          "10090": true
        },
        "Timeline": {
          "1 day post infection": true
        }
      },
      "citation": {
        "authors": [
          "Baric RS",
          "Gralinski LE",
          "Heise MT",
          "Jensen K",
          "Leist SR",
          "Menachery VD",
          "Morrison TE",
          "Sheahan TP",
          "Whitmore A"
        ],
        "date": "2018-10-09",
        "db": "PubMed",
        "db_id": "30301856",
        "db_name": "mBio",
        "first": "Gralinski LE",
        "last": "Baric RS",
        "volume": "9"
      },
      "evidence": "C3 activation products (C3 fragments C3a, C3b, iC3b, C3dg, and C3c) were detected by Western blotting in lung tissue of SARS-CoV MA15-infected mice, but not in control mice, as early as 1 day postinfection (dpi) (Fig. 1B), confirming that SARS-CoV MA15 infection activates the complement pathway.",
      "key": "5ec6bea59354903b9cc1157e1e19109b",
      "line": 64,
      "relation": "increases",
      "source": 9,
      "target": 2
    },
    {
      "annotations": {
        "BioAssay": {
          "western blot": true
        },
        "MeSHAnatomy": {
          "Serum": true
        },
        "MeSHDisease": {
          "Severe Acute Respiratory Syndrome": true
        },
        "Mouse_Strain": {
          "C57BL/6J": true
        },
        "PublicationStatus": {
          "Published": true
        },
        "PublicationType": {
          "Research": true
        },
        "Section": {
          "Results": true
        },
        "Species": {
          "10090": true
        },
        "Timeline": {
          "2 days post infection": true
        }
      },
      "citation": {
        "authors": [
          "Baric RS",
          "Gralinski LE",
          "Heise MT",
          "Jensen K",
          "Leist SR",
          "Menachery VD",
          "Morrison TE",
          "Sheahan TP",
          "Whitmore A"
        ],
        "date": "2018-10-09",
        "db": "PubMed",
        "db_id": "30301856",
        "db_name": "mBio",
        "first": "Gralinski LE",
        "last": "Baric RS",
        "volume": "9"
      },
      "evidence": "Western blot analysis showed increased levels of C3a-derived fragments in the serum, indicating systemic complement activation in SARS-CoV MA15-infected mice at 2 dpi (Fig. 7A).",
      "key": "25b4bd7c4455925adbfecea4af5f5116",
      "line": 231,
      "relation": "increases",
      "source": 9,
      "target": 2
    },
    {
      "annotations": {
        "BioAssay": {
          "western blot": true
        },
        "MeSHAnatomy": {
          "Lung": true
        },
        "MeSHDisease": {
          "Severe Acute Respiratory Syndrome": true
        },
        "Mouse_Strain": {
          "C57BL/6J": true
        },
        "PublicationStatus": {
          "Published": true
        },
        "PublicationType": {
          "Research": true
        },
        "Section": {
          "Results": true
        },
        "Species": {
          "10090": true
        },
        "Timeline": {
          "1 day post infection": true
        }
      },
      "citation": {
        "authors": [
          "Baric RS",
          "Gralinski LE",
          "Heise MT",
          "Jensen K",
          "Leist SR",
          "Menachery VD",
          "Morrison TE",
          "Sheahan TP",
          "Whitmore A"
        ],
        "date": "2018-10-09",
        "db": "PubMed",
        "db_id": "30301856",
        "db_name": "mBio",
        "first": "Gralinski LE",
        "last": "Baric RS",
        "volume": "9"
      },
      "evidence": "C3 activation products (C3 fragments C3a, C3b, iC3b, C3dg, and C3c) were detected by Western blotting in lung tissue of SARS-CoV MA15-infected mice, but not in control mice, as early as 1 day postinfection (dpi) (Fig. 1B), confirming that SARS-CoV MA15 infection activates the complement pathway.",
      "key": "7d07e66efec81cd6df3895cce5cfcf9b",
      "line": 65,
      "relation": "increases",
      "source": 9,
      "target": 3
    },
    {
      "annotations": {
        "BioAssay": {
          "western blot": true
        },
        "MeSHAnatomy": {
          "Lung": true
        },
        "MeSHDisease": {
          "Severe Acute Respiratory Syndrome": true
        },
        "Mouse_Strain": {
          "C57BL/6J": true
        },
        "PublicationStatus": {
          "Published": true
        },
        "PublicationType": {
          "Research": true
        },
        "Section": {
          "Results": true
        },
        "Species": {
          "10090": true
        },
        "Timeline": {
          "1 day post infection": true
        }
      },
      "citation": {
        "authors": [
          "Baric RS",
          "Gralinski LE",
          "Heise MT",
          "Jensen K",
          "Leist SR",
          "Menachery VD",
          "Morrison TE",
          "Sheahan TP",
          "Whitmore A"
        ],
        "date": "2018-10-09",
        "db": "PubMed",
        "db_id": "30301856",
        "db_name": "mBio",
        "first": "Gralinski LE",
        "last": "Baric RS",
        "volume": "9"
      },
      "evidence": "C3 activation products (C3 fragments C3a, C3b, iC3b, C3dg, and C3c) were detected by Western blotting in lung tissue of SARS-CoV MA15-infected mice, but not in control mice, as early as 1 day postinfection (dpi) (Fig. 1B), confirming that SARS-CoV MA15 infection activates the complement pathway.",
      "key": "60aeb9b98b8287fc0f780ccafc4ccacd",
      "line": 66,
      "relation": "increases",
      "source": 9,
      "target": 4
    },
    {
      "annotations": {
        "BioAssay": {
          "western blot": true
        },
        "MeSHAnatomy": {
          "Lung": true
        },
        "MeSHDisease": {
          "Severe Acute Respiratory Syndrome": true
        },
        "Mouse_Strain": {
          "C57BL/6J": true
        },
        "PublicationStatus": {
          "Published": true
        },
        "PublicationType": {
          "Research": true
        },
        "Section": {
          "Results": true
        },
        "Species": {
          "10090": true
        },
        "Timeline": {
          "1 day post infection": true
        }
      },
      "citation": {
        "authors": [
          "Baric RS",
          "Gralinski LE",
          "Heise MT",
          "Jensen K",
          "Leist SR",
          "Menachery VD",
          "Morrison TE",
          "Sheahan TP",
          "Whitmore A"
        ],
        "date": "2018-10-09",
        "db": "PubMed",
        "db_id": "30301856",
        "db_name": "mBio",
        "first": "Gralinski LE",
        "last": "Baric RS",
        "volume": "9"
      },
      "evidence": "C3 activation products (C3 fragments C3a, C3b, iC3b, C3dg, and C3c) were detected by Western blotting in lung tissue of SARS-CoV MA15-infected mice, but not in control mice, as early as 1 day postinfection (dpi) (Fig. 1B), confirming that SARS-CoV MA15 infection activates the complement pathway.",
      "key": "5c5bf9a0ae863636d13ff176640395fc",
      "line": 67,
      "relation": "increases",
      "source": 9,
      "target": 15
    },
    {
      "annotations": {
        "MeSHDisease": {
          "Severe Acute Respiratory Syndrome": true
        },
        "Mouse_Strain": {
          "C57BL/6J": true
        },
        "PublicationStatus": {
          "Published": true
        },
        "PublicationType": {
          "Research": true
        },
        "Section": {
          "Results": true
        },
        "Species": {
          "10090": true
        },
        "Timeline": {
          "3 days post infection": true
        }
      },
      "citation": {
        "authors": [
          "Baric RS",
          "Gralinski LE",
          "Heise MT",
          "Jensen K",
          "Leist SR",
          "Menachery VD",
          "Morrison TE",
          "Sheahan TP",
          "Whitmore A"
        ],
        "date": "2018-10-09",
        "db": "PubMed",
        "db_id": "30301856",
        "db_name": "mBio",
        "first": "Gralinski LE",
        "last": "Baric RS",
        "volume": "9"
      },
      "evidence": "Control mice exhibited approximately 15% transient weight loss, with peak weight loss at day 3 postinfection (Fig. 2A). In contrast, the C3 –/– mice were significantly protected from infection, with no significant weight loss evident at any time point.",
      "key": "cfea25c7c6b69c55798ab36aa740265f",
      "line": 81,
      "relation": "increases",
      "source": 9,
      "target": 34
    },
    {
      "annotations": {
        "MeSHDisease": {
          "Severe Acute Respiratory Syndrome": true
        },
        "Mouse_Strain": {
          "C57BL/6J": true
        },
        "PublicationStatus": {
          "Published": true
        },
        "PublicationType": {
          "Research": true
        },
        "Section": {
          "Results": true
        },
        "Species": {
          "10090": true
        }
      },
      "citation": {
        "authors": [
          "Baric RS",
          "Gralinski LE",
          "Heise MT",
          "Jensen K",
          "Leist SR",
          "Menachery VD",
          "Morrison TE",
          "Sheahan TP",
          "Whitmore A"
        ],
        "date": "2018-10-09",
        "db": "PubMed",
        "db_id": "30301856",
        "db_name": "mBio",
        "first": "Gralinski LE",
        "last": "Baric RS",
        "volume": "9"
      },
      "evidence": "All three metrics have been shown to change significantly following SARS-CoV MA15 infection, with Penh and EF50 increasing following infection and RPEF decreasing. Combined, these measurements show that SARS-CoV MA15-infected animals have altered exhalation patterns in their breathing.",
      "key": "a232ea3a67eee30e9aea1311ee47a995",
      "line": 88,
      "relation": "increases",
      "source": 9,
      "target": 13
    },
    {
      "annotations": {
        "MeSHDisease": {
          "Severe Acute Respiratory Syndrome": true
        },
        "Mouse_Type": {
          "C3 -/-": true
        },
        "PublicationStatus": {
          "Published": true
        },
        "PublicationType": {
          "Research": true
        },
        "Section": {
          "Results": true
        },
        "Species": {
          "10090": true
        }
      },
      "citation": {
        "authors": [
          "Baric RS",
          "Gralinski LE",
          "Heise MT",
          "Jensen K",
          "Leist SR",
          "Menachery VD",
          "Morrison TE",
          "Sheahan TP",
          "Whitmore A"
        ],
        "date": "2018-10-09",
        "db": "PubMed",
        "db_id": "30301856",
        "db_name": "mBio",
        "first": "Gralinski LE",
        "last": "Baric RS",
        "volume": "9"
      },
      "evidence": "C3 –/– mice exhibit a decreased change in Penh and EF50 levels following SARS-CoV MA15 infection relative to those of infected C57BL/6J control mice; however, RPEF values were similar between infection conditions (Fig. 2C to E).",
      "key": "1555392273d98b3554471ccb41c03b27",
      "line": 99,
      "relation": "increases",
      "source": 9,
      "target": 13
    },
    {
      "annotations": {
        "MeSHDisease": {
          "Severe Acute Respiratory Syndrome": true
        },
        "Mouse_Strain": {
          "C57BL/6J": true
        },
        "PublicationStatus": {
          "Published": true
        },
        "PublicationType": {
          "Research": true
        },
        "Section": {
          "Results": true
        },
        "Species": {
          "10090": true
        }
      },
      "citation": {
        "authors": [
          "Baric RS",
          "Gralinski LE",
          "Heise MT",
          "Jensen K",
          "Leist SR",
          "Menachery VD",
          "Morrison TE",
          "Sheahan TP",
          "Whitmore A"
        ],
        "date": "2018-10-09",
        "db": "PubMed",
        "db_id": "30301856",
        "db_name": "mBio",
        "first": "Gralinski LE",
        "last": "Baric RS",
        "volume": "9"
      },
      "evidence": "All three metrics have been shown to change significantly following SARS-CoV MA15 infection, with Penh and EF50 increasing following infection and RPEF decreasing. Combined, these measurements show that SARS-CoV MA15-infected animals have altered exhalation patterns in their breathing.",
      "key": "5aad203062aec1e2579ba1a760c0d253",
      "line": 90,
      "relation": "increases",
      "source": 9,
      "target": 14
    },
    {
      "annotations": {
        "MeSHDisease": {
          "Severe Acute Respiratory Syndrome": true
        },
        "Mouse_Type": {
          "C3 -/-": true
        },
        "PublicationStatus": {
          "Published": true
        },
        "PublicationType": {
          "Research": true
        },
        "Section": {
          "Results": true
        },
        "Species": {
          "10090": true
        }
      },
      "citation": {
        "authors": [
          "Baric RS",
          "Gralinski LE",
          "Heise MT",
          "Jensen K",
          "Leist SR",
          "Menachery VD",
          "Morrison TE",
          "Sheahan TP",
          "Whitmore A"
        ],
        "date": "2018-10-09",
        "db": "PubMed",
        "db_id": "30301856",
        "db_name": "mBio",
        "first": "Gralinski LE",
        "last": "Baric RS",
        "volume": "9"
      },
      "evidence": "C3 –/– mice exhibit a decreased change in Penh and EF50 levels following SARS-CoV MA15 infection relative to those of infected C57BL/6J control mice; however, RPEF values were similar between infection conditions (Fig. 2C to E).",
      "key": "aa59cb224e4a2770f92ee70e9c4b190b",
      "line": 100,
      "relation": "increases",
      "source": 9,
      "target": 14
    },
    {
      "annotations": {
        "MeSHDisease": {
          "Severe Acute Respiratory Syndrome": true
        },
        "Mouse_Strain": {
          "C57BL/6J": true
        },
        "PublicationStatus": {
          "Published": true
        },
        "PublicationType": {
          "Research": true
        },
        "Section": {
          "Results": true
        },
        "Species": {
          "10090": true
        }
      },
      "citation": {
        "authors": [
          "Baric RS",
          "Gralinski LE",
          "Heise MT",
          "Jensen K",
          "Leist SR",
          "Menachery VD",
          "Morrison TE",
          "Sheahan TP",
          "Whitmore A"
        ],
        "date": "2018-10-09",
        "db": "PubMed",
        "db_id": "30301856",
        "db_name": "mBio",
        "first": "Gralinski LE",
        "last": "Baric RS",
        "volume": "9"
      },
      "evidence": "All three metrics have been shown to change significantly following SARS-CoV MA15 infection, with Penh and EF50 increasing following infection and RPEF decreasing. Combined, these measurements show that SARS-CoV MA15-infected animals have altered exhalation patterns in their breathing.",
      "key": "bc7fecf21b980d11100782dc50a57f22",
      "line": 92,
      "relation": "decreases",
      "source": 9,
      "target": 33
    },
    {
      "annotations": {
        "MeSHDisease": {
          "Severe Acute Respiratory Syndrome": true
        },
        "Mouse_Type": {
          "C3 -/-": true
        },
        "PublicationStatus": {
          "Published": true
        },
        "PublicationType": {
          "Research": true
        },
        "Section": {
          "Results": true
        },
        "Species": {
          "10090": true
        }
      },
      "citation": {
        "authors": [
          "Baric RS",
          "Gralinski LE",
          "Heise MT",
          "Jensen K",
          "Leist SR",
          "Menachery VD",
          "Morrison TE",
          "Sheahan TP",
          "Whitmore A"
        ],
        "date": "2018-10-09",
        "db": "PubMed",
        "db_id": "30301856",
        "db_name": "mBio",
        "first": "Gralinski LE",
        "last": "Baric RS",
        "volume": "9"
      },
      "evidence": "C3 –/– mice exhibit a decreased change in Penh and EF50 levels following SARS-CoV MA15 infection relative to those of infected C57BL/6J control mice; however, RPEF values were similar between infection conditions (Fig. 2C to E).",
      "key": "8d3324a9eaeb0b7e628ec460aaa82446",
      "line": 101,
      "relation": "decreases",
      "source": 9,
      "target": 33
    },
    {
      "annotations": {
        "MeSHAnatomy": {
          "Lung": true
        },
        "MeSHDisease": {
          "Severe Acute Respiratory Syndrome": true
        },
        "Mouse_Type": {
          "C3 -/-": true
        },
        "PublicationStatus": {
          "Published": true
        },
        "PublicationType": {
          "Research": true
        },
        "Section": {
          "Results": true
        },
        "Species": {
          "10090": true
        },
        "Timeline": {
          "2 days post infection": true
        }
      },
      "citation": {
        "authors": [
          "Baric RS",
          "Gralinski LE",
          "Heise MT",
          "Jensen K",
          "Leist SR",
          "Menachery VD",
          "Morrison TE",
          "Sheahan TP",
          "Whitmore A"
        ],
        "date": "2018-10-09",
        "db": "PubMed",
        "db_id": "30301856",
        "db_name": "mBio",
        "first": "Gralinski LE",
        "last": "Baric RS",
        "volume": "9"
      },
      "evidence": "C3 –/– mice exhibited more airspace inflammation, including eosinophils, at 2 dpi than their wild-type controls, although this relationship was reversed later in infection.",
      "key": "62f6772e0c1b3bccc249d01512a02e9e",
      "line": 109,
      "relation": "increases",
      "source": 9,
      "target": 12
    },
    {
      "annotations": {
        "MeSHAnatomy": {
          "Lung": true,
          "Parenchymal Tissue": true
        },
        "MeSHDisease": {
          "Severe Acute Respiratory Syndrome": true
        },
        "Mouse_Strain": {
          "C57BL/6J": true
        },
        "PublicationStatus": {
          "Published": true
        },
        "PublicationType": {
          "Research": true
        },
        "Section": {
          "Results": true
        },
        "Species": {
          "10090": true
        },
        "Timeline": {
          "4 days post infection": true
        }
      },
      "citation": {
        "authors": [
          "Baric RS",
          "Gralinski LE",
          "Heise MT",
          "Jensen K",
          "Leist SR",
          "Menachery VD",
          "Morrison TE",
          "Sheahan TP",
          "Whitmore A"
        ],
        "date": "2018-10-09",
        "db": "PubMed",
        "db_id": "30301856",
        "db_name": "mBio",
        "first": "Gralinski LE",
        "last": "Baric RS",
        "volume": "9"
      },
      "evidence": "At 4 dpi, C57BL/6J mice displayed pronounced lung pathology, including inflammatory cells in the large airway and parenchyma, perivascular cuffing, thickening of the interstitial membrane, and low levels of intra-alveolar edema.",
      "key": "44ee0439e36ad44892a9525b151c77f0",
      "line": 120,
      "relation": "increases",
      "source": 9,
      "target": 12
    },
    {
      "annotations": {
        "MeSHAnatomy": {
          "Lung": true
        },
        "MeSHDisease": {
          "Severe Acute Respiratory Syndrome": true
        },
        "Mouse_Type": {
          "C3 -/-": true
        },
        "PublicationStatus": {
          "Published": true
        },
        "PublicationType": {
          "Research": true
        },
        "Section": {
          "Results": true
        },
        "Species": {
          "10090": true
        },
        "Timeline": {
          "2 days post infection": true
        }
      },
      "citation": {
        "authors": [
          "Baric RS",
          "Gralinski LE",
          "Heise MT",
          "Jensen K",
          "Leist SR",
          "Menachery VD",
          "Morrison TE",
          "Sheahan TP",
          "Whitmore A"
        ],
        "date": "2018-10-09",
        "db": "PubMed",
        "db_id": "30301856",
        "db_name": "mBio",
        "first": "Gralinski LE",
        "last": "Baric RS",
        "volume": "9"
      },
      "evidence": "C3 –/– mice exhibited more airspace inflammation, including eosinophils, at 2 dpi than their wild-type controls, although this relationship was reversed later in infection.",
      "key": "4bc3dbd56f687151e96ad621eb669693",
      "line": 110,
      "relation": "increases",
      "source": 9,
      "target": 31
    },
    {
      "annotations": {
        "MeSHAnatomy": {
          "Lung": true
        },
        "MeSHDisease": {
          "Severe Acute Respiratory Syndrome": true
        },
        "Mouse_Strain": {
          "C57BL/6J": true
        },
        "Mouse_Type": {
          "C3 -/-": true
        },
        "PublicationStatus": {
          "Published": true
        },
        "PublicationType": {
          "Research": true
        },
        "Section": {
          "Results": true
        },
        "Species": {
          "10090": true
        }
      },
      "citation": {
        "authors": [
          "Baric RS",
          "Gralinski LE",
          "Heise MT",
          "Jensen K",
          "Leist SR",
          "Menachery VD",
          "Morrison TE",
          "Sheahan TP",
          "Whitmore A"
        ],
        "date": "2018-10-09",
        "db": "PubMed",
        "db_id": "30301856",
        "db_name": "mBio",
        "first": "Gralinski LE",
        "last": "Baric RS",
        "volume": "9"
      },
      "evidence": "In parallel with humans exhibiting lung pathology, C3 –/– mice exhibited significant pulmonary infiltration following SARS-CoV MA15 infection, but this inflammation was reduced relative to that observed in wild-type mice.",
      "key": "335501fcb7f6d6ea093324aeb4a23712",
      "line": 148,
      "relation": "increases",
      "source": 9,
      "target": 31
    },
    {
      "annotations": {
        "MeSHAnatomy": {
          "Bronchi": true
        },
        "MeSHDisease": {
          "Severe Acute Respiratory Syndrome": true
        },
        "Mouse_Strain": {
          "C57BL/6J": true
        },
        "PublicationStatus": {
          "Published": true
        },
        "PublicationType": {
          "Research": true
        },
        "Section": {
          "Results": true
        },
        "Species": {
          "10090": true
        },
        "Timeline": {
          "4 days post infection": true
        }
      },
      "citation": {
        "authors": [
          "Baric RS",
          "Gralinski LE",
          "Heise MT",
          "Jensen K",
          "Leist SR",
          "Menachery VD",
          "Morrison TE",
          "Sheahan TP",
          "Whitmore A"
        ],
        "date": "2018-10-09",
        "db": "PubMed",
        "db_id": "30301856",
        "db_name": "mBio",
        "first": "Gralinski LE",
        "last": "Baric RS",
        "volume": "9"
      },
      "evidence": "At 4 dpi, C57BL/6J mice displayed pronounced lung pathology, including inflammatory cells in the large airway and parenchyma, perivascular cuffing, thickening of the interstitial membrane, and low levels of intra-alveolar edema.",
      "key": "ebd7fcef7cb8633db941b1f3a50904e4",
      "line": 123,
      "relation": "increases",
      "source": 9,
      "target": 10
    },
    {
      "annotations": {
        "MeSHAnatomy": {
          "Pulmonary Alveoli": true
        },
        "MeSHDisease": {
          "Severe Acute Respiratory Syndrome": true
        },
        "Mouse_Strain": {
          "C57BL/6J": true
        },
        "PublicationStatus": {
          "Published": true
        },
        "PublicationType": {
          "Research": true
        },
        "Section": {
          "Results": true
        },
        "Species": {
          "10090": true
        },
        "Timeline": {
          "4 days post infection": true
        }
      },
      "citation": {
        "authors": [
          "Baric RS",
          "Gralinski LE",
          "Heise MT",
          "Jensen K",
          "Leist SR",
          "Menachery VD",
          "Morrison TE",
          "Sheahan TP",
          "Whitmore A"
        ],
        "date": "2018-10-09",
        "db": "PubMed",
        "db_id": "30301856",
        "db_name": "mBio",
        "first": "Gralinski LE",
        "last": "Baric RS",
        "volume": "9"
      },
      "evidence": "At 4 dpi, C57BL/6J mice displayed pronounced lung pathology, including inflammatory cells in the large airway and parenchyma, perivascular cuffing, thickening of the interstitial membrane, and low levels of intra-alveolar edema.",
      "key": "f52a917bcac1fd0626d0b463d73a7327",
      "line": 126,
      "relation": "increases",
      "source": 9,
      "target": 30
    },
    {
      "annotations": {
        "BioAssay": {
          "immunohistochemistry": true
        },
        "MeSHAnatomy": {
          "Lung": true
        },
        "MeSHDisease": {
          "Severe Acute Respiratory Syndrome": true
        },
        "Mouse_Strain": {
          "C57BL/6J": true
        },
        "PublicationStatus": {
          "Published": true
        },
        "PublicationType": {
          "Research": true
        },
        "Section": {
          "Results": true
        },
        "Species": {
          "10090": true
        },
        "Timeline": {
          "4 days post infection": true
        }
      },
      "citation": {
        "authors": [
          "Baric RS",
          "Gralinski LE",
          "Heise MT",
          "Jensen K",
          "Leist SR",
          "Menachery VD",
          "Morrison TE",
          "Sheahan TP",
          "Whitmore A"
        ],
        "date": "2018-10-09",
        "db": "PubMed",
        "db_id": "30301856",
        "db_name": "mBio",
        "first": "Gralinski LE",
        "last": "Baric RS",
        "volume": "9"
      },
      "evidence": "At both 2 and 4 dpi, we observed scattered positive staining for complement in the lungs of SARS-CoV MA15-infected mice, suggesting that local tissue damage might contribute to SARS-CoV pathogenesis (Fig. 4)",
      "key": "66601c80763a858dfa1f9ea045286289",
      "line": 137,
      "relation": "increases",
      "source": 9,
      "target": 11
    },
    {
      "annotations": {
        "MeSHAnatomy": {
          "Lung": true
        },
        "MeSHDisease": {
          "Severe Acute Respiratory Syndrome": true
        },
        "Mouse_Strain": {
          "C57BL/6J": true
        },
        "Mouse_Type": {
          "C3 -/-": true
        },
        "PublicationStatus": {
          "Published": true
        },
        "PublicationType": {
          "Research": true
        },
        "Section": {
          "Results": true
        },
        "Species": {
          "10090": true
        }
      },
      "citation": {
        "authors": [
          "Baric RS",
          "Gralinski LE",
          "Heise MT",
          "Jensen K",
          "Leist SR",
          "Menachery VD",
          "Morrison TE",
          "Sheahan TP",
          "Whitmore A"
        ],
        "date": "2018-10-09",
        "db": "PubMed",
        "db_id": "30301856",
        "db_name": "mBio",
        "first": "Gralinski LE",
        "last": "Baric RS",
        "volume": "9"
      },
      "evidence": "Consistently with what was observed in human SARS-CoV patients (25), lymphopenia was observed in the lungs of both SARS-CoV MA15-infected C57BL/6J and C3 –/– mice with reduced percentages of B cells (Fig. 5A) and CD4 T cells relative to those in mock-infected mice following infection.",
      "key": "2dfe91e0b297f23d0f4f944ea6886a23",
      "line": 158,
      "relation": "increases",
      "source": 9,
      "target": 32
    },
    {
      "annotations": {
        "MeSHAnatomy": {
          "Lung": true
        },
        "MeSHDisease": {
          "Severe Acute Respiratory Syndrome": true
        },
        "Mouse_Strain": {
          "C57BL/6J": true
        },
        "Mouse_Type": {
          "C3 -/-": true
        },
        "PublicationStatus": {
          "Published": true
        },
        "PublicationType": {
          "Research": true
        },
        "Section": {
          "Results": true
        },
        "Species": {
          "10090": true
        }
      },
      "citation": {
        "authors": [
          "Baric RS",
          "Gralinski LE",
          "Heise MT",
          "Jensen K",
          "Leist SR",
          "Menachery VD",
          "Morrison TE",
          "Sheahan TP",
          "Whitmore A"
        ],
        "date": "2018-10-09",
        "db": "PubMed",
        "db_id": "30301856",
        "db_name": "mBio",
        "first": "Gralinski LE",
        "last": "Baric RS",
        "volume": "9"
      },
      "evidence": "Consistently with what was observed in human SARS-CoV patients (25), lymphopenia was observed in the lungs of both SARS-CoV MA15-infected C57BL/6J and C3 –/– mice with reduced percentages of B cells (Fig. 5A) and CD4 T cells relative to those in mock-infected mice following infection.",
      "key": "3a8bcb834811da894ab4145d4f822fc9",
      "line": 159,
      "relation": "decreases",
      "source": 9,
      "target": 0
    },
    {
      "annotations": {
        "MeSHAnatomy": {
          "Lung": true
        },
        "MeSHDisease": {
          "Severe Acute Respiratory Syndrome": true
        },
        "Mouse_Strain": {
          "C57BL/6J": true
        },
        "Mouse_Type": {
          "C3 -/-": true
        },
        "PublicationStatus": {
          "Published": true
        },
        "PublicationType": {
          "Research": true
        },
        "Section": {
          "Results": true
        },
        "Species": {
          "10090": true
        }
      },
      "citation": {
        "authors": [
          "Baric RS",
          "Gralinski LE",
          "Heise MT",
          "Jensen K",
          "Leist SR",
          "Menachery VD",
          "Morrison TE",
          "Sheahan TP",
          "Whitmore A"
        ],
        "date": "2018-10-09",
        "db": "PubMed",
        "db_id": "30301856",
        "db_name": "mBio",
        "first": "Gralinski LE",
        "last": "Baric RS",
        "volume": "9"
      },
      "evidence": "Consistently with what was observed in human SARS-CoV patients (25), lymphopenia was observed in the lungs of both SARS-CoV MA15-infected C57BL/6J and C3 –/– mice with reduced percentages of B cells (Fig. 5A) and CD4 T cells relative to those in mock-infected mice following infection.",
      "key": "ca644ee6c97fd84f6779393421f5b03a",
      "line": 160,
      "relation": "decreases",
      "source": 9,
      "target": 1
    },
    {
      "annotations": {
        "MeSHAnatomy": {
          "CD4-Positive T-Lymphocytes": true,
          "Lung": true
        },
        "MeSHDisease": {
          "Severe Acute Respiratory Syndrome": true
        },
        "Mouse_Type": {
          "C3 -/-": true
        },
        "PublicationStatus": {
          "Published": true
        },
        "PublicationType": {
          "Research": true
        },
        "Section": {
          "Results": true
        },
        "Species": {
          "10090": true
        }
      },
      "citation": {
        "authors": [
          "Baric RS",
          "Gralinski LE",
          "Heise MT",
          "Jensen K",
          "Leist SR",
          "Menachery VD",
          "Morrison TE",
          "Sheahan TP",
          "Whitmore A"
        ],
        "date": "2018-10-09",
        "db": "PubMed",
        "db_id": "30301856",
        "db_name": "mBio",
        "first": "Gralinski LE",
        "last": "Baric RS",
        "volume": "9"
      },
      "evidence": "Despite similar overall lymphocyte levels, small but significant differences were observed in levels of T cell activation between infected C57BL/6J and C3 –/– mice; both CD4 and CD8 T cells in C3 –/– mice expressed more Ki-67 (Fig. 5C and D), an intracellular marker of proliferation, than those in C57BL/6J controls.",
      "key": "58a44c086c1ddfa2cd079847274180a0",
      "line": 169,
      "relation": "increases",
      "source": 9,
      "target": 28
    },
    {
      "annotations": {
        "MeSHAnatomy": {
          "Lung": true
        },
        "MeSHDisease": {
          "Severe Acute Respiratory Syndrome": true
        },
        "Mouse_Strain": {
          "C57BL/6J": true
        },
        "PublicationStatus": {
          "Published": true
        },
        "PublicationType": {
          "Research": true
        },
        "Section": {
          "Results": true
        },
        "Species": {
          "10090": true
        }
      },
      "citation": {
        "authors": [
          "Baric RS",
          "Gralinski LE",
          "Heise MT",
          "Jensen K",
          "Leist SR",
          "Menachery VD",
          "Morrison TE",
          "Sheahan TP",
          "Whitmore A"
        ],
        "date": "2018-10-09",
        "db": "PubMed",
        "db_id": "30301856",
        "db_name": "mBio",
        "first": "Gralinski LE",
        "last": "Baric RS",
        "volume": "9"
      },
      "evidence": "Analysis of myeloid cells in the lung showed that infected C56BL/6J mice had significantly higher levels of neutrophils, particularly nonactivated neutrophils, in the lung than infected C3 –/– mice (Fig. 5B and E).",
      "key": "99dd70b034f1c26ab7a611e8990927b9",
      "line": 177,
      "relation": "increases",
      "source": 9,
      "target": 8
    },
    {
      "annotations": {
        "MeSHAnatomy": {
          "Lung": true
        },
        "MeSHDisease": {
          "Severe Acute Respiratory Syndrome": true
        },
        "Mouse_Strain": {
          "C57BL/6J": true
        },
        "PublicationStatus": {
          "Published": true
        },
        "PublicationType": {
          "Research": true
        },
        "Section": {
          "Results": true
        },
        "Species": {
          "10090": true
        }
      },
      "citation": {
        "authors": [
          "Baric RS",
          "Gralinski LE",
          "Heise MT",
          "Jensen K",
          "Leist SR",
          "Menachery VD",
          "Morrison TE",
          "Sheahan TP",
          "Whitmore A"
        ],
        "date": "2018-10-09",
        "db": "PubMed",
        "db_id": "30301856",
        "db_name": "mBio",
        "first": "Gralinski LE",
        "last": "Baric RS",
        "volume": "9"
      },
      "evidence": "Furthermore, inflammatory monocytes, which have previously been associated with increased SARS-CoV MA15 pathogenesis (26), were significantly increased in the lungs of wild-type mice but not C3 –/– mice (Fig. 5B).",
      "key": "8a86bcf8e5d98028f3ca095db2544b9c",
      "line": 185,
      "relation": "increases",
      "source": 9,
      "target": 7
    },
    {
      "annotations": {
        "MeSHAnatomy": {
          "Lung": true
        },
        "MeSHDisease": {
          "Severe Acute Respiratory Syndrome": true
        },
        "Mouse_Type": {
          "C3 -/-": true
        },
        "PublicationStatus": {
          "Published": true
        },
        "PublicationType": {
          "Research": true
        },
        "Section": {
          "Results": true
        },
        "Species": {
          "10090": true
        }
      },
      "citation": {
        "authors": [
          "Baric RS",
          "Gralinski LE",
          "Heise MT",
          "Jensen K",
          "Leist SR",
          "Menachery VD",
          "Morrison TE",
          "Sheahan TP",
          "Whitmore A"
        ],
        "date": "2018-10-09",
        "db": "PubMed",
        "db_id": "30301856",
        "db_name": "mBio",
        "first": "Gralinski LE",
        "last": "Baric RS",
        "volume": "9"
      },
      "evidence": "Finally, we observed significantly more dendritic cells and alveolar macrophages in the lungs of SARS-CoV MA15-infected C3 –/– mice than in the lungs of infected C57BL/6J mice.",
      "key": "ea406865f4575bd3aad6d51ba3f9892c",
      "line": 193,
      "relation": "increases",
      "source": 9,
      "target": 5
    },
    {
      "annotations": {
        "MeSHAnatomy": {
          "Pulmonary Alveoli": true
        },
        "MeSHDisease": {
          "Severe Acute Respiratory Syndrome": true
        },
        "Mouse_Type": {
          "C3 -/-": true
        },
        "PublicationStatus": {
          "Published": true
        },
        "PublicationType": {
          "Research": true
        },
        "Section": {
          "Results": true
        },
        "Species": {
          "10090": true
        }
      },
      "citation": {
        "authors": [
          "Baric RS",
          "Gralinski LE",
          "Heise MT",
          "Jensen K",
          "Leist SR",
          "Menachery VD",
          "Morrison TE",
          "Sheahan TP",
          "Whitmore A"
        ],
        "date": "2018-10-09",
        "db": "PubMed",
        "db_id": "30301856",
        "db_name": "mBio",
        "first": "Gralinski LE",
        "last": "Baric RS",
        "volume": "9"
      },
      "evidence": "Finally, we observed significantly more dendritic cells and alveolar macrophages in the lungs of SARS-CoV MA15-infected C3 –/– mice than in the lungs of infected C57BL/6J mice.",
      "key": "70eb420204a3def5604bae6c708b3a95",
      "line": 196,
      "relation": "increases",
      "source": 9,
      "target": 6
    },
    {
      "annotations": {
        "MeSHAnatomy": {
          "Lung": true
        },
        "MeSHDisease": {
          "Severe Acute Respiratory Syndrome": true
        },
        "Mouse_Strain": {
          "C57BL/6J": true
        },
        "Mouse_Type": {
          "C3 -/-": true
        },
        "PublicationStatus": {
          "Published": true
        },
        "PublicationType": {
          "Research": true
        },
        "Section": {
          "Results": true
        },
        "Species": {
          "10090": true
        }
      },
      "citation": {
        "authors": [
          "Baric RS",
          "Gralinski LE",
          "Heise MT",
          "Jensen K",
          "Leist SR",
          "Menachery VD",
          "Morrison TE",
          "Sheahan TP",
          "Whitmore A"
        ],
        "date": "2018-10-09",
        "db": "PubMed",
        "db_id": "30301856",
        "db_name": "mBio",
        "first": "Gralinski LE",
        "last": "Baric RS",
        "volume": "9"
      },
      "evidence": "MIP1a, MIP1b, and MCP1 are all highly expressed in the lung following SARS-CoV MA15 infection of both C57BL/6J and C3 –/– mice (Fig. 6A), indicating that some inflammatory signaling remains intact in the absence of C3.",
      "key": "86d71cae901edd796ff1087e18968997",
      "line": 205,
      "relation": "increases",
      "source": 9,
      "target": 19
    },
    {
      "annotations": {
        "MeSHAnatomy": {
          "Lung": true
        },
        "MeSHDisease": {
          "Severe Acute Respiratory Syndrome": true
        },
        "Mouse_Strain": {
          "C57BL/6J": true
        },
        "Mouse_Type": {
          "C3 -/-": true
        },
        "PublicationStatus": {
          "Published": true
        },
        "PublicationType": {
          "Research": true
        },
        "Section": {
          "Results": true
        },
        "Species": {
          "10090": true
        }
      },
      "citation": {
        "authors": [
          "Baric RS",
          "Gralinski LE",
          "Heise MT",
          "Jensen K",
          "Leist SR",
          "Menachery VD",
          "Morrison TE",
          "Sheahan TP",
          "Whitmore A"
        ],
        "date": "2018-10-09",
        "db": "PubMed",
        "db_id": "30301856",
        "db_name": "mBio",
        "first": "Gralinski LE",
        "last": "Baric RS",
        "volume": "9"
      },
      "evidence": "MIP1a, MIP1b, and MCP1 are all highly expressed in the lung following SARS-CoV MA15 infection of both C57BL/6J and C3 –/– mice (Fig. 6A), indicating that some inflammatory signaling remains intact in the absence of C3.",
      "key": "78d5c23ab7ede5342042a2b2d8e394e7",
      "line": 206,
      "relation": "increases",
      "source": 9,
      "target": 20
    },
    {
      "annotations": {
        "MeSHAnatomy": {
          "Lung": true
        },
        "MeSHDisease": {
          "Severe Acute Respiratory Syndrome": true
        },
        "Mouse_Strain": {
          "C57BL/6J": true
        },
        "Mouse_Type": {
          "C3 -/-": true
        },
        "PublicationStatus": {
          "Published": true
        },
        "PublicationType": {
          "Research": true
        },
        "Section": {
          "Results": true
        },
        "Species": {
          "10090": true
        }
      },
      "citation": {
        "authors": [
          "Baric RS",
          "Gralinski LE",
          "Heise MT",
          "Jensen K",
          "Leist SR",
          "Menachery VD",
          "Morrison TE",
          "Sheahan TP",
          "Whitmore A"
        ],
        "date": "2018-10-09",
        "db": "PubMed",
        "db_id": "30301856",
        "db_name": "mBio",
        "first": "Gralinski LE",
        "last": "Baric RS",
        "volume": "9"
      },
      "evidence": "MIP1a, MIP1b, and MCP1 are all highly expressed in the lung following SARS-CoV MA15 infection of both C57BL/6J and C3 –/– mice (Fig. 6A), indicating that some inflammatory signaling remains intact in the absence of C3.",
      "key": "8fa61c58e5c1fb3b3b14a8af101e8e2e",
      "line": 207,
      "relation": "increases",
      "source": 9,
      "target": 18
    },
    {
      "annotations": {
        "MeSHAnatomy": {
          "Lung": true
        },
        "MeSHDisease": {
          "Severe Acute Respiratory Syndrome": true
        },
        "Mouse_Strain": {
          "C57BL/6J": true
        },
        "Mouse_Type": {
          "C3 -/-": true
        },
        "PublicationStatus": {
          "Published": true
        },
        "PublicationType": {
          "Research": true
        },
        "Section": {
          "Results": true
        },
        "Species": {
          "10090": true
        }
      },
      "citation": {
        "authors": [
          "Baric RS",
          "Gralinski LE",
          "Heise MT",
          "Jensen K",
          "Leist SR",
          "Menachery VD",
          "Morrison TE",
          "Sheahan TP",
          "Whitmore A"
        ],
        "date": "2018-10-09",
        "db": "PubMed",
        "db_id": "30301856",
        "db_name": "mBio",
        "first": "Gralinski LE",
        "last": "Baric RS",
        "volume": "9"
      },
      "evidence": "Both MCP-1 and RANTES levels were elevated in the serum following infection, regardless of mouse genetic background (Fig. 7B).",
      "key": "9ffb1f01e157ce33627bdba21fe71be1",
      "line": 243,
      "relation": "increases",
      "source": 9,
      "target": 18
    },
    {
      "annotations": {
        "MeSHAnatomy": {
          "Lung": true
        },
        "MeSHDisease": {
          "Severe Acute Respiratory Syndrome": true
        },
        "Mouse_Strain": {
          "C57BL/6J": true
        },
        "PublicationStatus": {
          "Published": true
        },
        "PublicationType": {
          "Research": true
        },
        "Section": {
          "Results": true
        },
        "Species": {
          "10090": true
        },
        "Timeline": {
          "2 days post infection": true
        }
      },
      "citation": {
        "authors": [
          "Baric RS",
          "Gralinski LE",
          "Heise MT",
          "Jensen K",
          "Leist SR",
          "Menachery VD",
          "Morrison TE",
          "Sheahan TP",
          "Whitmore A"
        ],
        "date": "2018-10-09",
        "db": "PubMed",
        "db_id": "30301856",
        "db_name": "mBio",
        "first": "Gralinski LE",
        "last": "Baric RS",
        "volume": "9"
      },
      "evidence": "Granulocyte colony-stimulating factor (G-CSF), interleukin 6 (IL-6), tumor necrosis factor alpha (TNF-a), and IL-1a comprised a group of cytokines and chemokines that were more highly produced in the lungs of C57BL/6J mice than in C3 –/– mice (Fig. 6B), all peaking at 2 days postinfection.",
      "key": "0ec95ad8a34f0d5102846cd8a95c3c09",
      "line": 217,
      "relation": "increases",
      "source": 9,
      "target": 23
    },
    {
      "annotations": {
        "MeSHAnatomy": {
          "Lung": true
        },
        "MeSHDisease": {
          "Severe Acute Respiratory Syndrome": true
        },
        "Mouse_Strain": {
          "C57BL/6J": true
        },
        "PublicationStatus": {
          "Published": true
        },
        "PublicationType": {
          "Research": true
        },
        "Section": {
          "Results": true
        },
        "Species": {
          "10090": true
        }
      },
      "citation": {
        "authors": [
          "Baric RS",
          "Gralinski LE",
          "Heise MT",
          "Jensen K",
          "Leist SR",
          "Menachery VD",
          "Morrison TE",
          "Sheahan TP",
          "Whitmore A"
        ],
        "date": "2018-10-09",
        "db": "PubMed",
        "db_id": "30301856",
        "db_name": "mBio",
        "first": "Gralinski LE",
        "last": "Baric RS",
        "volume": "9"
      },
      "evidence": "However, numerous cytokines and chemokines, such as IL-5, G-CSF, and KC (keratinocyte chemoattractant or CXCL1) were present in significantly higher abundance in the lungs of C57BL/6J mice than in those of C3 knockout mice (Fig. 7C).",
      "key": "022109e746ddf5a9037c81ad0e59bad7",
      "line": 254,
      "relation": "increases",
      "source": 9,
      "target": 23
    },
    {
      "annotations": {
        "MeSHAnatomy": {
          "Lung": true
        },
        "MeSHDisease": {
          "Severe Acute Respiratory Syndrome": true
        },
        "Mouse_Strain": {
          "C57BL/6J": true
        },
        "PublicationStatus": {
          "Published": true
        },
        "PublicationType": {
          "Research": true
        },
        "Section": {
          "Results": true
        },
        "Species": {
          "10090": true
        },
        "Timeline": {
          "2 days post infection": true
        }
      },
      "citation": {
        "authors": [
          "Baric RS",
          "Gralinski LE",
          "Heise MT",
          "Jensen K",
          "Leist SR",
          "Menachery VD",
          "Morrison TE",
          "Sheahan TP",
          "Whitmore A"
        ],
        "date": "2018-10-09",
        "db": "PubMed",
        "db_id": "30301856",
        "db_name": "mBio",
        "first": "Gralinski LE",
        "last": "Baric RS",
        "volume": "9"
      },
      "evidence": "Granulocyte colony-stimulating factor (G-CSF), interleukin 6 (IL-6), tumor necrosis factor alpha (TNF-a), and IL-1a comprised a group of cytokines and chemokines that were more highly produced in the lungs of C57BL/6J mice than in C3 –/– mice (Fig. 6B), all peaking at 2 days postinfection.",
      "key": "f7edbae6f2a8509c0f6176c71c195101",
      "line": 218,
      "relation": "increases",
      "source": 9,
      "target": 27
    },
    {
      "annotations": {
        "MeSHAnatomy": {
          "Lung": true
        },
        "MeSHDisease": {
          "Severe Acute Respiratory Syndrome": true
        },
        "Mouse_Strain": {
          "C57BL/6J": true
        },
        "PublicationStatus": {
          "Published": true
        },
        "PublicationType": {
          "Research": true
        },
        "Section": {
          "Results": true
        },
        "Species": {
          "10090": true
        },
        "Timeline": {
          "2 days post infection": true
        }
      },
      "citation": {
        "authors": [
          "Baric RS",
          "Gralinski LE",
          "Heise MT",
          "Jensen K",
          "Leist SR",
          "Menachery VD",
          "Morrison TE",
          "Sheahan TP",
          "Whitmore A"
        ],
        "date": "2018-10-09",
        "db": "PubMed",
        "db_id": "30301856",
        "db_name": "mBio",
        "first": "Gralinski LE",
        "last": "Baric RS",
        "volume": "9"
      },
      "evidence": "Granulocyte colony-stimulating factor (G-CSF), interleukin 6 (IL-6), tumor necrosis factor alpha (TNF-a), and IL-1a comprised a group of cytokines and chemokines that were more highly produced in the lungs of C57BL/6J mice than in C3 –/– mice (Fig. 6B), all peaking at 2 days postinfection.",
      "key": "6023af65d4115e4674e4f9de276db884",
      "line": 219,
      "relation": "increases",
      "source": 9,
      "target": 29
    },
    {
      "annotations": {
        "MeSHAnatomy": {
          "Lung": true
        },
        "MeSHDisease": {
          "Severe Acute Respiratory Syndrome": true
        },
        "Mouse_Strain": {
          "C57BL/6J": true
        },
        "PublicationStatus": {
          "Published": true
        },
        "PublicationType": {
          "Research": true
        },
        "Section": {
          "Results": true
        },
        "Species": {
          "10090": true
        },
        "Timeline": {
          "2 days post infection": true
        }
      },
      "citation": {
        "authors": [
          "Baric RS",
          "Gralinski LE",
          "Heise MT",
          "Jensen K",
          "Leist SR",
          "Menachery VD",
          "Morrison TE",
          "Sheahan TP",
          "Whitmore A"
        ],
        "date": "2018-10-09",
        "db": "PubMed",
        "db_id": "30301856",
        "db_name": "mBio",
        "first": "Gralinski LE",
        "last": "Baric RS",
        "volume": "9"
      },
      "evidence": "Granulocyte colony-stimulating factor (G-CSF), interleukin 6 (IL-6), tumor necrosis factor alpha (TNF-a), and IL-1a comprised a group of cytokines and chemokines that were more highly produced in the lungs of C57BL/6J mice than in C3 –/– mice (Fig. 6B), all peaking at 2 days postinfection.",
      "key": "6c3ea5220b3475b6b6b866cdf13aa380",
      "line": 220,
      "relation": "increases",
      "source": 9,
      "target": 25
    },
    {
      "annotations": {
        "MeSHAnatomy": {
          "Lung": true
        },
        "MeSHDisease": {
          "Severe Acute Respiratory Syndrome": true
        },
        "Mouse_Strain": {
          "C57BL/6J": true
        },
        "Mouse_Type": {
          "C3 -/-": true
        },
        "PublicationStatus": {
          "Published": true
        },
        "PublicationType": {
          "Research": true
        },
        "Section": {
          "Results": true
        },
        "Species": {
          "10090": true
        }
      },
      "citation": {
        "authors": [
          "Baric RS",
          "Gralinski LE",
          "Heise MT",
          "Jensen K",
          "Leist SR",
          "Menachery VD",
          "Morrison TE",
          "Sheahan TP",
          "Whitmore A"
        ],
        "date": "2018-10-09",
        "db": "PubMed",
        "db_id": "30301856",
        "db_name": "mBio",
        "first": "Gralinski LE",
        "last": "Baric RS",
        "volume": "9"
      },
      "evidence": "Both MCP-1 and RANTES levels were elevated in the serum following infection, regardless of mouse genetic background (Fig. 7B).",
      "key": "42ae4653add8a0b0ac1624620ff6ed24",
      "line": 244,
      "relation": "increases",
      "source": 9,
      "target": 21
    },
    {
      "annotations": {
        "MeSHAnatomy": {
          "Lung": true
        },
        "MeSHDisease": {
          "Severe Acute Respiratory Syndrome": true
        },
        "Mouse_Strain": {
          "C57BL/6J": true
        },
        "PublicationStatus": {
          "Published": true
        },
        "PublicationType": {
          "Research": true
        },
        "Section": {
          "Results": true
        },
        "Species": {
          "10090": true
        }
      },
      "citation": {
        "authors": [
          "Baric RS",
          "Gralinski LE",
          "Heise MT",
          "Jensen K",
          "Leist SR",
          "Menachery VD",
          "Morrison TE",
          "Sheahan TP",
          "Whitmore A"
        ],
        "date": "2018-10-09",
        "db": "PubMed",
        "db_id": "30301856",
        "db_name": "mBio",
        "first": "Gralinski LE",
        "last": "Baric RS",
        "volume": "9"
      },
      "evidence": "However, numerous cytokines and chemokines, such as IL-5, G-CSF, and KC (keratinocyte chemoattractant or CXCL1) were present in significantly higher abundance in the lungs of C57BL/6J mice than in those of C3 knockout mice (Fig. 7C).",
      "key": "c272f4e23473a4f16c5820770d7f4230",
      "line": 253,
      "relation": "increases",
      "source": 9,
      "target": 26
    },
    {
      "annotations": {
        "MeSHAnatomy": {
          "Lung": true
        },
        "MeSHDisease": {
          "Severe Acute Respiratory Syndrome": true
        },
        "Mouse_Strain": {
          "C57BL/6J": true
        },
        "PublicationStatus": {
          "Published": true
        },
        "PublicationType": {
          "Research": true
        },
        "Section": {
          "Results": true
        },
        "Species": {
          "10090": true
        }
      },
      "citation": {
        "authors": [
          "Baric RS",
          "Gralinski LE",
          "Heise MT",
          "Jensen K",
          "Leist SR",
          "Menachery VD",
          "Morrison TE",
          "Sheahan TP",
          "Whitmore A"
        ],
        "date": "2018-10-09",
        "db": "PubMed",
        "db_id": "30301856",
        "db_name": "mBio",
        "first": "Gralinski LE",
        "last": "Baric RS",
        "volume": "9"
      },
      "evidence": "However, numerous cytokines and chemokines, such as IL-5, G-CSF, and KC (keratinocyte chemoattractant or CXCL1) were present in significantly higher abundance in the lungs of C57BL/6J mice than in those of C3 knockout mice (Fig. 7C).",
      "key": "3c7f1c92105e8005aca5c470203ebbb9",
      "line": 255,
      "relation": "increases",
      "source": 9,
      "target": 24
    },
    {
      "annotations": {
        "MeSHAnatomy": {
          "Lung": true
        },
        "MeSHDisease": {
          "Severe Acute Respiratory Syndrome": true
        },
        "Mouse_Strain": {
          "C57BL/6J": true
        },
        "PublicationStatus": {
          "Published": true
        },
        "PublicationType": {
          "Research": true
        },
        "Section": {
          "Results": true
        },
        "Species": {
          "10090": true
        }
      },
      "citation": {
        "authors": [
          "Baric RS",
          "Gralinski LE",
          "Heise MT",
          "Jensen K",
          "Leist SR",
          "Menachery VD",
          "Morrison TE",
          "Sheahan TP",
          "Whitmore A"
        ],
        "date": "2018-10-09",
        "db": "PubMed",
        "db_id": "30301856",
        "db_name": "mBio",
        "first": "Gralinski LE",
        "last": "Baric RS",
        "volume": "9"
      },
      "evidence": "C3 activation products (C3 fragments C3a, C3b, iC3b, C3dg, and C3c) were detected by Western blotting in lung tissue of SARS-CoV MA15-infected mice, but not in control mice, as early as 1 day postinfection (dpi) (Fig. 1B), confirming that SARS-CoV MA15 infection activates the complement pathway.",
      "key": "27ee1492a6039b384217935457972ebd",
      "line": 70,
      "relation": "association",
      "source": 2,
      "target": 11
    },
    {
      "annotations": {
        "BioAssay": {
          "western blot": true
        },
        "MeSHAnatomy": {
          "Serum": true
        },
        "MeSHDisease": {
          "Severe Acute Respiratory Syndrome": true
        },
        "Mouse_Strain": {
          "C57BL/6J": true
        },
        "PublicationStatus": {
          "Published": true
        },
        "PublicationType": {
          "Research": true
        },
        "Section": {
          "Results": true
        },
        "Species": {
          "10090": true
        },
        "Timeline": {
          "2 days post infection": true
        }
      },
      "citation": {
        "authors": [
          "Baric RS",
          "Gralinski LE",
          "Heise MT",
          "Jensen K",
          "Leist SR",
          "Menachery VD",
          "Morrison TE",
          "Sheahan TP",
          "Whitmore A"
        ],
        "date": "2018-10-09",
        "db": "PubMed",
        "db_id": "30301856",
        "db_name": "mBio",
        "first": "Gralinski LE",
        "last": "Baric RS",
        "volume": "9"
      },
      "evidence": "Western blot analysis showed increased levels of C3a-derived fragments in the serum, indicating systemic complement activation in SARS-CoV MA15-infected mice at 2 dpi (Fig. 7A).",
      "key": "510c694bae7e2ab8eb3da83688414601",
      "line": 232,
      "relation": "increases",
      "source": 2,
      "target": 11
    },
    {
      "annotations": {
        "MeSHAnatomy": {
          "Lung": true
        },
        "MeSHDisease": {
          "Severe Acute Respiratory Syndrome": true
        },
        "Mouse_Strain": {
          "C57BL/6J": true
        },
        "PublicationStatus": {
          "Published": true
        },
        "PublicationType": {
          "Research": true
        },
        "Section": {
          "Results": true
        },
        "Species": {
          "10090": true
        }
      },
      "citation": {
        "authors": [
          "Baric RS",
          "Gralinski LE",
          "Heise MT",
          "Jensen K",
          "Leist SR",
          "Menachery VD",
          "Morrison TE",
          "Sheahan TP",
          "Whitmore A"
        ],
        "date": "2018-10-09",
        "db": "PubMed",
        "db_id": "30301856",
        "db_name": "mBio",
        "first": "Gralinski LE",
        "last": "Baric RS",
        "volume": "9"
      },
      "evidence": "C3 activation products (C3 fragments C3a, C3b, iC3b, C3dg, and C3c) were detected by Western blotting in lung tissue of SARS-CoV MA15-infected mice, but not in control mice, as early as 1 day postinfection (dpi) (Fig. 1B), confirming that SARS-CoV MA15 infection activates the complement pathway.",
      "key": "310a08807ecc216f8bfbef83cd7496f3",
      "line": 71,
      "relation": "association",
      "source": 3,
      "target": 11
    },
    {
      "annotations": {
        "MeSHAnatomy": {
          "Lung": true
        },
        "MeSHDisease": {
          "Severe Acute Respiratory Syndrome": true
        },
        "Mouse_Strain": {
          "C57BL/6J": true
        },
        "PublicationStatus": {
          "Published": true
        },
        "PublicationType": {
          "Research": true
        },
        "Section": {
          "Results": true
        },
        "Species": {
          "10090": true
        }
      },
      "citation": {
        "authors": [
          "Baric RS",
          "Gralinski LE",
          "Heise MT",
          "Jensen K",
          "Leist SR",
          "Menachery VD",
          "Morrison TE",
          "Sheahan TP",
          "Whitmore A"
        ],
        "date": "2018-10-09",
        "db": "PubMed",
        "db_id": "30301856",
        "db_name": "mBio",
        "first": "Gralinski LE",
        "last": "Baric RS",
        "volume": "9"
      },
      "evidence": "C3 activation products (C3 fragments C3a, C3b, iC3b, C3dg, and C3c) were detected by Western blotting in lung tissue of SARS-CoV MA15-infected mice, but not in control mice, as early as 1 day postinfection (dpi) (Fig. 1B), confirming that SARS-CoV MA15 infection activates the complement pathway.",
      "key": "53a7bcf6b92b99be069de45917f5fb96",
      "line": 72,
      "relation": "association",
      "source": 4,
      "target": 11
    },
    {
      "annotations": {
        "MeSHAnatomy": {
          "Lung": true
        },
        "MeSHDisease": {
          "Severe Acute Respiratory Syndrome": true
        },
        "Mouse_Strain": {
          "C57BL/6J": true
        },
        "PublicationStatus": {
          "Published": true
        },
        "PublicationType": {
          "Research": true
        },
        "Section": {
          "Results": true
        },
        "Species": {
          "10090": true
        }
      },
      "citation": {
        "authors": [
          "Baric RS",
          "Gralinski LE",
          "Heise MT",
          "Jensen K",
          "Leist SR",
          "Menachery VD",
          "Morrison TE",
          "Sheahan TP",
          "Whitmore A"
        ],
        "date": "2018-10-09",
        "db": "PubMed",
        "db_id": "30301856",
        "db_name": "mBio",
        "first": "Gralinski LE",
        "last": "Baric RS",
        "volume": "9"
      },
      "evidence": "C3 activation products (C3 fragments C3a, C3b, iC3b, C3dg, and C3c) were detected by Western blotting in lung tissue of SARS-CoV MA15-infected mice, but not in control mice, as early as 1 day postinfection (dpi) (Fig. 1B), confirming that SARS-CoV MA15 infection activates the complement pathway.",
      "key": "e70c0641bc56013edd085d734be178d0",
      "line": 73,
      "relation": "association",
      "source": 15,
      "target": 11
    },
    {
      "annotations": {
        "MeSHAnatomy": {
          "Lung": true
        },
        "MeSHDisease": {
          "Severe Acute Respiratory Syndrome": true
        },
        "Mouse_Strain": {
          "C57BL/6J": true
        },
        "PublicationStatus": {
          "Published": true
        },
        "PublicationType": {
          "Research": true
        },
        "Section": {
          "Results": true
        },
        "Species": {
          "10090": true
        }
      },
      "citation": {
        "authors": [
          "Baric RS",
          "Gralinski LE",
          "Heise MT",
          "Jensen K",
          "Leist SR",
          "Menachery VD",
          "Morrison TE",
          "Sheahan TP",
          "Whitmore A"
        ],
        "date": "2018-10-09",
        "db": "PubMed",
        "db_id": "30301856",
        "db_name": "mBio",
        "first": "Gralinski LE",
        "last": "Baric RS",
        "volume": "9"
      },
      "evidence": "C3 activation products (C3 fragments C3a, C3b, iC3b, C3dg, and C3c) were detected by Western blotting in lung tissue of SARS-CoV MA15-infected mice, but not in control mice, as early as 1 day postinfection (dpi) (Fig. 1B), confirming that SARS-CoV MA15 infection activates the complement pathway.",
      "key": "ae6220962bfa44ee823e54c0c282db2e",
      "line": 70,
      "relation": "association",
      "source": 11,
      "target": 2
    },
    {
      "annotations": {
        "MeSHAnatomy": {
          "Lung": true
        },
        "MeSHDisease": {
          "Severe Acute Respiratory Syndrome": true
        },
        "Mouse_Strain": {
          "C57BL/6J": true
        },
        "PublicationStatus": {
          "Published": true
        },
        "PublicationType": {
          "Research": true
        },
        "Section": {
          "Results": true
        },
        "Species": {
          "10090": true
        }
      },
      "citation": {
        "authors": [
          "Baric RS",
          "Gralinski LE",
          "Heise MT",
          "Jensen K",
          "Leist SR",
          "Menachery VD",
          "Morrison TE",
          "Sheahan TP",
          "Whitmore A"
        ],
        "date": "2018-10-09",
        "db": "PubMed",
        "db_id": "30301856",
        "db_name": "mBio",
        "first": "Gralinski LE",
        "last": "Baric RS",
        "volume": "9"
      },
      "evidence": "C3 activation products (C3 fragments C3a, C3b, iC3b, C3dg, and C3c) were detected by Western blotting in lung tissue of SARS-CoV MA15-infected mice, but not in control mice, as early as 1 day postinfection (dpi) (Fig. 1B), confirming that SARS-CoV MA15 infection activates the complement pathway.",
      "key": "1880b31e414832ccdee4bc147e11fbde",
      "line": 71,
      "relation": "association",
      "source": 11,
      "target": 3
    },
    {
      "annotations": {
        "MeSHAnatomy": {
          "Lung": true
        },
        "MeSHDisease": {
          "Severe Acute Respiratory Syndrome": true
        },
        "Mouse_Strain": {
          "C57BL/6J": true
        },
        "PublicationStatus": {
          "Published": true
        },
        "PublicationType": {
          "Research": true
        },
        "Section": {
          "Results": true
        },
        "Species": {
          "10090": true
        }
      },
      "citation": {
        "authors": [
          "Baric RS",
          "Gralinski LE",
          "Heise MT",
          "Jensen K",
          "Leist SR",
          "Menachery VD",
          "Morrison TE",
          "Sheahan TP",
          "Whitmore A"
        ],
        "date": "2018-10-09",
        "db": "PubMed",
        "db_id": "30301856",
        "db_name": "mBio",
        "first": "Gralinski LE",
        "last": "Baric RS",
        "volume": "9"
      },
      "evidence": "C3 activation products (C3 fragments C3a, C3b, iC3b, C3dg, and C3c) were detected by Western blotting in lung tissue of SARS-CoV MA15-infected mice, but not in control mice, as early as 1 day postinfection (dpi) (Fig. 1B), confirming that SARS-CoV MA15 infection activates the complement pathway.",
      "key": "55f9e281e2efdf8394a483ea4a95f461",
      "line": 72,
      "relation": "association",
      "source": 11,
      "target": 4
    },
    {
      "annotations": {
        "MeSHAnatomy": {
          "Lung": true
        },
        "MeSHDisease": {
          "Severe Acute Respiratory Syndrome": true
        },
        "Mouse_Strain": {
          "C57BL/6J": true
        },
        "PublicationStatus": {
          "Published": true
        },
        "PublicationType": {
          "Research": true
        },
        "Section": {
          "Results": true
        },
        "Species": {
          "10090": true
        }
      },
      "citation": {
        "authors": [
          "Baric RS",
          "Gralinski LE",
          "Heise MT",
          "Jensen K",
          "Leist SR",
          "Menachery VD",
          "Morrison TE",
          "Sheahan TP",
          "Whitmore A"
        ],
        "date": "2018-10-09",
        "db": "PubMed",
        "db_id": "30301856",
        "db_name": "mBio",
        "first": "Gralinski LE",
        "last": "Baric RS",
        "volume": "9"
      },
      "evidence": "C3 activation products (C3 fragments C3a, C3b, iC3b, C3dg, and C3c) were detected by Western blotting in lung tissue of SARS-CoV MA15-infected mice, but not in control mice, as early as 1 day postinfection (dpi) (Fig. 1B), confirming that SARS-CoV MA15 infection activates the complement pathway.",
      "key": "42cbe199130b2575c29b7b3edf4c2a0a",
      "line": 73,
      "relation": "association",
      "source": 11,
      "target": 15
    }
  ],
  "multigraph": true,
  "nodes": [
    {
      "bel": "a(MESH:\"B-Lymphocytes\")",
      "concept": {
        "name": "B-Lymphocytes",
        "namespace": "MESH"
      },
      "function": "Abundance",
      "id": "f58463c9771eaea79cce530465284035"
    },
    {
      "bel": "a(MESH:\"CD4-Positive T-Lymphocytes\")",
      "concept": {
        "name": "CD4-Positive T-Lymphocytes",
        "namespace": "MESH"
      },
      "function": "Abundance",
      "id": "d26f55e472a40223e18fc717c6a1b55d"
    },
    {
      "bel": "a(MESH:\"Complement C3a\")",
      "concept": {
        "name": "Complement C3a",
        "namespace": "MESH"
      },
      "function": "Abundance",
      "id": "592a3e00d4ad36ccbd7a843f40df96d0"
    },
    {
      "bel": "a(MESH:\"Complement C3b\")",
      "concept": {
        "name": "Complement C3b",
        "namespace": "MESH"
      },
      "function": "Abundance",
      "id": "189e35350ab469dd9a60dbd6eed1b06c"
    },
    {
      "bel": "a(MESH:\"Complement C3c\")",
      "concept": {
        "name": "Complement C3c",
        "namespace": "MESH"
      },
      "function": "Abundance",
      "id": "e328a98c529a1bf1ba6786e4a860aa98"
    },
    {
      "bel": "a(MESH:\"Dendritic Cells\")",
      "concept": {
        "name": "Dendritic Cells",
        "namespace": "MESH"
      },
      "function": "Abundance",
      "id": "e2f5d623dde0ab0a25131ec9f547f7c3"
    },
    {
      "bel": "a(MESH:Macrophages)",
      "concept": {
        "name": "Macrophages",
        "namespace": "MESH"
      },
      "function": "Abundance",
      "id": "311e39dad42597c983d7962f84ee92b6"
    },
    {
      "bel": "a(MESH:Monocytes)",
      "concept": {
        "name": "Monocytes",
        "namespace": "MESH"
      },
      "function": "Abundance",
      "id": "cb51e019d107bf85f8e6744f36d4a5bb"
    },
    {
      "bel": "a(MESH:Neutrophils)",
      "concept": {
        "name": "Neutrophils",
        "namespace": "MESH"
      },
      "function": "Abundance",
      "id": "994989dde1444ddb73e4c899a00aabc7"
    },
    {
      "bel": "a(TAX:\"Severe acute respiratory syndrome-related coronavirus\")",
      "concept": {
        "name": "Severe acute respiratory syndrome-related coronavirus",
        "namespace": "TAX"
      },
      "function": "Abundance",
      "id": "a824ba056422b4e42996cd3269ec9a19"
    },
    {
      "bel": "bp(GO:\"cell wall thickening\")",
      "concept": {
        "name": "cell wall thickening",
        "namespace": "GO"
      },
      "function": "BiologicalProcess",
      "id": "8f88317a0f20b1171d44f32175540058"
    },
    {
      "bel": "bp(GO:\"complement activation\")",
      "concept": {
        "name": "complement activation",
        "namespace": "GO"
      },
      "function": "BiologicalProcess",
      "id": "c81d3c1b4b64cb916f209952fea071e6"
    },
    {
      "bel": "bp(GO:\"inflammatory response\")",
      "concept": {
        "name": "inflammatory response",
        "namespace": "GO"
      },
      "function": "BiologicalProcess",
      "id": "abd32f6c5cca606061975532840db260"
    },
    {
      "bel": "bp(MESH:\"Airway Resistance\")",
      "concept": {
        "name": "Airway Resistance",
        "namespace": "MESH"
      },
      "function": "BiologicalProcess",
      "id": "11a7f062fb4e785f14a1d4fc7f082efd"
    },
    {
      "bel": "bp(MESH:\"Forced Expiratory Flow Rates\")",
      "concept": {
        "name": "Forced Expiratory Flow Rates",
        "namespace": "MESH"
      },
      "function": "BiologicalProcess",
      "id": "c5f231af23b3e91effdb68527302eff6"
    },
    {
      "bel": "p(MESH:\"complement C3d,g\")",
      "concept": {
        "name": "complement C3d,g",
        "namespace": "MESH"
      },
      "function": "Protein",
      "id": "21aff49037008cad176965bb30efb5a6"
    },
    {
      "bel": "p(MGI:C3)",
      "concept": {
        "name": "C3",
        "namespace": "MGI"
      },
      "function": "Protein",
      "id": "11237a51845cf92cc96570c27032d810"
    },
    {
      "bel": "p(MGI:C4b)",
      "concept": {
        "name": "C4b",
        "namespace": "MGI"
      },
      "function": "Protein",
      "id": "f32fad682b91790e0bcf54a2b235a09b"
    },
    {
      "bel": "p(MGI:Ccl2)",
      "concept": {
        "name": "Ccl2",
        "namespace": "MGI"
      },
      "function": "Protein",
      "id": "21140d096b8da36db209e0ae421217c2"
    },
    {
      "bel": "p(MGI:Ccl3)",
      "concept": {
        "name": "Ccl3",
        "namespace": "MGI"
      },
      "function": "Protein",
      "id": "d5e4d4378aa5322c02d921f58f13f208"
    },
    {
      "bel": "p(MGI:Ccl4)",
      "concept": {
        "name": "Ccl4",
        "namespace": "MGI"
      },
      "function": "Protein",
      "id": "9475c4577b38a5c509a92ae27119a839"
    },
    {
      "bel": "p(MGI:Ccl5)",
      "concept": {
        "name": "Ccl5",
        "namespace": "MGI"
      },
      "function": "Protein",
      "id": "90df0ecf7dc759d19c9010000cc67a76"
    },
    {
      "bel": "p(MGI:Cfb)",
      "concept": {
        "name": "Cfb",
        "namespace": "MGI"
      },
      "function": "Protein",
      "id": "03fcd8fe85f31c28ac58aa5889cad4b0"
    },
    {
      "bel": "p(MGI:Csf3)",
      "concept": {
        "name": "Csf3",
        "namespace": "MGI"
      },
      "function": "Protein",
      "id": "e9e5b5bec6414f461960630df1831bd7"
    },
    {
      "bel": "p(MGI:Cxcl1)",
      "concept": {
        "name": "Cxcl1",
        "namespace": "MGI"
      },
      "function": "Protein",
      "id": "2a3242594c28922a7c477e478145db67"
    },
    {
      "bel": "p(MGI:Il1a)",
      "concept": {
        "name": "Il1a",
        "namespace": "MGI"
      },
      "function": "Protein",
      "id": "8792c267505c309e6242bdc552e9072e"
    },
    {
      "bel": "p(MGI:Il5)",
      "concept": {
        "name": "Il5",
        "namespace": "MGI"
      },
      "function": "Protein",
      "id": "1305dd49579b7b578cc6bb07dd9b9990"
    },
    {
      "bel": "p(MGI:Il6)",
      "concept": {
        "name": "Il6",
        "namespace": "MGI"
      },
      "function": "Protein",
      "id": "461076a43183c4f1e4e9b4954be313fe"
    },
    {
      "bel": "p(MGI:Mki67)",
      "concept": {
        "name": "Mki67",
        "namespace": "MGI"
      },
      "function": "Protein",
      "id": "1235ad822d33a72c78fb62ee5b5f382a"
    },
    {
      "bel": "p(MGI:Tnf)",
      "concept": {
        "name": "Tnf",
        "namespace": "MGI"
      },
      "function": "Protein",
      "id": "cd5c5c12b7855d35a3e18c5ee16eb074"
    },
    {
      "bel": "path(DO:\"pulmonary edema\")",
      "concept": {
        "name": "pulmonary edema",
        "namespace": "DO"
      },
      "function": "Pathology",
      "id": "e4929e22be444025c7b6bbfbed819a45"
    },
    {
      "bel": "path(DO:\"pulmonary eosinophilia\")",
      "concept": {
        "name": "pulmonary eosinophilia",
        "namespace": "DO"
      },
      "function": "Pathology",
      "id": "42028aa14eef52238d855d2953e72016"
    },
    {
      "bel": "path(DO:lymphopenia)",
      "concept": {
        "name": "lymphopenia",
        "namespace": "DO"
      },
      "function": "Pathology",
      "id": "c44581ea27814dd1a201d1fcc1979068"
    },
    {
      "bel": "path(HP:Wheezing)",
      "concept": {
        "name": "Wheezing",
        "namespace": "HP"
      },
      "function": "Pathology",
      "id": "f58b513c34aad414f03a7cc355427d81"
    },
    {
      "bel": "path(MESH:\"Weight Loss\")",
      "concept": {
        "name": "Weight Loss",
        "namespace": "MESH"
      },
      "function": "Pathology",
      "id": "3cc28e131ac0c00934fa04597d7e31d1"
    }
  ]
}