{
  "directed": true,
  "graph": {
    "annotation_list": {
      "Custom_Disease": [
        "COVID-19"
      ],
      "Custom_anatomy": [
        "heart endothelia",
        "oral mucosa",
        "type-II pneumocytes"
      ],
      "PublicationStatus": [
        "Preprint",
        "Published"
      ],
      "PublicationType": [
        "Research",
        "Review"
      ],
      "Section": [
        "Abstract",
        "Full Text",
        "Results"
      ]
    },
    "annotation_pattern": {},
    "annotation_url": {
      "Cell": "https://arty.scai.fraunhofer.de/artifactory/bel/annotation/cell/cell-20190128.belanno",
      "MeSHAnatomy": "https://arty.scai.fraunhofer.de/artifactory/bel/annotation/mesh-anatomy/mesh-anatomy-20190128.belanno",
      "Species": "https://arty.scai.fraunhofer.de/artifactory/bel/annotation/species-taxonomy-id/species-taxonomy-id-20170511.belanno"
    },
    "document_metadata": {
      "authors": "Shounak Baksi",
      "contact": "shounak.baksi@causalitybiomodels.com",
      "copyright": "Copyright © 2020 Fraunhofer Institute SCAI, All rights reserved",
      "description": "COVID Knowledge Curation project",
      "licenses": "Private Ownership to Fraunhofer Institute SCAI",
      "name": "31987001.bel",
      "version": "2.0.0"
    },
    "namespace_pattern": {
      "FIXME": ".*"
    },
    "namespace_url": {
      "COVID": "https://arty.scai.fraunhofer.de/artifactory/bel/namespace/ncbi-covid19/ncbi-covid19-20200326.belns",
      "EFO": "https://arty.scai.fraunhofer.de/artifactory/bel/namespace/efo/efo-20171206.belns",
      "GO": "https://arty.scai.fraunhofer.de/artifactory/bel/namespace/go/go-20180109.belns",
      "HGNC": "https://arty.scai.fraunhofer.de/artifactory/bel/namespace/hgnc/hgnc-20190708.belns"
    },
    "path": "31987001.bel",
    "pybel_version": "0.14.6"
  },
  "links": [
    {
      "annotations": {
        "Custom_Disease": {
          "COVID-19": true
        },
        "PublicationStatus": {
          "Published": true
        },
        "PublicationType": {
          "Research": true
        },
        "Section": {
          "Full Text": true
        }
      },
      "citation": {
        "authors": [
          "Chan JF",
          "Chu H",
          "Kok KH",
          "To KK",
          "Yuan S",
          "Yuen KY",
          "Zhu Z"
        ],
        "date": "2020-01-01",
        "db": "PubMed",
        "db_id": "31987001",
        "db_name": "Emerging microbes &amp; infections",
        "first": "Chan JF",
        "last": "Yuen KY",
        "pages": "221-236",
        "volume": "9"
      },
      "evidence": "These putative nsps included two viral cysteine proteases, namely, nsp3 (papain-like protease) and nsp5 (chymotrypsin-like, 3C-like, or main protease), nsp12 (RNA-dependent RNA polymerase [RdRp]), nsp13 (helicase), and other nsps which are likely involved in the transcription and replication of the virus (Table 2).",
      "key": "b527ddd0f58ef8dd70e0526bad1a281d",
      "line": 88,
      "relation": "regulates",
      "source": 4,
      "target": 2
    },
    {
      "annotations": {
        "Custom_Disease": {
          "COVID-19": true
        },
        "PublicationStatus": {
          "Published": true
        },
        "PublicationType": {
          "Research": true
        },
        "Section": {
          "Full Text": true
        }
      },
      "citation": {
        "authors": [
          "Chan JF",
          "Chu H",
          "Kok KH",
          "To KK",
          "Yuan S",
          "Yuen KY",
          "Zhu Z"
        ],
        "date": "2020-01-01",
        "db": "PubMed",
        "db_id": "31987001",
        "db_name": "Emerging microbes &amp; infections",
        "first": "Chan JF",
        "last": "Yuen KY",
        "pages": "221-236",
        "volume": "9"
      },
      "evidence": "These putative nsps included two viral cysteine proteases, namely, nsp3 (papain-like protease) and nsp5 (chymotrypsin-like, 3C-like, or main protease), nsp12 (RNA-dependent RNA polymerase [RdRp]), nsp13 (helicase), and other nsps which are likely involved in the transcription and replication of the virus (Table 2).",
      "key": "1ca343bddea86d900822d99c5100bb10",
      "line": 92,
      "relation": "regulates",
      "source": 4,
      "target": 3
    },
    {
      "annotations": {
        "Custom_Disease": {
          "COVID-19": true
        },
        "PublicationStatus": {
          "Published": true
        },
        "PublicationType": {
          "Research": true
        },
        "Section": {
          "Full Text": true
        }
      },
      "citation": {
        "authors": [
          "Chan JF",
          "Chu H",
          "Kok KH",
          "To KK",
          "Yuan S",
          "Yuen KY",
          "Zhu Z"
        ],
        "date": "2020-01-01",
        "db": "PubMed",
        "db_id": "31987001",
        "db_name": "Emerging microbes &amp; infections",
        "first": "Chan JF",
        "last": "Yuen KY",
        "pages": "221-236",
        "volume": "9"
      },
      "evidence": "These putative nsps included two viral cysteine proteases, namely, nsp3 (papain-like protease) and nsp5 (chymotrypsin-like, 3C-like, or main protease), nsp12 (RNA-dependent RNA polymerase [RdRp]), nsp13 (helicase), and other nsps which are likely involved in the transcription and replication of the virus (Table 2).",
      "key": "a6a2bb39485735dd0b80137d80ff4e10",
      "line": 89,
      "relation": "regulates",
      "source": 10,
      "target": 2
    },
    {
      "annotations": {
        "Custom_Disease": {
          "COVID-19": true
        },
        "PublicationStatus": {
          "Published": true
        },
        "PublicationType": {
          "Research": true
        },
        "Section": {
          "Full Text": true
        }
      },
      "citation": {
        "authors": [
          "Chan JF",
          "Chu H",
          "Kok KH",
          "To KK",
          "Yuan S",
          "Yuen KY",
          "Zhu Z"
        ],
        "date": "2020-01-01",
        "db": "PubMed",
        "db_id": "31987001",
        "db_name": "Emerging microbes &amp; infections",
        "first": "Chan JF",
        "last": "Yuen KY",
        "pages": "221-236",
        "volume": "9"
      },
      "evidence": "These putative nsps included two viral cysteine proteases, namely, nsp3 (papain-like protease) and nsp5 (chymotrypsin-like, 3C-like, or main protease), nsp12 (RNA-dependent RNA polymerase [RdRp]), nsp13 (helicase), and other nsps which are likely involved in the transcription and replication of the virus (Table 2).",
      "key": "3468214efe0dac49aae50ac1e33f60a2",
      "line": 93,
      "relation": "regulates",
      "source": 10,
      "target": 3
    },
    {
      "annotations": {
        "Custom_Disease": {
          "COVID-19": true
        },
        "PublicationStatus": {
          "Published": true
        },
        "PublicationType": {
          "Research": true
        },
        "Section": {
          "Full Text": true
        }
      },
      "citation": {
        "authors": [
          "Chan JF",
          "Chu H",
          "Kok KH",
          "To KK",
          "Yuan S",
          "Yuen KY",
          "Zhu Z"
        ],
        "date": "2020-01-01",
        "db": "PubMed",
        "db_id": "31987001",
        "db_name": "Emerging microbes &amp; infections",
        "first": "Chan JF",
        "last": "Yuen KY",
        "pages": "221-236",
        "volume": "9"
      },
      "evidence": "These putative nsps included two viral cysteine proteases, namely, nsp3 (papain-like protease) and nsp5 (chymotrypsin-like, 3C-like, or main protease), nsp12 (RNA-dependent RNA polymerase [RdRp]), nsp13 (helicase), and other nsps which are likely involved in the transcription and replication of the virus (Table 2).",
      "key": "6c9938f35027a22d9bedf369a10c737c",
      "line": 90,
      "relation": "regulates",
      "source": 8,
      "target": 2
    },
    {
      "annotations": {
        "Custom_Disease": {
          "COVID-19": true
        },
        "PublicationStatus": {
          "Published": true
        },
        "PublicationType": {
          "Research": true
        },
        "Section": {
          "Full Text": true
        }
      },
      "citation": {
        "authors": [
          "Chan JF",
          "Chu H",
          "Kok KH",
          "To KK",
          "Yuan S",
          "Yuen KY",
          "Zhu Z"
        ],
        "date": "2020-01-01",
        "db": "PubMed",
        "db_id": "31987001",
        "db_name": "Emerging microbes &amp; infections",
        "first": "Chan JF",
        "last": "Yuen KY",
        "pages": "221-236",
        "volume": "9"
      },
      "evidence": "These putative nsps included two viral cysteine proteases, namely, nsp3 (papain-like protease) and nsp5 (chymotrypsin-like, 3C-like, or main protease), nsp12 (RNA-dependent RNA polymerase [RdRp]), nsp13 (helicase), and other nsps which are likely involved in the transcription and replication of the virus (Table 2).",
      "key": "73be87d2837418df156c63b01378b4d8",
      "line": 94,
      "relation": "regulates",
      "source": 8,
      "target": 3
    },
    {
      "annotations": {
        "Custom_Disease": {
          "COVID-19": true
        },
        "PublicationStatus": {
          "Published": true
        },
        "PublicationType": {
          "Research": true
        },
        "Section": {
          "Full Text": true
        }
      },
      "citation": {
        "authors": [
          "Chan JF",
          "Chu H",
          "Kok KH",
          "To KK",
          "Yuan S",
          "Yuen KY",
          "Zhu Z"
        ],
        "date": "2020-01-01",
        "db": "PubMed",
        "db_id": "31987001",
        "db_name": "Emerging microbes &amp; infections",
        "first": "Chan JF",
        "last": "Yuen KY",
        "pages": "221-236",
        "volume": "9"
      },
      "evidence": "These putative nsps included two viral cysteine proteases, namely, nsp3 (papain-like protease) and nsp5 (chymotrypsin-like, 3C-like, or main protease), nsp12 (RNA-dependent RNA polymerase [RdRp]), nsp13 (helicase), and other nsps which are likely involved in the transcription and replication of the virus (Table 2).",
      "key": "d6e1a4fb2ee5e805d8e46a6d480356c5",
      "line": 91,
      "relation": "regulates",
      "source": 9,
      "target": 2
    },
    {
      "annotations": {
        "Custom_Disease": {
          "COVID-19": true
        },
        "PublicationStatus": {
          "Published": true
        },
        "PublicationType": {
          "Research": true
        },
        "Section": {
          "Full Text": true
        }
      },
      "citation": {
        "authors": [
          "Chan JF",
          "Chu H",
          "Kok KH",
          "To KK",
          "Yuan S",
          "Yuen KY",
          "Zhu Z"
        ],
        "date": "2020-01-01",
        "db": "PubMed",
        "db_id": "31987001",
        "db_name": "Emerging microbes &amp; infections",
        "first": "Chan JF",
        "last": "Yuen KY",
        "pages": "221-236",
        "volume": "9"
      },
      "evidence": "These putative nsps included two viral cysteine proteases, namely, nsp3 (papain-like protease) and nsp5 (chymotrypsin-like, 3C-like, or main protease), nsp12 (RNA-dependent RNA polymerase [RdRp]), nsp13 (helicase), and other nsps which are likely involved in the transcription and replication of the virus (Table 2).",
      "key": "7b559b3a6c5aa748463200a3d3143b63",
      "line": 95,
      "relation": "regulates",
      "source": 9,
      "target": 3
    },
    {
      "annotations": {
        "Custom_Disease": {
          "COVID-19": true
        },
        "PublicationStatus": {
          "Published": true
        },
        "PublicationType": {
          "Research": true
        },
        "Section": {
          "Full Text": true
        }
      },
      "citation": {
        "authors": [
          "Chan JF",
          "Chu H",
          "Kok KH",
          "To KK",
          "Yuan S",
          "Yuen KY",
          "Zhu Z"
        ],
        "date": "2020-01-01",
        "db": "PubMed",
        "db_id": "31987001",
        "db_name": "Emerging microbes &amp; infections",
        "first": "Chan JF",
        "last": "Yuen KY",
        "pages": "221-236",
        "volume": "9"
      },
      "evidence": "The major distinction between SARSr-CoV and SARS-CoV is in orf3b, Spike and orf8 but especially variable in Spike S1 and orf8 which were previously shown to be recombination hot spots.",
      "key": "3760bac8df40957e6a9b5bb69714018d",
      "line": 99,
      "relation": "regulates",
      "source": 6,
      "target": 1
    },
    {
      "key": "2fac24f2b27106d2c0ea816941980bf5",
      "relation": "hasVariant",
      "source": 6,
      "target": 7
    },
    {
      "annotations": {
        "Custom_Disease": {
          "COVID-19": true
        },
        "PublicationStatus": {
          "Published": true
        },
        "PublicationType": {
          "Research": true
        },
        "Section": {
          "Full Text": true
        }
      },
      "citation": {
        "authors": [
          "Chan JF",
          "Chu H",
          "Kok KH",
          "To KK",
          "Yuan S",
          "Yuen KY",
          "Zhu Z"
        ],
        "date": "2020-01-01",
        "db": "PubMed",
        "db_id": "31987001",
        "db_name": "Emerging microbes &amp; infections",
        "first": "Chan JF",
        "last": "Yuen KY",
        "pages": "221-236",
        "volume": "9"
      },
      "evidence": "The major distinction between SARSr-CoV and SARS-CoV is in orf3b, Spike and orf8 but especially variable in Spike S1 and orf8 which were previously shown to be recombination hot spots.",
      "key": "8d24b46df330333e965605b51af7b0ec",
      "line": 100,
      "relation": "regulates",
      "source": 5,
      "target": 1
    },
    {
      "annotations": {
        "Custom_Disease": {
          "COVID-19": true
        },
        "PublicationStatus": {
          "Published": true
        },
        "PublicationType": {
          "Research": true
        },
        "Section": {
          "Full Text": true
        }
      },
      "citation": {
        "authors": [
          "Chan JF",
          "Chu H",
          "Kok KH",
          "To KK",
          "Yuan S",
          "Yuen KY",
          "Zhu Z"
        ],
        "date": "2020-01-01",
        "db": "PubMed",
        "db_id": "31987001",
        "db_name": "Emerging microbes &amp; infections",
        "first": "Chan JF",
        "last": "Yuen KY",
        "pages": "221-236",
        "volume": "9"
      },
      "evidence": "The S1 subunit contains a signal peptide, followed by an N-terminal domain (NTD) and receptor-binding domain (RBD), while the S2 subunit contains conserved fusion peptide (FP), heptad repeat (HR) 1 and 2, transmembrane domain (TM), and cytoplasmic domain (CP).",
      "key": "9becb3f0c19e786b2f36c21295ec351c",
      "line": 104,
      "relation": "increases",
      "source": 7,
      "target": 0
    },
    {
      "annotations": {
        "Custom_Disease": {
          "COVID-19": true
        },
        "PublicationStatus": {
          "Published": true
        },
        "PublicationType": {
          "Research": true
        },
        "Section": {
          "Full Text": true
        }
      },
      "citation": {
        "authors": [
          "Chan JF",
          "Chu H",
          "Kok KH",
          "To KK",
          "Yuan S",
          "Yuen KY",
          "Zhu Z"
        ],
        "date": "2020-01-01",
        "db": "PubMed",
        "db_id": "31987001",
        "db_name": "Emerging microbes &amp; infections",
        "first": "Chan JF",
        "last": "Yuen KY",
        "pages": "221-236",
        "volume": "9"
      },
      "evidence": "But orf3b may have a role in viral pathogenicity as Vero E6 but not 293T cells transfected with a construct expressing Orf3b underwent necrosis as early as 6 h after transfection and underwent simultaneous necrosis and apoptosis at later time points [20]. ",
      "key": "342e386346aa520c3394f449ff54c284",
      "line": 108,
      "relation": "increases",
      "source": 11,
      "target": 13
    },
    {
      "annotations": {
        "Custom_Disease": {
          "COVID-19": true
        },
        "PublicationStatus": {
          "Published": true
        },
        "PublicationType": {
          "Research": true
        },
        "Section": {
          "Full Text": true
        }
      },
      "citation": {
        "authors": [
          "Chan JF",
          "Chu H",
          "Kok KH",
          "To KK",
          "Yuan S",
          "Yuen KY",
          "Zhu Z"
        ],
        "date": "2020-01-01",
        "db": "PubMed",
        "db_id": "31987001",
        "db_name": "Emerging microbes &amp; infections",
        "first": "Chan JF",
        "last": "Yuen KY",
        "pages": "221-236",
        "volume": "9"
      },
      "evidence": "Orf3b was also shown to inhibit expression of IFN-β at synthesis and signalling [21].",
      "key": "30be1c1d91c3a17b187b2e36b51a6d53",
      "line": 113,
      "relation": "decreases",
      "source": 11,
      "target": 12
    },
    {
      "annotations": {
        "Custom_Disease": {
          "COVID-19": true
        },
        "PublicationStatus": {
          "Published": true
        },
        "PublicationType": {
          "Research": true
        },
        "Section": {
          "Full Text": true
        }
      },
      "citation": {
        "authors": [
          "Chan JF",
          "Chu H",
          "Kok KH",
          "To KK",
          "Yuan S",
          "Yuen KY",
          "Zhu Z"
        ],
        "date": "2020-01-01",
        "db": "PubMed",
        "db_id": "31987001",
        "db_name": "Emerging microbes &amp; infections",
        "first": "Chan JF",
        "last": "Yuen KY",
        "pages": "221-236",
        "volume": "9"
      },
      "evidence": "Orf3b was also shown to inhibit expression of IFN-β at synthesis and signalling [21].",
      "key": "3c94fd1f263bc79168d6bd9df5bc60d1",
      "line": 114,
      "object": {
        "modifier": "Activity"
      },
      "relation": "decreases",
      "source": 11,
      "target": 12
    }
  ],
  "multigraph": true,
  "nodes": [
    {
      "bel": "bp(GO:\"receptor binding\")",
      "concept": {
        "name": "receptor binding",
        "namespace": "GO"
      },
      "function": "BiologicalProcess",
      "id": "f886f01ed8e32344959268e472ea6cf5"
    },
    {
      "bel": "bp(GO:\"recombination hotspot binding\")",
      "concept": {
        "name": "recombination hotspot binding",
        "namespace": "GO"
      },
      "function": "BiologicalProcess",
      "id": "461446c10ffb033fa03018374afcec99"
    },
    {
      "bel": "bp(GO:\"viral genome replication\")",
      "concept": {
        "name": "viral genome replication",
        "namespace": "GO"
      },
      "function": "BiologicalProcess",
      "id": "e08b08a1af1179857efa22393f4badf4"
    },
    {
      "bel": "bp(GO:\"viral transcription\")",
      "concept": {
        "name": "viral transcription",
        "namespace": "GO"
      },
      "function": "BiologicalProcess",
      "id": "b49c6817c2eb304cee8c2b3d8cbd98e2"
    },
    {
      "bel": "p(COVID:NS3)",
      "concept": {
        "name": "NS3",
        "namespace": "COVID"
      },
      "function": "Protein",
      "id": "c06c831eb2fc49f95a27ad323317d7a2"
    },
    {
      "bel": "p(COVID:ORF8)",
      "concept": {
        "name": "ORF8",
        "namespace": "COVID"
      },
      "function": "Protein",
      "id": "e26cdcc8f256cea0707d9c43501ed8e6"
    },
    {
      "bel": "p(COVID:S)",
      "concept": {
        "name": "S",
        "namespace": "COVID"
      },
      "function": "Protein",
      "id": "8d090715298e11996081058536798c19"
    },
    {
      "bel": "p(COVID:S, frag(\"?\"))",
      "concept": {
        "name": "S",
        "namespace": "COVID"
      },
      "function": "Protein",
      "id": "a4ea879b1d193de79d75f4ce77b539a5",
      "variants": [
        {
          "kind": "frag",
          "missing": "?"
        }
      ]
    },
    {
      "bel": "p(FIXME:NSP12)",
      "concept": {
        "name": "NSP12",
        "namespace": "FIXME"
      },
      "function": "Protein",
      "id": "251a88d5d99c16ac5443af1b8f397f86"
    },
    {
      "bel": "p(FIXME:NSP13)",
      "concept": {
        "name": "NSP13",
        "namespace": "FIXME"
      },
      "function": "Protein",
      "id": "776dcbc498f1d7377821bf2921c4edb1"
    },
    {
      "bel": "p(FIXME:NSP5)",
      "concept": {
        "name": "NSP5",
        "namespace": "FIXME"
      },
      "function": "Protein",
      "id": "e9a22b807529db1677e5f1e01270c5b9"
    },
    {
      "bel": "p(FIXME:ORF3b)",
      "concept": {
        "name": "ORF3b",
        "namespace": "FIXME"
      },
      "function": "Protein",
      "id": "9f0040fd67c601b46374d860d6166bcb"
    },
    {
      "bel": "p(HGNC:IFNB1)",
      "concept": {
        "name": "IFNB1",
        "namespace": "HGNC"
      },
      "function": "Protein",
      "id": "187da957c4e0c092e01fc85dd9da5fa4"
    },
    {
      "bel": "path(EFO:pathogenicity)",
      "concept": {
        "name": "pathogenicity",
        "namespace": "EFO"
      },
      "function": "Pathology",
      "id": "27b76f5e6989bc7b1120d9cc7900a7e8"
    }
  ]
}