{
  "directed": true,
  "graph": {
    "annotation_list": {},
    "annotation_pattern": {},
    "annotation_url": {
      "Anatomy": "https://arty.scai.fraunhofer.de/artifactory/bel/annotation/anatomy/anatomy-20190128.belanno"
    },
    "document_metadata": {
      "authors": "Yojana Gadiya",
      "contact": "yojana.gadiya@scai.fraunhofer.de",
      "copyright": "Copyright © 2020 Fraunhofer Institute SCAI, All rights reserved",
      "description": "The epidemiology and pathogenesis of coronavirus disease (COVID-19) outbreak",
      "licenses": "Private Ownership to Fraunhofer Institute SCAI",
      "name": "PMID_32113704",
      "version": "2.0.0"
    },
    "namespace_pattern": {
      "FIXME": ".*",
      "NCBIGENE": ".*"
    },
    "namespace_url": {
      "DO": "https://arty.scai.fraunhofer.de/artifactory/bel/namespace/disease-ontology/disease-ontology-20200407.belns",
      "EFO": "https://raw.githubusercontent.com/pharmacome/conso/5d2c2ea6f7112421cc8089a3f021a75ab60bb373/external/efo-names.belns",
      "GOBP": "https://arty.scai.fraunhofer.de/artifactory/bel/namespace/go-biological-process/go-biological-process-20190128.belns",
      "HGNC": "https://arty.scai.fraunhofer.de/artifactory/bel/namespace/hgnc/hgnc-20190708.belns",
      "MESH": "https://arty.scai.fraunhofer.de/artifactory/bel/namespace/mesh/mesh-names-20181007.belns",
      "MESHA": "https://arty.scai.fraunhofer.de/artifactory/bel/namespace/mesh-anatomy/mesh-anatomy-20190128.belns",
      "MESHD": "https://arty.scai.fraunhofer.de/artifactory/bel/namespace/mesh-diseases/mesh-diseases-20190128.belns"
    },
    "path": "32113704.bel",
    "pybel_version": "0.14.6"
  },
  "links": [
    {
      "citation": {
        "authors": [
          "Byrareddy SN",
          "Rothan HA"
        ],
        "date": "2020-02-26",
        "db": "PubMed",
        "db_id": "32113704",
        "db_name": "Journal of autoimmunity",
        "first": "Rothan HA",
        "last": "Byrareddy SN",
        "pages": "102433"
      },
      "evidence": "The most common symptoms at onset of COVID-19 illness are fever, cough, and fatigue, while other symptoms include sputum production, headache, haemoptysis, diarrhoea, dyspnoea, and lymphopenia [5,6,8,13].",
      "key": "beab6ad2a1aba1b732779a092167c9f8",
      "line": 86,
      "relation": "positiveCorrelation",
      "source": 25,
      "target": 30
    },
    {
      "citation": {
        "authors": [
          "Byrareddy SN",
          "Rothan HA"
        ],
        "date": "2020-02-26",
        "db": "PubMed",
        "db_id": "32113704",
        "db_name": "Journal of autoimmunity",
        "first": "Rothan HA",
        "last": "Byrareddy SN",
        "pages": "102433"
      },
      "evidence": "The most common symptoms at onset of COVID-19 illness are fever, cough, and fatigue, while other symptoms include sputum production, headache, haemoptysis, diarrhoea, dyspnoea, and lymphopenia [5,6,8,13].",
      "key": "d449eb0bd840a034b9ab33a3fee86005",
      "line": 87,
      "relation": "positiveCorrelation",
      "source": 25,
      "target": 26
    },
    {
      "annotations": {
        "Anatomy": {
          "blood plasma": true
        }
      },
      "citation": {
        "authors": [
          "Byrareddy SN",
          "Rothan HA"
        ],
        "date": "2020-02-26",
        "db": "PubMed",
        "db_id": "32113704",
        "db_name": "Journal of autoimmunity",
        "first": "Rothan HA",
        "last": "Byrareddy SN",
        "pages": "102433"
      },
      "evidence": "Patients infected with COVID-19 showed higher leukocyte numbers, abnormal respiratory findings, and increased levels of plasma pro-inflammatory cytokines.",
      "key": "088fddd09afc96d3480fedb82c6d2d49",
      "line": 101,
      "relation": "positiveCorrelation",
      "source": 25,
      "target": 1
    },
    {
      "annotations": {
        "Anatomy": {
          "blood plasma": true
        }
      },
      "citation": {
        "authors": [
          "Byrareddy SN",
          "Rothan HA"
        ],
        "date": "2020-02-26",
        "db": "PubMed",
        "db_id": "32113704",
        "db_name": "Journal of autoimmunity",
        "first": "Rothan HA",
        "last": "Byrareddy SN",
        "pages": "102433"
      },
      "evidence": "Significantly high blood levels of cytokines and chemokines were noted in patients with COVID-19 infection that included IL1-β, IL1RA, IL7, IL8, IL9, IL10, basic FGF2, GCSF, GMCSF, IFNγ, IP10, MCP1, MIP1α, MIP1β, PDGFB, TNFα, and VEGFA. Some of the severe cases that were admitted to the intensive care unit showed high levels of pro-inflammatory cytokines including IL2, IL7, IL10, GCSF, IP10, MCP1, MIP1α, and TNFα that are reasoned to promote disease severity [6].",
      "key": "e932ffc1d1982c97223088587f8189c6",
      "line": 107,
      "relation": "increases",
      "source": 25,
      "target": 16
    },
    {
      "annotations": {
        "Anatomy": {
          "blood plasma": true
        }
      },
      "citation": {
        "authors": [
          "Byrareddy SN",
          "Rothan HA"
        ],
        "date": "2020-02-26",
        "db": "PubMed",
        "db_id": "32113704",
        "db_name": "Journal of autoimmunity",
        "first": "Rothan HA",
        "last": "Byrareddy SN",
        "pages": "102433"
      },
      "evidence": "Significantly high blood levels of cytokines and chemokines were noted in patients with COVID-19 infection that included IL1-β, IL1RA, IL7, IL8, IL9, IL10, basic FGF2, GCSF, GMCSF, IFNγ, IP10, MCP1, MIP1α, MIP1β, PDGFB, TNFα, and VEGFA. Some of the severe cases that were admitted to the intensive care unit showed high levels of pro-inflammatory cytokines including IL2, IL7, IL10, GCSF, IP10, MCP1, MIP1α, and TNFα that are reasoned to promote disease severity [6].",
      "key": "0e2b0bc8243f4994a4cd108ae08b7bcd",
      "line": 108,
      "relation": "increases",
      "source": 25,
      "target": 17
    },
    {
      "annotations": {
        "Anatomy": {
          "blood plasma": true
        }
      },
      "citation": {
        "authors": [
          "Byrareddy SN",
          "Rothan HA"
        ],
        "date": "2020-02-26",
        "db": "PubMed",
        "db_id": "32113704",
        "db_name": "Journal of autoimmunity",
        "first": "Rothan HA",
        "last": "Byrareddy SN",
        "pages": "102433"
      },
      "evidence": "Significantly high blood levels of cytokines and chemokines were noted in patients with COVID-19 infection that included IL1-β, IL1RA, IL7, IL8, IL9, IL10, basic FGF2, GCSF, GMCSF, IFNγ, IP10, MCP1, MIP1α, MIP1β, PDGFB, TNFα, and VEGFA. Some of the severe cases that were admitted to the intensive care unit showed high levels of pro-inflammatory cytokines including IL2, IL7, IL10, GCSF, IP10, MCP1, MIP1α, and TNFα that are reasoned to promote disease severity [6].",
      "key": "122382b675f47ae56949946112919c2e",
      "line": 109,
      "relation": "increases",
      "source": 25,
      "target": 19
    },
    {
      "annotations": {
        "Anatomy": {
          "blood plasma": true
        }
      },
      "citation": {
        "authors": [
          "Byrareddy SN",
          "Rothan HA"
        ],
        "date": "2020-02-26",
        "db": "PubMed",
        "db_id": "32113704",
        "db_name": "Journal of autoimmunity",
        "first": "Rothan HA",
        "last": "Byrareddy SN",
        "pages": "102433"
      },
      "evidence": "Significantly high blood levels of cytokines and chemokines were noted in patients with COVID-19 infection that included IL1-β, IL1RA, IL7, IL8, IL9, IL10, basic FGF2, GCSF, GMCSF, IFNγ, IP10, MCP1, MIP1α, MIP1β, PDGFB, TNFα, and VEGFA. Some of the severe cases that were admitted to the intensive care unit showed high levels of pro-inflammatory cytokines including IL2, IL7, IL10, GCSF, IP10, MCP1, MIP1α, and TNFα that are reasoned to promote disease severity [6].",
      "key": "20587feff8847116307af50050b8649a",
      "line": 110,
      "relation": "positiveCorrelation",
      "source": 25,
      "target": 19
    },
    {
      "annotations": {
        "Anatomy": {
          "blood plasma": true
        }
      },
      "citation": {
        "authors": [
          "Byrareddy SN",
          "Rothan HA"
        ],
        "date": "2020-02-26",
        "db": "PubMed",
        "db_id": "32113704",
        "db_name": "Journal of autoimmunity",
        "first": "Rothan HA",
        "last": "Byrareddy SN",
        "pages": "102433"
      },
      "evidence": "Significantly high blood levels of cytokines and chemokines were noted in patients with COVID-19 infection that included IL1-β, IL1RA, IL7, IL8, IL9, IL10, basic FGF2, GCSF, GMCSF, IFNγ, IP10, MCP1, MIP1α, MIP1β, PDGFB, TNFα, and VEGFA. Some of the severe cases that were admitted to the intensive care unit showed high levels of pro-inflammatory cytokines including IL2, IL7, IL10, GCSF, IP10, MCP1, MIP1α, and TNFα that are reasoned to promote disease severity [6].",
      "key": "f51a4e26d266ecbef406d3d412d7f70f",
      "line": 111,
      "relation": "increases",
      "source": 25,
      "target": 12
    },
    {
      "annotations": {
        "Anatomy": {
          "blood plasma": true
        }
      },
      "citation": {
        "authors": [
          "Byrareddy SN",
          "Rothan HA"
        ],
        "date": "2020-02-26",
        "db": "PubMed",
        "db_id": "32113704",
        "db_name": "Journal of autoimmunity",
        "first": "Rothan HA",
        "last": "Byrareddy SN",
        "pages": "102433"
      },
      "evidence": "Significantly high blood levels of cytokines and chemokines were noted in patients with COVID-19 infection that included IL1-β, IL1RA, IL7, IL8, IL9, IL10, basic FGF2, GCSF, GMCSF, IFNγ, IP10, MCP1, MIP1α, MIP1β, PDGFB, TNFα, and VEGFA. Some of the severe cases that were admitted to the intensive care unit showed high levels of pro-inflammatory cytokines including IL2, IL7, IL10, GCSF, IP10, MCP1, MIP1α, and TNFα that are reasoned to promote disease severity [6].",
      "key": "9833e6576ed439b3909b77018326a33a",
      "line": 112,
      "relation": "increases",
      "source": 25,
      "target": 20
    },
    {
      "annotations": {
        "Anatomy": {
          "blood plasma": true
        }
      },
      "citation": {
        "authors": [
          "Byrareddy SN",
          "Rothan HA"
        ],
        "date": "2020-02-26",
        "db": "PubMed",
        "db_id": "32113704",
        "db_name": "Journal of autoimmunity",
        "first": "Rothan HA",
        "last": "Byrareddy SN",
        "pages": "102433"
      },
      "evidence": "Significantly high blood levels of cytokines and chemokines were noted in patients with COVID-19 infection that included IL1-β, IL1RA, IL7, IL8, IL9, IL10, basic FGF2, GCSF, GMCSF, IFNγ, IP10, MCP1, MIP1α, MIP1β, PDGFB, TNFα, and VEGFA. Some of the severe cases that were admitted to the intensive care unit showed high levels of pro-inflammatory cytokines including IL2, IL7, IL10, GCSF, IP10, MCP1, MIP1α, and TNFα that are reasoned to promote disease severity [6].",
      "key": "5ecf3c6d619936179d9e45734532a166",
      "line": 113,
      "relation": "increases",
      "source": 25,
      "target": 15
    },
    {
      "annotations": {
        "Anatomy": {
          "blood plasma": true
        }
      },
      "citation": {
        "authors": [
          "Byrareddy SN",
          "Rothan HA"
        ],
        "date": "2020-02-26",
        "db": "PubMed",
        "db_id": "32113704",
        "db_name": "Journal of autoimmunity",
        "first": "Rothan HA",
        "last": "Byrareddy SN",
        "pages": "102433"
      },
      "evidence": "Significantly high blood levels of cytokines and chemokines were noted in patients with COVID-19 infection that included IL1-β, IL1RA, IL7, IL8, IL9, IL10, basic FGF2, GCSF, GMCSF, IFNγ, IP10, MCP1, MIP1α, MIP1β, PDGFB, TNFα, and VEGFA. Some of the severe cases that were admitted to the intensive care unit showed high levels of pro-inflammatory cytokines including IL2, IL7, IL10, GCSF, IP10, MCP1, MIP1α, and TNFα that are reasoned to promote disease severity [6].",
      "key": "0907ff73689989be342e63c3618cbd60",
      "line": 114,
      "relation": "positiveCorrelation",
      "source": 25,
      "target": 15
    },
    {
      "annotations": {
        "Anatomy": {
          "blood plasma": true
        }
      },
      "citation": {
        "authors": [
          "Byrareddy SN",
          "Rothan HA"
        ],
        "date": "2020-02-26",
        "db": "PubMed",
        "db_id": "32113704",
        "db_name": "Journal of autoimmunity",
        "first": "Rothan HA",
        "last": "Byrareddy SN",
        "pages": "102433"
      },
      "evidence": "Significantly high blood levels of cytokines and chemokines were noted in patients with COVID-19 infection that included IL1-β, IL1RA, IL7, IL8, IL9, IL10, basic FGF2, GCSF, GMCSF, IFNγ, IP10, MCP1, MIP1α, MIP1β, PDGFB, TNFα, and VEGFA. Some of the severe cases that were admitted to the intensive care unit showed high levels of pro-inflammatory cytokines including IL2, IL7, IL10, GCSF, IP10, MCP1, MIP1α, and TNFα that are reasoned to promote disease severity [6].",
      "key": "e67dd7da8c9c7ccfbd6db81466c934bb",
      "line": 115,
      "relation": "increases",
      "source": 25,
      "target": 13
    },
    {
      "annotations": {
        "Anatomy": {
          "blood plasma": true
        }
      },
      "citation": {
        "authors": [
          "Byrareddy SN",
          "Rothan HA"
        ],
        "date": "2020-02-26",
        "db": "PubMed",
        "db_id": "32113704",
        "db_name": "Journal of autoimmunity",
        "first": "Rothan HA",
        "last": "Byrareddy SN",
        "pages": "102433"
      },
      "evidence": "Significantly high blood levels of cytokines and chemokines were noted in patients with COVID-19 infection that included IL1-β, IL1RA, IL7, IL8, IL9, IL10, basic FGF2, GCSF, GMCSF, IFNγ, IP10, MCP1, MIP1α, MIP1β, PDGFB, TNFα, and VEGFA. Some of the severe cases that were admitted to the intensive care unit showed high levels of pro-inflammatory cytokines including IL2, IL7, IL10, GCSF, IP10, MCP1, MIP1α, and TNFα that are reasoned to promote disease severity [6].",
      "key": "7ed146d27c190ffb146ff16f2ffac5b9",
      "line": 116,
      "relation": "increases",
      "source": 25,
      "target": 10
    },
    {
      "annotations": {
        "Anatomy": {
          "blood plasma": true
        }
      },
      "citation": {
        "authors": [
          "Byrareddy SN",
          "Rothan HA"
        ],
        "date": "2020-02-26",
        "db": "PubMed",
        "db_id": "32113704",
        "db_name": "Journal of autoimmunity",
        "first": "Rothan HA",
        "last": "Byrareddy SN",
        "pages": "102433"
      },
      "evidence": "Significantly high blood levels of cytokines and chemokines were noted in patients with COVID-19 infection that included IL1-β, IL1RA, IL7, IL8, IL9, IL10, basic FGF2, GCSF, GMCSF, IFNγ, IP10, MCP1, MIP1α, MIP1β, PDGFB, TNFα, and VEGFA. Some of the severe cases that were admitted to the intensive care unit showed high levels of pro-inflammatory cytokines including IL2, IL7, IL10, GCSF, IP10, MCP1, MIP1α, and TNFα that are reasoned to promote disease severity [6].",
      "key": "fe1082629732f37bb1c00a701e809cc7",
      "line": 117,
      "relation": "positiveCorrelation",
      "source": 25,
      "target": 10
    },
    {
      "annotations": {
        "Anatomy": {
          "blood plasma": true
        }
      },
      "citation": {
        "authors": [
          "Byrareddy SN",
          "Rothan HA"
        ],
        "date": "2020-02-26",
        "db": "PubMed",
        "db_id": "32113704",
        "db_name": "Journal of autoimmunity",
        "first": "Rothan HA",
        "last": "Byrareddy SN",
        "pages": "102433"
      },
      "evidence": "Significantly high blood levels of cytokines and chemokines were noted in patients with COVID-19 infection that included IL1-β, IL1RA, IL7, IL8, IL9, IL10, basic FGF2, GCSF, GMCSF, IFNγ, IP10, MCP1, MIP1α, MIP1β, PDGFB, TNFα, and VEGFA. Some of the severe cases that were admitted to the intensive care unit showed high levels of pro-inflammatory cytokines including IL2, IL7, IL10, GCSF, IP10, MCP1, MIP1α, and TNFα that are reasoned to promote disease severity [6].",
      "key": "004173504c312600601dd63f0eb1e5f7",
      "line": 118,
      "relation": "increases",
      "source": 25,
      "target": 9
    },
    {
      "annotations": {
        "Anatomy": {
          "blood plasma": true
        }
      },
      "citation": {
        "authors": [
          "Byrareddy SN",
          "Rothan HA"
        ],
        "date": "2020-02-26",
        "db": "PubMed",
        "db_id": "32113704",
        "db_name": "Journal of autoimmunity",
        "first": "Rothan HA",
        "last": "Byrareddy SN",
        "pages": "102433"
      },
      "evidence": "Significantly high blood levels of cytokines and chemokines were noted in patients with COVID-19 infection that included IL1-β, IL1RA, IL7, IL8, IL9, IL10, basic FGF2, GCSF, GMCSF, IFNγ, IP10, MCP1, MIP1α, MIP1β, PDGFB, TNFα, and VEGFA. Some of the severe cases that were admitted to the intensive care unit showed high levels of pro-inflammatory cytokines including IL2, IL7, IL10, GCSF, IP10, MCP1, MIP1α, and TNFα that are reasoned to promote disease severity [6].",
      "key": "c3d96c9b7a71a8f485580fdbc4f10456",
      "line": 119,
      "relation": "increases",
      "source": 25,
      "target": 14
    },
    {
      "annotations": {
        "Anatomy": {
          "blood plasma": true
        }
      },
      "citation": {
        "authors": [
          "Byrareddy SN",
          "Rothan HA"
        ],
        "date": "2020-02-26",
        "db": "PubMed",
        "db_id": "32113704",
        "db_name": "Journal of autoimmunity",
        "first": "Rothan HA",
        "last": "Byrareddy SN",
        "pages": "102433"
      },
      "evidence": "Significantly high blood levels of cytokines and chemokines were noted in patients with COVID-19 infection that included IL1-β, IL1RA, IL7, IL8, IL9, IL10, basic FGF2, GCSF, GMCSF, IFNγ, IP10, MCP1, MIP1α, MIP1β, PDGFB, TNFα, and VEGFA. Some of the severe cases that were admitted to the intensive care unit showed high levels of pro-inflammatory cytokines including IL2, IL7, IL10, GCSF, IP10, MCP1, MIP1α, and TNFα that are reasoned to promote disease severity [6].",
      "key": "59ac206fcd346cd2e559474e7670bcef",
      "line": 120,
      "relation": "increases",
      "source": 25,
      "target": 11
    },
    {
      "annotations": {
        "Anatomy": {
          "blood plasma": true
        }
      },
      "citation": {
        "authors": [
          "Byrareddy SN",
          "Rothan HA"
        ],
        "date": "2020-02-26",
        "db": "PubMed",
        "db_id": "32113704",
        "db_name": "Journal of autoimmunity",
        "first": "Rothan HA",
        "last": "Byrareddy SN",
        "pages": "102433"
      },
      "evidence": "Significantly high blood levels of cytokines and chemokines were noted in patients with COVID-19 infection that included IL1-β, IL1RA, IL7, IL8, IL9, IL10, basic FGF2, GCSF, GMCSF, IFNγ, IP10, MCP1, MIP1α, MIP1β, PDGFB, TNFα, and VEGFA. Some of the severe cases that were admitted to the intensive care unit showed high levels of pro-inflammatory cytokines including IL2, IL7, IL10, GCSF, IP10, MCP1, MIP1α, and TNFα that are reasoned to promote disease severity [6].",
      "key": "b33b677e19a2e99cf8154476ad12faa2",
      "line": 121,
      "relation": "positiveCorrelation",
      "source": 25,
      "target": 11
    },
    {
      "annotations": {
        "Anatomy": {
          "blood plasma": true
        }
      },
      "citation": {
        "authors": [
          "Byrareddy SN",
          "Rothan HA"
        ],
        "date": "2020-02-26",
        "db": "PubMed",
        "db_id": "32113704",
        "db_name": "Journal of autoimmunity",
        "first": "Rothan HA",
        "last": "Byrareddy SN",
        "pages": "102433"
      },
      "evidence": "Significantly high blood levels of cytokines and chemokines were noted in patients with COVID-19 infection that included IL1-β, IL1RA, IL7, IL8, IL9, IL10, basic FGF2, GCSF, GMCSF, IFNγ, IP10, MCP1, MIP1α, MIP1β, PDGFB, TNFα, and VEGFA. Some of the severe cases that were admitted to the intensive care unit showed high levels of pro-inflammatory cytokines including IL2, IL7, IL10, GCSF, IP10, MCP1, MIP1α, and TNFα that are reasoned to promote disease severity [6].",
      "key": "f8eb4933ff975a2a44779ffcde4f1b02",
      "line": 122,
      "relation": "increases",
      "source": 25,
      "target": 6
    },
    {
      "annotations": {
        "Anatomy": {
          "blood plasma": true
        }
      },
      "citation": {
        "authors": [
          "Byrareddy SN",
          "Rothan HA"
        ],
        "date": "2020-02-26",
        "db": "PubMed",
        "db_id": "32113704",
        "db_name": "Journal of autoimmunity",
        "first": "Rothan HA",
        "last": "Byrareddy SN",
        "pages": "102433"
      },
      "evidence": "Significantly high blood levels of cytokines and chemokines were noted in patients with COVID-19 infection that included IL1-β, IL1RA, IL7, IL8, IL9, IL10, basic FGF2, GCSF, GMCSF, IFNγ, IP10, MCP1, MIP1α, MIP1β, PDGFB, TNFα, and VEGFA. Some of the severe cases that were admitted to the intensive care unit showed high levels of pro-inflammatory cytokines including IL2, IL7, IL10, GCSF, IP10, MCP1, MIP1α, and TNFα that are reasoned to promote disease severity [6].",
      "key": "1d8fadd63dabb6c583f3722eb92b2470",
      "line": 123,
      "relation": "positiveCorrelation",
      "source": 25,
      "target": 6
    },
    {
      "annotations": {
        "Anatomy": {
          "blood plasma": true
        }
      },
      "citation": {
        "authors": [
          "Byrareddy SN",
          "Rothan HA"
        ],
        "date": "2020-02-26",
        "db": "PubMed",
        "db_id": "32113704",
        "db_name": "Journal of autoimmunity",
        "first": "Rothan HA",
        "last": "Byrareddy SN",
        "pages": "102433"
      },
      "evidence": "Significantly high blood levels of cytokines and chemokines were noted in patients with COVID-19 infection that included IL1-β, IL1RA, IL7, IL8, IL9, IL10, basic FGF2, GCSF, GMCSF, IFNγ, IP10, MCP1, MIP1α, MIP1β, PDGFB, TNFα, and VEGFA. Some of the severe cases that were admitted to the intensive care unit showed high levels of pro-inflammatory cytokines including IL2, IL7, IL10, GCSF, IP10, MCP1, MIP1α, and TNFα that are reasoned to promote disease severity [6].",
      "key": "2933ef92c2bcaf0bf4db5e67ea2596c9",
      "line": 124,
      "relation": "increases",
      "source": 25,
      "target": 7
    },
    {
      "annotations": {
        "Anatomy": {
          "blood plasma": true
        }
      },
      "citation": {
        "authors": [
          "Byrareddy SN",
          "Rothan HA"
        ],
        "date": "2020-02-26",
        "db": "PubMed",
        "db_id": "32113704",
        "db_name": "Journal of autoimmunity",
        "first": "Rothan HA",
        "last": "Byrareddy SN",
        "pages": "102433"
      },
      "evidence": "Significantly high blood levels of cytokines and chemokines were noted in patients with COVID-19 infection that included IL1-β, IL1RA, IL7, IL8, IL9, IL10, basic FGF2, GCSF, GMCSF, IFNγ, IP10, MCP1, MIP1α, MIP1β, PDGFB, TNFα, and VEGFA. Some of the severe cases that were admitted to the intensive care unit showed high levels of pro-inflammatory cytokines including IL2, IL7, IL10, GCSF, IP10, MCP1, MIP1α, and TNFα that are reasoned to promote disease severity [6].",
      "key": "80ac5381ea7bd65041ab81834de373fb",
      "line": 125,
      "relation": "positiveCorrelation",
      "source": 25,
      "target": 7
    },
    {
      "annotations": {
        "Anatomy": {
          "blood plasma": true
        }
      },
      "citation": {
        "authors": [
          "Byrareddy SN",
          "Rothan HA"
        ],
        "date": "2020-02-26",
        "db": "PubMed",
        "db_id": "32113704",
        "db_name": "Journal of autoimmunity",
        "first": "Rothan HA",
        "last": "Byrareddy SN",
        "pages": "102433"
      },
      "evidence": "Significantly high blood levels of cytokines and chemokines were noted in patients with COVID-19 infection that included IL1-β, IL1RA, IL7, IL8, IL9, IL10, basic FGF2, GCSF, GMCSF, IFNγ, IP10, MCP1, MIP1α, MIP1β, PDGFB, TNFα, and VEGFA. Some of the severe cases that were admitted to the intensive care unit showed high levels of pro-inflammatory cytokines including IL2, IL7, IL10, GCSF, IP10, MCP1, MIP1α, and TNFα that are reasoned to promote disease severity [6].",
      "key": "6daca978b14232b16972757deb30dcb6",
      "line": 126,
      "relation": "increases",
      "source": 25,
      "target": 8
    },
    {
      "annotations": {
        "Anatomy": {
          "blood plasma": true
        }
      },
      "citation": {
        "authors": [
          "Byrareddy SN",
          "Rothan HA"
        ],
        "date": "2020-02-26",
        "db": "PubMed",
        "db_id": "32113704",
        "db_name": "Journal of autoimmunity",
        "first": "Rothan HA",
        "last": "Byrareddy SN",
        "pages": "102433"
      },
      "evidence": "Significantly high blood levels of cytokines and chemokines were noted in patients with COVID-19 infection that included IL1-β, IL1RA, IL7, IL8, IL9, IL10, basic FGF2, GCSF, GMCSF, IFNγ, IP10, MCP1, MIP1α, MIP1β, PDGFB, TNFα, and VEGFA. Some of the severe cases that were admitted to the intensive care unit showed high levels of pro-inflammatory cytokines including IL2, IL7, IL10, GCSF, IP10, MCP1, MIP1α, and TNFα that are reasoned to promote disease severity [6].",
      "key": "82b376e063e10bc92671683eeb45bb50",
      "line": 127,
      "relation": "increases",
      "source": 25,
      "target": 21
    },
    {
      "annotations": {
        "Anatomy": {
          "blood plasma": true
        }
      },
      "citation": {
        "authors": [
          "Byrareddy SN",
          "Rothan HA"
        ],
        "date": "2020-02-26",
        "db": "PubMed",
        "db_id": "32113704",
        "db_name": "Journal of autoimmunity",
        "first": "Rothan HA",
        "last": "Byrareddy SN",
        "pages": "102433"
      },
      "evidence": "Significantly high blood levels of cytokines and chemokines were noted in patients with COVID-19 infection that included IL1-β, IL1RA, IL7, IL8, IL9, IL10, basic FGF2, GCSF, GMCSF, IFNγ, IP10, MCP1, MIP1α, MIP1β, PDGFB, TNFα, and VEGFA. Some of the severe cases that were admitted to the intensive care unit showed high levels of pro-inflammatory cytokines including IL2, IL7, IL10, GCSF, IP10, MCP1, MIP1α, and TNFα that are reasoned to promote disease severity [6].",
      "key": "fe1248fafe91b239592af27a066122ac",
      "line": 128,
      "relation": "increases",
      "source": 25,
      "target": 22
    },
    {
      "annotations": {
        "Anatomy": {
          "blood plasma": true
        }
      },
      "citation": {
        "authors": [
          "Byrareddy SN",
          "Rothan HA"
        ],
        "date": "2020-02-26",
        "db": "PubMed",
        "db_id": "32113704",
        "db_name": "Journal of autoimmunity",
        "first": "Rothan HA",
        "last": "Byrareddy SN",
        "pages": "102433"
      },
      "evidence": "Significantly high blood levels of cytokines and chemokines were noted in patients with COVID-19 infection that included IL1-β, IL1RA, IL7, IL8, IL9, IL10, basic FGF2, GCSF, GMCSF, IFNγ, IP10, MCP1, MIP1α, MIP1β, PDGFB, TNFα, and VEGFA. Some of the severe cases that were admitted to the intensive care unit showed high levels of pro-inflammatory cytokines including IL2, IL7, IL10, GCSF, IP10, MCP1, MIP1α, and TNFα that are reasoned to promote disease severity [6].",
      "key": "7b84c4fbeeacba1d3305ded306a6c09e",
      "line": 129,
      "relation": "positiveCorrelation",
      "source": 25,
      "target": 22
    },
    {
      "annotations": {
        "Anatomy": {
          "blood plasma": true
        }
      },
      "citation": {
        "authors": [
          "Byrareddy SN",
          "Rothan HA"
        ],
        "date": "2020-02-26",
        "db": "PubMed",
        "db_id": "32113704",
        "db_name": "Journal of autoimmunity",
        "first": "Rothan HA",
        "last": "Byrareddy SN",
        "pages": "102433"
      },
      "evidence": "Significantly high blood levels of cytokines and chemokines were noted in patients with COVID-19 infection that included IL1-β, IL1RA, IL7, IL8, IL9, IL10, basic FGF2, GCSF, GMCSF, IFNγ, IP10, MCP1, MIP1α, MIP1β, PDGFB, TNFα, and VEGFA. Some of the severe cases that were admitted to the intensive care unit showed high levels of pro-inflammatory cytokines including IL2, IL7, IL10, GCSF, IP10, MCP1, MIP1α, and TNFα that are reasoned to promote disease severity [6].",
      "key": "b46d13062b2b56477150ed426d22957d",
      "line": 130,
      "relation": "increases",
      "source": 25,
      "target": 23
    },
    {
      "annotations": {
        "Anatomy": {
          "blood plasma": true
        }
      },
      "citation": {
        "authors": [
          "Byrareddy SN",
          "Rothan HA"
        ],
        "date": "2020-02-26",
        "db": "PubMed",
        "db_id": "32113704",
        "db_name": "Journal of autoimmunity",
        "first": "Rothan HA",
        "last": "Byrareddy SN",
        "pages": "102433"
      },
      "evidence": "Significantly high blood levels of cytokines and chemokines were noted in patients with COVID-19 infection that included IL1-β, IL1RA, IL7, IL8, IL9, IL10, basic FGF2, GCSF, GMCSF, IFNγ, IP10, MCP1, MIP1α, MIP1β, PDGFB, TNFα, and VEGFA. Some of the severe cases that were admitted to the intensive care unit showed high levels of pro-inflammatory cytokines including IL2, IL7, IL10, GCSF, IP10, MCP1, MIP1α, and TNFα that are reasoned to promote disease severity [6].",
      "key": "07a02dda4c87eda19af5f13a904ebfab",
      "line": 131,
      "relation": "positiveCorrelation",
      "source": 25,
      "target": 18
    },
    {
      "citation": {
        "authors": [
          "Byrareddy SN",
          "Rothan HA"
        ],
        "date": "2020-02-26",
        "db": "PubMed",
        "db_id": "32113704",
        "db_name": "Journal of autoimmunity",
        "first": "Rothan HA",
        "last": "Byrareddy SN",
        "pages": "102433"
      },
      "evidence": "The most common symptoms at onset of COVID-19 illness are fever, cough, and fatigue, while other symptoms include sputum production, headache, haemoptysis, diarrhoea, dyspnoea, and lymphopenia [5,6,8,13].",
      "key": "9c6a9692123dbcb02d4faa4e290a35d8",
      "line": 86,
      "relation": "positiveCorrelation",
      "source": 30,
      "target": 25
    },
    {
      "citation": {
        "authors": [
          "Byrareddy SN",
          "Rothan HA"
        ],
        "date": "2020-02-26",
        "db": "PubMed",
        "db_id": "32113704",
        "db_name": "Journal of autoimmunity",
        "first": "Rothan HA",
        "last": "Byrareddy SN",
        "pages": "102433"
      },
      "evidence": "The most common symptoms at onset of COVID-19 illness are fever, cough, and fatigue, while other symptoms include sputum production, headache, haemoptysis, diarrhoea, dyspnoea, and lymphopenia [5,6,8,13].",
      "key": "819fa78ee3d2f7af7197b5e6238d8870",
      "line": 87,
      "relation": "positiveCorrelation",
      "source": 26,
      "target": 25
    },
    {
      "citation": {
        "authors": [
          "Byrareddy SN",
          "Rothan HA"
        ],
        "date": "2020-02-26",
        "db": "PubMed",
        "db_id": "32113704",
        "db_name": "Journal of autoimmunity",
        "first": "Rothan HA",
        "last": "Byrareddy SN",
        "pages": "102433"
      },
      "evidence": "Clinical features revealed by a chest CT scan presented as pneumonia, however, there were abnormal features such as RNAaemia, acute respiratory distress syndrome, acute cardiac injury, and incidence of grand-glass opacities that led to death [6].",
      "key": "7f4bd636b0bc84ddc27aec0ccc521b81",
      "line": 90,
      "relation": "positiveCorrelation",
      "source": 28,
      "target": 29
    },
    {
      "citation": {
        "authors": [
          "Byrareddy SN",
          "Rothan HA"
        ],
        "date": "2020-02-26",
        "db": "PubMed",
        "db_id": "32113704",
        "db_name": "Journal of autoimmunity",
        "first": "Rothan HA",
        "last": "Byrareddy SN",
        "pages": "102433"
      },
      "evidence": "Clinical features revealed by a chest CT scan presented as pneumonia, however, there were abnormal features such as RNAaemia, acute respiratory distress syndrome, acute cardiac injury, and incidence of grand-glass opacities that led to death [6].",
      "key": "d2973ff4405085ff04325ea4ab38dc95",
      "line": 90,
      "relation": "positiveCorrelation",
      "source": 29,
      "target": 28
    },
    {
      "citation": {
        "authors": [
          "Byrareddy SN",
          "Rothan HA"
        ],
        "date": "2020-02-26",
        "db": "PubMed",
        "db_id": "32113704",
        "db_name": "Journal of autoimmunity",
        "first": "Rothan HA",
        "last": "Byrareddy SN",
        "pages": "102433"
      },
      "evidence": "Clinical features revealed by a chest CT scan presented as pneumonia, however, there were abnormal features such as RNAaemia, acute respiratory distress syndrome, acute cardiac injury, and incidence of grand-glass opacities that led to death [6].",
      "key": "2fe1de8d68a839d924209619c2cf128b",
      "line": 91,
      "relation": "positiveCorrelation",
      "source": 29,
      "target": 27
    },
    {
      "citation": {
        "authors": [
          "Byrareddy SN",
          "Rothan HA"
        ],
        "date": "2020-02-26",
        "db": "PubMed",
        "db_id": "32113704",
        "db_name": "Journal of autoimmunity",
        "first": "Rothan HA",
        "last": "Byrareddy SN",
        "pages": "102433"
      },
      "evidence": "Clinical features revealed by a chest CT scan presented as pneumonia, however, there were abnormal features such as RNAaemia, acute respiratory distress syndrome, acute cardiac injury, and incidence of grand-glass opacities that led to death [6].",
      "key": "ca486591b2775aa5a69fa88605974253",
      "line": 92,
      "relation": "positiveCorrelation",
      "source": 29,
      "target": 0
    },
    {
      "citation": {
        "authors": [
          "Byrareddy SN",
          "Rothan HA"
        ],
        "date": "2020-02-26",
        "db": "PubMed",
        "db_id": "32113704",
        "db_name": "Journal of autoimmunity",
        "first": "Rothan HA",
        "last": "Byrareddy SN",
        "pages": "102433"
      },
      "evidence": "Clinical features revealed by a chest CT scan presented as pneumonia, however, there were abnormal features such as RNAaemia, acute respiratory distress syndrome, acute cardiac injury, and incidence of grand-glass opacities that led to death [6].",
      "key": "8767b5a0d98f533ad6971a758f9cdf09",
      "line": 91,
      "relation": "positiveCorrelation",
      "source": 27,
      "target": 29
    },
    {
      "citation": {
        "authors": [
          "Byrareddy SN",
          "Rothan HA"
        ],
        "date": "2020-02-26",
        "db": "PubMed",
        "db_id": "32113704",
        "db_name": "Journal of autoimmunity",
        "first": "Rothan HA",
        "last": "Byrareddy SN",
        "pages": "102433"
      },
      "evidence": "Clinical features revealed by a chest CT scan presented as pneumonia, however, there were abnormal features such as RNAaemia, acute respiratory distress syndrome, acute cardiac injury, and incidence of grand-glass opacities that led to death [6].",
      "key": "4614c38f1ddca3e22855f54ad2cd8788",
      "line": 92,
      "relation": "positiveCorrelation",
      "source": 0,
      "target": 29
    },
    {
      "annotations": {
        "Anatomy": {
          "pleural cavity": true
        }
      },
      "citation": {
        "authors": [
          "Byrareddy SN",
          "Rothan HA"
        ],
        "date": "2020-02-26",
        "db": "PubMed",
        "db_id": "32113704",
        "db_name": "Journal of autoimmunity",
        "first": "Rothan HA",
        "last": "Byrareddy SN",
        "pages": "102433"
      },
      "evidence": "In some cases, the multiple peripheral ground-glass opacities were observed in subpleural regions of both lungs [14] that likely induced both systemic and localized immune response that led to increased inflammation.",
      "key": "f01b5712028dfa4c96b098b6ae1d29ef",
      "line": 96,
      "relation": "positiveCorrelation",
      "source": 0,
      "target": 2
    },
    {
      "annotations": {
        "Anatomy": {
          "pleural cavity": true
        }
      },
      "citation": {
        "authors": [
          "Byrareddy SN",
          "Rothan HA"
        ],
        "date": "2020-02-26",
        "db": "PubMed",
        "db_id": "32113704",
        "db_name": "Journal of autoimmunity",
        "first": "Rothan HA",
        "last": "Byrareddy SN",
        "pages": "102433"
      },
      "evidence": "In some cases, the multiple peripheral ground-glass opacities were observed in subpleural regions of both lungs [14] that likely induced both systemic and localized immune response that led to increased inflammation.",
      "key": "24355e32070bddc99b8049103ac90874",
      "line": 96,
      "relation": "positiveCorrelation",
      "source": 2,
      "target": 0
    },
    {
      "annotations": {
        "Anatomy": {
          "blood plasma": true
        }
      },
      "citation": {
        "authors": [
          "Byrareddy SN",
          "Rothan HA"
        ],
        "date": "2020-02-26",
        "db": "PubMed",
        "db_id": "32113704",
        "db_name": "Journal of autoimmunity",
        "first": "Rothan HA",
        "last": "Byrareddy SN",
        "pages": "102433"
      },
      "evidence": "Patients infected with COVID-19 showed higher leukocyte numbers, abnormal respiratory findings, and increased levels of plasma pro-inflammatory cytokines.",
      "key": "143836d80c4e4ac4d3afef7d921945ab",
      "line": 101,
      "relation": "positiveCorrelation",
      "source": 1,
      "target": 25
    },
    {
      "annotations": {
        "Anatomy": {
          "blood plasma": true
        }
      },
      "citation": {
        "authors": [
          "Byrareddy SN",
          "Rothan HA"
        ],
        "date": "2020-02-26",
        "db": "PubMed",
        "db_id": "32113704",
        "db_name": "Journal of autoimmunity",
        "first": "Rothan HA",
        "last": "Byrareddy SN",
        "pages": "102433"
      },
      "evidence": "Significantly high blood levels of cytokines and chemokines were noted in patients with COVID-19 infection that included IL1-β, IL1RA, IL7, IL8, IL9, IL10, basic FGF2, GCSF, GMCSF, IFNγ, IP10, MCP1, MIP1α, MIP1β, PDGFB, TNFα, and VEGFA. Some of the severe cases that were admitted to the intensive care unit showed high levels of pro-inflammatory cytokines including IL2, IL7, IL10, GCSF, IP10, MCP1, MIP1α, and TNFα that are reasoned to promote disease severity [6].",
      "key": "317d58c148710b1ad971f1a6ab88bc5d",
      "line": 110,
      "relation": "positiveCorrelation",
      "source": 19,
      "target": 25
    },
    {
      "annotations": {
        "Anatomy": {
          "blood plasma": true
        }
      },
      "citation": {
        "authors": [
          "Byrareddy SN",
          "Rothan HA"
        ],
        "date": "2020-02-26",
        "db": "PubMed",
        "db_id": "32113704",
        "db_name": "Journal of autoimmunity",
        "first": "Rothan HA",
        "last": "Byrareddy SN",
        "pages": "102433"
      },
      "evidence": "Significantly high blood levels of cytokines and chemokines were noted in patients with COVID-19 infection that included IL1-β, IL1RA, IL7, IL8, IL9, IL10, basic FGF2, GCSF, GMCSF, IFNγ, IP10, MCP1, MIP1α, MIP1β, PDGFB, TNFα, and VEGFA. Some of the severe cases that were admitted to the intensive care unit showed high levels of pro-inflammatory cytokines including IL2, IL7, IL10, GCSF, IP10, MCP1, MIP1α, and TNFα that are reasoned to promote disease severity [6].",
      "key": "9e5a6a29eb9ed5ef709c0d5c5405b666",
      "line": 114,
      "relation": "positiveCorrelation",
      "source": 15,
      "target": 25
    },
    {
      "annotations": {
        "Anatomy": {
          "blood plasma": true
        }
      },
      "citation": {
        "authors": [
          "Byrareddy SN",
          "Rothan HA"
        ],
        "date": "2020-02-26",
        "db": "PubMed",
        "db_id": "32113704",
        "db_name": "Journal of autoimmunity",
        "first": "Rothan HA",
        "last": "Byrareddy SN",
        "pages": "102433"
      },
      "evidence": "Significantly high blood levels of cytokines and chemokines were noted in patients with COVID-19 infection that included IL1-β, IL1RA, IL7, IL8, IL9, IL10, basic FGF2, GCSF, GMCSF, IFNγ, IP10, MCP1, MIP1α, MIP1β, PDGFB, TNFα, and VEGFA. Some of the severe cases that were admitted to the intensive care unit showed high levels of pro-inflammatory cytokines including IL2, IL7, IL10, GCSF, IP10, MCP1, MIP1α, and TNFα that are reasoned to promote disease severity [6].",
      "key": "5f94b2c8e9fe6ca593f8b40f6f911825",
      "line": 117,
      "relation": "positiveCorrelation",
      "source": 10,
      "target": 25
    },
    {
      "annotations": {
        "Anatomy": {
          "blood plasma": true
        }
      },
      "citation": {
        "authors": [
          "Byrareddy SN",
          "Rothan HA"
        ],
        "date": "2020-02-26",
        "db": "PubMed",
        "db_id": "32113704",
        "db_name": "Journal of autoimmunity",
        "first": "Rothan HA",
        "last": "Byrareddy SN",
        "pages": "102433"
      },
      "evidence": "Significantly high blood levels of cytokines and chemokines were noted in patients with COVID-19 infection that included IL1-β, IL1RA, IL7, IL8, IL9, IL10, basic FGF2, GCSF, GMCSF, IFNγ, IP10, MCP1, MIP1α, MIP1β, PDGFB, TNFα, and VEGFA. Some of the severe cases that were admitted to the intensive care unit showed high levels of pro-inflammatory cytokines including IL2, IL7, IL10, GCSF, IP10, MCP1, MIP1α, and TNFα that are reasoned to promote disease severity [6].",
      "key": "66294cd64009419aec50d3fbfc0d5cc3",
      "line": 121,
      "relation": "positiveCorrelation",
      "source": 11,
      "target": 25
    },
    {
      "annotations": {
        "Anatomy": {
          "blood plasma": true
        }
      },
      "citation": {
        "authors": [
          "Byrareddy SN",
          "Rothan HA"
        ],
        "date": "2020-02-26",
        "db": "PubMed",
        "db_id": "32113704",
        "db_name": "Journal of autoimmunity",
        "first": "Rothan HA",
        "last": "Byrareddy SN",
        "pages": "102433"
      },
      "evidence": "Significantly high blood levels of cytokines and chemokines were noted in patients with COVID-19 infection that included IL1-β, IL1RA, IL7, IL8, IL9, IL10, basic FGF2, GCSF, GMCSF, IFNγ, IP10, MCP1, MIP1α, MIP1β, PDGFB, TNFα, and VEGFA. Some of the severe cases that were admitted to the intensive care unit showed high levels of pro-inflammatory cytokines including IL2, IL7, IL10, GCSF, IP10, MCP1, MIP1α, and TNFα that are reasoned to promote disease severity [6].",
      "key": "3b124142959647f7eaf22d108fcfb766",
      "line": 123,
      "relation": "positiveCorrelation",
      "source": 6,
      "target": 25
    },
    {
      "annotations": {
        "Anatomy": {
          "blood plasma": true
        }
      },
      "citation": {
        "authors": [
          "Byrareddy SN",
          "Rothan HA"
        ],
        "date": "2020-02-26",
        "db": "PubMed",
        "db_id": "32113704",
        "db_name": "Journal of autoimmunity",
        "first": "Rothan HA",
        "last": "Byrareddy SN",
        "pages": "102433"
      },
      "evidence": "Significantly high blood levels of cytokines and chemokines were noted in patients with COVID-19 infection that included IL1-β, IL1RA, IL7, IL8, IL9, IL10, basic FGF2, GCSF, GMCSF, IFNγ, IP10, MCP1, MIP1α, MIP1β, PDGFB, TNFα, and VEGFA. Some of the severe cases that were admitted to the intensive care unit showed high levels of pro-inflammatory cytokines including IL2, IL7, IL10, GCSF, IP10, MCP1, MIP1α, and TNFα that are reasoned to promote disease severity [6].",
      "key": "09ae61c8cce08634d2b2443bcf32d67d",
      "line": 125,
      "relation": "positiveCorrelation",
      "source": 7,
      "target": 25
    },
    {
      "annotations": {
        "Anatomy": {
          "blood plasma": true
        }
      },
      "citation": {
        "authors": [
          "Byrareddy SN",
          "Rothan HA"
        ],
        "date": "2020-02-26",
        "db": "PubMed",
        "db_id": "32113704",
        "db_name": "Journal of autoimmunity",
        "first": "Rothan HA",
        "last": "Byrareddy SN",
        "pages": "102433"
      },
      "evidence": "Significantly high blood levels of cytokines and chemokines were noted in patients with COVID-19 infection that included IL1-β, IL1RA, IL7, IL8, IL9, IL10, basic FGF2, GCSF, GMCSF, IFNγ, IP10, MCP1, MIP1α, MIP1β, PDGFB, TNFα, and VEGFA. Some of the severe cases that were admitted to the intensive care unit showed high levels of pro-inflammatory cytokines including IL2, IL7, IL10, GCSF, IP10, MCP1, MIP1α, and TNFα that are reasoned to promote disease severity [6].",
      "key": "749407f0ce06ab66c043d7639ad9d11e",
      "line": 129,
      "relation": "positiveCorrelation",
      "source": 22,
      "target": 25
    },
    {
      "annotations": {
        "Anatomy": {
          "blood plasma": true
        }
      },
      "citation": {
        "authors": [
          "Byrareddy SN",
          "Rothan HA"
        ],
        "date": "2020-02-26",
        "db": "PubMed",
        "db_id": "32113704",
        "db_name": "Journal of autoimmunity",
        "first": "Rothan HA",
        "last": "Byrareddy SN",
        "pages": "102433"
      },
      "evidence": "Significantly high blood levels of cytokines and chemokines were noted in patients with COVID-19 infection that included IL1-β, IL1RA, IL7, IL8, IL9, IL10, basic FGF2, GCSF, GMCSF, IFNγ, IP10, MCP1, MIP1α, MIP1β, PDGFB, TNFα, and VEGFA. Some of the severe cases that were admitted to the intensive care unit showed high levels of pro-inflammatory cytokines including IL2, IL7, IL10, GCSF, IP10, MCP1, MIP1α, and TNFα that are reasoned to promote disease severity [6].",
      "key": "071b31300347dbb9549eb78978cff4bf",
      "line": 131,
      "relation": "positiveCorrelation",
      "source": 18,
      "target": 25
    },
    {
      "citation": {
        "authors": [
          "Byrareddy SN",
          "Rothan HA"
        ],
        "date": "2020-02-26",
        "db": "PubMed",
        "db_id": "32113704",
        "db_name": "Journal of autoimmunity",
        "first": "Rothan HA",
        "last": "Byrareddy SN",
        "pages": "102433"
      },
      "evidence": "Importantly, the sequence of the receptor-binding domain of COVID-19 spikes is similar to that of SARS-CoV. This data strongly suggests that entry into the host cells is most likely via the ACE2 receptor [20].",
      "key": "f0f05a8bcbef13b60ada3bc7c7ae4510",
      "line": 135,
      "relation": "increases",
      "source": 4,
      "target": 3
    },
    {
      "key": "c4f09d336dc919d6a722cc61c6134758",
      "relation": "partOf",
      "source": 5,
      "target": 4
    },
    {
      "key": "fa1bb25d5c6f7e32215ce6db79f384f9",
      "relation": "partOf",
      "source": 24,
      "target": 4
    }
  ],
  "multigraph": true,
  "nodes": [
    {
      "bel": "a(FIXME:\"Ground-glass opacity (GGO)\")",
      "concept": {
        "name": "Ground-glass opacity (GGO)",
        "namespace": "FIXME"
      },
      "function": "Abundance",
      "id": "8ec29a49be737971c59af66b1f0114b5"
    },
    {
      "bel": "a(MESH:Cytokines)",
      "concept": {
        "name": "Cytokines",
        "namespace": "MESH"
      },
      "function": "Abundance",
      "id": "0d3c01297f25a34285f54b350178a231"
    },
    {
      "bel": "bp(GOBP:\"inflammatory response\")",
      "concept": {
        "name": "inflammatory response",
        "namespace": "GOBP"
      },
      "function": "BiologicalProcess",
      "id": "231ce9f9130365dfdf6765587f4e8343"
    },
    {
      "bel": "bp(GOBP:\"viral entry into host cell\")",
      "concept": {
        "name": "viral entry into host cell",
        "namespace": "GOBP"
      },
      "function": "BiologicalProcess",
      "id": "60bbae25b4e0ac32c4c03901c2b4960c"
    },
    {
      "bel": "composite(p(HGNC:ACE2), p(NCBIGENE:43740568))",
      "function": "Composite",
      "id": "a1540b5171a1daf28d43f2071238e748",
      "members": [
        {
          "bel": "p(HGNC:ACE2)",
          "concept": {
            "name": "ACE2",
            "namespace": "HGNC"
          },
          "function": "Protein",
          "id": "bb9a231a2c68ff8f3bad2adad9ed6a94"
        },
        {
          "bel": "p(NCBIGENE:43740568)",
          "concept": {
            "name": "43740568",
            "namespace": "NCBIGENE"
          },
          "function": "Protein",
          "id": "7c0c25d9b85462ae1b80a07e4192e4b9"
        }
      ]
    },
    {
      "bel": "p(HGNC:ACE2)",
      "concept": {
        "name": "ACE2",
        "namespace": "HGNC"
      },
      "function": "Protein",
      "id": "bb9a231a2c68ff8f3bad2adad9ed6a94"
    },
    {
      "bel": "p(HGNC:CCL2)",
      "concept": {
        "name": "CCL2",
        "namespace": "HGNC"
      },
      "function": "Protein",
      "id": "2a1fddd8526478c2c7edadaa639bbe85"
    },
    {
      "bel": "p(HGNC:CCL3)",
      "concept": {
        "name": "CCL3",
        "namespace": "HGNC"
      },
      "function": "Protein",
      "id": "5cf35694ebdc37f754621a1d29763a9c"
    },
    {
      "bel": "p(HGNC:CCL4)",
      "concept": {
        "name": "CCL4",
        "namespace": "HGNC"
      },
      "function": "Protein",
      "id": "9cf87e6e1c70343068aa2e4dd8b737e8"
    },
    {
      "bel": "p(HGNC:CSF2)",
      "concept": {
        "name": "CSF2",
        "namespace": "HGNC"
      },
      "function": "Protein",
      "id": "52b31671947e27619162d0f03e093342"
    },
    {
      "bel": "p(HGNC:CSF3)",
      "concept": {
        "name": "CSF3",
        "namespace": "HGNC"
      },
      "function": "Protein",
      "id": "3bd5bde1d0d1f11fcd4864283409ebaa"
    },
    {
      "bel": "p(HGNC:CXCL10)",
      "concept": {
        "name": "CXCL10",
        "namespace": "HGNC"
      },
      "function": "Protein",
      "id": "fd9a90dd7c73cd8dc9d99b88ac8aab1e"
    },
    {
      "bel": "p(HGNC:CXCL8)",
      "concept": {
        "name": "CXCL8",
        "namespace": "HGNC"
      },
      "function": "Protein",
      "id": "325a76cdc17ef7ce6a715ed6201f2a09"
    },
    {
      "bel": "p(HGNC:FGF2)",
      "concept": {
        "name": "FGF2",
        "namespace": "HGNC"
      },
      "function": "Protein",
      "id": "6581bba569bd510c92947f02d300354e"
    },
    {
      "bel": "p(HGNC:IFNG)",
      "concept": {
        "name": "IFNG",
        "namespace": "HGNC"
      },
      "function": "Protein",
      "id": "20367a6ea54ae1032be4f48276f3c524"
    },
    {
      "bel": "p(HGNC:IL10)",
      "concept": {
        "name": "IL10",
        "namespace": "HGNC"
      },
      "function": "Protein",
      "id": "e0c41f4b3cb8bef32af4e3217ba8aa12"
    },
    {
      "bel": "p(HGNC:IL1B)",
      "concept": {
        "name": "IL1B",
        "namespace": "HGNC"
      },
      "function": "Protein",
      "id": "cca08112d9fcf1a31015f1dbfc30b04c"
    },
    {
      "bel": "p(HGNC:IL1R1)",
      "concept": {
        "name": "IL1R1",
        "namespace": "HGNC"
      },
      "function": "Protein",
      "id": "40c52e57bd9a653c9de2cfa80eefed82"
    },
    {
      "bel": "p(HGNC:IL2)",
      "concept": {
        "name": "IL2",
        "namespace": "HGNC"
      },
      "function": "Protein",
      "id": "99fcd5fe54813ead0bd02d8a06f42173"
    },
    {
      "bel": "p(HGNC:IL7)",
      "concept": {
        "name": "IL7",
        "namespace": "HGNC"
      },
      "function": "Protein",
      "id": "253f0f08d4c20eab61bc9946251a5238"
    },
    {
      "bel": "p(HGNC:IL9)",
      "concept": {
        "name": "IL9",
        "namespace": "HGNC"
      },
      "function": "Protein",
      "id": "a5cd1d878edae66e0668115a95866ad9"
    },
    {
      "bel": "p(HGNC:PDGFB)",
      "concept": {
        "name": "PDGFB",
        "namespace": "HGNC"
      },
      "function": "Protein",
      "id": "a4c8a51a792350091e3986745bed5bb7"
    },
    {
      "bel": "p(HGNC:TNF)",
      "concept": {
        "name": "TNF",
        "namespace": "HGNC"
      },
      "function": "Protein",
      "id": "fdc1c1f5a73c3c992b6eb71ce9b6908e"
    },
    {
      "bel": "p(HGNC:VEGFA)",
      "concept": {
        "name": "VEGFA",
        "namespace": "HGNC"
      },
      "function": "Protein",
      "id": "3537912f85b0c685b323cfa4aaff98c1"
    },
    {
      "bel": "p(NCBIGENE:43740568)",
      "concept": {
        "name": "43740568",
        "namespace": "NCBIGENE"
      },
      "function": "Protein",
      "id": "7c0c25d9b85462ae1b80a07e4192e4b9"
    },
    {
      "bel": "path(DO:\"COVID-19\")",
      "concept": {
        "name": "COVID-19",
        "namespace": "DO"
      },
      "function": "Pathology",
      "id": "6f9f1c2e8012537e503a758c6bfaff0f"
    },
    {
      "bel": "path(DO:lymphopenia)",
      "concept": {
        "name": "lymphopenia",
        "namespace": "DO"
      },
      "function": "Pathology",
      "id": "c44581ea27814dd1a201d1fcc1979068"
    },
    {
      "bel": "path(EFO:\"acute respiratory distress syndrome\")",
      "concept": {
        "name": "acute respiratory distress syndrome",
        "namespace": "EFO"
      },
      "function": "Pathology",
      "id": "f3314ef28a1a3d7c8c5d89dfe1a7fb75"
    },
    {
      "bel": "path(FIXME:RNAaemia)",
      "concept": {
        "name": "RNAaemia",
        "namespace": "FIXME"
      },
      "function": "Pathology",
      "id": "5a341800876b3874d9e2210df3586c8f"
    },
    {
      "bel": "path(MESH:Death)",
      "concept": {
        "name": "Death",
        "namespace": "MESH"
      },
      "function": "Pathology",
      "id": "10a8517e414b47762b224fc2cc999027"
    },
    {
      "bel": "path(MESHD:Hemoptysis)",
      "concept": {
        "name": "Hemoptysis",
        "namespace": "MESHD"
      },
      "function": "Pathology",
      "id": "43cf1bdc14fac5405c166cf294e981a1"
    }
  ]
}