{
  "directed": true,
  "graph": {
    "annotation_list": {
      "Analysis": [
        "Molecular docking"
      ],
      "PublicationStatus": [
        "Published"
      ],
      "PublicationType": [
        "Research"
      ],
      "Section": [
        "Results"
      ],
      "Spike_Region": [
        "C480-C488"
      ]
    },
    "annotation_pattern": {},
    "annotation_url": {
      "MeSHAnatomy": "https://arty.scai.fraunhofer.de/artifactory/bel/annotation/mesh-anatomy/mesh-anatomy-20170511.belanno"
    },
    "document_metadata": {
      "authors": "Thrishna",
      "contact": "thrishna@causalitybiomodels.com",
      "copyright": "Copyright © 2020 Fraunhofer Institute SCAI, All rights reserved",
      "description": "COVID Knowledge Curation project",
      "licenses": "Private Ownership to Fraunhofer Institute SCAI",
      "name": "32169481.bel",
      "version": "2.0.0"
    },
    "namespace_pattern": {},
    "namespace_url": {
      "COVID": "https://arty.scai.fraunhofer.de/artifactory/bel/namespace/ncbi-covid19/ncbi-covid19-20200326.belns",
      "GO": "https://arty.scai.fraunhofer.de/artifactory/bel/namespace/go/go-20180109.belns",
      "HGNC": "https://arty.scai.fraunhofer.de/artifactory/bel/namespace/hgnc/hgnc-20190708.belns",
      "TAX": "https://arty.scai.fraunhofer.de/artifactory/bel/namespace/ncbi-taxonomy/ncbi-taxonomy-20200322.belns"
    },
    "path": "32169481.bel",
    "pybel_version": "0.14.6"
  },
  "links": [
    {
      "key": "e2158b1e47424c84d0beb5cfec4659ea",
      "relation": "partOf",
      "source": 3,
      "target": 2
    },
    {
      "annotations": {
        "Analysis": {
          "Molecular docking": true
        },
        "MeSHAnatomy": {
          "Respiratory System": true
        },
        "PublicationStatus": {
          "Published": true
        },
        "PublicationType": {
          "Research": true
        },
        "Section": {
          "Results": true
        }
      },
      "citation": {
        "authors": [
          "Abdelmalek DH",
          "Elfiky AA",
          "Elshahat ME",
          "Ibrahim IM"
        ],
        "date": "2020-03-10",
        "db": "PubMed",
        "db_id": "32169481",
        "db_name": "The Journal of infection",
        "first": "Ibrahim IM",
        "last": "Elfiky AA"
      },
      "evidence": "Fig. 5B shows a hypothetical binding model showing the homotrimer spike (red surface) protein of the COVID-19 bound to a respiratory system cell exposing the GRP78 protein (green surface).",
      "key": "9f3f642e9067157c6a71cf1111f9e51f",
      "line": 54,
      "relation": "association",
      "source": 3,
      "target": 0
    },
    {
      "key": "fa03711692f7a92a29e0fb1aafcf798a",
      "relation": "partOf",
      "source": 4,
      "target": 2
    },
    {
      "annotations": {
        "Analysis": {
          "Molecular docking": true
        },
        "MeSHAnatomy": {
          "Respiratory System": true
        },
        "PublicationStatus": {
          "Published": true
        },
        "PublicationType": {
          "Research": true
        },
        "Section": {
          "Results": true
        }
      },
      "citation": {
        "authors": [
          "Abdelmalek DH",
          "Elfiky AA",
          "Elshahat ME",
          "Ibrahim IM"
        ],
        "date": "2020-03-10",
        "db": "PubMed",
        "db_id": "32169481",
        "db_name": "The Journal of infection",
        "first": "Ibrahim IM",
        "last": "Elfiky AA"
      },
      "evidence": "Fig. 5B shows a hypothetical binding model showing the homotrimer spike (red surface) protein of the COVID-19 bound to a respiratory system cell exposing the GRP78 protein (green surface).",
      "key": "91e8576d2e5f701232a09d39b3ca4c96",
      "line": 54,
      "relation": "association",
      "source": 0,
      "target": 3
    },
    {
      "annotations": {
        "Analysis": {
          "Molecular docking": true
        },
        "PublicationStatus": {
          "Published": true
        },
        "PublicationType": {
          "Research": true
        },
        "Section": {
          "Results": true
        }
      },
      "citation": {
        "authors": [
          "Abdelmalek DH",
          "Elfiky AA",
          "Elshahat ME",
          "Ibrahim IM"
        ],
        "date": "2020-03-10",
        "db": "PubMed",
        "db_id": "32169481",
        "db_name": "The Journal of infection",
        "first": "Ibrahim IM",
        "last": "Elfiky AA"
      },
      "evidence": "This scenario could occur in stressed cells when GRP78 is overexpressed and translocated from the Endoplasmic Reticulum (ER) to the cell membrane (M).",
      "key": "8221de039b839197a29657207dc549be",
      "line": 61,
      "relation": "increases",
      "source": 1,
      "target": 4
    },
    {
      "annotations": {
        "Analysis": {
          "Molecular docking": true
        },
        "PublicationStatus": {
          "Published": true
        },
        "PublicationType": {
          "Research": true
        },
        "Section": {
          "Results": true
        }
      },
      "citation": {
        "authors": [
          "Abdelmalek DH",
          "Elfiky AA",
          "Elshahat ME",
          "Ibrahim IM"
        ],
        "date": "2020-03-10",
        "db": "PubMed",
        "db_id": "32169481",
        "db_name": "The Journal of infection",
        "first": "Ibrahim IM",
        "last": "Elfiky AA"
      },
      "evidence": "This scenario could occur in stressed cells when GRP78 is overexpressed and translocated from the Endoplasmic Reticulum (ER) to the cell membrane (M).",
      "key": "c3dfa8423314b4cb7d7e2ed41d521de9",
      "line": 62,
      "object": {
        "effect": {
          "fromLoc": {
            "name": "endoplasmic reticulum",
            "namespace": "GO"
          },
          "toLoc": {
            "name": "plasma membrane",
            "namespace": "GO"
          }
        },
        "modifier": "Translocation"
      },
      "relation": "increases",
      "source": 1,
      "target": 4
    }
  ],
  "multigraph": true,
  "nodes": [
    {
      "bel": "a(TAX:\"Severe acute respiratory syndrome coronavirus 2\")",
      "concept": {
        "name": "Severe acute respiratory syndrome coronavirus 2",
        "namespace": "TAX"
      },
      "function": "Abundance",
      "id": "c41851da59cc36c21b2e8acf24c1f46d"
    },
    {
      "bel": "bp(GO:\"cellular response to stress\")",
      "concept": {
        "name": "cellular response to stress",
        "namespace": "GO"
      },
      "function": "BiologicalProcess",
      "id": "4b4228e207b3004b2cf3c07896ae1c8a"
    },
    {
      "bel": "complex(p(COVID:S), p(HGNC:HSPA5))",
      "function": "Complex",
      "id": "7e7ea7add0f0494422ffab91a1428df9",
      "members": [
        {
          "bel": "p(COVID:S)",
          "concept": {
            "name": "S",
            "namespace": "COVID"
          },
          "function": "Protein",
          "id": "8d090715298e11996081058536798c19"
        },
        {
          "bel": "p(HGNC:HSPA5)",
          "concept": {
            "name": "HSPA5",
            "namespace": "HGNC"
          },
          "function": "Protein",
          "id": "650f02e92327fa9894f3cf5b3dafccf3"
        }
      ]
    },
    {
      "bel": "p(COVID:S)",
      "concept": {
        "name": "S",
        "namespace": "COVID"
      },
      "function": "Protein",
      "id": "8d090715298e11996081058536798c19"
    },
    {
      "bel": "p(HGNC:HSPA5)",
      "concept": {
        "name": "HSPA5",
        "namespace": "HGNC"
      },
      "function": "Protein",
      "id": "650f02e92327fa9894f3cf5b3dafccf3"
    }
  ]
}