{
  "directed": true,
  "graph": {
    "annotation_list": {
      "Custom_Disease": [
        "COVID-19"
      ],
      "PublicationStatus": [
        "Preprint",
        "Published"
      ],
      "PublicationType": [
        "Case Report",
        "Research",
        "Review"
      ],
      "Section": [
        "Abstract",
        "Full Text",
        "Results"
      ],
      "Severity": [
        "Severe"
      ],
      "population_type": [
        "Pediatric"
      ]
    },
    "annotation_pattern": {},
    "annotation_url": {
      "MeSHAnatomy": "https://arty.scai.fraunhofer.de/artifactory/bel/annotation/mesh-anatomy/mesh-anatomy-20190128.belanno",
      "Species": "https://arty.scai.fraunhofer.de/artifactory/bel/annotation/species-taxonomy-id/species-taxonomy-id-20170511.belanno"
    },
    "document_metadata": {
      "authors": "Shounak Baksi",
      "contact": "shounak.baksi@causalitybiomodels.com",
      "copyright": "Copyright © 2020 Fraunhofer Institute SCAI, All rights reserved",
      "description": "COVID Knowledge Curation project",
      "licenses": "Private Ownership to Fraunhofer Institute SCAI",
      "name": "32193831.bel",
      "version": "2.0.0"
    },
    "namespace_pattern": {
      "FIXME": ".*"
    },
    "namespace_url": {
      "CHEBI": "https://arty.scai.fraunhofer.de/artifactory/bel/namespace/chebi/chebi-20190708.belns",
      "DO": "https://arty.scai.fraunhofer.de/artifactory/bel/namespace/disease-ontology/disease-ontology-20200407.belns",
      "EFO": "https://arty.scai.fraunhofer.de/artifactory/bel/namespace/efo/efo-20171206.belns",
      "GOBP": "https://arty.scai.fraunhofer.de/artifactory/bel/namespace/go-biological-process/go-biological-process-20190128.belns",
      "HGNC": "https://arty.scai.fraunhofer.de/artifactory/bel/namespace/hgnc/hgnc-20190708.belns",
      "HP": "https://arty.scai.fraunhofer.de/artifactory/bel/namespace/hp/hp-20190130.belns",
      "MESH": "https://arty.scai.fraunhofer.de/artifactory/bel/namespace/mesh/mesh-names-20181007.belns"
    },
    "path": "32193831.bel",
    "pybel_version": "0.14.6"
  },
  "links": [
    {
      "annotations": {
        "Custom_Disease": {
          "COVID-19": true
        },
        "PublicationStatus": {
          "Preprint": true
        },
        "PublicationType": {
          "Case Report": true
        },
        "Section": {
          "Results": true
        },
        "Severity": {
          "Severe": true
        },
        "Species": {
          "9606": true
        },
        "population_type": {
          "Pediatric": true
        }
      },
      "citation": {
        "authors": [
          "Li H",
          "Liu ZS",
          "Lu XX",
          "Ren J",
          "Sun D",
          "Xiao H",
          "Zhang FR"
        ],
        "date": "2020-03-19",
        "db": "PubMed",
        "db_id": "32193831",
        "db_name": "World journal of pediatrics : WJP",
        "first": "Sun D",
        "last": "Liu ZS"
      },
      "evidence": "In the severe pediatric patients, the most common symptom was polypnea (8/8), followed by fever (6/8), cough (6/8), expectoration (4/8), nausea/vomiting (4/8), diarrhea (3/8), fatigue/myalgia (1/8), headache (1/8) and constipation (1/8) (Table 1).",
      "key": "d42d6fab6737d5067c43acf21df57b8d",
      "line": 87,
      "relation": "positiveCorrelation",
      "source": 23,
      "target": 27
    },
    {
      "annotations": {
        "Custom_Disease": {
          "COVID-19": true
        },
        "PublicationStatus": {
          "Preprint": true
        },
        "PublicationType": {
          "Case Report": true
        },
        "Section": {
          "Results": true
        },
        "Severity": {
          "Severe": true
        },
        "Species": {
          "9606": true
        },
        "population_type": {
          "Pediatric": true
        }
      },
      "citation": {
        "authors": [
          "Li H",
          "Liu ZS",
          "Lu XX",
          "Ren J",
          "Sun D",
          "Xiao H",
          "Zhang FR"
        ],
        "date": "2020-03-19",
        "db": "PubMed",
        "db_id": "32193831",
        "db_name": "World journal of pediatrics : WJP",
        "first": "Sun D",
        "last": "Liu ZS"
      },
      "evidence": "In the severe pediatric patients, the most common symptom was polypnea (8/8), followed by fever (6/8), cough (6/8), expectoration (4/8), nausea/vomiting (4/8), diarrhea (3/8), fatigue/myalgia (1/8), headache (1/8) and constipation (1/8) (Table 1).",
      "key": "750fc969845cd8056059dfa83070a823",
      "line": 88,
      "relation": "positiveCorrelation",
      "source": 23,
      "target": 30
    },
    {
      "annotations": {
        "Custom_Disease": {
          "COVID-19": true
        },
        "PublicationStatus": {
          "Preprint": true
        },
        "PublicationType": {
          "Case Report": true
        },
        "Section": {
          "Results": true
        },
        "Severity": {
          "Severe": true
        },
        "Species": {
          "9606": true
        },
        "population_type": {
          "Pediatric": true
        }
      },
      "citation": {
        "authors": [
          "Li H",
          "Liu ZS",
          "Lu XX",
          "Ren J",
          "Sun D",
          "Xiao H",
          "Zhang FR"
        ],
        "date": "2020-03-19",
        "db": "PubMed",
        "db_id": "32193831",
        "db_name": "World journal of pediatrics : WJP",
        "first": "Sun D",
        "last": "Liu ZS"
      },
      "evidence": "In the severe pediatric patients, the most common symptom was polypnea (8/8), followed by fever (6/8), cough (6/8), expectoration (4/8), nausea/vomiting (4/8), diarrhea (3/8), fatigue/myalgia (1/8), headache (1/8) and constipation (1/8) (Table 1).",
      "key": "a0fd0608545a21e455ec919e699252c6",
      "line": 89,
      "relation": "positiveCorrelation",
      "source": 23,
      "target": 28
    },
    {
      "annotations": {
        "Custom_Disease": {
          "COVID-19": true
        },
        "PublicationStatus": {
          "Preprint": true
        },
        "PublicationType": {
          "Case Report": true
        },
        "Section": {
          "Results": true
        },
        "Severity": {
          "Severe": true
        },
        "Species": {
          "9606": true
        },
        "population_type": {
          "Pediatric": true
        }
      },
      "citation": {
        "authors": [
          "Li H",
          "Liu ZS",
          "Lu XX",
          "Ren J",
          "Sun D",
          "Xiao H",
          "Zhang FR"
        ],
        "date": "2020-03-19",
        "db": "PubMed",
        "db_id": "32193831",
        "db_name": "World journal of pediatrics : WJP",
        "first": "Sun D",
        "last": "Liu ZS"
      },
      "evidence": "In the severe pediatric patients, the most common symptom was polypnea (8/8), followed by fever (6/8), cough (6/8), expectoration (4/8), nausea/vomiting (4/8), diarrhea (3/8), fatigue/myalgia (1/8), headache (1/8) and constipation (1/8) (Table 1).",
      "key": "d43dc6331c47768a20d024995a7f6787",
      "line": 90,
      "relation": "positiveCorrelation",
      "source": 23,
      "target": 29
    },
    {
      "annotations": {
        "Custom_Disease": {
          "COVID-19": true
        },
        "PublicationStatus": {
          "Preprint": true
        },
        "PublicationType": {
          "Case Report": true
        },
        "Section": {
          "Results": true
        },
        "Severity": {
          "Severe": true
        },
        "Species": {
          "9606": true
        },
        "population_type": {
          "Pediatric": true
        }
      },
      "citation": {
        "authors": [
          "Li H",
          "Liu ZS",
          "Lu XX",
          "Ren J",
          "Sun D",
          "Xiao H",
          "Zhang FR"
        ],
        "date": "2020-03-19",
        "db": "PubMed",
        "db_id": "32193831",
        "db_name": "World journal of pediatrics : WJP",
        "first": "Sun D",
        "last": "Liu ZS"
      },
      "evidence": "In the severe pediatric patients, the most common symptom was polypnea (8/8), followed by fever (6/8), cough (6/8), expectoration (4/8), nausea/vomiting (4/8), diarrhea (3/8), fatigue/myalgia (1/8), headache (1/8) and constipation (1/8) (Table 1).",
      "key": "ff6a47e18411070c019a5900c75af4d3",
      "line": 91,
      "relation": "positiveCorrelation",
      "source": 23,
      "target": 32
    },
    {
      "annotations": {
        "Custom_Disease": {
          "COVID-19": true
        },
        "PublicationStatus": {
          "Preprint": true
        },
        "PublicationType": {
          "Case Report": true
        },
        "Section": {
          "Results": true
        },
        "Severity": {
          "Severe": true
        },
        "Species": {
          "9606": true
        },
        "population_type": {
          "Pediatric": true
        }
      },
      "citation": {
        "authors": [
          "Li H",
          "Liu ZS",
          "Lu XX",
          "Ren J",
          "Sun D",
          "Xiao H",
          "Zhang FR"
        ],
        "date": "2020-03-19",
        "db": "PubMed",
        "db_id": "32193831",
        "db_name": "World journal of pediatrics : WJP",
        "first": "Sun D",
        "last": "Liu ZS"
      },
      "evidence": "In the severe pediatric patients, the most common symptom was polypnea (8/8), followed by fever (6/8), cough (6/8), expectoration (4/8), nausea/vomiting (4/8), diarrhea (3/8), fatigue/myalgia (1/8), headache (1/8) and constipation (1/8) (Table 1).",
      "key": "d2477eaa6574a97213cc3fd60daf282c",
      "line": 92,
      "relation": "positiveCorrelation",
      "source": 23,
      "target": 33
    },
    {
      "annotations": {
        "Custom_Disease": {
          "COVID-19": true
        },
        "PublicationStatus": {
          "Preprint": true
        },
        "PublicationType": {
          "Case Report": true
        },
        "Section": {
          "Results": true
        },
        "Severity": {
          "Severe": true
        },
        "Species": {
          "9606": true
        },
        "population_type": {
          "Pediatric": true
        }
      },
      "citation": {
        "authors": [
          "Li H",
          "Liu ZS",
          "Lu XX",
          "Ren J",
          "Sun D",
          "Xiao H",
          "Zhang FR"
        ],
        "date": "2020-03-19",
        "db": "PubMed",
        "db_id": "32193831",
        "db_name": "World journal of pediatrics : WJP",
        "first": "Sun D",
        "last": "Liu ZS"
      },
      "evidence": "In the severe pediatric patients, the most common symptom was polypnea (8/8), followed by fever (6/8), cough (6/8), expectoration (4/8), nausea/vomiting (4/8), diarrhea (3/8), fatigue/myalgia (1/8), headache (1/8) and constipation (1/8) (Table 1).",
      "key": "f72ac01bc082818634976313375820b3",
      "line": 93,
      "relation": "positiveCorrelation",
      "source": 23,
      "target": 25
    },
    {
      "annotations": {
        "Custom_Disease": {
          "COVID-19": true
        },
        "PublicationStatus": {
          "Preprint": true
        },
        "PublicationType": {
          "Case Report": true
        },
        "Section": {
          "Results": true
        },
        "Severity": {
          "Severe": true
        },
        "Species": {
          "9606": true
        },
        "population_type": {
          "Pediatric": true
        }
      },
      "citation": {
        "authors": [
          "Li H",
          "Liu ZS",
          "Lu XX",
          "Ren J",
          "Sun D",
          "Xiao H",
          "Zhang FR"
        ],
        "date": "2020-03-19",
        "db": "PubMed",
        "db_id": "32193831",
        "db_name": "World journal of pediatrics : WJP",
        "first": "Sun D",
        "last": "Liu ZS"
      },
      "evidence": "In the severe pediatric patients, the most common symptom was polypnea (8/8), followed by fever (6/8), cough (6/8), expectoration (4/8), nausea/vomiting (4/8), diarrhea (3/8), fatigue/myalgia (1/8), headache (1/8) and constipation (1/8) (Table 1).",
      "key": "7f33102c1243d4529e443c945f9e26bc",
      "line": 94,
      "relation": "positiveCorrelation",
      "source": 23,
      "target": 24
    },
    {
      "annotations": {
        "Custom_Disease": {
          "COVID-19": true
        },
        "PublicationStatus": {
          "Preprint": true
        },
        "PublicationType": {
          "Case Report": true
        },
        "Section": {
          "Results": true
        },
        "Severity": {
          "Severe": true
        },
        "Species": {
          "9606": true
        },
        "population_type": {
          "Pediatric": true
        }
      },
      "citation": {
        "authors": [
          "Li H",
          "Liu ZS",
          "Lu XX",
          "Ren J",
          "Sun D",
          "Xiao H",
          "Zhang FR"
        ],
        "date": "2020-03-19",
        "db": "PubMed",
        "db_id": "32193831",
        "db_name": "World journal of pediatrics : WJP",
        "first": "Sun D",
        "last": "Liu ZS"
      },
      "evidence": "In the severe pediatric patients, the most common symptom was polypnea (8/8), followed by fever (6/8), cough (6/8), expectoration (4/8), nausea/vomiting (4/8), diarrhea (3/8), fatigue/myalgia (1/8), headache (1/8) and constipation (1/8) (Table 1).",
      "key": "c17c5419d3ee3d74e058e6b559ba2e2e",
      "line": 95,
      "relation": "positiveCorrelation",
      "source": 23,
      "target": 31
    },
    {
      "annotations": {
        "Custom_Disease": {
          "COVID-19": true
        },
        "PublicationStatus": {
          "Preprint": true
        },
        "PublicationType": {
          "Case Report": true
        },
        "Section": {
          "Results": true
        },
        "Severity": {
          "Severe": true
        },
        "Species": {
          "9606": true
        },
        "population_type": {
          "Pediatric": true
        }
      },
      "citation": {
        "authors": [
          "Li H",
          "Liu ZS",
          "Lu XX",
          "Ren J",
          "Sun D",
          "Xiao H",
          "Zhang FR"
        ],
        "date": "2020-03-19",
        "db": "PubMed",
        "db_id": "32193831",
        "db_name": "World journal of pediatrics : WJP",
        "first": "Sun D",
        "last": "Liu ZS"
      },
      "evidence": "In the severe pediatric patients, the most common symptom was polypnea (8/8), followed by fever (6/8), cough (6/8), expectoration (4/8), nausea/vomiting (4/8), diarrhea (3/8), fatigue/myalgia (1/8), headache (1/8) and constipation (1/8) (Table 1).",
      "key": "193d5b6ee83bf9a5ea23c90535cebcaa",
      "line": 96,
      "relation": "positiveCorrelation",
      "source": 23,
      "target": 9
    },
    {
      "annotations": {
        "Custom_Disease": {
          "COVID-19": true
        },
        "PublicationStatus": {
          "Preprint": true
        },
        "PublicationType": {
          "Case Report": true
        },
        "Section": {
          "Results": true
        },
        "Severity": {
          "Severe": true
        },
        "Species": {
          "9606": true
        },
        "population_type": {
          "Pediatric": true
        }
      },
      "citation": {
        "authors": [
          "Li H",
          "Liu ZS",
          "Lu XX",
          "Ren J",
          "Sun D",
          "Xiao H",
          "Zhang FR"
        ],
        "date": "2020-03-19",
        "db": "PubMed",
        "db_id": "32193831",
        "db_name": "World journal of pediatrics : WJP",
        "first": "Sun D",
        "last": "Liu ZS"
      },
      "evidence": "Six patients had bilateral pneumonia and two unilateral pneumonia.",
      "key": "5a6025fb906b9d2985bbaeea2466cac4",
      "line": 100,
      "relation": "positiveCorrelation",
      "source": 23,
      "target": 26
    },
    {
      "annotations": {
        "Custom_Disease": {
          "COVID-19": true
        },
        "MeSHAnatomy": {
          "Blood": true
        },
        "PublicationStatus": {
          "Preprint": true
        },
        "PublicationType": {
          "Case Report": true
        },
        "Section": {
          "Results": true
        },
        "Severity": {
          "Severe": true
        },
        "Species": {
          "9606": true
        },
        "population_type": {
          "Pediatric": true
        }
      },
      "citation": {
        "authors": [
          "Li H",
          "Liu ZS",
          "Lu XX",
          "Ren J",
          "Sun D",
          "Xiao H",
          "Zhang FR"
        ],
        "date": "2020-03-19",
        "db": "PubMed",
        "db_id": "32193831",
        "db_name": "World journal of pediatrics : WJP",
        "first": "Sun D",
        "last": "Liu ZS"
      },
      "evidence": "Increased C-reactive protein, procalcitonin and lactate dehydrogenase were found in five patients (5/8), and increased alanine aminotransferase (ALT) in four (4/8). ",
      "key": "2a3034957329a9dba17f079fa1f83d35",
      "line": 105,
      "relation": "positiveCorrelation",
      "source": 23,
      "target": 15
    },
    {
      "annotations": {
        "Custom_Disease": {
          "COVID-19": true
        },
        "MeSHAnatomy": {
          "Blood": true
        },
        "PublicationStatus": {
          "Preprint": true
        },
        "PublicationType": {
          "Case Report": true
        },
        "Section": {
          "Results": true
        },
        "Severity": {
          "Severe": true
        },
        "Species": {
          "9606": true
        },
        "population_type": {
          "Pediatric": true
        }
      },
      "citation": {
        "authors": [
          "Li H",
          "Liu ZS",
          "Lu XX",
          "Ren J",
          "Sun D",
          "Xiao H",
          "Zhang FR"
        ],
        "date": "2020-03-19",
        "db": "PubMed",
        "db_id": "32193831",
        "db_name": "World journal of pediatrics : WJP",
        "first": "Sun D",
        "last": "Liu ZS"
      },
      "evidence": "Increased C-reactive protein, procalcitonin and lactate dehydrogenase were found in five patients (5/8), and increased alanine aminotransferase (ALT) in four (4/8). ",
      "key": "c04e23d445eedb4ab9f298ff4e6334e2",
      "line": 106,
      "relation": "positiveCorrelation",
      "source": 23,
      "target": 19
    },
    {
      "annotations": {
        "Custom_Disease": {
          "COVID-19": true
        },
        "MeSHAnatomy": {
          "Blood": true
        },
        "PublicationStatus": {
          "Preprint": true
        },
        "PublicationType": {
          "Case Report": true
        },
        "Section": {
          "Results": true
        },
        "Severity": {
          "Severe": true
        },
        "Species": {
          "9606": true
        },
        "population_type": {
          "Pediatric": true
        }
      },
      "citation": {
        "authors": [
          "Li H",
          "Liu ZS",
          "Lu XX",
          "Ren J",
          "Sun D",
          "Xiao H",
          "Zhang FR"
        ],
        "date": "2020-03-19",
        "db": "PubMed",
        "db_id": "32193831",
        "db_name": "World journal of pediatrics : WJP",
        "first": "Sun D",
        "last": "Liu ZS"
      },
      "evidence": "Increased C-reactive protein, procalcitonin and lactate dehydrogenase were found in five patients (5/8), and increased alanine aminotransferase (ALT) in four (4/8). ",
      "key": "894ee02da6e3eb9e1b5d60f03d4e0bdf",
      "line": 107,
      "relation": "positiveCorrelation",
      "source": 23,
      "target": 20
    },
    {
      "annotations": {
        "Custom_Disease": {
          "COVID-19": true
        },
        "MeSHAnatomy": {
          "Blood": true
        },
        "PublicationStatus": {
          "Preprint": true
        },
        "PublicationType": {
          "Case Report": true
        },
        "Section": {
          "Results": true
        },
        "Severity": {
          "Severe": true
        },
        "Species": {
          "9606": true
        },
        "population_type": {
          "Pediatric": true
        }
      },
      "citation": {
        "authors": [
          "Li H",
          "Liu ZS",
          "Lu XX",
          "Ren J",
          "Sun D",
          "Xiao H",
          "Zhang FR"
        ],
        "date": "2020-03-19",
        "db": "PubMed",
        "db_id": "32193831",
        "db_name": "World journal of pediatrics : WJP",
        "first": "Sun D",
        "last": "Liu ZS"
      },
      "evidence": "Increased C-reactive protein, procalcitonin and lactate dehydrogenase were found in five patients (5/8), and increased alanine aminotransferase (ALT) in four (4/8). ",
      "key": "f8f6afc7fa8e472914c613c97f02bae2",
      "line": 108,
      "relation": "positiveCorrelation",
      "source": 23,
      "target": 21
    },
    {
      "annotations": {
        "Custom_Disease": {
          "COVID-19": true
        },
        "MeSHAnatomy": {
          "Blood": true
        },
        "PublicationStatus": {
          "Preprint": true
        },
        "PublicationType": {
          "Case Report": true
        },
        "Section": {
          "Results": true
        },
        "Severity": {
          "Severe": true
        },
        "Species": {
          "9606": true
        },
        "population_type": {
          "Pediatric": true
        }
      },
      "citation": {
        "authors": [
          "Li H",
          "Liu ZS",
          "Lu XX",
          "Ren J",
          "Sun D",
          "Xiao H",
          "Zhang FR"
        ],
        "date": "2020-03-19",
        "db": "PubMed",
        "db_id": "32193831",
        "db_name": "World journal of pediatrics : WJP",
        "first": "Sun D",
        "last": "Liu ZS"
      },
      "evidence": "Increased C-reactive protein, procalcitonin and lactate dehydrogenase were found in five patients (5/8), and increased alanine aminotransferase (ALT) in four (4/8). ",
      "key": "6abbffdf91e32cf790d733c988585c37",
      "line": 109,
      "relation": "positiveCorrelation",
      "source": 23,
      "target": 14
    },
    {
      "annotations": {
        "Custom_Disease": {
          "COVID-19": true
        },
        "MeSHAnatomy": {
          "Blood": true
        },
        "PublicationStatus": {
          "Preprint": true
        },
        "PublicationType": {
          "Case Report": true
        },
        "Section": {
          "Results": true
        },
        "Severity": {
          "Severe": true
        },
        "Species": {
          "9606": true
        },
        "population_type": {
          "Pediatric": true
        }
      },
      "citation": {
        "authors": [
          "Li H",
          "Liu ZS",
          "Lu XX",
          "Ren J",
          "Sun D",
          "Xiao H",
          "Zhang FR"
        ],
        "date": "2020-03-19",
        "db": "PubMed",
        "db_id": "32193831",
        "db_name": "World journal of pediatrics : WJP",
        "first": "Sun D",
        "last": "Liu ZS"
      },
      "evidence": "Increased C-reactive protein, procalcitonin and lactate dehydrogenase were found in five patients (5/8), and increased alanine aminotransferase (ALT) in four (4/8). ",
      "key": "c791f62f0687d5de97f8465888247251",
      "line": 110,
      "relation": "positiveCorrelation",
      "source": 23,
      "target": 22
    },
    {
      "annotations": {
        "Custom_Disease": {
          "COVID-19": true
        },
        "MeSHAnatomy": {
          "Blood": true
        },
        "PublicationStatus": {
          "Preprint": true
        },
        "PublicationType": {
          "Case Report": true
        },
        "Section": {
          "Results": true
        },
        "Severity": {
          "Severe": true
        },
        "Species": {
          "9606": true
        },
        "population_type": {
          "Pediatric": true
        }
      },
      "citation": {
        "authors": [
          "Li H",
          "Liu ZS",
          "Lu XX",
          "Ren J",
          "Sun D",
          "Xiao H",
          "Zhang FR"
        ],
        "date": "2020-03-19",
        "db": "PubMed",
        "db_id": "32193831",
        "db_name": "World journal of pediatrics : WJP",
        "first": "Sun D",
        "last": "Liu ZS"
      },
      "evidence": "Two patients (2/5) had high D-dimer level.",
      "key": "7a5824b528f5ba769baaa749e052b810",
      "line": 114,
      "relation": "positiveCorrelation",
      "source": 23,
      "target": 10
    },
    {
      "annotations": {
        "Custom_Disease": {
          "COVID-19": true
        },
        "MeSHAnatomy": {
          "Blood": true
        },
        "PublicationStatus": {
          "Preprint": true
        },
        "PublicationType": {
          "Case Report": true
        },
        "Section": {
          "Results": true
        },
        "Severity": {
          "Severe": true
        },
        "Species": {
          "9606": true
        },
        "population_type": {
          "Pediatric": true
        }
      },
      "citation": {
        "authors": [
          "Li H",
          "Liu ZS",
          "Lu XX",
          "Ren J",
          "Sun D",
          "Xiao H",
          "Zhang FR"
        ],
        "date": "2020-03-19",
        "db": "PubMed",
        "db_id": "32193831",
        "db_name": "World journal of pediatrics : WJP",
        "first": "Sun D",
        "last": "Liu ZS"
      },
      "evidence": "TBNK lymphocyte subset analysis revealed decreased percentage of CD16 + CD56 + lymphocytes (4/8) and Th/Ts (1/8), and increased percentage of CD3 + (2/8), CD4 + (4/8) and CD8 + (1/8) lymphocytes. Cytokine detection assays showed increased levels of IL-6 (2/8), IL-10 (5/8) and IFN-γ (2/8).",
      "key": "cb3622f2e1821ff244bcebc34380398d",
      "line": 118,
      "relation": "negativeCorrelation",
      "source": 23,
      "target": 5
    },
    {
      "annotations": {
        "Custom_Disease": {
          "COVID-19": true
        },
        "MeSHAnatomy": {
          "Blood": true
        },
        "PublicationStatus": {
          "Preprint": true
        },
        "PublicationType": {
          "Case Report": true
        },
        "Section": {
          "Results": true
        },
        "Severity": {
          "Severe": true
        },
        "Species": {
          "9606": true
        },
        "population_type": {
          "Pediatric": true
        }
      },
      "citation": {
        "authors": [
          "Li H",
          "Liu ZS",
          "Lu XX",
          "Ren J",
          "Sun D",
          "Xiao H",
          "Zhang FR"
        ],
        "date": "2020-03-19",
        "db": "PubMed",
        "db_id": "32193831",
        "db_name": "World journal of pediatrics : WJP",
        "first": "Sun D",
        "last": "Liu ZS"
      },
      "evidence": "TBNK lymphocyte subset analysis revealed decreased percentage of CD16 + CD56 + lymphocytes (4/8) and Th/Ts (1/8), and increased percentage of CD3 + (2/8), CD4 + (4/8) and CD8 + (1/8) lymphocytes. Cytokine detection assays showed increased levels of IL-6 (2/8), IL-10 (5/8) and IFN-γ (2/8).",
      "key": "f23378e28aa7100484160c2be9dcc4a4",
      "line": 119,
      "relation": "positiveCorrelation",
      "source": 23,
      "target": 3
    },
    {
      "annotations": {
        "Custom_Disease": {
          "COVID-19": true
        },
        "MeSHAnatomy": {
          "Blood": true
        },
        "PublicationStatus": {
          "Preprint": true
        },
        "PublicationType": {
          "Case Report": true
        },
        "Section": {
          "Results": true
        },
        "Severity": {
          "Severe": true
        },
        "Species": {
          "9606": true
        },
        "population_type": {
          "Pediatric": true
        }
      },
      "citation": {
        "authors": [
          "Li H",
          "Liu ZS",
          "Lu XX",
          "Ren J",
          "Sun D",
          "Xiao H",
          "Zhang FR"
        ],
        "date": "2020-03-19",
        "db": "PubMed",
        "db_id": "32193831",
        "db_name": "World journal of pediatrics : WJP",
        "first": "Sun D",
        "last": "Liu ZS"
      },
      "evidence": "TBNK lymphocyte subset analysis revealed decreased percentage of CD16 + CD56 + lymphocytes (4/8) and Th/Ts (1/8), and increased percentage of CD3 + (2/8), CD4 + (4/8) and CD8 + (1/8) lymphocytes. Cytokine detection assays showed increased levels of IL-6 (2/8), IL-10 (5/8) and IFN-γ (2/8).",
      "key": "eb4032adc52d97429186c0f6ef307d3c",
      "line": 120,
      "relation": "positiveCorrelation",
      "source": 23,
      "target": 4
    },
    {
      "annotations": {
        "Custom_Disease": {
          "COVID-19": true
        },
        "MeSHAnatomy": {
          "Blood": true
        },
        "PublicationStatus": {
          "Preprint": true
        },
        "PublicationType": {
          "Case Report": true
        },
        "Section": {
          "Results": true
        },
        "Severity": {
          "Severe": true
        },
        "Species": {
          "9606": true
        },
        "population_type": {
          "Pediatric": true
        }
      },
      "citation": {
        "authors": [
          "Li H",
          "Liu ZS",
          "Lu XX",
          "Ren J",
          "Sun D",
          "Xiao H",
          "Zhang FR"
        ],
        "date": "2020-03-19",
        "db": "PubMed",
        "db_id": "32193831",
        "db_name": "World journal of pediatrics : WJP",
        "first": "Sun D",
        "last": "Liu ZS"
      },
      "evidence": "TBNK lymphocyte subset analysis revealed decreased percentage of CD16 + CD56 + lymphocytes (4/8) and Th/Ts (1/8), and increased percentage of CD3 + (2/8), CD4 + (4/8) and CD8 + (1/8) lymphocytes. Cytokine detection assays showed increased levels of IL-6 (2/8), IL-10 (5/8) and IFN-γ (2/8).",
      "key": "5bf7c308fd5cfcf2d582df5a9df00cc7",
      "line": 121,
      "relation": "negativeCorrelation",
      "source": 23,
      "target": 6
    },
    {
      "annotations": {
        "Custom_Disease": {
          "COVID-19": true
        },
        "MeSHAnatomy": {
          "Blood": true
        },
        "PublicationStatus": {
          "Preprint": true
        },
        "PublicationType": {
          "Case Report": true
        },
        "Section": {
          "Results": true
        },
        "Severity": {
          "Severe": true
        },
        "Species": {
          "9606": true
        },
        "population_type": {
          "Pediatric": true
        }
      },
      "citation": {
        "authors": [
          "Li H",
          "Liu ZS",
          "Lu XX",
          "Ren J",
          "Sun D",
          "Xiao H",
          "Zhang FR"
        ],
        "date": "2020-03-19",
        "db": "PubMed",
        "db_id": "32193831",
        "db_name": "World journal of pediatrics : WJP",
        "first": "Sun D",
        "last": "Liu ZS"
      },
      "evidence": "TBNK lymphocyte subset analysis revealed decreased percentage of CD16 + CD56 + lymphocytes (4/8) and Th/Ts (1/8), and increased percentage of CD3 + (2/8), CD4 + (4/8) and CD8 + (1/8) lymphocytes. Cytokine detection assays showed increased levels of IL-6 (2/8), IL-10 (5/8) and IFN-γ (2/8).",
      "key": "396fc25689b5c441b2b47e136461fbff",
      "line": 122,
      "relation": "positiveCorrelation",
      "source": 23,
      "target": 18
    },
    {
      "annotations": {
        "Custom_Disease": {
          "COVID-19": true
        },
        "MeSHAnatomy": {
          "Blood": true
        },
        "PublicationStatus": {
          "Preprint": true
        },
        "PublicationType": {
          "Case Report": true
        },
        "Section": {
          "Results": true
        },
        "Severity": {
          "Severe": true
        },
        "Species": {
          "9606": true
        },
        "population_type": {
          "Pediatric": true
        }
      },
      "citation": {
        "authors": [
          "Li H",
          "Liu ZS",
          "Lu XX",
          "Ren J",
          "Sun D",
          "Xiao H",
          "Zhang FR"
        ],
        "date": "2020-03-19",
        "db": "PubMed",
        "db_id": "32193831",
        "db_name": "World journal of pediatrics : WJP",
        "first": "Sun D",
        "last": "Liu ZS"
      },
      "evidence": "TBNK lymphocyte subset analysis revealed decreased percentage of CD16 + CD56 + lymphocytes (4/8) and Th/Ts (1/8), and increased percentage of CD3 + (2/8), CD4 + (4/8) and CD8 + (1/8) lymphocytes. Cytokine detection assays showed increased levels of IL-6 (2/8), IL-10 (5/8) and IFN-γ (2/8).",
      "key": "4edd7b65ea3aec3a42de93a4366c6649",
      "line": 123,
      "relation": "positiveCorrelation",
      "source": 23,
      "target": 17
    },
    {
      "annotations": {
        "Custom_Disease": {
          "COVID-19": true
        },
        "MeSHAnatomy": {
          "Blood": true
        },
        "PublicationStatus": {
          "Preprint": true
        },
        "PublicationType": {
          "Case Report": true
        },
        "Section": {
          "Results": true
        },
        "Severity": {
          "Severe": true
        },
        "Species": {
          "9606": true
        },
        "population_type": {
          "Pediatric": true
        }
      },
      "citation": {
        "authors": [
          "Li H",
          "Liu ZS",
          "Lu XX",
          "Ren J",
          "Sun D",
          "Xiao H",
          "Zhang FR"
        ],
        "date": "2020-03-19",
        "db": "PubMed",
        "db_id": "32193831",
        "db_name": "World journal of pediatrics : WJP",
        "first": "Sun D",
        "last": "Liu ZS"
      },
      "evidence": "TBNK lymphocyte subset analysis revealed decreased percentage of CD16 + CD56 + lymphocytes (4/8) and Th/Ts (1/8), and increased percentage of CD3 + (2/8), CD4 + (4/8) and CD8 + (1/8) lymphocytes. Cytokine detection assays showed increased levels of IL-6 (2/8), IL-10 (5/8) and IFN-γ (2/8).",
      "key": "5e604924bc40d57d4d26269ef51f026b",
      "line": 124,
      "relation": "positiveCorrelation",
      "source": 23,
      "target": 16
    },
    {
      "annotations": {
        "Custom_Disease": {
          "COVID-19": true
        },
        "PublicationStatus": {
          "Preprint": true
        },
        "PublicationType": {
          "Case Report": true
        },
        "Section": {
          "Results": true
        },
        "Severity": {
          "Severe": true
        },
        "Species": {
          "9606": true
        },
        "population_type": {
          "Pediatric": true
        }
      },
      "citation": {
        "authors": [
          "Li H",
          "Liu ZS",
          "Lu XX",
          "Ren J",
          "Sun D",
          "Xiao H",
          "Zhang FR"
        ],
        "date": "2020-03-19",
        "db": "PubMed",
        "db_id": "32193831",
        "db_name": "World journal of pediatrics : WJP",
        "first": "Sun D",
        "last": "Liu ZS"
      },
      "evidence": "In the severe pediatric patients, the most common symptom was polypnea (8/8), followed by fever (6/8), cough (6/8), expectoration (4/8), nausea/vomiting (4/8), diarrhea (3/8), fatigue/myalgia (1/8), headache (1/8) and constipation (1/8) (Table 1).",
      "key": "4f1b3bccfa6eb1dfd571e56b885c1bce",
      "line": 87,
      "relation": "positiveCorrelation",
      "source": 27,
      "target": 23
    },
    {
      "annotations": {
        "Custom_Disease": {
          "COVID-19": true
        },
        "PublicationStatus": {
          "Preprint": true
        },
        "PublicationType": {
          "Case Report": true
        },
        "Section": {
          "Results": true
        },
        "Severity": {
          "Severe": true
        },
        "Species": {
          "9606": true
        },
        "population_type": {
          "Pediatric": true
        }
      },
      "citation": {
        "authors": [
          "Li H",
          "Liu ZS",
          "Lu XX",
          "Ren J",
          "Sun D",
          "Xiao H",
          "Zhang FR"
        ],
        "date": "2020-03-19",
        "db": "PubMed",
        "db_id": "32193831",
        "db_name": "World journal of pediatrics : WJP",
        "first": "Sun D",
        "last": "Liu ZS"
      },
      "evidence": "In the severe pediatric patients, the most common symptom was polypnea (8/8), followed by fever (6/8), cough (6/8), expectoration (4/8), nausea/vomiting (4/8), diarrhea (3/8), fatigue/myalgia (1/8), headache (1/8) and constipation (1/8) (Table 1).",
      "key": "e4889bcac5b7619c5efb8c469ffe32ff",
      "line": 88,
      "relation": "positiveCorrelation",
      "source": 30,
      "target": 23
    },
    {
      "annotations": {
        "Custom_Disease": {
          "COVID-19": true
        },
        "PublicationStatus": {
          "Preprint": true
        },
        "PublicationType": {
          "Case Report": true
        },
        "Section": {
          "Results": true
        },
        "Severity": {
          "Severe": true
        },
        "Species": {
          "9606": true
        },
        "population_type": {
          "Pediatric": true
        }
      },
      "citation": {
        "authors": [
          "Li H",
          "Liu ZS",
          "Lu XX",
          "Ren J",
          "Sun D",
          "Xiao H",
          "Zhang FR"
        ],
        "date": "2020-03-19",
        "db": "PubMed",
        "db_id": "32193831",
        "db_name": "World journal of pediatrics : WJP",
        "first": "Sun D",
        "last": "Liu ZS"
      },
      "evidence": "In the severe pediatric patients, the most common symptom was polypnea (8/8), followed by fever (6/8), cough (6/8), expectoration (4/8), nausea/vomiting (4/8), diarrhea (3/8), fatigue/myalgia (1/8), headache (1/8) and constipation (1/8) (Table 1).",
      "key": "0fa1073ac87174019fe50da6ece84d1c",
      "line": 89,
      "relation": "positiveCorrelation",
      "source": 28,
      "target": 23
    },
    {
      "annotations": {
        "Custom_Disease": {
          "COVID-19": true
        },
        "PublicationStatus": {
          "Preprint": true
        },
        "PublicationType": {
          "Case Report": true
        },
        "Section": {
          "Results": true
        },
        "Severity": {
          "Severe": true
        },
        "Species": {
          "9606": true
        },
        "population_type": {
          "Pediatric": true
        }
      },
      "citation": {
        "authors": [
          "Li H",
          "Liu ZS",
          "Lu XX",
          "Ren J",
          "Sun D",
          "Xiao H",
          "Zhang FR"
        ],
        "date": "2020-03-19",
        "db": "PubMed",
        "db_id": "32193831",
        "db_name": "World journal of pediatrics : WJP",
        "first": "Sun D",
        "last": "Liu ZS"
      },
      "evidence": "In the severe pediatric patients, the most common symptom was polypnea (8/8), followed by fever (6/8), cough (6/8), expectoration (4/8), nausea/vomiting (4/8), diarrhea (3/8), fatigue/myalgia (1/8), headache (1/8) and constipation (1/8) (Table 1).",
      "key": "efd21b6fa4a94e54f74f800ac848953f",
      "line": 90,
      "relation": "positiveCorrelation",
      "source": 29,
      "target": 23
    },
    {
      "annotations": {
        "Custom_Disease": {
          "COVID-19": true
        },
        "PublicationStatus": {
          "Preprint": true
        },
        "PublicationType": {
          "Case Report": true
        },
        "Section": {
          "Results": true
        },
        "Severity": {
          "Severe": true
        },
        "Species": {
          "9606": true
        },
        "population_type": {
          "Pediatric": true
        }
      },
      "citation": {
        "authors": [
          "Li H",
          "Liu ZS",
          "Lu XX",
          "Ren J",
          "Sun D",
          "Xiao H",
          "Zhang FR"
        ],
        "date": "2020-03-19",
        "db": "PubMed",
        "db_id": "32193831",
        "db_name": "World journal of pediatrics : WJP",
        "first": "Sun D",
        "last": "Liu ZS"
      },
      "evidence": "In the severe pediatric patients, the most common symptom was polypnea (8/8), followed by fever (6/8), cough (6/8), expectoration (4/8), nausea/vomiting (4/8), diarrhea (3/8), fatigue/myalgia (1/8), headache (1/8) and constipation (1/8) (Table 1).",
      "key": "d509aa1ec135e4ef9a8bebed96f1d7e8",
      "line": 91,
      "relation": "positiveCorrelation",
      "source": 32,
      "target": 23
    },
    {
      "annotations": {
        "Custom_Disease": {
          "COVID-19": true
        },
        "PublicationStatus": {
          "Preprint": true
        },
        "PublicationType": {
          "Case Report": true
        },
        "Section": {
          "Results": true
        },
        "Severity": {
          "Severe": true
        },
        "Species": {
          "9606": true
        },
        "population_type": {
          "Pediatric": true
        }
      },
      "citation": {
        "authors": [
          "Li H",
          "Liu ZS",
          "Lu XX",
          "Ren J",
          "Sun D",
          "Xiao H",
          "Zhang FR"
        ],
        "date": "2020-03-19",
        "db": "PubMed",
        "db_id": "32193831",
        "db_name": "World journal of pediatrics : WJP",
        "first": "Sun D",
        "last": "Liu ZS"
      },
      "evidence": "In the severe pediatric patients, the most common symptom was polypnea (8/8), followed by fever (6/8), cough (6/8), expectoration (4/8), nausea/vomiting (4/8), diarrhea (3/8), fatigue/myalgia (1/8), headache (1/8) and constipation (1/8) (Table 1).",
      "key": "6dc77cef7d3887c5be31f887e23bbf1a",
      "line": 92,
      "relation": "positiveCorrelation",
      "source": 33,
      "target": 23
    },
    {
      "annotations": {
        "Custom_Disease": {
          "COVID-19": true
        },
        "PublicationStatus": {
          "Preprint": true
        },
        "PublicationType": {
          "Case Report": true
        },
        "Section": {
          "Results": true
        },
        "Severity": {
          "Severe": true
        },
        "Species": {
          "9606": true
        },
        "population_type": {
          "Pediatric": true
        }
      },
      "citation": {
        "authors": [
          "Li H",
          "Liu ZS",
          "Lu XX",
          "Ren J",
          "Sun D",
          "Xiao H",
          "Zhang FR"
        ],
        "date": "2020-03-19",
        "db": "PubMed",
        "db_id": "32193831",
        "db_name": "World journal of pediatrics : WJP",
        "first": "Sun D",
        "last": "Liu ZS"
      },
      "evidence": "In the severe pediatric patients, the most common symptom was polypnea (8/8), followed by fever (6/8), cough (6/8), expectoration (4/8), nausea/vomiting (4/8), diarrhea (3/8), fatigue/myalgia (1/8), headache (1/8) and constipation (1/8) (Table 1).",
      "key": "be69e309d4c587bba4912fdb25f090d4",
      "line": 93,
      "relation": "positiveCorrelation",
      "source": 25,
      "target": 23
    },
    {
      "annotations": {
        "Custom_Disease": {
          "COVID-19": true
        },
        "PublicationStatus": {
          "Preprint": true
        },
        "PublicationType": {
          "Case Report": true
        },
        "Section": {
          "Results": true
        },
        "Severity": {
          "Severe": true
        },
        "Species": {
          "9606": true
        },
        "population_type": {
          "Pediatric": true
        }
      },
      "citation": {
        "authors": [
          "Li H",
          "Liu ZS",
          "Lu XX",
          "Ren J",
          "Sun D",
          "Xiao H",
          "Zhang FR"
        ],
        "date": "2020-03-19",
        "db": "PubMed",
        "db_id": "32193831",
        "db_name": "World journal of pediatrics : WJP",
        "first": "Sun D",
        "last": "Liu ZS"
      },
      "evidence": "In the severe pediatric patients, the most common symptom was polypnea (8/8), followed by fever (6/8), cough (6/8), expectoration (4/8), nausea/vomiting (4/8), diarrhea (3/8), fatigue/myalgia (1/8), headache (1/8) and constipation (1/8) (Table 1).",
      "key": "9a0dcc8c4257e11904bed5afd8728554",
      "line": 94,
      "relation": "positiveCorrelation",
      "source": 24,
      "target": 23
    },
    {
      "annotations": {
        "Custom_Disease": {
          "COVID-19": true
        },
        "PublicationStatus": {
          "Preprint": true
        },
        "PublicationType": {
          "Case Report": true
        },
        "Section": {
          "Results": true
        },
        "Severity": {
          "Severe": true
        },
        "Species": {
          "9606": true
        },
        "population_type": {
          "Pediatric": true
        }
      },
      "citation": {
        "authors": [
          "Li H",
          "Liu ZS",
          "Lu XX",
          "Ren J",
          "Sun D",
          "Xiao H",
          "Zhang FR"
        ],
        "date": "2020-03-19",
        "db": "PubMed",
        "db_id": "32193831",
        "db_name": "World journal of pediatrics : WJP",
        "first": "Sun D",
        "last": "Liu ZS"
      },
      "evidence": "In the severe pediatric patients, the most common symptom was polypnea (8/8), followed by fever (6/8), cough (6/8), expectoration (4/8), nausea/vomiting (4/8), diarrhea (3/8), fatigue/myalgia (1/8), headache (1/8) and constipation (1/8) (Table 1).",
      "key": "cc3e4d706fe9c1ea46663ad378b56a66",
      "line": 95,
      "relation": "positiveCorrelation",
      "source": 31,
      "target": 23
    },
    {
      "annotations": {
        "Custom_Disease": {
          "COVID-19": true
        },
        "PublicationStatus": {
          "Preprint": true
        },
        "PublicationType": {
          "Case Report": true
        },
        "Section": {
          "Results": true
        },
        "Severity": {
          "Severe": true
        },
        "Species": {
          "9606": true
        },
        "population_type": {
          "Pediatric": true
        }
      },
      "citation": {
        "authors": [
          "Li H",
          "Liu ZS",
          "Lu XX",
          "Ren J",
          "Sun D",
          "Xiao H",
          "Zhang FR"
        ],
        "date": "2020-03-19",
        "db": "PubMed",
        "db_id": "32193831",
        "db_name": "World journal of pediatrics : WJP",
        "first": "Sun D",
        "last": "Liu ZS"
      },
      "evidence": "In the severe pediatric patients, the most common symptom was polypnea (8/8), followed by fever (6/8), cough (6/8), expectoration (4/8), nausea/vomiting (4/8), diarrhea (3/8), fatigue/myalgia (1/8), headache (1/8) and constipation (1/8) (Table 1).",
      "key": "554989ea9683a2878bbd1302d10055cd",
      "line": 96,
      "relation": "positiveCorrelation",
      "source": 9,
      "target": 23
    },
    {
      "annotations": {
        "Custom_Disease": {
          "COVID-19": true
        },
        "PublicationStatus": {
          "Preprint": true
        },
        "PublicationType": {
          "Case Report": true
        },
        "Section": {
          "Results": true
        },
        "Severity": {
          "Severe": true
        },
        "Species": {
          "9606": true
        },
        "population_type": {
          "Pediatric": true
        }
      },
      "citation": {
        "authors": [
          "Li H",
          "Liu ZS",
          "Lu XX",
          "Ren J",
          "Sun D",
          "Xiao H",
          "Zhang FR"
        ],
        "date": "2020-03-19",
        "db": "PubMed",
        "db_id": "32193831",
        "db_name": "World journal of pediatrics : WJP",
        "first": "Sun D",
        "last": "Liu ZS"
      },
      "evidence": "Six patients had bilateral pneumonia and two unilateral pneumonia.",
      "key": "17bd332fa4b6b00d03d68e7f1c8188e2",
      "line": 100,
      "relation": "positiveCorrelation",
      "source": 26,
      "target": 23
    },
    {
      "annotations": {
        "Custom_Disease": {
          "COVID-19": true
        },
        "MeSHAnatomy": {
          "Blood": true
        },
        "PublicationStatus": {
          "Preprint": true
        },
        "PublicationType": {
          "Case Report": true
        },
        "Section": {
          "Results": true
        },
        "Severity": {
          "Severe": true
        },
        "Species": {
          "9606": true
        },
        "population_type": {
          "Pediatric": true
        }
      },
      "citation": {
        "authors": [
          "Li H",
          "Liu ZS",
          "Lu XX",
          "Ren J",
          "Sun D",
          "Xiao H",
          "Zhang FR"
        ],
        "date": "2020-03-19",
        "db": "PubMed",
        "db_id": "32193831",
        "db_name": "World journal of pediatrics : WJP",
        "first": "Sun D",
        "last": "Liu ZS"
      },
      "evidence": "Increased C-reactive protein, procalcitonin and lactate dehydrogenase were found in five patients (5/8), and increased alanine aminotransferase (ALT) in four (4/8). ",
      "key": "8d66e4c90a52cdfa76db694d5dfacc7a",
      "line": 105,
      "relation": "positiveCorrelation",
      "source": 15,
      "target": 23
    },
    {
      "annotations": {
        "Custom_Disease": {
          "COVID-19": true
        },
        "MeSHAnatomy": {
          "Blood": true
        },
        "PublicationStatus": {
          "Preprint": true
        },
        "PublicationType": {
          "Case Report": true
        },
        "Section": {
          "Results": true
        },
        "Severity": {
          "Severe": true
        },
        "Species": {
          "9606": true
        },
        "population_type": {
          "Pediatric": true
        }
      },
      "citation": {
        "authors": [
          "Li H",
          "Liu ZS",
          "Lu XX",
          "Ren J",
          "Sun D",
          "Xiao H",
          "Zhang FR"
        ],
        "date": "2020-03-19",
        "db": "PubMed",
        "db_id": "32193831",
        "db_name": "World journal of pediatrics : WJP",
        "first": "Sun D",
        "last": "Liu ZS"
      },
      "evidence": "Increased C-reactive protein, procalcitonin and lactate dehydrogenase were found in five patients (5/8), and increased alanine aminotransferase (ALT) in four (4/8). ",
      "key": "712a874c1aca2406a1200dc67ea1aa82",
      "line": 106,
      "relation": "positiveCorrelation",
      "source": 19,
      "target": 23
    },
    {
      "annotations": {
        "Custom_Disease": {
          "COVID-19": true
        },
        "MeSHAnatomy": {
          "Blood": true
        },
        "PublicationStatus": {
          "Preprint": true
        },
        "PublicationType": {
          "Case Report": true
        },
        "Section": {
          "Results": true
        },
        "Severity": {
          "Severe": true
        },
        "Species": {
          "9606": true
        },
        "population_type": {
          "Pediatric": true
        }
      },
      "citation": {
        "authors": [
          "Li H",
          "Liu ZS",
          "Lu XX",
          "Ren J",
          "Sun D",
          "Xiao H",
          "Zhang FR"
        ],
        "date": "2020-03-19",
        "db": "PubMed",
        "db_id": "32193831",
        "db_name": "World journal of pediatrics : WJP",
        "first": "Sun D",
        "last": "Liu ZS"
      },
      "evidence": "Increased C-reactive protein, procalcitonin and lactate dehydrogenase were found in five patients (5/8), and increased alanine aminotransferase (ALT) in four (4/8). ",
      "key": "c071a94472c0babf385a14b07d72d01a",
      "line": 107,
      "relation": "positiveCorrelation",
      "source": 20,
      "target": 23
    },
    {
      "annotations": {
        "Custom_Disease": {
          "COVID-19": true
        },
        "MeSHAnatomy": {
          "Blood": true
        },
        "PublicationStatus": {
          "Preprint": true
        },
        "PublicationType": {
          "Case Report": true
        },
        "Section": {
          "Results": true
        },
        "Severity": {
          "Severe": true
        },
        "Species": {
          "9606": true
        },
        "population_type": {
          "Pediatric": true
        }
      },
      "citation": {
        "authors": [
          "Li H",
          "Liu ZS",
          "Lu XX",
          "Ren J",
          "Sun D",
          "Xiao H",
          "Zhang FR"
        ],
        "date": "2020-03-19",
        "db": "PubMed",
        "db_id": "32193831",
        "db_name": "World journal of pediatrics : WJP",
        "first": "Sun D",
        "last": "Liu ZS"
      },
      "evidence": "Increased C-reactive protein, procalcitonin and lactate dehydrogenase were found in five patients (5/8), and increased alanine aminotransferase (ALT) in four (4/8). ",
      "key": "aa5619e83ed4fbfe7669deb11d57a3f8",
      "line": 108,
      "relation": "positiveCorrelation",
      "source": 21,
      "target": 23
    },
    {
      "annotations": {
        "Custom_Disease": {
          "COVID-19": true
        },
        "MeSHAnatomy": {
          "Blood": true
        },
        "PublicationStatus": {
          "Preprint": true
        },
        "PublicationType": {
          "Case Report": true
        },
        "Section": {
          "Results": true
        },
        "Severity": {
          "Severe": true
        },
        "Species": {
          "9606": true
        },
        "population_type": {
          "Pediatric": true
        }
      },
      "citation": {
        "authors": [
          "Li H",
          "Liu ZS",
          "Lu XX",
          "Ren J",
          "Sun D",
          "Xiao H",
          "Zhang FR"
        ],
        "date": "2020-03-19",
        "db": "PubMed",
        "db_id": "32193831",
        "db_name": "World journal of pediatrics : WJP",
        "first": "Sun D",
        "last": "Liu ZS"
      },
      "evidence": "Increased C-reactive protein, procalcitonin and lactate dehydrogenase were found in five patients (5/8), and increased alanine aminotransferase (ALT) in four (4/8). ",
      "key": "bf1800cdb772e0b173562beb2a769d48",
      "line": 109,
      "relation": "positiveCorrelation",
      "source": 14,
      "target": 23
    },
    {
      "annotations": {
        "Custom_Disease": {
          "COVID-19": true
        },
        "MeSHAnatomy": {
          "Blood": true
        },
        "PublicationStatus": {
          "Preprint": true
        },
        "PublicationType": {
          "Case Report": true
        },
        "Section": {
          "Results": true
        },
        "Severity": {
          "Severe": true
        },
        "Species": {
          "9606": true
        },
        "population_type": {
          "Pediatric": true
        }
      },
      "citation": {
        "authors": [
          "Li H",
          "Liu ZS",
          "Lu XX",
          "Ren J",
          "Sun D",
          "Xiao H",
          "Zhang FR"
        ],
        "date": "2020-03-19",
        "db": "PubMed",
        "db_id": "32193831",
        "db_name": "World journal of pediatrics : WJP",
        "first": "Sun D",
        "last": "Liu ZS"
      },
      "evidence": "Increased C-reactive protein, procalcitonin and lactate dehydrogenase were found in five patients (5/8), and increased alanine aminotransferase (ALT) in four (4/8). ",
      "key": "ed95a17a2edbda8b436f116b271ebb93",
      "line": 110,
      "relation": "positiveCorrelation",
      "source": 22,
      "target": 23
    },
    {
      "annotations": {
        "Custom_Disease": {
          "COVID-19": true
        },
        "MeSHAnatomy": {
          "Blood": true
        },
        "PublicationStatus": {
          "Preprint": true
        },
        "PublicationType": {
          "Case Report": true
        },
        "Section": {
          "Results": true
        },
        "Severity": {
          "Severe": true
        },
        "Species": {
          "9606": true
        },
        "population_type": {
          "Pediatric": true
        }
      },
      "citation": {
        "authors": [
          "Li H",
          "Liu ZS",
          "Lu XX",
          "Ren J",
          "Sun D",
          "Xiao H",
          "Zhang FR"
        ],
        "date": "2020-03-19",
        "db": "PubMed",
        "db_id": "32193831",
        "db_name": "World journal of pediatrics : WJP",
        "first": "Sun D",
        "last": "Liu ZS"
      },
      "evidence": "Two patients (2/5) had high D-dimer level.",
      "key": "1d3f4d1bd5c8c4fa3ce6659c57d950c0",
      "line": 114,
      "relation": "positiveCorrelation",
      "source": 10,
      "target": 23
    },
    {
      "annotations": {
        "Custom_Disease": {
          "COVID-19": true
        },
        "MeSHAnatomy": {
          "Blood": true
        },
        "PublicationStatus": {
          "Preprint": true
        },
        "PublicationType": {
          "Case Report": true
        },
        "Section": {
          "Results": true
        },
        "Severity": {
          "Severe": true
        },
        "Species": {
          "9606": true
        },
        "population_type": {
          "Pediatric": true
        }
      },
      "citation": {
        "authors": [
          "Li H",
          "Liu ZS",
          "Lu XX",
          "Ren J",
          "Sun D",
          "Xiao H",
          "Zhang FR"
        ],
        "date": "2020-03-19",
        "db": "PubMed",
        "db_id": "32193831",
        "db_name": "World journal of pediatrics : WJP",
        "first": "Sun D",
        "last": "Liu ZS"
      },
      "evidence": "TBNK lymphocyte subset analysis revealed decreased percentage of CD16 + CD56 + lymphocytes (4/8) and Th/Ts (1/8), and increased percentage of CD3 + (2/8), CD4 + (4/8) and CD8 + (1/8) lymphocytes. Cytokine detection assays showed increased levels of IL-6 (2/8), IL-10 (5/8) and IFN-γ (2/8).",
      "key": "ce711df8457298c419b63526c782eb22",
      "line": 118,
      "relation": "negativeCorrelation",
      "source": 5,
      "target": 23
    },
    {
      "annotations": {
        "Custom_Disease": {
          "COVID-19": true
        },
        "MeSHAnatomy": {
          "Blood": true
        },
        "PublicationStatus": {
          "Preprint": true
        },
        "PublicationType": {
          "Case Report": true
        },
        "Section": {
          "Results": true
        },
        "Severity": {
          "Severe": true
        },
        "Species": {
          "9606": true
        },
        "population_type": {
          "Pediatric": true
        }
      },
      "citation": {
        "authors": [
          "Li H",
          "Liu ZS",
          "Lu XX",
          "Ren J",
          "Sun D",
          "Xiao H",
          "Zhang FR"
        ],
        "date": "2020-03-19",
        "db": "PubMed",
        "db_id": "32193831",
        "db_name": "World journal of pediatrics : WJP",
        "first": "Sun D",
        "last": "Liu ZS"
      },
      "evidence": "TBNK lymphocyte subset analysis revealed decreased percentage of CD16 + CD56 + lymphocytes (4/8) and Th/Ts (1/8), and increased percentage of CD3 + (2/8), CD4 + (4/8) and CD8 + (1/8) lymphocytes. Cytokine detection assays showed increased levels of IL-6 (2/8), IL-10 (5/8) and IFN-γ (2/8).",
      "key": "a38b0c380262dd723f1aee8f7610d13f",
      "line": 119,
      "relation": "positiveCorrelation",
      "source": 3,
      "target": 23
    },
    {
      "annotations": {
        "Custom_Disease": {
          "COVID-19": true
        },
        "MeSHAnatomy": {
          "Blood": true
        },
        "PublicationStatus": {
          "Preprint": true
        },
        "PublicationType": {
          "Case Report": true
        },
        "Section": {
          "Results": true
        },
        "Severity": {
          "Severe": true
        },
        "Species": {
          "9606": true
        },
        "population_type": {
          "Pediatric": true
        }
      },
      "citation": {
        "authors": [
          "Li H",
          "Liu ZS",
          "Lu XX",
          "Ren J",
          "Sun D",
          "Xiao H",
          "Zhang FR"
        ],
        "date": "2020-03-19",
        "db": "PubMed",
        "db_id": "32193831",
        "db_name": "World journal of pediatrics : WJP",
        "first": "Sun D",
        "last": "Liu ZS"
      },
      "evidence": "TBNK lymphocyte subset analysis revealed decreased percentage of CD16 + CD56 + lymphocytes (4/8) and Th/Ts (1/8), and increased percentage of CD3 + (2/8), CD4 + (4/8) and CD8 + (1/8) lymphocytes. Cytokine detection assays showed increased levels of IL-6 (2/8), IL-10 (5/8) and IFN-γ (2/8).",
      "key": "2eaa99d991f1cf17968abe5b39bbd2c5",
      "line": 120,
      "relation": "positiveCorrelation",
      "source": 4,
      "target": 23
    },
    {
      "annotations": {
        "Custom_Disease": {
          "COVID-19": true
        },
        "MeSHAnatomy": {
          "Blood": true
        },
        "PublicationStatus": {
          "Preprint": true
        },
        "PublicationType": {
          "Case Report": true
        },
        "Section": {
          "Results": true
        },
        "Severity": {
          "Severe": true
        },
        "Species": {
          "9606": true
        },
        "population_type": {
          "Pediatric": true
        }
      },
      "citation": {
        "authors": [
          "Li H",
          "Liu ZS",
          "Lu XX",
          "Ren J",
          "Sun D",
          "Xiao H",
          "Zhang FR"
        ],
        "date": "2020-03-19",
        "db": "PubMed",
        "db_id": "32193831",
        "db_name": "World journal of pediatrics : WJP",
        "first": "Sun D",
        "last": "Liu ZS"
      },
      "evidence": "TBNK lymphocyte subset analysis revealed decreased percentage of CD16 + CD56 + lymphocytes (4/8) and Th/Ts (1/8), and increased percentage of CD3 + (2/8), CD4 + (4/8) and CD8 + (1/8) lymphocytes. Cytokine detection assays showed increased levels of IL-6 (2/8), IL-10 (5/8) and IFN-γ (2/8).",
      "key": "239214148ec597fa301c46fec2f54c68",
      "line": 121,
      "relation": "negativeCorrelation",
      "source": 6,
      "target": 23
    },
    {
      "annotations": {
        "Custom_Disease": {
          "COVID-19": true
        },
        "MeSHAnatomy": {
          "Blood": true
        },
        "PublicationStatus": {
          "Preprint": true
        },
        "PublicationType": {
          "Case Report": true
        },
        "Section": {
          "Results": true
        },
        "Severity": {
          "Severe": true
        },
        "Species": {
          "9606": true
        },
        "population_type": {
          "Pediatric": true
        }
      },
      "citation": {
        "authors": [
          "Li H",
          "Liu ZS",
          "Lu XX",
          "Ren J",
          "Sun D",
          "Xiao H",
          "Zhang FR"
        ],
        "date": "2020-03-19",
        "db": "PubMed",
        "db_id": "32193831",
        "db_name": "World journal of pediatrics : WJP",
        "first": "Sun D",
        "last": "Liu ZS"
      },
      "evidence": "TBNK lymphocyte subset analysis revealed decreased percentage of CD16 + CD56 + lymphocytes (4/8) and Th/Ts (1/8), and increased percentage of CD3 + (2/8), CD4 + (4/8) and CD8 + (1/8) lymphocytes. Cytokine detection assays showed increased levels of IL-6 (2/8), IL-10 (5/8) and IFN-γ (2/8).",
      "key": "d431481ecc0cdd99a02a2d76676468d9",
      "line": 122,
      "relation": "positiveCorrelation",
      "source": 18,
      "target": 23
    },
    {
      "annotations": {
        "Custom_Disease": {
          "COVID-19": true
        },
        "MeSHAnatomy": {
          "Blood": true
        },
        "PublicationStatus": {
          "Preprint": true
        },
        "PublicationType": {
          "Case Report": true
        },
        "Section": {
          "Results": true
        },
        "Severity": {
          "Severe": true
        },
        "Species": {
          "9606": true
        },
        "population_type": {
          "Pediatric": true
        }
      },
      "citation": {
        "authors": [
          "Li H",
          "Liu ZS",
          "Lu XX",
          "Ren J",
          "Sun D",
          "Xiao H",
          "Zhang FR"
        ],
        "date": "2020-03-19",
        "db": "PubMed",
        "db_id": "32193831",
        "db_name": "World journal of pediatrics : WJP",
        "first": "Sun D",
        "last": "Liu ZS"
      },
      "evidence": "TBNK lymphocyte subset analysis revealed decreased percentage of CD16 + CD56 + lymphocytes (4/8) and Th/Ts (1/8), and increased percentage of CD3 + (2/8), CD4 + (4/8) and CD8 + (1/8) lymphocytes. Cytokine detection assays showed increased levels of IL-6 (2/8), IL-10 (5/8) and IFN-γ (2/8).",
      "key": "5d490e45b3a71d9daa2bc471538f6e0d",
      "line": 123,
      "relation": "positiveCorrelation",
      "source": 17,
      "target": 23
    },
    {
      "annotations": {
        "Custom_Disease": {
          "COVID-19": true
        },
        "MeSHAnatomy": {
          "Blood": true
        },
        "PublicationStatus": {
          "Preprint": true
        },
        "PublicationType": {
          "Case Report": true
        },
        "Section": {
          "Results": true
        },
        "Severity": {
          "Severe": true
        },
        "Species": {
          "9606": true
        },
        "population_type": {
          "Pediatric": true
        }
      },
      "citation": {
        "authors": [
          "Li H",
          "Liu ZS",
          "Lu XX",
          "Ren J",
          "Sun D",
          "Xiao H",
          "Zhang FR"
        ],
        "date": "2020-03-19",
        "db": "PubMed",
        "db_id": "32193831",
        "db_name": "World journal of pediatrics : WJP",
        "first": "Sun D",
        "last": "Liu ZS"
      },
      "evidence": "TBNK lymphocyte subset analysis revealed decreased percentage of CD16 + CD56 + lymphocytes (4/8) and Th/Ts (1/8), and increased percentage of CD3 + (2/8), CD4 + (4/8) and CD8 + (1/8) lymphocytes. Cytokine detection assays showed increased levels of IL-6 (2/8), IL-10 (5/8) and IFN-γ (2/8).",
      "key": "21a47fe3fa10c95df32af4fb903363f2",
      "line": 124,
      "relation": "positiveCorrelation",
      "source": 16,
      "target": 23
    },
    {
      "annotations": {
        "Custom_Disease": {
          "COVID-19": true
        },
        "PublicationStatus": {
          "Preprint": true
        },
        "PublicationType": {
          "Case Report": true
        },
        "Section": {
          "Results": true
        },
        "Severity": {
          "Severe": true
        },
        "Species": {
          "9606": true
        },
        "population_type": {
          "Pediatric": true
        }
      },
      "citation": {
        "authors": [
          "Li H",
          "Liu ZS",
          "Lu XX",
          "Ren J",
          "Sun D",
          "Xiao H",
          "Zhang FR"
        ],
        "date": "2020-03-19",
        "db": "PubMed",
        "db_id": "32193831",
        "db_name": "World journal of pediatrics : WJP",
        "first": "Sun D",
        "last": "Liu ZS"
      },
      "evidence": "Among the eight patients, six (6/8) received high-flow oxygen therapy and two critically ill (2/8) patients received mechanical ventilation.",
      "key": "fa706b4c388bf3ab401a67f6ce8d2f3d",
      "line": 129,
      "relation": "decreases",
      "source": 12,
      "target": 23
    },
    {
      "annotations": {
        "Custom_Disease": {
          "COVID-19": true
        },
        "PublicationStatus": {
          "Preprint": true
        },
        "PublicationType": {
          "Case Report": true
        },
        "Section": {
          "Results": true
        },
        "Severity": {
          "Severe": true
        },
        "Species": {
          "9606": true
        },
        "population_type": {
          "Pediatric": true
        }
      },
      "citation": {
        "authors": [
          "Li H",
          "Liu ZS",
          "Lu XX",
          "Ren J",
          "Sun D",
          "Xiao H",
          "Zhang FR"
        ],
        "date": "2020-03-19",
        "db": "PubMed",
        "db_id": "32193831",
        "db_name": "World journal of pediatrics : WJP",
        "first": "Sun D",
        "last": "Liu ZS"
      },
      "evidence": "Among the eight patients, six (6/8) received high-flow oxygen therapy and two critically ill (2/8) patients received mechanical ventilation.",
      "key": "bbeea07494ca3b11041e46514baa084a",
      "line": 130,
      "relation": "decreases",
      "source": 13,
      "target": 23
    },
    {
      "annotations": {
        "Custom_Disease": {
          "COVID-19": true
        },
        "PublicationStatus": {
          "Preprint": true
        },
        "PublicationType": {
          "Case Report": true
        },
        "Section": {
          "Results": true
        },
        "Severity": {
          "Severe": true
        },
        "Species": {
          "9606": true
        },
        "population_type": {
          "Pediatric": true
        }
      },
      "citation": {
        "authors": [
          "Li H",
          "Liu ZS",
          "Lu XX",
          "Ren J",
          "Sun D",
          "Xiao H",
          "Zhang FR"
        ],
        "date": "2020-03-19",
        "db": "PubMed",
        "db_id": "32193831",
        "db_name": "World journal of pediatrics : WJP",
        "first": "Sun D",
        "last": "Liu ZS"
      },
      "evidence": "All patients received antiviral treatments (virazole, oseltamivir and interferon). ",
      "key": "f3c94cfa57e0eafe2c650c798e08cf13",
      "line": 133,
      "relation": "decreases",
      "source": 8,
      "target": 23
    },
    {
      "annotations": {
        "Custom_Disease": {
          "COVID-19": true
        },
        "PublicationStatus": {
          "Preprint": true
        },
        "PublicationType": {
          "Case Report": true
        },
        "Section": {
          "Results": true
        },
        "Severity": {
          "Severe": true
        },
        "Species": {
          "9606": true
        },
        "population_type": {
          "Pediatric": true
        }
      },
      "citation": {
        "authors": [
          "Li H",
          "Liu ZS",
          "Lu XX",
          "Ren J",
          "Sun D",
          "Xiao H",
          "Zhang FR"
        ],
        "date": "2020-03-19",
        "db": "PubMed",
        "db_id": "32193831",
        "db_name": "World journal of pediatrics : WJP",
        "first": "Sun D",
        "last": "Liu ZS"
      },
      "evidence": "All patients received antiviral treatments (virazole, oseltamivir and interferon). ",
      "key": "cfcba056c7b5e2132e8232f4f9524376",
      "line": 134,
      "relation": "decreases",
      "source": 1,
      "target": 23
    },
    {
      "annotations": {
        "Custom_Disease": {
          "COVID-19": true
        },
        "PublicationStatus": {
          "Preprint": true
        },
        "PublicationType": {
          "Case Report": true
        },
        "Section": {
          "Results": true
        },
        "Severity": {
          "Severe": true
        },
        "Species": {
          "9606": true
        },
        "population_type": {
          "Pediatric": true
        }
      },
      "citation": {
        "authors": [
          "Li H",
          "Liu ZS",
          "Lu XX",
          "Ren J",
          "Sun D",
          "Xiao H",
          "Zhang FR"
        ],
        "date": "2020-03-19",
        "db": "PubMed",
        "db_id": "32193831",
        "db_name": "World journal of pediatrics : WJP",
        "first": "Sun D",
        "last": "Liu ZS"
      },
      "evidence": "All patients received antiviral treatments (virazole, oseltamivir and interferon). ",
      "key": "fa2ce9b6ab2a86a53d1ccd4d7b41610b",
      "line": 135,
      "relation": "decreases",
      "source": 2,
      "target": 23
    },
    {
      "annotations": {
        "Custom_Disease": {
          "COVID-19": true
        },
        "PublicationStatus": {
          "Preprint": true
        },
        "PublicationType": {
          "Case Report": true
        },
        "Section": {
          "Results": true
        },
        "Severity": {
          "Severe": true
        },
        "Species": {
          "9606": true
        },
        "population_type": {
          "Pediatric": true
        }
      },
      "citation": {
        "authors": [
          "Li H",
          "Liu ZS",
          "Lu XX",
          "Ren J",
          "Sun D",
          "Xiao H",
          "Zhang FR"
        ],
        "date": "2020-03-19",
        "db": "PubMed",
        "db_id": "32193831",
        "db_name": "World journal of pediatrics : WJP",
        "first": "Sun D",
        "last": "Liu ZS"
      },
      "evidence": "Antibiotics, traditional Chinese medicine, intravenous glucocorticoids and immunoglobulin were also used dependent on patients’ conditions.",
      "key": "06053447ca747a3a55274116cfc081f5",
      "line": 139,
      "relation": "decreases",
      "source": 7,
      "target": 23
    },
    {
      "annotations": {
        "Custom_Disease": {
          "COVID-19": true
        },
        "PublicationStatus": {
          "Preprint": true
        },
        "PublicationType": {
          "Case Report": true
        },
        "Section": {
          "Results": true
        },
        "Severity": {
          "Severe": true
        },
        "Species": {
          "9606": true
        },
        "population_type": {
          "Pediatric": true
        }
      },
      "citation": {
        "authors": [
          "Li H",
          "Liu ZS",
          "Lu XX",
          "Ren J",
          "Sun D",
          "Xiao H",
          "Zhang FR"
        ],
        "date": "2020-03-19",
        "db": "PubMed",
        "db_id": "32193831",
        "db_name": "World journal of pediatrics : WJP",
        "first": "Sun D",
        "last": "Liu ZS"
      },
      "evidence": "Antibiotics, traditional Chinese medicine, intravenous glucocorticoids and immunoglobulin were also used dependent on patients’ conditions.",
      "key": "0b147abf28ab80fecf2937f8119af098",
      "line": 140,
      "relation": "decreases",
      "source": 11,
      "target": 23
    },
    {
      "annotations": {
        "Custom_Disease": {
          "COVID-19": true
        },
        "PublicationStatus": {
          "Preprint": true
        },
        "PublicationType": {
          "Case Report": true
        },
        "Section": {
          "Results": true
        },
        "Severity": {
          "Severe": true
        },
        "Species": {
          "9606": true
        },
        "population_type": {
          "Pediatric": true
        }
      },
      "citation": {
        "authors": [
          "Li H",
          "Liu ZS",
          "Lu XX",
          "Ren J",
          "Sun D",
          "Xiao H",
          "Zhang FR"
        ],
        "date": "2020-03-19",
        "db": "PubMed",
        "db_id": "32193831",
        "db_name": "World journal of pediatrics : WJP",
        "first": "Sun D",
        "last": "Liu ZS"
      },
      "evidence": "Antibiotics, traditional Chinese medicine, intravenous glucocorticoids and immunoglobulin were also used dependent on patients’ conditions.",
      "key": "fe5ebf63ad1f7a165e93664980095993",
      "line": 141,
      "relation": "decreases",
      "source": 0,
      "target": 23
    }
  ],
  "multigraph": true,
  "nodes": [
    {
      "bel": "a(CHEBI:glucocorticoid)",
      "concept": {
        "name": "glucocorticoid",
        "namespace": "CHEBI"
      },
      "function": "Abundance",
      "id": "f3b6dc324e4f7abd89c6a718185d8726"
    },
    {
      "bel": "a(CHEBI:interferon)",
      "concept": {
        "name": "interferon",
        "namespace": "CHEBI"
      },
      "function": "Abundance",
      "id": "5df10d84c820d3d6ffd20d18aeeb74e6"
    },
    {
      "bel": "a(CHEBI:oseltamivir)",
      "concept": {
        "name": "oseltamivir",
        "namespace": "CHEBI"
      },
      "function": "Abundance",
      "id": "843ea51adf2f81bd54de5e9dbce9a2f2"
    },
    {
      "bel": "a(EFO:\"CD4-positive helper T cell\")",
      "concept": {
        "name": "CD4-positive helper T cell",
        "namespace": "EFO"
      },
      "function": "Abundance",
      "id": "329a83bd08e4217d073466505583a685"
    },
    {
      "bel": "a(EFO:\"CD8-Positive T-Lymphocytes\")",
      "concept": {
        "name": "CD8-Positive T-Lymphocytes",
        "namespace": "EFO"
      },
      "function": "Abundance",
      "id": "80cd10929cf27b95d4f98bbadfa9e450"
    },
    {
      "bel": "a(FIXME:\"CD16 positive CD56 positive lymphocyte\")",
      "concept": {
        "name": "CD16 positive CD56 positive lymphocyte",
        "namespace": "FIXME"
      },
      "function": "Abundance",
      "id": "07e99df6e96382231dd327c64100914a"
    },
    {
      "bel": "a(FIXME:\"CD3-positive lymphocyte\")",
      "concept": {
        "name": "CD3-positive lymphocyte",
        "namespace": "FIXME"
      },
      "function": "Abundance",
      "id": "2ffec3822a4b5a4a6fd4d6c18035d0ed"
    },
    {
      "bel": "a(MESH:\"Medicine, Chinese Traditional\")",
      "concept": {
        "name": "Medicine, Chinese Traditional",
        "namespace": "MESH"
      },
      "function": "Abundance",
      "id": "b74a1ebaacfeac828bf9a3a0ec89b5de"
    },
    {
      "bel": "a(MESH:\"adenylyl-(3'-5')-virazole\")",
      "concept": {
        "name": "adenylyl-(3'-5')-virazole",
        "namespace": "MESH"
      },
      "function": "Abundance",
      "id": "a1d7527a0072426365d7604e9a3e0a93"
    },
    {
      "bel": "a(MESH:Expectorants)",
      "concept": {
        "name": "Expectorants",
        "namespace": "MESH"
      },
      "function": "Abundance",
      "id": "84f49106f7acde967e652f55ba951a5f"
    },
    {
      "bel": "bp(EFO:\"D dimer measurement\")",
      "concept": {
        "name": "D dimer measurement",
        "namespace": "EFO"
      },
      "function": "BiologicalProcess",
      "id": "adb2c6aaf5600372075f4348dbf9d820"
    },
    {
      "bel": "bp(GOBP:\"response to antibiotic\")",
      "concept": {
        "name": "response to antibiotic",
        "namespace": "GOBP"
      },
      "function": "BiologicalProcess",
      "id": "fa8eb92a6b2753be901fd8f03c4e8918"
    },
    {
      "bel": "bp(MESH:\"Oxygen Inhalation Therapy\")",
      "concept": {
        "name": "Oxygen Inhalation Therapy",
        "namespace": "MESH"
      },
      "function": "BiologicalProcess",
      "id": "385500825a3d4b39ec1414366a099975"
    },
    {
      "bel": "bp(MESH:Ventilation)",
      "concept": {
        "name": "Ventilation",
        "namespace": "MESH"
      },
      "function": "BiologicalProcess",
      "id": "2f54edef19579109a9870f0e81ac49c9"
    },
    {
      "bel": "p(HGNC:CRP)",
      "concept": {
        "name": "CRP",
        "namespace": "HGNC"
      },
      "function": "Protein",
      "id": "b2238c9ec2ce73112c0f44c8375b7acb"
    },
    {
      "bel": "p(HGNC:GPT)",
      "concept": {
        "name": "GPT",
        "namespace": "HGNC"
      },
      "function": "Protein",
      "id": "86617b0271f3cba1d1ebdf66ff44b39a"
    },
    {
      "bel": "p(HGNC:IFNG)",
      "concept": {
        "name": "IFNG",
        "namespace": "HGNC"
      },
      "function": "Protein",
      "id": "20367a6ea54ae1032be4f48276f3c524"
    },
    {
      "bel": "p(HGNC:IL10)",
      "concept": {
        "name": "IL10",
        "namespace": "HGNC"
      },
      "function": "Protein",
      "id": "e0c41f4b3cb8bef32af4e3217ba8aa12"
    },
    {
      "bel": "p(HGNC:IL6)",
      "concept": {
        "name": "IL6",
        "namespace": "HGNC"
      },
      "function": "Protein",
      "id": "8a1d3c4828c5416eba867c395cc65caa"
    },
    {
      "bel": "p(HGNC:LDHA)",
      "concept": {
        "name": "LDHA",
        "namespace": "HGNC"
      },
      "function": "Protein",
      "id": "192b81d449af3caef26e890a119b659a"
    },
    {
      "bel": "p(HGNC:LDHB)",
      "concept": {
        "name": "LDHB",
        "namespace": "HGNC"
      },
      "function": "Protein",
      "id": "a6651e465b61bc96d95581c2f9c1050e"
    },
    {
      "bel": "p(HGNC:LDHC)",
      "concept": {
        "name": "LDHC",
        "namespace": "HGNC"
      },
      "function": "Protein",
      "id": "bbd9c6f4f83784f950bfbc04b67325ec"
    },
    {
      "bel": "p(MESH:preprocalcitonin)",
      "concept": {
        "name": "preprocalcitonin",
        "namespace": "MESH"
      },
      "function": "Protein",
      "id": "95e7e7f911cc6975c0d5aaab7dde2ca5"
    },
    {
      "bel": "path(DO:\"COVID-19\")",
      "concept": {
        "name": "COVID-19",
        "namespace": "DO"
      },
      "function": "Pathology",
      "id": "6f9f1c2e8012537e503a758c6bfaff0f"
    },
    {
      "bel": "path(DO:constipation)",
      "concept": {
        "name": "constipation",
        "namespace": "DO"
      },
      "function": "Pathology",
      "id": "1a4a66493be8275753749176b99db1b9"
    },
    {
      "bel": "path(DO:diarrhea)",
      "concept": {
        "name": "diarrhea",
        "namespace": "DO"
      },
      "function": "Pathology",
      "id": "f53fc3580f7450b941e98608ca05fddb"
    },
    {
      "bel": "path(DO:pneumonia)",
      "concept": {
        "name": "pneumonia",
        "namespace": "DO"
      },
      "function": "Pathology",
      "id": "274776fc664e9bfd9c191cca80623b0d"
    },
    {
      "bel": "path(HP:\"Breathing dysregulation\")",
      "concept": {
        "name": "Breathing dysregulation",
        "namespace": "HP"
      },
      "function": "Pathology",
      "id": "58ecae61b4f80de89dd34d8f1564de29"
    },
    {
      "bel": "path(MESH:Cough)",
      "concept": {
        "name": "Cough",
        "namespace": "MESH"
      },
      "function": "Pathology",
      "id": "9fee4f29ebce7356ac1721785693b80c"
    },
    {
      "bel": "path(MESH:Fatigue)",
      "concept": {
        "name": "Fatigue",
        "namespace": "MESH"
      },
      "function": "Pathology",
      "id": "d9f7d216d60384a034383bbc94db85cd"
    },
    {
      "bel": "path(MESH:Fever)",
      "concept": {
        "name": "Fever",
        "namespace": "MESH"
      },
      "function": "Pathology",
      "id": "ffc74da80b64d7057f4eff0e06cdd1b6"
    },
    {
      "bel": "path(MESH:Headache)",
      "concept": {
        "name": "Headache",
        "namespace": "MESH"
      },
      "function": "Pathology",
      "id": "2a9db847bd9248b92260deeecc169912"
    },
    {
      "bel": "path(MESH:Myalgia)",
      "concept": {
        "name": "Myalgia",
        "namespace": "MESH"
      },
      "function": "Pathology",
      "id": "9e757b6d113fa97d3dadae6749895c25"
    },
    {
      "bel": "path(MESH:Vomiting)",
      "concept": {
        "name": "Vomiting",
        "namespace": "MESH"
      },
      "function": "Pathology",
      "id": "364ae88ab20bb2e8a9fd696110a8f558"
    }
  ]
}