{
  "directed": true,
  "graph": {
    "annotation_list": {
      "Custom_Disease": [
        "COVID-19"
      ],
      "Diet": [
        "Diet, High-Fat"
      ],
      "Mouse_Type": [
        "ApoE-/-",
        "ApoE-/-ACE2-/-"
      ],
      "PublicationStatus": [
        "Preprint"
      ],
      "PublicationType": [
        "Review"
      ],
      "Section": [
        "Full Text"
      ]
    },
    "annotation_pattern": {},
    "annotation_url": {
      "MeSHAnatomy": "https://arty.scai.fraunhofer.de/artifactory/bel/annotation/mesh-anatomy/mesh-anatomy-20190128.belanno",
      "MeSHDisease": "https://arty.scai.fraunhofer.de/artifactory/bel/annotation/mesh-diseases/mesh-diseases-20190128.belanno",
      "Species": "https://arty.scai.fraunhofer.de/artifactory/bel/annotation/species-taxonomy-id/species-taxonomy-id-20170511.belanno"
    },
    "document_metadata": {
      "authors": "Thrishna",
      "contact": "thrishna@causalitybiomodels.com",
      "copyright": "Copyright © 2020 Fraunhofer Institute SCAI, All rights reserved",
      "description": "COVID Knowledge Curation project",
      "licenses": "Private Ownership to Fraunhofer Institute SCAI",
      "name": "32221983.bel",
      "version": "2.0.0"
    },
    "namespace_pattern": {
      "FIXME": ".*",
      "UNIPROT": "^([A-N,R-Z][0-9]([A-Z][A-Z, 0-9][A-Z, 0-9][0-9]){1,2})|([O,P,Q][0-9][A-Z, 0-9][A-Z, 0-9][A-Z, 0-9][0-9])(\\.\\d+)?$"
    },
    "namespace_url": {
      "CHEBI": "https://arty.scai.fraunhofer.de/artifactory/bel/namespace/chebi/chebi-20190708.belns",
      "DO": "https://arty.scai.fraunhofer.de/artifactory/bel/namespace/disease-ontology/disease-ontology-20200407.belns",
      "GO": "https://arty.scai.fraunhofer.de/artifactory/bel/namespace/go/go-20180109.belns",
      "HGNC": "https://arty.scai.fraunhofer.de/artifactory/bel/namespace/hgnc/hgnc-20190708.belns",
      "HP": "https://arty.scai.fraunhofer.de/artifactory/bel/namespace/hp/hp-20190130.belns",
      "MESH": "https://arty.scai.fraunhofer.de/artifactory/bel/namespace/mesh/mesh-names-20181007.belns",
      "MGI": "https://arty.scai.fraunhofer.de/artifactory/bel/namespace/mgi-mouse-genes/mgi-mouse-genes-20190128.belns",
      "RGD": "https://arty.scai.fraunhofer.de/artifactory/bel/namespace/rgd-rat-genes/rgd-rat-genes-20190128.belns",
      "TAX": "https://arty.scai.fraunhofer.de/artifactory/bel/namespace/ncbi-taxonomy/ncbi-taxonomy-20200322.belns"
    },
    "path": "32221983.bel",
    "pybel_version": "0.14.6"
  },
  "links": [
    {
      "annotations": {
        "PublicationStatus": {
          "Preprint": true
        },
        "PublicationType": {
          "Review": true
        },
        "Section": {
          "Full Text": true
        }
      },
      "citation": {
        "authors": [
          "Cheng H",
          "Wang GQ",
          "Wang Y"
        ],
        "date": "2020-03-27",
        "db": "PubMed",
        "db_id": "32221983",
        "db_name": "Journal of medical virology",
        "first": "Cheng H",
        "last": "Wang GQ"
      },
      "evidence": "Angiotensin-converting enzyme 2 (ACE2) is a crucial component of the renin-angiotensin system (RAS).",
      "key": "1a2833a58bafd008db406f10b214e379",
      "line": 52,
      "relation": "association",
      "source": 24,
      "target": 19
    },
    {
      "annotations": {
        "PublicationStatus": {
          "Preprint": true
        },
        "PublicationType": {
          "Review": true
        },
        "Section": {
          "Full Text": true
        }
      },
      "citation": {
        "authors": [
          "Cheng H",
          "Wang GQ",
          "Wang Y"
        ],
        "date": "2020-03-27",
        "db": "PubMed",
        "db_id": "32221983",
        "db_name": "Journal of medical virology",
        "first": "Cheng H",
        "last": "Wang GQ"
      },
      "evidence": "ACE2 antagonizes the activation of the classical RAS system and protects against organ damage, protecting against hypertension, diabetes, and cardiovascular disease.",
      "key": "7d11d437cc345bc5ba86e47b9bad8118",
      "line": 58,
      "relation": "decreases",
      "source": 24,
      "subject": {
        "modifier": "Activity"
      },
      "target": 41
    },
    {
      "key": "52cb6d8fcf894bbfe8497cecebc5b0d1",
      "relation": "partOf",
      "source": 24,
      "target": 22
    },
    {
      "key": "44a4b634ca32139aded9fc5a719f4996",
      "relation": "partOf",
      "source": 24,
      "target": 23
    },
    {
      "annotations": {
        "PublicationStatus": {
          "Preprint": true
        },
        "PublicationType": {
          "Review": true
        },
        "Section": {
          "Full Text": true
        }
      },
      "citation": {
        "authors": [
          "Cheng H",
          "Wang GQ",
          "Wang Y"
        ],
        "date": "2020-03-27",
        "db": "PubMed",
        "db_id": "32221983",
        "db_name": "Journal of medical virology",
        "first": "Cheng H",
        "last": "Wang GQ"
      },
      "evidence": "ARDS is a clinical high-mortality disease, and ACE2 has a protective effect on this type of acute lung injury.",
      "key": "abbd2691ef10a7a940064f6bcf732c36",
      "line": 77,
      "relation": "negativeCorrelation",
      "source": 24,
      "subject": {
        "modifier": "Activity"
      },
      "target": 30
    },
    {
      "annotations": {
        "MeSHAnatomy": {
          "Lung": true
        },
        "PublicationStatus": {
          "Preprint": true
        },
        "PublicationType": {
          "Review": true
        },
        "Section": {
          "Full Text": true
        }
      },
      "citation": {
        "authors": [
          "Cheng H",
          "Wang GQ",
          "Wang Y"
        ],
        "date": "2020-03-27",
        "db": "PubMed",
        "db_id": "32221983",
        "db_name": "Journal of medical virology",
        "first": "Cheng H",
        "last": "Wang GQ"
      },
      "evidence": "ACE2 is highly expressed in the lung, and Imai14 et al. confirmed the protective effect of ACE2 in acute lung injury.",
      "key": "99a2816e8be673afdd5d275f718ba9c7",
      "line": 130,
      "relation": "negativeCorrelation",
      "source": 24,
      "subject": {
        "modifier": "Activity"
      },
      "target": 45
    },
    {
      "annotations": {
        "MeSHAnatomy": {
          "Lung": true,
          "Plasma": true
        },
        "PublicationStatus": {
          "Preprint": true
        },
        "PublicationType": {
          "Review": true
        },
        "Section": {
          "Full Text": true
        },
        "Species": {
          "10090": true
        }
      },
      "citation": {
        "authors": [
          "Cheng H",
          "Wang GQ",
          "Wang Y"
        ],
        "date": "2020-03-27",
        "db": "PubMed",
        "db_id": "32221983",
        "db_name": "Journal of medical virology",
        "first": "Cheng H",
        "last": "Wang GQ"
      },
      "evidence": "The inhalation of acidic gas significantly increased the levels of Ang II in the lung and plasma of wild-type mice, and the levels of Ang II in the lung and plasma of acid-induced ACE2 knockout (ACE2 KO) mice were further increased.",
      "key": "7bbc6138ab7452b8bdf978036b664ed0",
      "line": 140,
      "relation": "decreases",
      "source": 24,
      "subject": {
        "modifier": "Activity"
      },
      "target": 1
    },
    {
      "annotations": {
        "PublicationStatus": {
          "Preprint": true
        },
        "PublicationType": {
          "Review": true
        },
        "Section": {
          "Full Text": true
        }
      },
      "citation": {
        "authors": [
          "Cheng H",
          "Wang GQ",
          "Wang Y"
        ],
        "date": "2020-03-27",
        "db": "PubMed",
        "db_id": "32221983",
        "db_name": "Journal of medical virology",
        "first": "Cheng H",
        "last": "Wang GQ"
      },
      "evidence": "ACE2 has a protective effect on many diseases with reduced expression of ACE2, such as hypertension, diabetes, and cardiovascular diseases, because it antagonizes the role of Ang II.",
      "key": "610b602880e35cb8ac56911f6679cf87",
      "line": 224,
      "relation": "decreases",
      "source": 24,
      "subject": {
        "modifier": "Activity"
      },
      "target": 1
    },
    {
      "annotations": {
        "PublicationStatus": {
          "Preprint": true
        },
        "PublicationType": {
          "Review": true
        },
        "Section": {
          "Full Text": true
        }
      },
      "citation": {
        "authors": [
          "Cheng H",
          "Wang GQ",
          "Wang Y"
        ],
        "date": "2020-03-27",
        "db": "PubMed",
        "db_id": "32221983",
        "db_name": "Journal of medical virology",
        "first": "Cheng H",
        "last": "Wang GQ"
      },
      "evidence": "Studies have shown that the protective mechanism of ACE2 against hypertension is most likely achieved by degradation of Ang II26.",
      "key": "3aadbfc219f4183998c84bebadaae75a",
      "line": 237,
      "object": {
        "modifier": "Degradation"
      },
      "relation": "increases",
      "source": 24,
      "subject": {
        "modifier": "Activity"
      },
      "target": 1
    },
    {
      "annotations": {
        "PublicationStatus": {
          "Preprint": true
        },
        "PublicationType": {
          "Review": true
        },
        "Section": {
          "Full Text": true
        }
      },
      "citation": {
        "authors": [
          "Cheng H",
          "Wang GQ",
          "Wang Y"
        ],
        "date": "2020-03-27",
        "db": "PubMed",
        "db_id": "32221983",
        "db_name": "Journal of medical virology",
        "first": "Cheng H",
        "last": "Wang GQ"
      },
      "evidence": "Therefore, the downregulation of ACE2 expression in SARS-CoV infection may play a causal role in the pathogenesis of SARS, which provides a reasonable explanation for the progression of SARS patients into ARDS.",
      "key": "3169ba207324f8014029de4c7121c109",
      "line": 191,
      "relation": "decreases",
      "source": 24,
      "subject": {
        "modifier": "Activity"
      },
      "target": 35
    },
    {
      "annotations": {
        "MeSHAnatomy": {
          "Kidney": true
        },
        "MeSHDisease": {
          "Diabetic Nephropathies": true
        },
        "PublicationStatus": {
          "Preprint": true
        },
        "PublicationType": {
          "Review": true
        },
        "Section": {
          "Full Text": true
        }
      },
      "citation": {
        "authors": [
          "Cheng H",
          "Wang GQ",
          "Wang Y"
        ],
        "date": "2020-03-27",
        "db": "PubMed",
        "db_id": "32221983",
        "db_name": "Journal of medical virology",
        "first": "Cheng H",
        "last": "Wang GQ"
      },
      "evidence": "In diabetic nephropathy, downregulation of renal tubular ACE2 is associated with proteinuria and tubular damage32, and further inhibition of ACE2 aggravates renal damage33.",
      "key": "a861bd9fea0564a4e6839a26534a30a4",
      "line": 288,
      "relation": "decreases",
      "source": 24,
      "subject": {
        "modifier": "Activity"
      },
      "target": 39
    },
    {
      "annotations": {
        "MeSHAnatomy": {
          "Kidney": true
        },
        "MeSHDisease": {
          "Diabetic Nephropathies": true
        },
        "PublicationStatus": {
          "Preprint": true
        },
        "PublicationType": {
          "Review": true
        },
        "Section": {
          "Full Text": true
        }
      },
      "citation": {
        "authors": [
          "Cheng H",
          "Wang GQ",
          "Wang Y"
        ],
        "date": "2020-03-27",
        "db": "PubMed",
        "db_id": "32221983",
        "db_name": "Journal of medical virology",
        "first": "Cheng H",
        "last": "Wang GQ"
      },
      "evidence": "In diabetic nephropathy, downregulation of renal tubular ACE2 is associated with proteinuria and tubular damage32, and further inhibition of ACE2 aggravates renal damage33.",
      "key": "fd85193fd4c74ffab2ae110950db879c",
      "line": 289,
      "relation": "decreases",
      "source": 24,
      "subject": {
        "modifier": "Activity"
      },
      "target": 33
    },
    {
      "annotations": {
        "PublicationStatus": {
          "Preprint": true
        },
        "PublicationType": {
          "Review": true
        },
        "Section": {
          "Full Text": true
        }
      },
      "citation": {
        "authors": [
          "Cheng H",
          "Wang GQ",
          "Wang Y"
        ],
        "date": "2020-03-27",
        "db": "PubMed",
        "db_id": "32221983",
        "db_name": "Journal of medical virology",
        "first": "Cheng H",
        "last": "Wang GQ"
      },
      "evidence": "The expression of ACE2 decreases with increasing age.",
      "key": "56e2e28289bb93622d61e9a20c453324",
      "line": 300,
      "relation": "negativeCorrelation",
      "source": 24,
      "target": 16
    },
    {
      "key": "9284da208a7bf9253c2821f03d8ae8b7",
      "relation": "partOf",
      "source": 24,
      "target": 20
    },
    {
      "annotations": {
        "PublicationStatus": {
          "Preprint": true
        },
        "PublicationType": {
          "Review": true
        },
        "Section": {
          "Full Text": true
        }
      },
      "citation": {
        "authors": [
          "Cheng H",
          "Wang GQ",
          "Wang Y"
        ],
        "date": "2020-03-27",
        "db": "PubMed",
        "db_id": "32221983",
        "db_name": "Journal of medical virology",
        "first": "Cheng H",
        "last": "Wang GQ"
      },
      "evidence": "Angiotensin-converting enzyme 2 (ACE2) is a crucial component of the renin-angiotensin system (RAS).",
      "key": "064ac07d7f44f6795e6d930261fd44b0",
      "line": 52,
      "relation": "association",
      "source": 19,
      "target": 24
    },
    {
      "annotations": {
        "PublicationStatus": {
          "Preprint": true
        },
        "PublicationType": {
          "Review": true
        },
        "Section": {
          "Full Text": true
        }
      },
      "citation": {
        "authors": [
          "Cheng H",
          "Wang GQ",
          "Wang Y"
        ],
        "date": "2020-03-27",
        "db": "PubMed",
        "db_id": "32221983",
        "db_name": "Journal of medical virology",
        "first": "Cheng H",
        "last": "Wang GQ"
      },
      "evidence": "ACE2 antagonizes the activation of the classical RAS system and protects against organ damage, protecting against hypertension, diabetes, and cardiovascular disease.",
      "key": "ddec6ee862870116a20ba5710c8af43a",
      "line": 59,
      "relation": "increases",
      "source": 41,
      "target": 43
    },
    {
      "annotations": {
        "PublicationStatus": {
          "Preprint": true
        },
        "PublicationType": {
          "Review": true
        },
        "Section": {
          "Full Text": true
        }
      },
      "citation": {
        "authors": [
          "Cheng H",
          "Wang GQ",
          "Wang Y"
        ],
        "date": "2020-03-27",
        "db": "PubMed",
        "db_id": "32221983",
        "db_name": "Journal of medical virology",
        "first": "Cheng H",
        "last": "Wang GQ"
      },
      "evidence": "ACE2 antagonizes the activation of the classical RAS system and protects against organ damage, protecting against hypertension, diabetes, and cardiovascular disease.",
      "key": "0ab80233c349059b86253b9a52c4ed21",
      "line": 60,
      "relation": "increases",
      "source": 41,
      "target": 37
    },
    {
      "annotations": {
        "PublicationStatus": {
          "Preprint": true
        },
        "PublicationType": {
          "Review": true
        },
        "Section": {
          "Full Text": true
        }
      },
      "citation": {
        "authors": [
          "Cheng H",
          "Wang GQ",
          "Wang Y"
        ],
        "date": "2020-03-27",
        "db": "PubMed",
        "db_id": "32221983",
        "db_name": "Journal of medical virology",
        "first": "Cheng H",
        "last": "Wang GQ"
      },
      "evidence": "RAS activation is an important pathophysiological mechanism of hypertension, and RAS blockers are widely used.",
      "key": "929e7597a6592264ed489413f53aa78f",
      "line": 232,
      "relation": "positiveCorrelation",
      "source": 41,
      "target": 37
    },
    {
      "annotations": {
        "PublicationStatus": {
          "Preprint": true
        },
        "PublicationType": {
          "Review": true
        },
        "Section": {
          "Full Text": true
        }
      },
      "citation": {
        "authors": [
          "Cheng H",
          "Wang GQ",
          "Wang Y"
        ],
        "date": "2020-03-27",
        "db": "PubMed",
        "db_id": "32221983",
        "db_name": "Journal of medical virology",
        "first": "Cheng H",
        "last": "Wang GQ"
      },
      "evidence": "ACE2 antagonizes the activation of the classical RAS system and protects against organ damage, protecting against hypertension, diabetes, and cardiovascular disease.",
      "key": "d28cffbeadcf212a7d3d8f658a4d657e",
      "line": 61,
      "relation": "increases",
      "source": 41,
      "target": 32
    },
    {
      "annotations": {
        "PublicationStatus": {
          "Preprint": true
        },
        "PublicationType": {
          "Review": true
        },
        "Section": {
          "Full Text": true
        }
      },
      "citation": {
        "authors": [
          "Cheng H",
          "Wang GQ",
          "Wang Y"
        ],
        "date": "2020-03-27",
        "db": "PubMed",
        "db_id": "32221983",
        "db_name": "Journal of medical virology",
        "first": "Cheng H",
        "last": "Wang GQ"
      },
      "evidence": "ACE2 antagonizes the activation of the classical RAS system and protects against organ damage, protecting against hypertension, diabetes, and cardiovascular disease.",
      "key": "dc832b9fe340d59807a4af3b7dcec588",
      "line": 62,
      "relation": "increases",
      "source": 41,
      "target": 31
    },
    {
      "annotations": {
        "PublicationStatus": {
          "Preprint": true
        },
        "PublicationType": {
          "Review": true
        },
        "Section": {
          "Full Text": true
        }
      },
      "citation": {
        "authors": [
          "Cheng H",
          "Wang GQ",
          "Wang Y"
        ],
        "date": "2020-03-27",
        "db": "PubMed",
        "db_id": "32221983",
        "db_name": "Journal of medical virology",
        "first": "Cheng H",
        "last": "Wang GQ"
      },
      "evidence": "The renin-angiotensin system (RAS) is a critical homeostasis regulation of the human body (showed in Fig.1.).1",
      "key": "e7245a2a82ce495fb6b6db15bfd08d65",
      "line": 82,
      "relation": "regulates",
      "source": 41,
      "target": 10
    },
    {
      "annotations": {
        "Mouse_Type": {
          "ApoE-/-ACE2-/-": true
        },
        "PublicationStatus": {
          "Preprint": true
        },
        "PublicationType": {
          "Review": true
        },
        "Section": {
          "Full Text": true
        },
        "Species": {
          "10090": true
        }
      },
      "citation": {
        "authors": [
          "Cheng H",
          "Wang GQ",
          "Wang Y"
        ],
        "date": "2020-03-27",
        "db": "PubMed",
        "db_id": "32221983",
        "db_name": "Journal of medical virology",
        "first": "Cheng H",
        "last": "Wang GQ"
      },
      "evidence": "It was also found that RAS blockade could prevent atherosclerosis in ApoE/ACE2 double knockout mice.",
      "key": "5a44f568d66ab8b14972ad27a7d7eadc",
      "line": 272,
      "relation": "positiveCorrelation",
      "source": 41,
      "target": 36
    },
    {
      "annotations": {
        "PublicationStatus": {
          "Preprint": true
        },
        "PublicationType": {
          "Review": true
        },
        "Section": {
          "Full Text": true
        }
      },
      "citation": {
        "authors": [
          "Cheng H",
          "Wang GQ",
          "Wang Y"
        ],
        "date": "2020-03-27",
        "db": "PubMed",
        "db_id": "32221983",
        "db_name": "Journal of medical virology",
        "first": "Cheng H",
        "last": "Wang GQ"
      },
      "evidence": "RAS activation is an important pathophysiological mechanism of hypertension, and RAS blockers are widely used.",
      "key": "0abcb3868b8264c20ffb477e0c6c2da9",
      "line": 232,
      "relation": "positiveCorrelation",
      "source": 37,
      "target": 41
    },
    {
      "annotations": {
        "PublicationStatus": {
          "Preprint": true
        },
        "PublicationType": {
          "Review": true
        },
        "Section": {
          "Full Text": true
        },
        "Species": {
          "10116": true
        }
      },
      "citation": {
        "authors": [
          "Cheng H",
          "Wang GQ",
          "Wang Y"
        ],
        "date": "2020-03-27",
        "db": "PubMed",
        "db_id": "32221983",
        "db_name": "Journal of medical virology",
        "first": "Cheng H",
        "last": "Wang GQ"
      },
      "evidence": "Studies by Ferrario27 and others showed that ACE2 levels increased by 4.7 and 2.8 times when blood pressure decreased after applying ACEIs (lisinopril) and ARBs (losartan) to rats.",
      "key": "03dabb5f1b5dcb8bea772dd65b9206de",
      "line": 247,
      "relation": "negativeCorrelation",
      "source": 37,
      "target": 27
    },
    {
      "annotations": {
        "PublicationStatus": {
          "Preprint": true
        },
        "PublicationType": {
          "Review": true
        },
        "Section": {
          "Full Text": true
        }
      },
      "citation": {
        "authors": [
          "Cheng H",
          "Wang GQ",
          "Wang Y"
        ],
        "date": "2020-03-27",
        "db": "PubMed",
        "db_id": "32221983",
        "db_name": "Journal of medical virology",
        "first": "Cheng H",
        "last": "Wang GQ"
      },
      "evidence": "RhACE2 can reduce blood pressure while reducing renal damage34",
      "key": "35ff1362faf4639c3f505092595231c4",
      "line": 296,
      "relation": "positiveCorrelation",
      "source": 37,
      "target": 33
    },
    {
      "annotations": {
        "MeSHAnatomy": {
          "Alveolar Epithelial Cells": true
        },
        "PublicationStatus": {
          "Preprint": true
        },
        "PublicationType": {
          "Review": true
        },
        "Section": {
          "Full Text": true
        },
        "Species": {
          "9606": true
        }
      },
      "citation": {
        "authors": [
          "Cheng H",
          "Wang GQ",
          "Wang Y"
        ],
        "date": "2020-03-27",
        "db": "PubMed",
        "db_id": "32221983",
        "db_name": "Journal of medical virology",
        "first": "Cheng H",
        "last": "Wang GQ"
      },
      "evidence": "Similar to SARS-CoV, SARS-CoV-2 also uses the ACE2 receptor to invade human alveolar epithelial cells.",
      "key": "cf44d47d31b39ba7a8cd48f7ca00005f",
      "line": 69,
      "relation": "increases",
      "source": 22,
      "target": 15
    },
    {
      "key": "9b5e6ebdb508b622c266b4b986bd47ee",
      "relation": "partOf",
      "source": 7,
      "target": 22
    },
    {
      "annotations": {
        "PublicationStatus": {
          "Preprint": true
        },
        "PublicationType": {
          "Review": true
        },
        "Section": {
          "Full Text": true
        }
      },
      "citation": {
        "authors": [
          "Cheng H",
          "Wang GQ",
          "Wang Y"
        ],
        "date": "2020-03-27",
        "db": "PubMed",
        "db_id": "32221983",
        "db_name": "Journal of medical virology",
        "first": "Cheng H",
        "last": "Wang GQ"
      },
      "evidence": "SARS-CoV-2 infection reduces ACE2 activity and receptor consumption, further exacerbating pathophysiological mechanisms, such as Ang II/ACE2 regulation imbalance(showed in Fig.2.).",
      "key": "970af932a378017fe499798cd61a7c57",
      "line": 306,
      "object": {
        "modifier": "Activity"
      },
      "relation": "decreases",
      "source": 7,
      "target": 24
    },
    {
      "annotations": {
        "PublicationStatus": {
          "Preprint": true
        },
        "PublicationType": {
          "Review": true
        },
        "Section": {
          "Full Text": true
        }
      },
      "citation": {
        "authors": [
          "Cheng H",
          "Wang GQ",
          "Wang Y"
        ],
        "date": "2020-03-27",
        "db": "PubMed",
        "db_id": "32221983",
        "db_name": "Journal of medical virology",
        "first": "Cheng H",
        "last": "Wang GQ"
      },
      "evidence": "SARS-CoV-2 infection reduces ACE2 activity and receptor consumption, further exacerbating pathophysiological mechanisms, such as Ang II/ACE2 regulation imbalance(showed in Fig.2.).",
      "key": "4fe2a3059dc7907107dfe4dc30293187",
      "line": 307,
      "relation": "decreases",
      "source": 7,
      "target": 20
    },
    {
      "annotations": {
        "MeSHAnatomy": {
          "Alveolar Epithelial Cells": true
        },
        "PublicationStatus": {
          "Preprint": true
        },
        "PublicationType": {
          "Review": true
        },
        "Section": {
          "Full Text": true
        },
        "Species": {
          "9606": true
        }
      },
      "citation": {
        "authors": [
          "Cheng H",
          "Wang GQ",
          "Wang Y"
        ],
        "date": "2020-03-27",
        "db": "PubMed",
        "db_id": "32221983",
        "db_name": "Journal of medical virology",
        "first": "Cheng H",
        "last": "Wang GQ"
      },
      "evidence": "Similar to SARS-CoV, SARS-CoV-2 also uses the ACE2 receptor to invade human alveolar epithelial cells.",
      "key": "dc86a264babce97f80f77274112e4141",
      "line": 70,
      "relation": "increases",
      "source": 23,
      "target": 15
    },
    {
      "annotations": {
        "PublicationStatus": {
          "Preprint": true
        },
        "PublicationType": {
          "Review": true
        },
        "Section": {
          "Full Text": true
        }
      },
      "citation": {
        "authors": [
          "Cheng H",
          "Wang GQ",
          "Wang Y"
        ],
        "date": "2020-03-27",
        "db": "PubMed",
        "db_id": "32221983",
        "db_name": "Journal of medical virology",
        "first": "Cheng H",
        "last": "Wang GQ"
      },
      "evidence": "ACE2 is also one of the primary receptors for SARS-CoV invasion into the human body.15",
      "key": "b3ce134f8c85f0393773d13afa566795",
      "line": 161,
      "relation": "increases",
      "source": 23,
      "target": 15
    },
    {
      "key": "99fd5b71af427449b3c299ded846d810",
      "relation": "partOf",
      "source": 8,
      "target": 23
    },
    {
      "annotations": {
        "PublicationStatus": {
          "Preprint": true
        },
        "PublicationType": {
          "Review": true
        },
        "Section": {
          "Full Text": true
        }
      },
      "citation": {
        "authors": [
          "Cheng H",
          "Wang GQ",
          "Wang Y"
        ],
        "date": "2020-03-27",
        "db": "PubMed",
        "db_id": "32221983",
        "db_name": "Journal of medical virology",
        "first": "Cheng H",
        "last": "Wang GQ"
      },
      "evidence": "What is puzzling is that SARS-CoV infection leads to highly lethal pneumonia compared to other common cold symptoms after other coronavirus infections.",
      "key": "3f379eda13314a7dafa0e4e526679ba0",
      "line": 167,
      "relation": "increases",
      "source": 8,
      "target": 38
    },
    {
      "annotations": {
        "MeSHAnatomy": {
          "Lung": true
        },
        "PublicationStatus": {
          "Preprint": true
        },
        "PublicationType": {
          "Review": true
        },
        "Section": {
          "Full Text": true
        },
        "Species": {
          "10090": true
        }
      },
      "citation": {
        "authors": [
          "Cheng H",
          "Wang GQ",
          "Wang Y"
        ],
        "date": "2020-03-27",
        "db": "PubMed",
        "db_id": "32221983",
        "db_name": "Journal of medical virology",
        "first": "Cheng H",
        "last": "Wang GQ"
      },
      "evidence": "The researchers found that SARS-CoV-infected or recombinant SARS-spike protein-treated wild-type mice exhibited significantly reduced ACE2 expression in the lungs.",
      "key": "bd3a17cb9a3494fcf4928c2e8d811dea",
      "line": 175,
      "relation": "decreases",
      "source": 8,
      "target": 26
    },
    {
      "annotations": {
        "MeSHAnatomy": {
          "Lung": true
        },
        "PublicationStatus": {
          "Preprint": true
        },
        "PublicationType": {
          "Review": true
        },
        "Section": {
          "Full Text": true
        },
        "Species": {
          "10090": true
        }
      },
      "citation": {
        "authors": [
          "Cheng H",
          "Wang GQ",
          "Wang Y"
        ],
        "date": "2020-03-27",
        "db": "PubMed",
        "db_id": "32221983",
        "db_name": "Journal of medical virology",
        "first": "Cheng H",
        "last": "Wang GQ"
      },
      "evidence": "The researchers found that SARS-CoV-infected or recombinant SARS-spike protein-treated wild-type mice exhibited significantly reduced ACE2 expression in the lungs.",
      "key": "3d0a024126b21d60c5a72c82cae211e2",
      "line": 177,
      "relation": "association",
      "source": 8,
      "target": 28
    },
    {
      "annotations": {
        "PublicationStatus": {
          "Preprint": true
        },
        "PublicationType": {
          "Review": true
        },
        "Section": {
          "Full Text": true
        }
      },
      "citation": {
        "authors": [
          "Cheng H",
          "Wang GQ",
          "Wang Y"
        ],
        "date": "2020-03-27",
        "db": "PubMed",
        "db_id": "32221983",
        "db_name": "Journal of medical virology",
        "first": "Cheng H",
        "last": "Wang GQ"
      },
      "evidence": "ARDS is a clinical high-mortality disease, and ACE2 has a protective effect on this type of acute lung injury.",
      "key": "7c849099519b7116944cb1a379a70408",
      "line": 77,
      "object": {
        "modifier": "Activity"
      },
      "relation": "negativeCorrelation",
      "source": 30,
      "target": 24
    },
    {
      "annotations": {
        "PublicationStatus": {
          "Preprint": true
        },
        "PublicationType": {
          "Review": true
        },
        "Section": {
          "Full Text": true
        }
      },
      "citation": {
        "authors": [
          "Cheng H",
          "Wang GQ",
          "Wang Y"
        ],
        "date": "2020-03-27",
        "db": "PubMed",
        "db_id": "32221983",
        "db_name": "Journal of medical virology",
        "first": "Cheng H",
        "last": "Wang GQ"
      },
      "evidence": "ARDS(acute respiratory distress syndrome)is the most severe form of acute lung injury.",
      "key": "2fef6c75477194b977471956d4725486",
      "line": 110,
      "relation": "association",
      "source": 30,
      "target": 46
    },
    {
      "annotations": {
        "PublicationStatus": {
          "Preprint": true
        },
        "PublicationType": {
          "Review": true
        },
        "Section": {
          "Full Text": true
        }
      },
      "citation": {
        "authors": [
          "Cheng H",
          "Wang GQ",
          "Wang Y"
        ],
        "date": "2020-03-27",
        "db": "PubMed",
        "db_id": "32221983",
        "db_name": "Journal of medical virology",
        "first": "Cheng H",
        "last": "Wang GQ"
      },
      "evidence": "It is characterized mainly by increased pulmonary vascular permeability and pulmonary edema.",
      "key": "fdf9d76a98af3c15b2454406a7b1466e",
      "line": 115,
      "relation": "increases",
      "source": 30,
      "target": 34
    },
    {
      "annotations": {
        "PublicationStatus": {
          "Preprint": true
        },
        "PublicationType": {
          "Review": true
        },
        "Section": {
          "Full Text": true
        }
      },
      "citation": {
        "authors": [
          "Cheng H",
          "Wang GQ",
          "Wang Y"
        ],
        "date": "2020-03-27",
        "db": "PubMed",
        "db_id": "32221983",
        "db_name": "Journal of medical virology",
        "first": "Cheng H",
        "last": "Wang GQ"
      },
      "evidence": "It is characterized mainly by increased pulmonary vascular permeability and pulmonary edema.",
      "key": "2c954a320182bfb7842cf661d3ef16f3",
      "line": 116,
      "relation": "association",
      "source": 30,
      "target": 12
    },
    {
      "annotations": {
        "PublicationStatus": {
          "Preprint": true
        },
        "PublicationType": {
          "Review": true
        },
        "Section": {
          "Full Text": true
        }
      },
      "citation": {
        "authors": [
          "Cheng H",
          "Wang GQ",
          "Wang Y"
        ],
        "date": "2020-03-27",
        "db": "PubMed",
        "db_id": "32221983",
        "db_name": "Journal of medical virology",
        "first": "Cheng H",
        "last": "Wang GQ"
      },
      "evidence": "Ang II is an effective pulmonary vasoconstrictor.",
      "key": "e8cb57be08880110132f5219a93ba1a1",
      "line": 86,
      "relation": "increases",
      "source": 1,
      "target": 17
    },
    {
      "annotations": {
        "PublicationStatus": {
          "Preprint": true
        },
        "PublicationType": {
          "Review": true
        },
        "Section": {
          "Full Text": true
        }
      },
      "citation": {
        "authors": [
          "Cheng H",
          "Wang GQ",
          "Wang Y"
        ],
        "date": "2020-03-27",
        "db": "PubMed",
        "db_id": "32221983",
        "db_name": "Journal of medical virology",
        "first": "Cheng H",
        "last": "Wang GQ"
      },
      "evidence": "Ang II can not only promote the growth response of vascular smooth muscle cells but also directly promote vascular remodeling and prevent pneumonia and shunts related to lung injury.13",
      "key": "26570d70482dfc8d36451644f7970383",
      "line": 96,
      "relation": "increases",
      "source": 1,
      "target": 14
    },
    {
      "annotations": {
        "PublicationStatus": {
          "Preprint": true
        },
        "PublicationType": {
          "Review": true
        },
        "Section": {
          "Full Text": true
        }
      },
      "citation": {
        "authors": [
          "Cheng H",
          "Wang GQ",
          "Wang Y"
        ],
        "date": "2020-03-27",
        "db": "PubMed",
        "db_id": "32221983",
        "db_name": "Journal of medical virology",
        "first": "Cheng H",
        "last": "Wang GQ"
      },
      "evidence": "Ang II can not only promote the growth response of vascular smooth muscle cells but also directly promote vascular remodeling and prevent pneumonia and shunts related to lung injury.13",
      "key": "dc82cecdcb0ee8eed408fbc92e2a236f",
      "line": 97,
      "relation": "increases",
      "source": 1,
      "target": 47
    },
    {
      "annotations": {
        "PublicationStatus": {
          "Preprint": true
        },
        "PublicationType": {
          "Review": true
        },
        "Section": {
          "Full Text": true
        }
      },
      "citation": {
        "authors": [
          "Cheng H",
          "Wang GQ",
          "Wang Y"
        ],
        "date": "2020-03-27",
        "db": "PubMed",
        "db_id": "32221983",
        "db_name": "Journal of medical virology",
        "first": "Cheng H",
        "last": "Wang GQ"
      },
      "evidence": "Ang II can not only promote the growth response of vascular smooth muscle cells but also directly promote vascular remodeling and prevent pneumonia and shunts related to lung injury.13",
      "key": "bb37948d9b94ee17d827696354bd0e72",
      "line": 98,
      "relation": "decreases",
      "source": 1,
      "target": 38
    },
    {
      "annotations": {
        "PublicationStatus": {
          "Preprint": true
        },
        "PublicationType": {
          "Review": true
        },
        "Section": {
          "Full Text": true
        }
      },
      "citation": {
        "authors": [
          "Cheng H",
          "Wang GQ",
          "Wang Y"
        ],
        "date": "2020-03-27",
        "db": "PubMed",
        "db_id": "32221983",
        "db_name": "Journal of medical virology",
        "first": "Cheng H",
        "last": "Wang GQ"
      },
      "evidence": "Ang II can not only promote the growth response of vascular smooth muscle cells but also directly promote vascular remodeling and prevent pneumonia and shunts related to lung injury.13",
      "key": "b8d29d125985e7e26832aea6eebb9a86",
      "line": 99,
      "relation": "decreases",
      "source": 1,
      "target": 46
    },
    {
      "annotations": {
        "PublicationStatus": {
          "Preprint": true
        },
        "PublicationType": {
          "Review": true
        },
        "Section": {
          "Full Text": true
        }
      },
      "citation": {
        "authors": [
          "Cheng H",
          "Wang GQ",
          "Wang Y"
        ],
        "date": "2020-03-27",
        "db": "PubMed",
        "db_id": "32221983",
        "db_name": "Journal of medical virology",
        "first": "Cheng H",
        "last": "Wang GQ"
      },
      "evidence": "However, Ang II can also promote the occurrence of pulmonary edema and impair lung function.14",
      "key": "68f6fbc511a41127d8248458182a6f0f",
      "line": 104,
      "relation": "increases",
      "source": 1,
      "target": 34
    },
    {
      "annotations": {
        "PublicationStatus": {
          "Preprint": true
        },
        "PublicationType": {
          "Review": true
        },
        "Section": {
          "Full Text": true
        }
      },
      "citation": {
        "authors": [
          "Cheng H",
          "Wang GQ",
          "Wang Y"
        ],
        "date": "2020-03-27",
        "db": "PubMed",
        "db_id": "32221983",
        "db_name": "Journal of medical virology",
        "first": "Cheng H",
        "last": "Wang GQ"
      },
      "evidence": "However, Ang II can also promote the occurrence of pulmonary edema and impair lung function.14",
      "key": "e44ebaf9cc09daac78bc908abc61783d",
      "line": 105,
      "relation": "association",
      "source": 1,
      "target": 40
    },
    {
      "annotations": {
        "MeSHAnatomy": {
          "Plasma": true
        },
        "PublicationStatus": {
          "Preprint": true
        },
        "PublicationType": {
          "Review": true
        },
        "Section": {
          "Full Text": true
        },
        "Species": {
          "10090": true
        }
      },
      "citation": {
        "authors": [
          "Cheng H",
          "Wang GQ",
          "Wang Y"
        ],
        "date": "2020-03-27",
        "db": "PubMed",
        "db_id": "32221983",
        "db_name": "Journal of medical virology",
        "first": "Cheng H",
        "last": "Wang GQ"
      },
      "evidence": "Recombinant human ACE2 (rhACE2) protein treatment could reduce plasma Ang II levels and reduce acute lung injury in ACE2 KO mice and wild- type mice",
      "key": "ac2193043dc226a7b138bc6d3fc6eaac",
      "line": 149,
      "relation": "increases",
      "source": 1,
      "target": 45
    },
    {
      "key": "ea029bcd56961235a0dd0813c0012387",
      "relation": "partOf",
      "source": 1,
      "target": 21
    },
    {
      "annotations": {
        "MeSHAnatomy": {
          "Cardiovascular System": true
        },
        "PublicationStatus": {
          "Preprint": true
        },
        "PublicationType": {
          "Review": true
        },
        "Section": {
          "Full Text": true
        }
      },
      "citation": {
        "authors": [
          "Cheng H",
          "Wang GQ",
          "Wang Y"
        ],
        "date": "2020-03-27",
        "db": "PubMed",
        "db_id": "32221983",
        "db_name": "Journal of medical virology",
        "first": "Cheng H",
        "last": "Wang GQ"
      },
      "evidence": "Ang II promotes atherosclerosis in the cardiovascular system and promotes inflammation, oxidative stress, and migration of endothelial cells and vascular smooth muscle cells.24",
      "key": "438633367bc6352070a6c88b3cf66b51",
      "line": 213,
      "relation": "increases",
      "source": 1,
      "target": 36
    },
    {
      "annotations": {
        "PublicationStatus": {
          "Preprint": true
        },
        "PublicationType": {
          "Review": true
        },
        "Section": {
          "Full Text": true
        }
      },
      "citation": {
        "authors": [
          "Cheng H",
          "Wang GQ",
          "Wang Y"
        ],
        "date": "2020-03-27",
        "db": "PubMed",
        "db_id": "32221983",
        "db_name": "Journal of medical virology",
        "first": "Cheng H",
        "last": "Wang GQ"
      },
      "evidence": "ACE2 has a protective effect on many diseases with reduced expression of ACE2, such as hypertension, diabetes, and cardiovascular diseases, because it antagonizes the role of Ang II.",
      "key": "be1c1cb0d313c05c7fd7f037c4253648",
      "line": 225,
      "relation": "increases",
      "source": 1,
      "target": 37
    },
    {
      "annotations": {
        "PublicationStatus": {
          "Preprint": true
        },
        "PublicationType": {
          "Review": true
        },
        "Section": {
          "Full Text": true
        }
      },
      "citation": {
        "authors": [
          "Cheng H",
          "Wang GQ",
          "Wang Y"
        ],
        "date": "2020-03-27",
        "db": "PubMed",
        "db_id": "32221983",
        "db_name": "Journal of medical virology",
        "first": "Cheng H",
        "last": "Wang GQ"
      },
      "evidence": "Studies have shown that the protective mechanism of ACE2 against hypertension is most likely achieved by degradation of Ang II26.",
      "key": "ee38ef5a4b3043e2d39aaba3f0475314",
      "line": 238,
      "relation": "increases",
      "source": 1,
      "target": 37
    },
    {
      "annotations": {
        "PublicationStatus": {
          "Preprint": true
        },
        "PublicationType": {
          "Review": true
        },
        "Section": {
          "Full Text": true
        }
      },
      "citation": {
        "authors": [
          "Cheng H",
          "Wang GQ",
          "Wang Y"
        ],
        "date": "2020-03-27",
        "db": "PubMed",
        "db_id": "32221983",
        "db_name": "Journal of medical virology",
        "first": "Cheng H",
        "last": "Wang GQ"
      },
      "evidence": "ACE2 has a protective effect on many diseases with reduced expression of ACE2, such as hypertension, diabetes, and cardiovascular diseases, because it antagonizes the role of Ang II.",
      "key": "5bb8f491de8459fec5931b3a27bf6a64",
      "line": 226,
      "relation": "increases",
      "source": 1,
      "target": 32
    },
    {
      "annotations": {
        "PublicationStatus": {
          "Preprint": true
        },
        "PublicationType": {
          "Review": true
        },
        "Section": {
          "Full Text": true
        }
      },
      "citation": {
        "authors": [
          "Cheng H",
          "Wang GQ",
          "Wang Y"
        ],
        "date": "2020-03-27",
        "db": "PubMed",
        "db_id": "32221983",
        "db_name": "Journal of medical virology",
        "first": "Cheng H",
        "last": "Wang GQ"
      },
      "evidence": "ACE2 has a protective effect on many diseases with reduced expression of ACE2, such as hypertension, diabetes, and cardiovascular diseases, because it antagonizes the role of Ang II.",
      "key": "904d3f5e89b772b342562ab79622bdd0",
      "line": 227,
      "relation": "increases",
      "source": 1,
      "target": 31
    },
    {
      "annotations": {
        "PublicationStatus": {
          "Preprint": true
        },
        "PublicationType": {
          "Review": true
        },
        "Section": {
          "Full Text": true
        }
      },
      "citation": {
        "authors": [
          "Cheng H",
          "Wang GQ",
          "Wang Y"
        ],
        "date": "2020-03-27",
        "db": "PubMed",
        "db_id": "32221983",
        "db_name": "Journal of medical virology",
        "first": "Cheng H",
        "last": "Wang GQ"
      },
      "evidence": "ACE2 can also antagonize cardiac fibrosis and ventricular remodeling caused by the long-term effects of Ang II.",
      "key": "d268223f145c8ca26a905c68db55a850",
      "line": 279,
      "relation": "positiveCorrelation",
      "source": 1,
      "target": 48
    },
    {
      "annotations": {
        "PublicationStatus": {
          "Preprint": true
        },
        "PublicationType": {
          "Review": true
        },
        "Section": {
          "Full Text": true
        }
      },
      "citation": {
        "authors": [
          "Cheng H",
          "Wang GQ",
          "Wang Y"
        ],
        "date": "2020-03-27",
        "db": "PubMed",
        "db_id": "32221983",
        "db_name": "Journal of medical virology",
        "first": "Cheng H",
        "last": "Wang GQ"
      },
      "evidence": "ACE2 can also antagonize cardiac fibrosis and ventricular remodeling caused by the long-term effects of Ang II.",
      "key": "882c1dc793975b206638f093bd4dfcd0",
      "line": 280,
      "relation": "positiveCorrelation",
      "source": 1,
      "target": 42
    },
    {
      "key": "6e1db0ef625208c41df2a01d17b868c7",
      "relation": "partOf",
      "source": 1,
      "target": 20
    },
    {
      "annotations": {
        "PublicationStatus": {
          "Preprint": true
        },
        "PublicationType": {
          "Review": true
        },
        "Section": {
          "Full Text": true
        }
      },
      "citation": {
        "authors": [
          "Cheng H",
          "Wang GQ",
          "Wang Y"
        ],
        "date": "2020-03-27",
        "db": "PubMed",
        "db_id": "32221983",
        "db_name": "Journal of medical virology",
        "first": "Cheng H",
        "last": "Wang GQ"
      },
      "evidence": "RAS is activated during hypoxia",
      "key": "b681558dd07bc46e9959d19e45fada25",
      "line": 90,
      "relation": "increases",
      "source": 49,
      "target": 41
    },
    {
      "annotations": {
        "PublicationStatus": {
          "Preprint": true
        },
        "PublicationType": {
          "Review": true
        },
        "Section": {
          "Full Text": true
        }
      },
      "citation": {
        "authors": [
          "Cheng H",
          "Wang GQ",
          "Wang Y"
        ],
        "date": "2020-03-27",
        "db": "PubMed",
        "db_id": "32221983",
        "db_name": "Journal of medical virology",
        "first": "Cheng H",
        "last": "Wang GQ"
      },
      "evidence": "It is often induced by sepsis, aspiration, and pneumonia (including that caused by SARS coronavirus, bird flu, and human influenza viruses).",
      "key": "402fbb19254e279f822acc6e342a3859",
      "line": 124,
      "relation": "increases",
      "source": 38,
      "target": 30
    },
    {
      "annotations": {
        "Custom_Disease": {
          "COVID-19": true
        },
        "PublicationStatus": {
          "Preprint": true
        },
        "PublicationType": {
          "Review": true
        },
        "Section": {
          "Full Text": true
        }
      },
      "citation": {
        "authors": [
          "Cheng H",
          "Wang GQ",
          "Wang Y"
        ],
        "date": "2020-03-27",
        "db": "PubMed",
        "db_id": "32221983",
        "db_name": "Journal of medical virology",
        "first": "Cheng H",
        "last": "Wang GQ"
      },
      "evidence": "A retrospective study of 8866 cases22 showed that these factors, such as being male, being over 60 years of age, and having pneumonia at diagnosis, were significantly positively correlated with the increase in mortality.",
      "key": "964d23b2544edc83a4a3f3e7b884625c",
      "line": 205,
      "relation": "increases",
      "source": 38,
      "target": 6
    },
    {
      "annotations": {
        "PublicationStatus": {
          "Preprint": true
        },
        "PublicationType": {
          "Review": true
        },
        "Section": {
          "Full Text": true
        }
      },
      "citation": {
        "authors": [
          "Cheng H",
          "Wang GQ",
          "Wang Y"
        ],
        "date": "2020-03-27",
        "db": "PubMed",
        "db_id": "32221983",
        "db_name": "Journal of medical virology",
        "first": "Cheng H",
        "last": "Wang GQ"
      },
      "evidence": "ARDS(acute respiratory distress syndrome)is the most severe form of acute lung injury.",
      "key": "4f48b79cc0be0948675cf3dd501de98e",
      "line": 110,
      "relation": "association",
      "source": 46,
      "target": 30
    },
    {
      "annotations": {
        "PublicationStatus": {
          "Preprint": true
        },
        "PublicationType": {
          "Review": true
        },
        "Section": {
          "Full Text": true
        }
      },
      "citation": {
        "authors": [
          "Cheng H",
          "Wang GQ",
          "Wang Y"
        ],
        "date": "2020-03-27",
        "db": "PubMed",
        "db_id": "32221983",
        "db_name": "Journal of medical virology",
        "first": "Cheng H",
        "last": "Wang GQ"
      },
      "evidence": "However, Ang II can also promote the occurrence of pulmonary edema and impair lung function.14",
      "key": "694e4eaed48ba13288d935c260de63fe",
      "line": 105,
      "relation": "association",
      "source": 40,
      "target": 1
    },
    {
      "annotations": {
        "PublicationStatus": {
          "Preprint": true
        },
        "PublicationType": {
          "Review": true
        },
        "Section": {
          "Full Text": true
        }
      },
      "citation": {
        "authors": [
          "Cheng H",
          "Wang GQ",
          "Wang Y"
        ],
        "date": "2020-03-27",
        "db": "PubMed",
        "db_id": "32221983",
        "db_name": "Journal of medical virology",
        "first": "Cheng H",
        "last": "Wang GQ"
      },
      "evidence": "It is characterized mainly by increased pulmonary vascular permeability and pulmonary edema.",
      "key": "dc26c6b733766b7a123e3d9b30c88fca",
      "line": 116,
      "relation": "association",
      "source": 12,
      "target": 30
    },
    {
      "annotations": {
        "PublicationStatus": {
          "Preprint": true
        },
        "PublicationType": {
          "Review": true
        },
        "Section": {
          "Full Text": true
        }
      },
      "citation": {
        "authors": [
          "Cheng H",
          "Wang GQ",
          "Wang Y"
        ],
        "date": "2020-03-27",
        "db": "PubMed",
        "db_id": "32221983",
        "db_name": "Journal of medical virology",
        "first": "Cheng H",
        "last": "Wang GQ"
      },
      "evidence": "It is often induced by sepsis, aspiration, and pneumonia (including that caused by SARS coronavirus, bird flu, and human influenza viruses).",
      "key": "5427a9ba17ee9711c38c4dbc0f076277",
      "line": 122,
      "relation": "increases",
      "source": 50,
      "target": 30
    },
    {
      "annotations": {
        "PublicationStatus": {
          "Preprint": true
        },
        "PublicationType": {
          "Review": true
        },
        "Section": {
          "Full Text": true
        }
      },
      "citation": {
        "authors": [
          "Cheng H",
          "Wang GQ",
          "Wang Y"
        ],
        "date": "2020-03-27",
        "db": "PubMed",
        "db_id": "32221983",
        "db_name": "Journal of medical virology",
        "first": "Cheng H",
        "last": "Wang GQ"
      },
      "evidence": "It is often induced by sepsis, aspiration, and pneumonia (including that caused by SARS coronavirus, bird flu, and human influenza viruses).",
      "key": "ae35dccdd6a5b17c0adc4f72b6029af4",
      "line": 123,
      "relation": "increases",
      "source": 44,
      "target": 30
    },
    {
      "annotations": {
        "MeSHAnatomy": {
          "Lung": true
        },
        "PublicationStatus": {
          "Preprint": true
        },
        "PublicationType": {
          "Review": true
        },
        "Section": {
          "Full Text": true
        }
      },
      "citation": {
        "authors": [
          "Cheng H",
          "Wang GQ",
          "Wang Y"
        ],
        "date": "2020-03-27",
        "db": "PubMed",
        "db_id": "32221983",
        "db_name": "Journal of medical virology",
        "first": "Cheng H",
        "last": "Wang GQ"
      },
      "evidence": "ACE2 is highly expressed in the lung, and Imai14 et al. confirmed the protective effect of ACE2 in acute lung injury.",
      "key": "2bcd0f5a6dd5a12c91ecd90705b9d524",
      "line": 130,
      "object": {
        "modifier": "Activity"
      },
      "relation": "negativeCorrelation",
      "source": 45,
      "target": 24
    },
    {
      "annotations": {
        "MeSHAnatomy": {
          "Lung": true
        },
        "PublicationStatus": {
          "Preprint": true
        },
        "PublicationType": {
          "Review": true
        },
        "Section": {
          "Full Text": true
        },
        "Species": {
          "10090": true
        }
      },
      "citation": {
        "authors": [
          "Cheng H",
          "Wang GQ",
          "Wang Y"
        ],
        "date": "2020-03-27",
        "db": "PubMed",
        "db_id": "32221983",
        "db_name": "Journal of medical virology",
        "first": "Cheng H",
        "last": "Wang GQ"
      },
      "evidence": "These mice showed increased severity of pathological conditions in acute lung injury.",
      "key": "af5c202627981c646473013c4b513b98",
      "line": 183,
      "object": {
        "modifier": "Activity"
      },
      "relation": "negativeCorrelation",
      "source": 45,
      "target": 26
    },
    {
      "annotations": {
        "MeSHAnatomy": {
          "Plasma": true
        },
        "PublicationStatus": {
          "Preprint": true
        },
        "PublicationType": {
          "Review": true
        },
        "Section": {
          "Full Text": true
        },
        "Species": {
          "10090": true
        }
      },
      "citation": {
        "authors": [
          "Cheng H",
          "Wang GQ",
          "Wang Y"
        ],
        "date": "2020-03-27",
        "db": "PubMed",
        "db_id": "32221983",
        "db_name": "Journal of medical virology",
        "first": "Cheng H",
        "last": "Wang GQ"
      },
      "evidence": "Recombinant human ACE2 (rhACE2) protein treatment could reduce plasma Ang II levels and reduce acute lung injury in ACE2 KO mice and wild- type mice",
      "key": "4855586ff5d82a3cc84ec6c93ec7a331",
      "line": 148,
      "relation": "decreases",
      "source": 4,
      "target": 1
    },
    {
      "annotations": {
        "PublicationStatus": {
          "Preprint": true
        },
        "PublicationType": {
          "Review": true
        },
        "Section": {
          "Full Text": true
        }
      },
      "citation": {
        "authors": [
          "Cheng H",
          "Wang GQ",
          "Wang Y"
        ],
        "date": "2020-03-27",
        "db": "PubMed",
        "db_id": "32221983",
        "db_name": "Journal of medical virology",
        "first": "Cheng H",
        "last": "Wang GQ"
      },
      "evidence": "RhACE2 can reduce blood pressure while reducing renal damage34",
      "key": "2d07fb3d51533cdf21423b20d632c0c6",
      "line": 295,
      "relation": "decreases",
      "source": 4,
      "target": 33
    },
    {
      "annotations": {
        "PublicationStatus": {
          "Preprint": true
        },
        "PublicationType": {
          "Review": true
        },
        "Section": {
          "Full Text": true
        }
      },
      "citation": {
        "authors": [
          "Cheng H",
          "Wang GQ",
          "Wang Y"
        ],
        "date": "2020-03-27",
        "db": "PubMed",
        "db_id": "32221983",
        "db_name": "Journal of medical virology",
        "first": "Cheng H",
        "last": "Wang GQ"
      },
      "evidence": "Studies have further demonstrated that Ang II plays a role in acute lung injury via AT1R.",
      "key": "bc2e4fefbfa3344d10eecf874d7104af",
      "line": 156,
      "relation": "increases",
      "source": 21,
      "target": 45
    },
    {
      "key": "2eddd69822628dd852f7fbede4a5e6e5",
      "relation": "partOf",
      "source": 25,
      "target": 21
    },
    {
      "annotations": {
        "MeSHAnatomy": {
          "Lung": true
        },
        "PublicationStatus": {
          "Preprint": true
        },
        "PublicationType": {
          "Review": true
        },
        "Section": {
          "Full Text": true
        },
        "Species": {
          "10090": true
        }
      },
      "citation": {
        "authors": [
          "Cheng H",
          "Wang GQ",
          "Wang Y"
        ],
        "date": "2020-03-27",
        "db": "PubMed",
        "db_id": "32221983",
        "db_name": "Journal of medical virology",
        "first": "Cheng H",
        "last": "Wang GQ"
      },
      "evidence": "These mice showed increased severity of pathological conditions in acute lung injury.",
      "key": "a87057426b5afc35452bce8643d1dbd6",
      "line": 183,
      "relation": "negativeCorrelation",
      "source": 26,
      "subject": {
        "modifier": "Activity"
      },
      "target": 45
    },
    {
      "annotations": {
        "MeSHAnatomy": {
          "Lung": true
        },
        "PublicationStatus": {
          "Preprint": true
        },
        "PublicationType": {
          "Review": true
        },
        "Section": {
          "Full Text": true
        },
        "Species": {
          "10090": true
        }
      },
      "citation": {
        "authors": [
          "Cheng H",
          "Wang GQ",
          "Wang Y"
        ],
        "date": "2020-03-27",
        "db": "PubMed",
        "db_id": "32221983",
        "db_name": "Journal of medical virology",
        "first": "Cheng H",
        "last": "Wang GQ"
      },
      "evidence": "The researchers found that SARS-CoV-infected or recombinant SARS-spike protein-treated wild-type mice exhibited significantly reduced ACE2 expression in the lungs.",
      "key": "5a38ddf730072dbfd29be468acfad470",
      "line": 176,
      "relation": "decreases",
      "source": 28,
      "target": 26
    },
    {
      "annotations": {
        "MeSHAnatomy": {
          "Lung": true
        },
        "PublicationStatus": {
          "Preprint": true
        },
        "PublicationType": {
          "Review": true
        },
        "Section": {
          "Full Text": true
        },
        "Species": {
          "10090": true
        }
      },
      "citation": {
        "authors": [
          "Cheng H",
          "Wang GQ",
          "Wang Y"
        ],
        "date": "2020-03-27",
        "db": "PubMed",
        "db_id": "32221983",
        "db_name": "Journal of medical virology",
        "first": "Cheng H",
        "last": "Wang GQ"
      },
      "evidence": "The researchers found that SARS-CoV-infected or recombinant SARS-spike protein-treated wild-type mice exhibited significantly reduced ACE2 expression in the lungs.",
      "key": "a0d96dc06817b2e7a549224e0f79f9e8",
      "line": 177,
      "relation": "association",
      "source": 28,
      "target": 8
    },
    {
      "annotations": {
        "PublicationStatus": {
          "Preprint": true
        },
        "PublicationType": {
          "Review": true
        },
        "Section": {
          "Full Text": true
        }
      },
      "citation": {
        "authors": [
          "Cheng H",
          "Wang GQ",
          "Wang Y"
        ],
        "date": "2020-03-27",
        "db": "PubMed",
        "db_id": "32221983",
        "db_name": "Journal of medical virology",
        "first": "Cheng H",
        "last": "Wang GQ"
      },
      "evidence": "Therefore, the downregulation of ACE2 expression in SARS-CoV infection may play a causal role in the pathogenesis of SARS, which provides a reasonable explanation for the progression of SARS patients into ARDS.",
      "key": "92424b3fb89d5543cd01d992e7323ff0",
      "line": 192,
      "relation": "increases",
      "source": 35,
      "target": 30
    },
    {
      "annotations": {
        "PublicationStatus": {
          "Preprint": true
        },
        "PublicationType": {
          "Review": true
        },
        "Section": {
          "Full Text": true
        }
      },
      "citation": {
        "authors": [
          "Cheng H",
          "Wang GQ",
          "Wang Y"
        ],
        "date": "2020-03-27",
        "db": "PubMed",
        "db_id": "32221983",
        "db_name": "Journal of medical virology",
        "first": "Cheng H",
        "last": "Wang GQ"
      },
      "evidence": "COVID-19 ARDS patients and SARS patients have typical ARDS pathology in the lung.17",
      "key": "68a2e0894c2d747028205ccfccb8299c",
      "line": 197,
      "relation": "increases",
      "source": 29,
      "target": 30
    },
    {
      "annotations": {
        "MeSHAnatomy": {
          "Cardiovascular System": true
        },
        "PublicationStatus": {
          "Preprint": true
        },
        "PublicationType": {
          "Review": true
        },
        "Section": {
          "Full Text": true
        }
      },
      "citation": {
        "authors": [
          "Cheng H",
          "Wang GQ",
          "Wang Y"
        ],
        "date": "2020-03-27",
        "db": "PubMed",
        "db_id": "32221983",
        "db_name": "Journal of medical virology",
        "first": "Cheng H",
        "last": "Wang GQ"
      },
      "evidence": "Ang II promotes atherosclerosis in the cardiovascular system and promotes inflammation, oxidative stress, and migration of endothelial cells and vascular smooth muscle cells.24",
      "key": "14889ec9efe40cdae2749a3e86931f60",
      "line": 214,
      "relation": "increases",
      "source": 36,
      "target": 11
    },
    {
      "annotations": {
        "MeSHAnatomy": {
          "Cardiovascular System": true
        },
        "PublicationStatus": {
          "Preprint": true
        },
        "PublicationType": {
          "Review": true
        },
        "Section": {
          "Full Text": true
        }
      },
      "citation": {
        "authors": [
          "Cheng H",
          "Wang GQ",
          "Wang Y"
        ],
        "date": "2020-03-27",
        "db": "PubMed",
        "db_id": "32221983",
        "db_name": "Journal of medical virology",
        "first": "Cheng H",
        "last": "Wang GQ"
      },
      "evidence": "Ang II promotes atherosclerosis in the cardiovascular system and promotes inflammation, oxidative stress, and migration of endothelial cells and vascular smooth muscle cells.24",
      "key": "7fc880f3c19fc11e4611e0079a1d7917",
      "line": 215,
      "relation": "increases",
      "source": 36,
      "target": 18
    },
    {
      "annotations": {
        "MeSHAnatomy": {
          "Cardiovascular System": true
        },
        "PublicationStatus": {
          "Preprint": true
        },
        "PublicationType": {
          "Review": true
        },
        "Section": {
          "Full Text": true
        }
      },
      "citation": {
        "authors": [
          "Cheng H",
          "Wang GQ",
          "Wang Y"
        ],
        "date": "2020-03-27",
        "db": "PubMed",
        "db_id": "32221983",
        "db_name": "Journal of medical virology",
        "first": "Cheng H",
        "last": "Wang GQ"
      },
      "evidence": "Ang II promotes atherosclerosis in the cardiovascular system and promotes inflammation, oxidative stress, and migration of endothelial cells and vascular smooth muscle cells.24",
      "key": "4b6a08db1eb05a27518e5d5462db8e17",
      "line": 216,
      "relation": "increases",
      "source": 36,
      "target": 9
    },
    {
      "annotations": {
        "MeSHAnatomy": {
          "Cardiovascular System": true
        },
        "PublicationStatus": {
          "Preprint": true
        },
        "PublicationType": {
          "Review": true
        },
        "Section": {
          "Full Text": true
        }
      },
      "citation": {
        "authors": [
          "Cheng H",
          "Wang GQ",
          "Wang Y"
        ],
        "date": "2020-03-27",
        "db": "PubMed",
        "db_id": "32221983",
        "db_name": "Journal of medical virology",
        "first": "Cheng H",
        "last": "Wang GQ"
      },
      "evidence": "Ang II promotes atherosclerosis in the cardiovascular system and promotes inflammation, oxidative stress, and migration of endothelial cells and vascular smooth muscle cells.24",
      "key": "f1f8d9717816d2b79eb8060b0805a374",
      "line": 217,
      "relation": "increases",
      "source": 36,
      "target": 13
    },
    {
      "annotations": {
        "Mouse_Type": {
          "ApoE-/-ACE2-/-": true
        },
        "PublicationStatus": {
          "Preprint": true
        },
        "PublicationType": {
          "Review": true
        },
        "Section": {
          "Full Text": true
        },
        "Species": {
          "10090": true
        }
      },
      "citation": {
        "authors": [
          "Cheng H",
          "Wang GQ",
          "Wang Y"
        ],
        "date": "2020-03-27",
        "db": "PubMed",
        "db_id": "32221983",
        "db_name": "Journal of medical virology",
        "first": "Cheng H",
        "last": "Wang GQ"
      },
      "evidence": "It was also found that RAS blockade could prevent atherosclerosis in ApoE/ACE2 double knockout mice.",
      "key": "9f77688bfe041721e069f2d3dde6fd86",
      "line": 272,
      "relation": "positiveCorrelation",
      "source": 36,
      "target": 41
    },
    {
      "annotations": {
        "PublicationStatus": {
          "Preprint": true
        },
        "PublicationType": {
          "Review": true
        },
        "Section": {
          "Full Text": true
        },
        "Species": {
          "10116": true
        }
      },
      "citation": {
        "authors": [
          "Cheng H",
          "Wang GQ",
          "Wang Y"
        ],
        "date": "2020-03-27",
        "db": "PubMed",
        "db_id": "32221983",
        "db_name": "Journal of medical virology",
        "first": "Cheng H",
        "last": "Wang GQ"
      },
      "evidence": "Studies by Ferrario27 and others showed that ACE2 levels increased by 4.7 and 2.8 times when blood pressure decreased after applying ACEIs (lisinopril) and ARBs (losartan) to rats.",
      "key": "e8d8d379adedd061ad2a6dfa607cb944",
      "line": 245,
      "relation": "decreases",
      "source": 2,
      "target": 37
    },
    {
      "annotations": {
        "PublicationStatus": {
          "Preprint": true
        },
        "PublicationType": {
          "Review": true
        },
        "Section": {
          "Full Text": true
        },
        "Species": {
          "10116": true
        }
      },
      "citation": {
        "authors": [
          "Cheng H",
          "Wang GQ",
          "Wang Y"
        ],
        "date": "2020-03-27",
        "db": "PubMed",
        "db_id": "32221983",
        "db_name": "Journal of medical virology",
        "first": "Cheng H",
        "last": "Wang GQ"
      },
      "evidence": "Studies by Ferrario27 and others showed that ACE2 levels increased by 4.7 and 2.8 times when blood pressure decreased after applying ACEIs (lisinopril) and ARBs (losartan) to rats.",
      "key": "f48407d4b7ce6a50d6791f689dc26a0f",
      "line": 246,
      "relation": "decreases",
      "source": 3,
      "target": 37
    },
    {
      "annotations": {
        "PublicationStatus": {
          "Preprint": true
        },
        "PublicationType": {
          "Review": true
        },
        "Section": {
          "Full Text": true
        },
        "Species": {
          "10116": true
        }
      },
      "citation": {
        "authors": [
          "Cheng H",
          "Wang GQ",
          "Wang Y"
        ],
        "date": "2020-03-27",
        "db": "PubMed",
        "db_id": "32221983",
        "db_name": "Journal of medical virology",
        "first": "Cheng H",
        "last": "Wang GQ"
      },
      "evidence": "Studies by Ferrario27 and others showed that ACE2 levels increased by 4.7 and 2.8 times when blood pressure decreased after applying ACEIs (lisinopril) and ARBs (losartan) to rats.",
      "key": "6f1c2620196cbb16fd3e2413ad163b84",
      "line": 247,
      "relation": "negativeCorrelation",
      "source": 27,
      "target": 37
    },
    {
      "annotations": {
        "Diet": {
          "Diet, High-Fat": true
        },
        "Mouse_Type": {
          "ApoE-/-": true
        },
        "PublicationStatus": {
          "Preprint": true
        },
        "PublicationType": {
          "Review": true
        },
        "Section": {
          "Full Text": true
        },
        "Species": {
          "10090": true
        }
      },
      "citation": {
        "authors": [
          "Cheng H",
          "Wang GQ",
          "Wang Y"
        ],
        "date": "2020-03-27",
        "db": "PubMed",
        "db_id": "32221983",
        "db_name": "Journal of medical virology",
        "first": "Cheng H",
        "last": "Wang GQ"
      },
      "evidence": "Animal experiments have found that Ang 1-7 infusion treatment can significantly improve vascular endothelial function and inhibit atherosclerotic lesion development in Ang 1-7 transgenic apolipoprotein E knockout (ApoE KO) mice receiving atherogenic high- fat diets28.",
      "key": "4d90059bfb2dfa53ae04ab7d10d2f038",
      "line": 259,
      "relation": "decreases",
      "source": 0,
      "target": 36
    },
    {
      "annotations": {
        "Diet": {
          "Diet, High-Fat": true
        },
        "MeSHAnatomy": {
          "Endothelium, Vascular": true
        },
        "Mouse_Type": {
          "ApoE-/-": true
        },
        "PublicationStatus": {
          "Preprint": true
        },
        "PublicationType": {
          "Review": true
        },
        "Section": {
          "Full Text": true
        },
        "Species": {
          "10090": true
        }
      },
      "citation": {
        "authors": [
          "Cheng H",
          "Wang GQ",
          "Wang Y"
        ],
        "date": "2020-03-27",
        "db": "PubMed",
        "db_id": "32221983",
        "db_name": "Journal of medical virology",
        "first": "Cheng H",
        "last": "Wang GQ"
      },
      "evidence": "Animal experiments have found that Ang 1-7 infusion treatment can significantly improve vascular endothelial function and inhibit atherosclerotic lesion development in Ang 1-7 transgenic apolipoprotein E knockout (ApoE KO) mice receiving atherogenic high- fat diets28.",
      "key": "5a3eb4934f21bcedeb7904eee0227ee4",
      "line": 261,
      "object": {
        "modifier": "Activity"
      },
      "relation": "increases",
      "source": 0,
      "target": 5
    },
    {
      "annotations": {
        "PublicationStatus": {
          "Preprint": true
        },
        "PublicationType": {
          "Review": true
        },
        "Section": {
          "Full Text": true
        }
      },
      "citation": {
        "authors": [
          "Cheng H",
          "Wang GQ",
          "Wang Y"
        ],
        "date": "2020-03-27",
        "db": "PubMed",
        "db_id": "32221983",
        "db_name": "Journal of medical virology",
        "first": "Cheng H",
        "last": "Wang GQ"
      },
      "evidence": "ACE2 can also antagonize cardiac fibrosis and ventricular remodeling caused by the long-term effects of Ang II.",
      "key": "71144fe30643a72500c428acfc8d3ddb",
      "line": 279,
      "relation": "positiveCorrelation",
      "source": 48,
      "target": 1
    },
    {
      "annotations": {
        "PublicationStatus": {
          "Preprint": true
        },
        "PublicationType": {
          "Review": true
        },
        "Section": {
          "Full Text": true
        }
      },
      "citation": {
        "authors": [
          "Cheng H",
          "Wang GQ",
          "Wang Y"
        ],
        "date": "2020-03-27",
        "db": "PubMed",
        "db_id": "32221983",
        "db_name": "Journal of medical virology",
        "first": "Cheng H",
        "last": "Wang GQ"
      },
      "evidence": "ACE2 can also antagonize cardiac fibrosis and ventricular remodeling caused by the long-term effects of Ang II.",
      "key": "52643fa2ae0ac315421360d1ae4a0971",
      "line": 280,
      "relation": "positiveCorrelation",
      "source": 42,
      "target": 1
    },
    {
      "annotations": {
        "PublicationStatus": {
          "Preprint": true
        },
        "PublicationType": {
          "Review": true
        },
        "Section": {
          "Full Text": true
        }
      },
      "citation": {
        "authors": [
          "Cheng H",
          "Wang GQ",
          "Wang Y"
        ],
        "date": "2020-03-27",
        "db": "PubMed",
        "db_id": "32221983",
        "db_name": "Journal of medical virology",
        "first": "Cheng H",
        "last": "Wang GQ"
      },
      "evidence": "RhACE2 can reduce blood pressure while reducing renal damage34",
      "key": "90fc76ca33b7bbc0bd3cf2fbdb045fcc",
      "line": 296,
      "relation": "positiveCorrelation",
      "source": 33,
      "target": 37
    },
    {
      "annotations": {
        "PublicationStatus": {
          "Preprint": true
        },
        "PublicationType": {
          "Review": true
        },
        "Section": {
          "Full Text": true
        }
      },
      "citation": {
        "authors": [
          "Cheng H",
          "Wang GQ",
          "Wang Y"
        ],
        "date": "2020-03-27",
        "db": "PubMed",
        "db_id": "32221983",
        "db_name": "Journal of medical virology",
        "first": "Cheng H",
        "last": "Wang GQ"
      },
      "evidence": "The expression of ACE2 decreases with increasing age.",
      "key": "dd894cfc0aa611292f15dc6d7c9cf2f6",
      "line": 300,
      "relation": "negativeCorrelation",
      "source": 16,
      "target": 24
    }
  ],
  "multigraph": true,
  "nodes": [
    {
      "bel": "a(CHEBI:\"Ile(5)-angiotensin II (1-7)\")",
      "concept": {
        "name": "Ile(5)-angiotensin II (1-7)",
        "namespace": "CHEBI"
      },
      "function": "Abundance",
      "id": "cc71ac1804e8f852f8f373ca3b75416c"
    },
    {
      "bel": "a(CHEBI:\"angiotensin II\")",
      "concept": {
        "name": "angiotensin II",
        "namespace": "CHEBI"
      },
      "function": "Abundance",
      "id": "17c2386466aa664335d7eeca2063bf1f"
    },
    {
      "bel": "a(CHEBI:lisinopril)",
      "concept": {
        "name": "lisinopril",
        "namespace": "CHEBI"
      },
      "function": "Abundance",
      "id": "4bc634dcbff5e91bcb1ed3882dd7fbef"
    },
    {
      "bel": "a(CHEBI:losartan)",
      "concept": {
        "name": "losartan",
        "namespace": "CHEBI"
      },
      "function": "Abundance",
      "id": "75acc65a998a7c84833f9eaafc14afa2"
    },
    {
      "bel": "a(FIXME:\"Recombinant Human Angiotensin Converting Enzyme 2 APN01\")",
      "concept": {
        "name": "Recombinant Human Angiotensin Converting Enzyme 2 APN01",
        "namespace": "FIXME"
      },
      "function": "Abundance",
      "id": "c5a932faa69c371d17ee76f509e37e3c"
    },
    {
      "bel": "a(MESH:\"Endothelial Cells\")",
      "concept": {
        "name": "Endothelial Cells",
        "namespace": "MESH"
      },
      "function": "Abundance",
      "id": "354cb7358357eee52d9c3a86b9c2c470"
    },
    {
      "bel": "a(MESH:Mortality)",
      "concept": {
        "name": "Mortality",
        "namespace": "MESH"
      },
      "function": "Abundance",
      "id": "cf219a9c8a81a7e372e19173d071eef6"
    },
    {
      "bel": "a(TAX:\"Severe acute respiratory syndrome coronavirus 2\")",
      "concept": {
        "name": "Severe acute respiratory syndrome coronavirus 2",
        "namespace": "TAX"
      },
      "function": "Abundance",
      "id": "c41851da59cc36c21b2e8acf24c1f46d"
    },
    {
      "bel": "a(TAX:\"Severe acute respiratory syndrome-related coronavirus\")",
      "concept": {
        "name": "Severe acute respiratory syndrome-related coronavirus",
        "namespace": "TAX"
      },
      "function": "Abundance",
      "id": "a824ba056422b4e42996cd3269ec9a19"
    },
    {
      "bel": "bp(GO:\"endothelial cell migration\")",
      "concept": {
        "name": "endothelial cell migration",
        "namespace": "GO"
      },
      "function": "BiologicalProcess",
      "id": "5e92c83df687e38345cabcc8f8187c88"
    },
    {
      "bel": "bp(GO:\"homeostatic process\")",
      "concept": {
        "name": "homeostatic process",
        "namespace": "GO"
      },
      "function": "BiologicalProcess",
      "id": "3af5bbcf170ce9e2018290ad406556d4"
    },
    {
      "bel": "bp(GO:\"inflammatory response\")",
      "concept": {
        "name": "inflammatory response",
        "namespace": "GO"
      },
      "function": "BiologicalProcess",
      "id": "abd32f6c5cca606061975532840db260"
    },
    {
      "bel": "bp(GO:\"negative regulation of vascular permeability\")",
      "concept": {
        "name": "negative regulation of vascular permeability",
        "namespace": "GO"
      },
      "function": "BiologicalProcess",
      "id": "29cb5d48297abc392f904f2a16f9df1a"
    },
    {
      "bel": "bp(GO:\"vascular associated smooth muscle cell migration\")",
      "concept": {
        "name": "vascular associated smooth muscle cell migration",
        "namespace": "GO"
      },
      "function": "BiologicalProcess",
      "id": "74ff84716d3412c1cb5d7b64c28da7b7"
    },
    {
      "bel": "bp(GO:\"vascular smooth muscle cell development\")",
      "concept": {
        "name": "vascular smooth muscle cell development",
        "namespace": "GO"
      },
      "function": "BiologicalProcess",
      "id": "cdeff4e49b260c13a4145366c528a9e1"
    },
    {
      "bel": "bp(GO:\"viral entry into host cell\")",
      "concept": {
        "name": "viral entry into host cell",
        "namespace": "GO"
      },
      "function": "BiologicalProcess",
      "id": "2a6e5ae8582e2cded25095e14c2ee329"
    },
    {
      "bel": "bp(GO:aging)",
      "concept": {
        "name": "aging",
        "namespace": "GO"
      },
      "function": "BiologicalProcess",
      "id": "77570756b71db14efd4d1aefc49bec11"
    },
    {
      "bel": "bp(GO:vasoconstriction)",
      "concept": {
        "name": "vasoconstriction",
        "namespace": "GO"
      },
      "function": "BiologicalProcess",
      "id": "407b9c02f282c6a2ac0ba14924d4ebd7"
    },
    {
      "bel": "bp(MESH:\"Oxidative Stress\")",
      "concept": {
        "name": "Oxidative Stress",
        "namespace": "MESH"
      },
      "function": "BiologicalProcess",
      "id": "9174b724412892a12c4da7cab55f893c"
    },
    {
      "bel": "bp(MESH:\"Renin-Angiotensin System\")",
      "concept": {
        "name": "Renin-Angiotensin System",
        "namespace": "MESH"
      },
      "function": "BiologicalProcess",
      "id": "f80fbf58ffc396be8b673c9ad4850284"
    },
    {
      "bel": "complex(a(CHEBI:\"angiotensin II\"), p(HGNC:ACE2))",
      "function": "Complex",
      "id": "c3958c118c74b752cddb16d7f168d6a8",
      "members": [
        {
          "bel": "a(CHEBI:\"angiotensin II\")",
          "concept": {
            "name": "angiotensin II",
            "namespace": "CHEBI"
          },
          "function": "Abundance",
          "id": "17c2386466aa664335d7eeca2063bf1f"
        },
        {
          "bel": "p(HGNC:ACE2)",
          "concept": {
            "name": "ACE2",
            "namespace": "HGNC"
          },
          "function": "Protein",
          "id": "bb9a231a2c68ff8f3bad2adad9ed6a94"
        }
      ]
    },
    {
      "bel": "complex(a(CHEBI:\"angiotensin II\"), p(HGNC:AGTR1))",
      "function": "Complex",
      "id": "6872471c911c339823785212ff43935f",
      "members": [
        {
          "bel": "a(CHEBI:\"angiotensin II\")",
          "concept": {
            "name": "angiotensin II",
            "namespace": "CHEBI"
          },
          "function": "Abundance",
          "id": "17c2386466aa664335d7eeca2063bf1f"
        },
        {
          "bel": "p(HGNC:AGTR1)",
          "concept": {
            "name": "AGTR1",
            "namespace": "HGNC"
          },
          "function": "Protein",
          "id": "aaf1fa632bd4a29e5095caf17491bb89"
        }
      ]
    },
    {
      "bel": "complex(a(TAX:\"Severe acute respiratory syndrome coronavirus 2\"), p(HGNC:ACE2))",
      "function": "Complex",
      "id": "146428e3b0f07633969567cac441971e",
      "members": [
        {
          "bel": "a(TAX:\"Severe acute respiratory syndrome coronavirus 2\")",
          "concept": {
            "name": "Severe acute respiratory syndrome coronavirus 2",
            "namespace": "TAX"
          },
          "function": "Abundance",
          "id": "c41851da59cc36c21b2e8acf24c1f46d"
        },
        {
          "bel": "p(HGNC:ACE2)",
          "concept": {
            "name": "ACE2",
            "namespace": "HGNC"
          },
          "function": "Protein",
          "id": "bb9a231a2c68ff8f3bad2adad9ed6a94"
        }
      ]
    },
    {
      "bel": "complex(a(TAX:\"Severe acute respiratory syndrome-related coronavirus\"), p(HGNC:ACE2))",
      "function": "Complex",
      "id": "c4918aaf8ae8229143e4b1dab5df7531",
      "members": [
        {
          "bel": "a(TAX:\"Severe acute respiratory syndrome-related coronavirus\")",
          "concept": {
            "name": "Severe acute respiratory syndrome-related coronavirus",
            "namespace": "TAX"
          },
          "function": "Abundance",
          "id": "a824ba056422b4e42996cd3269ec9a19"
        },
        {
          "bel": "p(HGNC:ACE2)",
          "concept": {
            "name": "ACE2",
            "namespace": "HGNC"
          },
          "function": "Protein",
          "id": "bb9a231a2c68ff8f3bad2adad9ed6a94"
        }
      ]
    },
    {
      "bel": "p(HGNC:ACE2)",
      "concept": {
        "name": "ACE2",
        "namespace": "HGNC"
      },
      "function": "Protein",
      "id": "bb9a231a2c68ff8f3bad2adad9ed6a94"
    },
    {
      "bel": "p(HGNC:AGTR1)",
      "concept": {
        "name": "AGTR1",
        "namespace": "HGNC"
      },
      "function": "Protein",
      "id": "aaf1fa632bd4a29e5095caf17491bb89"
    },
    {
      "bel": "p(MGI:Ace2)",
      "concept": {
        "name": "Ace2",
        "namespace": "MGI"
      },
      "function": "Protein",
      "id": "9cb4733ab4e60addd6378f9f4c97eef9"
    },
    {
      "bel": "p(RGD:Ace2)",
      "concept": {
        "name": "Ace2",
        "namespace": "RGD"
      },
      "function": "Protein",
      "id": "fc0dd4c233d000bca280022d54814417"
    },
    {
      "bel": "p(UNIPROT:P59594)",
      "concept": {
        "name": "P59594",
        "namespace": "UNIPROT"
      },
      "function": "Protein",
      "id": "7543d9372e2f08df7ae62ef5685b391b"
    },
    {
      "bel": "path(DO:\"COVID-19\")",
      "concept": {
        "name": "COVID-19",
        "namespace": "DO"
      },
      "function": "Pathology",
      "id": "6f9f1c2e8012537e503a758c6bfaff0f"
    },
    {
      "bel": "path(DO:\"adult respiratory distress syndrome\")",
      "concept": {
        "name": "adult respiratory distress syndrome",
        "namespace": "DO"
      },
      "function": "Pathology",
      "id": "13c578f210684ad9f22dd027aa28b11a"
    },
    {
      "bel": "path(DO:\"cardiovascular system disease\")",
      "concept": {
        "name": "cardiovascular system disease",
        "namespace": "DO"
      },
      "function": "Pathology",
      "id": "0dddecaa74a5cb604700b965433f853e"
    },
    {
      "bel": "path(DO:\"diabetes mellitus\")",
      "concept": {
        "name": "diabetes mellitus",
        "namespace": "DO"
      },
      "function": "Pathology",
      "id": "a851751c015aaa69ddfba6458d99c945"
    },
    {
      "bel": "path(DO:\"kidney failure\")",
      "concept": {
        "name": "kidney failure",
        "namespace": "DO"
      },
      "function": "Pathology",
      "id": "a91a69ad6d730195961ac4472b3e509b"
    },
    {
      "bel": "path(DO:\"pulmonary edema\")",
      "concept": {
        "name": "pulmonary edema",
        "namespace": "DO"
      },
      "function": "Pathology",
      "id": "e4929e22be444025c7b6bbfbed819a45"
    },
    {
      "bel": "path(DO:\"severe acute respiratory syndrome\")",
      "concept": {
        "name": "severe acute respiratory syndrome",
        "namespace": "DO"
      },
      "function": "Pathology",
      "id": "06fc6690e6ddfff254197e953a470c95"
    },
    {
      "bel": "path(DO:atherosclerosis)",
      "concept": {
        "name": "atherosclerosis",
        "namespace": "DO"
      },
      "function": "Pathology",
      "id": "98dfdc97b8dc6ddf0f96c027dc7d9fcf"
    },
    {
      "bel": "path(DO:hypertension)",
      "concept": {
        "name": "hypertension",
        "namespace": "DO"
      },
      "function": "Pathology",
      "id": "53d5b8bd814074e87b1da1ff6250dcff"
    },
    {
      "bel": "path(DO:pneumonia)",
      "concept": {
        "name": "pneumonia",
        "namespace": "DO"
      },
      "function": "Pathology",
      "id": "274776fc664e9bfd9c191cca80623b0d"
    },
    {
      "bel": "path(DO:proteinuria)",
      "concept": {
        "name": "proteinuria",
        "namespace": "DO"
      },
      "function": "Pathology",
      "id": "9ff1b5f9ecdaf8cb07bbf70d2539a401"
    },
    {
      "bel": "path(HP:\"Decreased pulmonary function\")",
      "concept": {
        "name": "Decreased pulmonary function",
        "namespace": "HP"
      },
      "function": "Pathology",
      "id": "985e801742750dc5bf1043620a8f119c"
    },
    {
      "bel": "path(HP:\"Hyperactive renin-angiotensin system\")",
      "concept": {
        "name": "Hyperactive renin-angiotensin system",
        "namespace": "HP"
      },
      "function": "Pathology",
      "id": "81957b0527a07861d182885039127ae6"
    },
    {
      "bel": "path(HP:\"Myocardial fibrosis\")",
      "concept": {
        "name": "Myocardial fibrosis",
        "namespace": "HP"
      },
      "function": "Pathology",
      "id": "ac0a0c9e60bad367e3edcb072fae5b3a"
    },
    {
      "bel": "path(HP:\"cell and tissue damage\")",
      "concept": {
        "name": "cell and tissue damage",
        "namespace": "HP"
      },
      "function": "Pathology",
      "id": "782a56cb5087b061681243638c7a4f68"
    },
    {
      "bel": "path(HP:Aspiration)",
      "concept": {
        "name": "Aspiration",
        "namespace": "HP"
      },
      "function": "Pathology",
      "id": "1ba8e7180341793ea641aaec36d051f8"
    },
    {
      "bel": "path(MESH:\"Acute Lung Injury\")",
      "concept": {
        "name": "Acute Lung Injury",
        "namespace": "MESH"
      },
      "function": "Pathology",
      "id": "6d1a5ae1c0e1803535cd6c33f4ffe717"
    },
    {
      "bel": "path(MESH:\"Lung Injury\")",
      "concept": {
        "name": "Lung Injury",
        "namespace": "MESH"
      },
      "function": "Pathology",
      "id": "0331236e5bff96357737ca4f300a8893"
    },
    {
      "bel": "path(MESH:\"Vascular Remodeling\")",
      "concept": {
        "name": "Vascular Remodeling",
        "namespace": "MESH"
      },
      "function": "Pathology",
      "id": "e76d3f871e82a4e1f83009d9b9274f75"
    },
    {
      "bel": "path(MESH:\"Ventricular Remodeling\")",
      "concept": {
        "name": "Ventricular Remodeling",
        "namespace": "MESH"
      },
      "function": "Pathology",
      "id": "e7e8612bfd2b5a58a3f6d3a9e9adeb28"
    },
    {
      "bel": "path(MESH:Hypoxia)",
      "concept": {
        "name": "Hypoxia",
        "namespace": "MESH"
      },
      "function": "Pathology",
      "id": "b120193df5ba919fde3a5c4e2b59f25f"
    },
    {
      "bel": "path(MESH:Sepsis)",
      "concept": {
        "name": "Sepsis",
        "namespace": "MESH"
      },
      "function": "Pathology",
      "id": "9ba9ef73914fe6af207a26336aafebd2"
    }
  ]
}