{
  "directed": true,
  "graph": {
    "annotation_list": {
      "Analysis": [
        "Kaplan-Meier survival curve",
        "Multivariate Cox model"
      ],
      "Cohort_Median_Age": [
        "65.5 years"
      ],
      "Custom_Disease": [
        "COVID-19"
      ],
      "PublicationStatus": [
        "Preprint"
      ],
      "PublicationType": [
        "Research"
      ],
      "Section": [
        "Results"
      ],
      "Severity": [
        "Mild",
        "Severe"
      ]
    },
    "annotation_pattern": {},
    "annotation_url": {
      "MeSHAnatomy": "https://arty.scai.fraunhofer.de/artifactory/bel/annotation/mesh-anatomy/mesh-anatomy-20190128.belanno",
      "Species": "https://arty.scai.fraunhofer.de/artifactory/bel/annotation/species-taxonomy-id/species-taxonomy-id-20170511.belanno"
    },
    "document_metadata": {
      "authors": "Geena Mariya Jose",
      "contact": "geena.mariya.jose@causalitybiomodels.com",
      "copyright": "Copyright © 2020 Fraunhofer Institute SCAI, All rights reserved",
      "description": "COVID Knowledge Curation project",
      "licenses": "Private Ownership to Fraunhofer Institute SCAI",
      "name": "32344321.bel",
      "version": "2.0.0"
    },
    "namespace_pattern": {},
    "namespace_url": {
      "DO": "https://arty.scai.fraunhofer.de/artifactory/bel/namespace/disease-ontology/disease-ontology-20200407.belns",
      "HGNC": "https://arty.scai.fraunhofer.de/artifactory/bel/namespace/hgnc/hgnc-20190708.belns",
      "HP": "https://arty.scai.fraunhofer.de/artifactory/bel/namespace/hp/hp-20190130.belns",
      "MESH": "https://arty.scai.fraunhofer.de/artifactory/bel/namespace/mesh/mesh-names-20181007.belns"
    },
    "path": "32344321.bel",
    "pybel_version": "0.14.10-dev"
  },
  "links": [
    {
      "annotations": {
        "Cohort_Median_Age": {
          "65.5 years": true
        },
        "Custom_Disease": {
          "COVID-19": true
        },
        "PublicationStatus": {
          "Preprint": true
        },
        "PublicationType": {
          "Research": true
        },
        "Section": {
          "Results": true
        },
        "Severity": {
          "Mild": true,
          "Severe": true
        },
        "Species": {
          "9606": true
        }
      },
      "citation": {
        "authors": [
          "Li B",
          "Li L",
          "Liu F",
          "Luo D",
          "Song X",
          "Wu J",
          "Xu M",
          "Zhou X",
          "Zhu Y"
        ],
        "date": "2020-04-14",
        "db": "PubMed",
        "db_id": "32344321",
        "db_name": "Prognostic value of interleukin-6, C-reactive protein, and procalcitonin in patients with COVID-19.",
        "first": "Liu F",
        "journal": "Journal of clinical virology : the official publication of the Pan American Society for Clinical Virology",
        "last": "Zhou X",
        "pages": "104370",
        "volume": "127"
      },
      "evidence": "Overall, the most common initial symptoms were fever (64.3%) and cough (45.0%), followed by fatigue, muscle soreness, and chest tightness (Table 1).",
      "key": "1916e0c9651d804257624bfd04ad4f8c",
      "line": 53,
      "relation": "association",
      "source": 3,
      "target": 12
    },
    {
      "annotations": {
        "Cohort_Median_Age": {
          "65.5 years": true
        },
        "Custom_Disease": {
          "COVID-19": true
        },
        "PublicationStatus": {
          "Preprint": true
        },
        "PublicationType": {
          "Research": true
        },
        "Section": {
          "Results": true
        },
        "Severity": {
          "Mild": true,
          "Severe": true
        },
        "Species": {
          "9606": true
        }
      },
      "citation": {
        "authors": [
          "Li B",
          "Li L",
          "Liu F",
          "Luo D",
          "Song X",
          "Wu J",
          "Xu M",
          "Zhou X",
          "Zhu Y"
        ],
        "date": "2020-04-14",
        "db": "PubMed",
        "db_id": "32344321",
        "db_name": "Prognostic value of interleukin-6, C-reactive protein, and procalcitonin in patients with COVID-19.",
        "first": "Liu F",
        "journal": "Journal of clinical virology : the official publication of the Pan American Society for Clinical Virology",
        "last": "Zhou X",
        "pages": "104370",
        "volume": "127"
      },
      "evidence": "Overall, the most common initial symptoms were fever (64.3%) and cough (45.0%), followed by fatigue, muscle soreness, and chest tightness (Table 1).",
      "key": "94357cb10b9c3416a4633e3a17a2ea36",
      "line": 54,
      "relation": "association",
      "source": 3,
      "target": 10
    },
    {
      "annotations": {
        "Cohort_Median_Age": {
          "65.5 years": true
        },
        "Custom_Disease": {
          "COVID-19": true
        },
        "PublicationStatus": {
          "Preprint": true
        },
        "PublicationType": {
          "Research": true
        },
        "Section": {
          "Results": true
        },
        "Severity": {
          "Mild": true,
          "Severe": true
        },
        "Species": {
          "9606": true
        }
      },
      "citation": {
        "authors": [
          "Li B",
          "Li L",
          "Liu F",
          "Luo D",
          "Song X",
          "Wu J",
          "Xu M",
          "Zhou X",
          "Zhu Y"
        ],
        "date": "2020-04-14",
        "db": "PubMed",
        "db_id": "32344321",
        "db_name": "Prognostic value of interleukin-6, C-reactive protein, and procalcitonin in patients with COVID-19.",
        "first": "Liu F",
        "journal": "Journal of clinical virology : the official publication of the Pan American Society for Clinical Virology",
        "last": "Zhou X",
        "pages": "104370",
        "volume": "127"
      },
      "evidence": "Overall, the most common initial symptoms were fever (64.3%) and cough (45.0%), followed by fatigue, muscle soreness, and chest tightness (Table 1).",
      "key": "44fd617502f9e54450ad542e9f577c75",
      "line": 55,
      "relation": "association",
      "source": 3,
      "target": 11
    },
    {
      "annotations": {
        "Cohort_Median_Age": {
          "65.5 years": true
        },
        "Custom_Disease": {
          "COVID-19": true
        },
        "PublicationStatus": {
          "Preprint": true
        },
        "PublicationType": {
          "Research": true
        },
        "Section": {
          "Results": true
        },
        "Severity": {
          "Mild": true,
          "Severe": true
        },
        "Species": {
          "9606": true
        }
      },
      "citation": {
        "authors": [
          "Li B",
          "Li L",
          "Liu F",
          "Luo D",
          "Song X",
          "Wu J",
          "Xu M",
          "Zhou X",
          "Zhu Y"
        ],
        "date": "2020-04-14",
        "db": "PubMed",
        "db_id": "32344321",
        "db_name": "Prognostic value of interleukin-6, C-reactive protein, and procalcitonin in patients with COVID-19.",
        "first": "Liu F",
        "journal": "Journal of clinical virology : the official publication of the Pan American Society for Clinical Virology",
        "last": "Zhou X",
        "pages": "104370",
        "volume": "127"
      },
      "evidence": "Overall, the most common initial symptoms were fever (64.3%) and cough (45.0%), followed by fatigue, muscle soreness, and chest tightness (Table 1).",
      "key": "bb676943542d44a7dcba682bba0ee621",
      "line": 56,
      "relation": "association",
      "source": 3,
      "target": 8
    },
    {
      "annotations": {
        "Cohort_Median_Age": {
          "65.5 years": true
        },
        "Custom_Disease": {
          "COVID-19": true
        },
        "PublicationStatus": {
          "Preprint": true
        },
        "PublicationType": {
          "Research": true
        },
        "Section": {
          "Results": true
        },
        "Severity": {
          "Mild": true,
          "Severe": true
        },
        "Species": {
          "9606": true
        }
      },
      "citation": {
        "authors": [
          "Li B",
          "Li L",
          "Liu F",
          "Luo D",
          "Song X",
          "Wu J",
          "Xu M",
          "Zhou X",
          "Zhu Y"
        ],
        "date": "2020-04-14",
        "db": "PubMed",
        "db_id": "32344321",
        "db_name": "Prognostic value of interleukin-6, C-reactive protein, and procalcitonin in patients with COVID-19.",
        "first": "Liu F",
        "journal": "Journal of clinical virology : the official publication of the Pan American Society for Clinical Virology",
        "last": "Zhou X",
        "pages": "104370",
        "volume": "127"
      },
      "evidence": "Most patients had comorbidities, including hypertension (45%), heart disease（25%）, diabetes（24.3%）, and respiratory diseases（11.4%）.",
      "key": "18f7497c3d7eb0037cd72891d103e232",
      "line": 60,
      "relation": "association",
      "source": 3,
      "target": 7
    },
    {
      "annotations": {
        "Cohort_Median_Age": {
          "65.5 years": true
        },
        "Custom_Disease": {
          "COVID-19": true
        },
        "PublicationStatus": {
          "Preprint": true
        },
        "PublicationType": {
          "Research": true
        },
        "Section": {
          "Results": true
        },
        "Severity": {
          "Mild": true,
          "Severe": true
        },
        "Species": {
          "9606": true
        }
      },
      "citation": {
        "authors": [
          "Li B",
          "Li L",
          "Liu F",
          "Luo D",
          "Song X",
          "Wu J",
          "Xu M",
          "Zhou X",
          "Zhu Y"
        ],
        "date": "2020-04-14",
        "db": "PubMed",
        "db_id": "32344321",
        "db_name": "Prognostic value of interleukin-6, C-reactive protein, and procalcitonin in patients with COVID-19.",
        "first": "Liu F",
        "journal": "Journal of clinical virology : the official publication of the Pan American Society for Clinical Virology",
        "last": "Zhou X",
        "pages": "104370",
        "volume": "127"
      },
      "evidence": "Most patients had comorbidities, including hypertension (45%), heart disease（25%）, diabetes（24.3%）, and respiratory diseases（11.4%）.",
      "key": "4b4591932936a575853ecaa49cbdd8c5",
      "line": 61,
      "relation": "association",
      "source": 3,
      "target": 5
    },
    {
      "annotations": {
        "Cohort_Median_Age": {
          "65.5 years": true
        },
        "Custom_Disease": {
          "COVID-19": true
        },
        "PublicationStatus": {
          "Preprint": true
        },
        "PublicationType": {
          "Research": true
        },
        "Section": {
          "Results": true
        },
        "Severity": {
          "Mild": true,
          "Severe": true
        },
        "Species": {
          "9606": true
        }
      },
      "citation": {
        "authors": [
          "Li B",
          "Li L",
          "Liu F",
          "Luo D",
          "Song X",
          "Wu J",
          "Xu M",
          "Zhou X",
          "Zhu Y"
        ],
        "date": "2020-04-14",
        "db": "PubMed",
        "db_id": "32344321",
        "db_name": "Prognostic value of interleukin-6, C-reactive protein, and procalcitonin in patients with COVID-19.",
        "first": "Liu F",
        "journal": "Journal of clinical virology : the official publication of the Pan American Society for Clinical Virology",
        "last": "Zhou X",
        "pages": "104370",
        "volume": "127"
      },
      "evidence": "Most patients had comorbidities, including hypertension (45%), heart disease（25%）, diabetes（24.3%）, and respiratory diseases（11.4%）.",
      "key": "dc335161524b47230dd41af4d14d7d6f",
      "line": 62,
      "relation": "association",
      "source": 3,
      "target": 4
    },
    {
      "annotations": {
        "Cohort_Median_Age": {
          "65.5 years": true
        },
        "Custom_Disease": {
          "COVID-19": true
        },
        "PublicationStatus": {
          "Preprint": true
        },
        "PublicationType": {
          "Research": true
        },
        "Section": {
          "Results": true
        },
        "Severity": {
          "Mild": true,
          "Severe": true
        },
        "Species": {
          "9606": true
        }
      },
      "citation": {
        "authors": [
          "Li B",
          "Li L",
          "Liu F",
          "Luo D",
          "Song X",
          "Wu J",
          "Xu M",
          "Zhou X",
          "Zhu Y"
        ],
        "date": "2020-04-14",
        "db": "PubMed",
        "db_id": "32344321",
        "db_name": "Prognostic value of interleukin-6, C-reactive protein, and procalcitonin in patients with COVID-19.",
        "first": "Liu F",
        "journal": "Journal of clinical virology : the official publication of the Pan American Society for Clinical Virology",
        "last": "Zhou X",
        "pages": "104370",
        "volume": "127"
      },
      "evidence": "Most patients had comorbidities, including hypertension (45%), heart disease（25%）, diabetes（24.3%）, and respiratory diseases（11.4%）.",
      "key": "eab48cf32000e324f405208313fa2ff3",
      "line": 63,
      "relation": "association",
      "source": 3,
      "target": 6
    },
    {
      "annotations": {
        "Cohort_Median_Age": {
          "65.5 years": true
        },
        "Custom_Disease": {
          "COVID-19": true
        },
        "MeSHAnatomy": {
          "Serum": true
        },
        "PublicationStatus": {
          "Preprint": true
        },
        "PublicationType": {
          "Research": true
        },
        "Section": {
          "Results": true
        },
        "Severity": {
          "Severe": true
        },
        "Species": {
          "9606": true
        }
      },
      "citation": {
        "authors": [
          "Li B",
          "Li L",
          "Liu F",
          "Luo D",
          "Song X",
          "Wu J",
          "Xu M",
          "Zhou X",
          "Zhu Y"
        ],
        "date": "2020-04-14",
        "db": "PubMed",
        "db_id": "32344321",
        "db_name": "Prognostic value of interleukin-6, C-reactive protein, and procalcitonin in patients with COVID-19.",
        "first": "Liu F",
        "journal": "Journal of clinical virology : the official publication of the Pan American Society for Clinical Virology",
        "last": "Zhou X",
        "pages": "104370",
        "volume": "127"
      },
      "evidence": "The proportion of patients with increased levels of IL-6, CRP, and PCT was significantly higher in the SG (P<0.001, p<0.001, and p=0.025 for IL-6, CRP, and PCT, respectively) (Table 2 and Figure 1).",
      "key": "a0b1aeb6cb0790390605bf867a8f2f4a",
      "line": 69,
      "relation": "positiveCorrelation",
      "source": 3,
      "target": 2
    },
    {
      "annotations": {
        "Cohort_Median_Age": {
          "65.5 years": true
        },
        "Custom_Disease": {
          "COVID-19": true
        },
        "MeSHAnatomy": {
          "Serum": true
        },
        "PublicationStatus": {
          "Preprint": true
        },
        "PublicationType": {
          "Research": true
        },
        "Section": {
          "Results": true
        },
        "Severity": {
          "Severe": true
        },
        "Species": {
          "9606": true
        }
      },
      "citation": {
        "authors": [
          "Li B",
          "Li L",
          "Liu F",
          "Luo D",
          "Song X",
          "Wu J",
          "Xu M",
          "Zhou X",
          "Zhu Y"
        ],
        "date": "2020-04-14",
        "db": "PubMed",
        "db_id": "32344321",
        "db_name": "Prognostic value of interleukin-6, C-reactive protein, and procalcitonin in patients with COVID-19.",
        "first": "Liu F",
        "journal": "Journal of clinical virology : the official publication of the Pan American Society for Clinical Virology",
        "last": "Zhou X",
        "pages": "104370",
        "volume": "127"
      },
      "evidence": "The proportion of patients with increased levels of IL-6, CRP, and PCT was significantly higher in the SG (P<0.001, p<0.001, and p=0.025 for IL-6, CRP, and PCT, respectively) (Table 2 and Figure 1).",
      "key": "618629530fc55017319a35f7ec1a3d9e",
      "line": 70,
      "relation": "positiveCorrelation",
      "source": 3,
      "target": 1
    },
    {
      "annotations": {
        "Cohort_Median_Age": {
          "65.5 years": true
        },
        "Custom_Disease": {
          "COVID-19": true
        },
        "MeSHAnatomy": {
          "Serum": true
        },
        "PublicationStatus": {
          "Preprint": true
        },
        "PublicationType": {
          "Research": true
        },
        "Section": {
          "Results": true
        },
        "Severity": {
          "Severe": true
        },
        "Species": {
          "9606": true
        }
      },
      "citation": {
        "authors": [
          "Li B",
          "Li L",
          "Liu F",
          "Luo D",
          "Song X",
          "Wu J",
          "Xu M",
          "Zhou X",
          "Zhu Y"
        ],
        "date": "2020-04-14",
        "db": "PubMed",
        "db_id": "32344321",
        "db_name": "Prognostic value of interleukin-6, C-reactive protein, and procalcitonin in patients with COVID-19.",
        "first": "Liu F",
        "journal": "Journal of clinical virology : the official publication of the Pan American Society for Clinical Virology",
        "last": "Zhou X",
        "pages": "104370",
        "volume": "127"
      },
      "evidence": "The proportion of patients with increased levels of IL-6, CRP, and PCT was significantly higher in the SG (P<0.001, p<0.001, and p=0.025 for IL-6, CRP, and PCT, respectively) (Table 2 and Figure 1).",
      "key": "cd004e737f489bc5a36082016630a622",
      "line": 71,
      "relation": "positiveCorrelation",
      "source": 3,
      "target": 0
    },
    {
      "annotations": {
        "Cohort_Median_Age": {
          "65.5 years": true
        },
        "Custom_Disease": {
          "COVID-19": true
        },
        "PublicationStatus": {
          "Preprint": true
        },
        "PublicationType": {
          "Research": true
        },
        "Section": {
          "Results": true
        },
        "Severity": {
          "Mild": true,
          "Severe": true
        },
        "Species": {
          "9606": true
        }
      },
      "citation": {
        "authors": [
          "Li B",
          "Li L",
          "Liu F",
          "Luo D",
          "Song X",
          "Wu J",
          "Xu M",
          "Zhou X",
          "Zhu Y"
        ],
        "date": "2020-04-14",
        "db": "PubMed",
        "db_id": "32344321",
        "db_name": "Prognostic value of interleukin-6, C-reactive protein, and procalcitonin in patients with COVID-19.",
        "first": "Liu F",
        "journal": "Journal of clinical virology : the official publication of the Pan American Society for Clinical Virology",
        "last": "Zhou X",
        "pages": "104370",
        "volume": "127"
      },
      "evidence": "Overall, the most common initial symptoms were fever (64.3%) and cough (45.0%), followed by fatigue, muscle soreness, and chest tightness (Table 1).",
      "key": "a6e019556688048ed53186bc469b844f",
      "line": 53,
      "relation": "association",
      "source": 12,
      "target": 3
    },
    {
      "annotations": {
        "Cohort_Median_Age": {
          "65.5 years": true
        },
        "Custom_Disease": {
          "COVID-19": true
        },
        "PublicationStatus": {
          "Preprint": true
        },
        "PublicationType": {
          "Research": true
        },
        "Section": {
          "Results": true
        },
        "Severity": {
          "Mild": true,
          "Severe": true
        },
        "Species": {
          "9606": true
        }
      },
      "citation": {
        "authors": [
          "Li B",
          "Li L",
          "Liu F",
          "Luo D",
          "Song X",
          "Wu J",
          "Xu M",
          "Zhou X",
          "Zhu Y"
        ],
        "date": "2020-04-14",
        "db": "PubMed",
        "db_id": "32344321",
        "db_name": "Prognostic value of interleukin-6, C-reactive protein, and procalcitonin in patients with COVID-19.",
        "first": "Liu F",
        "journal": "Journal of clinical virology : the official publication of the Pan American Society for Clinical Virology",
        "last": "Zhou X",
        "pages": "104370",
        "volume": "127"
      },
      "evidence": "Overall, the most common initial symptoms were fever (64.3%) and cough (45.0%), followed by fatigue, muscle soreness, and chest tightness (Table 1).",
      "key": "02eb139a42495c146c4383696f0f5175",
      "line": 54,
      "relation": "association",
      "source": 10,
      "target": 3
    },
    {
      "annotations": {
        "Cohort_Median_Age": {
          "65.5 years": true
        },
        "Custom_Disease": {
          "COVID-19": true
        },
        "PublicationStatus": {
          "Preprint": true
        },
        "PublicationType": {
          "Research": true
        },
        "Section": {
          "Results": true
        },
        "Severity": {
          "Mild": true,
          "Severe": true
        },
        "Species": {
          "9606": true
        }
      },
      "citation": {
        "authors": [
          "Li B",
          "Li L",
          "Liu F",
          "Luo D",
          "Song X",
          "Wu J",
          "Xu M",
          "Zhou X",
          "Zhu Y"
        ],
        "date": "2020-04-14",
        "db": "PubMed",
        "db_id": "32344321",
        "db_name": "Prognostic value of interleukin-6, C-reactive protein, and procalcitonin in patients with COVID-19.",
        "first": "Liu F",
        "journal": "Journal of clinical virology : the official publication of the Pan American Society for Clinical Virology",
        "last": "Zhou X",
        "pages": "104370",
        "volume": "127"
      },
      "evidence": "Overall, the most common initial symptoms were fever (64.3%) and cough (45.0%), followed by fatigue, muscle soreness, and chest tightness (Table 1).",
      "key": "76eb80fac70590be41c8e59af310073a",
      "line": 55,
      "relation": "association",
      "source": 11,
      "target": 3
    },
    {
      "annotations": {
        "Cohort_Median_Age": {
          "65.5 years": true
        },
        "Custom_Disease": {
          "COVID-19": true
        },
        "PublicationStatus": {
          "Preprint": true
        },
        "PublicationType": {
          "Research": true
        },
        "Section": {
          "Results": true
        },
        "Severity": {
          "Mild": true,
          "Severe": true
        },
        "Species": {
          "9606": true
        }
      },
      "citation": {
        "authors": [
          "Li B",
          "Li L",
          "Liu F",
          "Luo D",
          "Song X",
          "Wu J",
          "Xu M",
          "Zhou X",
          "Zhu Y"
        ],
        "date": "2020-04-14",
        "db": "PubMed",
        "db_id": "32344321",
        "db_name": "Prognostic value of interleukin-6, C-reactive protein, and procalcitonin in patients with COVID-19.",
        "first": "Liu F",
        "journal": "Journal of clinical virology : the official publication of the Pan American Society for Clinical Virology",
        "last": "Zhou X",
        "pages": "104370",
        "volume": "127"
      },
      "evidence": "Overall, the most common initial symptoms were fever (64.3%) and cough (45.0%), followed by fatigue, muscle soreness, and chest tightness (Table 1).",
      "key": "ed4f050e4f5ff83bfec66fbea471de6e",
      "line": 56,
      "relation": "association",
      "source": 8,
      "target": 3
    },
    {
      "annotations": {
        "Cohort_Median_Age": {
          "65.5 years": true
        },
        "Custom_Disease": {
          "COVID-19": true
        },
        "PublicationStatus": {
          "Preprint": true
        },
        "PublicationType": {
          "Research": true
        },
        "Section": {
          "Results": true
        },
        "Severity": {
          "Mild": true,
          "Severe": true
        },
        "Species": {
          "9606": true
        }
      },
      "citation": {
        "authors": [
          "Li B",
          "Li L",
          "Liu F",
          "Luo D",
          "Song X",
          "Wu J",
          "Xu M",
          "Zhou X",
          "Zhu Y"
        ],
        "date": "2020-04-14",
        "db": "PubMed",
        "db_id": "32344321",
        "db_name": "Prognostic value of interleukin-6, C-reactive protein, and procalcitonin in patients with COVID-19.",
        "first": "Liu F",
        "journal": "Journal of clinical virology : the official publication of the Pan American Society for Clinical Virology",
        "last": "Zhou X",
        "pages": "104370",
        "volume": "127"
      },
      "evidence": "Most patients had comorbidities, including hypertension (45%), heart disease（25%）, diabetes（24.3%）, and respiratory diseases（11.4%）.",
      "key": "14c40927ee03f4f898b3d62cf95029aa",
      "line": 60,
      "relation": "association",
      "source": 7,
      "target": 3
    },
    {
      "annotations": {
        "Cohort_Median_Age": {
          "65.5 years": true
        },
        "Custom_Disease": {
          "COVID-19": true
        },
        "PublicationStatus": {
          "Preprint": true
        },
        "PublicationType": {
          "Research": true
        },
        "Section": {
          "Results": true
        },
        "Severity": {
          "Mild": true,
          "Severe": true
        },
        "Species": {
          "9606": true
        }
      },
      "citation": {
        "authors": [
          "Li B",
          "Li L",
          "Liu F",
          "Luo D",
          "Song X",
          "Wu J",
          "Xu M",
          "Zhou X",
          "Zhu Y"
        ],
        "date": "2020-04-14",
        "db": "PubMed",
        "db_id": "32344321",
        "db_name": "Prognostic value of interleukin-6, C-reactive protein, and procalcitonin in patients with COVID-19.",
        "first": "Liu F",
        "journal": "Journal of clinical virology : the official publication of the Pan American Society for Clinical Virology",
        "last": "Zhou X",
        "pages": "104370",
        "volume": "127"
      },
      "evidence": "Most patients had comorbidities, including hypertension (45%), heart disease（25%）, diabetes（24.3%）, and respiratory diseases（11.4%）.",
      "key": "02e79352bfa6490e32e98a66fb3c6ae9",
      "line": 61,
      "relation": "association",
      "source": 5,
      "target": 3
    },
    {
      "annotations": {
        "Cohort_Median_Age": {
          "65.5 years": true
        },
        "Custom_Disease": {
          "COVID-19": true
        },
        "PublicationStatus": {
          "Preprint": true
        },
        "PublicationType": {
          "Research": true
        },
        "Section": {
          "Results": true
        },
        "Severity": {
          "Mild": true,
          "Severe": true
        },
        "Species": {
          "9606": true
        }
      },
      "citation": {
        "authors": [
          "Li B",
          "Li L",
          "Liu F",
          "Luo D",
          "Song X",
          "Wu J",
          "Xu M",
          "Zhou X",
          "Zhu Y"
        ],
        "date": "2020-04-14",
        "db": "PubMed",
        "db_id": "32344321",
        "db_name": "Prognostic value of interleukin-6, C-reactive protein, and procalcitonin in patients with COVID-19.",
        "first": "Liu F",
        "journal": "Journal of clinical virology : the official publication of the Pan American Society for Clinical Virology",
        "last": "Zhou X",
        "pages": "104370",
        "volume": "127"
      },
      "evidence": "Most patients had comorbidities, including hypertension (45%), heart disease（25%）, diabetes（24.3%）, and respiratory diseases（11.4%）.",
      "key": "06bb6518c49eb1626d74c55bd6d989f7",
      "line": 62,
      "relation": "association",
      "source": 4,
      "target": 3
    },
    {
      "annotations": {
        "Cohort_Median_Age": {
          "65.5 years": true
        },
        "Custom_Disease": {
          "COVID-19": true
        },
        "PublicationStatus": {
          "Preprint": true
        },
        "PublicationType": {
          "Research": true
        },
        "Section": {
          "Results": true
        },
        "Severity": {
          "Mild": true,
          "Severe": true
        },
        "Species": {
          "9606": true
        }
      },
      "citation": {
        "authors": [
          "Li B",
          "Li L",
          "Liu F",
          "Luo D",
          "Song X",
          "Wu J",
          "Xu M",
          "Zhou X",
          "Zhu Y"
        ],
        "date": "2020-04-14",
        "db": "PubMed",
        "db_id": "32344321",
        "db_name": "Prognostic value of interleukin-6, C-reactive protein, and procalcitonin in patients with COVID-19.",
        "first": "Liu F",
        "journal": "Journal of clinical virology : the official publication of the Pan American Society for Clinical Virology",
        "last": "Zhou X",
        "pages": "104370",
        "volume": "127"
      },
      "evidence": "Most patients had comorbidities, including hypertension (45%), heart disease（25%）, diabetes（24.3%）, and respiratory diseases（11.4%）.",
      "key": "e97f3d4284c526d581cd68581e67cd75",
      "line": 63,
      "relation": "association",
      "source": 6,
      "target": 3
    },
    {
      "annotations": {
        "Cohort_Median_Age": {
          "65.5 years": true
        },
        "Custom_Disease": {
          "COVID-19": true
        },
        "MeSHAnatomy": {
          "Serum": true
        },
        "PublicationStatus": {
          "Preprint": true
        },
        "PublicationType": {
          "Research": true
        },
        "Section": {
          "Results": true
        },
        "Severity": {
          "Severe": true
        },
        "Species": {
          "9606": true
        }
      },
      "citation": {
        "authors": [
          "Li B",
          "Li L",
          "Liu F",
          "Luo D",
          "Song X",
          "Wu J",
          "Xu M",
          "Zhou X",
          "Zhu Y"
        ],
        "date": "2020-04-14",
        "db": "PubMed",
        "db_id": "32344321",
        "db_name": "Prognostic value of interleukin-6, C-reactive protein, and procalcitonin in patients with COVID-19.",
        "first": "Liu F",
        "journal": "Journal of clinical virology : the official publication of the Pan American Society for Clinical Virology",
        "last": "Zhou X",
        "pages": "104370",
        "volume": "127"
      },
      "evidence": "The proportion of patients with increased levels of IL-6, CRP, and PCT was significantly higher in the SG (P<0.001, p<0.001, and p=0.025 for IL-6, CRP, and PCT, respectively) (Table 2 and Figure 1).",
      "key": "d6cccef232e06aef1330b99056926267",
      "line": 69,
      "relation": "positiveCorrelation",
      "source": 2,
      "target": 3
    },
    {
      "annotations": {
        "Analysis": {
          "Kaplan-Meier survival curve": true
        },
        "Cohort_Median_Age": {
          "65.5 years": true
        },
        "Custom_Disease": {
          "COVID-19": true
        },
        "PublicationStatus": {
          "Preprint": true
        },
        "PublicationType": {
          "Research": true
        },
        "Section": {
          "Results": true
        },
        "Species": {
          "9606": true
        }
      },
      "citation": {
        "authors": [
          "Li B",
          "Li L",
          "Liu F",
          "Luo D",
          "Song X",
          "Wu J",
          "Xu M",
          "Zhou X",
          "Zhu Y"
        ],
        "date": "2020-04-14",
        "db": "PubMed",
        "db_id": "32344321",
        "db_name": "Prognostic value of interleukin-6, C-reactive protein, and procalcitonin in patients with COVID-19.",
        "first": "Liu F",
        "journal": "Journal of clinical virology : the official publication of the Pan American Society for Clinical Virology",
        "last": "Zhou X",
        "pages": "104370",
        "volume": "127"
      },
      "evidence": "Kaplan-Meier survival curves showed that patients with IL-6, CRP, or PCT higher than the optimal threshold had a significantly higher probability of developing severe disease (log-rank, P<0.0001, Figure 3).",
      "key": "7f08ecac854de17c61170984f1a3b443",
      "line": 78,
      "relation": "positiveCorrelation",
      "source": 2,
      "target": 9
    },
    {
      "annotations": {
        "Analysis": {
          "Multivariate Cox model": true
        },
        "Cohort_Median_Age": {
          "65.5 years": true
        },
        "Custom_Disease": {
          "COVID-19": true
        },
        "PublicationStatus": {
          "Preprint": true
        },
        "PublicationType": {
          "Research": true
        },
        "Section": {
          "Results": true
        },
        "Species": {
          "9606": true
        }
      },
      "citation": {
        "authors": [
          "Li B",
          "Li L",
          "Liu F",
          "Luo D",
          "Song X",
          "Wu J",
          "Xu M",
          "Zhou X",
          "Zhu Y"
        ],
        "date": "2020-04-14",
        "db": "PubMed",
        "db_id": "32344321",
        "db_name": "Prognostic value of interleukin-6, C-reactive protein, and procalcitonin in patients with COVID-19.",
        "first": "Liu F",
        "journal": "Journal of clinical virology : the official publication of the Pan American Society for Clinical Virology",
        "last": "Zhou X",
        "pages": "104370",
        "volume": "127"
      },
      "evidence": "The multivariate Cox model showed that IL-6 (P<0.001), CRP (P<0.001), and PCT (P=0.002) could be used as independent factors to predict the severity of COVID-19",
      "key": "63c4f4ea5c74663f6d77776211d91261",
      "line": 85,
      "relation": "positiveCorrelation",
      "source": 2,
      "target": 9
    },
    {
      "annotations": {
        "Cohort_Median_Age": {
          "65.5 years": true
        },
        "Custom_Disease": {
          "COVID-19": true
        },
        "MeSHAnatomy": {
          "Serum": true
        },
        "PublicationStatus": {
          "Preprint": true
        },
        "PublicationType": {
          "Research": true
        },
        "Section": {
          "Results": true
        },
        "Severity": {
          "Severe": true
        },
        "Species": {
          "9606": true
        }
      },
      "citation": {
        "authors": [
          "Li B",
          "Li L",
          "Liu F",
          "Luo D",
          "Song X",
          "Wu J",
          "Xu M",
          "Zhou X",
          "Zhu Y"
        ],
        "date": "2020-04-14",
        "db": "PubMed",
        "db_id": "32344321",
        "db_name": "Prognostic value of interleukin-6, C-reactive protein, and procalcitonin in patients with COVID-19.",
        "first": "Liu F",
        "journal": "Journal of clinical virology : the official publication of the Pan American Society for Clinical Virology",
        "last": "Zhou X",
        "pages": "104370",
        "volume": "127"
      },
      "evidence": "The proportion of patients with increased levels of IL-6, CRP, and PCT was significantly higher in the SG (P<0.001, p<0.001, and p=0.025 for IL-6, CRP, and PCT, respectively) (Table 2 and Figure 1).",
      "key": "afe7a7dbebdc77c879b71ada8b35d440",
      "line": 70,
      "relation": "positiveCorrelation",
      "source": 1,
      "target": 3
    },
    {
      "annotations": {
        "Analysis": {
          "Kaplan-Meier survival curve": true
        },
        "Cohort_Median_Age": {
          "65.5 years": true
        },
        "Custom_Disease": {
          "COVID-19": true
        },
        "PublicationStatus": {
          "Preprint": true
        },
        "PublicationType": {
          "Research": true
        },
        "Section": {
          "Results": true
        },
        "Species": {
          "9606": true
        }
      },
      "citation": {
        "authors": [
          "Li B",
          "Li L",
          "Liu F",
          "Luo D",
          "Song X",
          "Wu J",
          "Xu M",
          "Zhou X",
          "Zhu Y"
        ],
        "date": "2020-04-14",
        "db": "PubMed",
        "db_id": "32344321",
        "db_name": "Prognostic value of interleukin-6, C-reactive protein, and procalcitonin in patients with COVID-19.",
        "first": "Liu F",
        "journal": "Journal of clinical virology : the official publication of the Pan American Society for Clinical Virology",
        "last": "Zhou X",
        "pages": "104370",
        "volume": "127"
      },
      "evidence": "Kaplan-Meier survival curves showed that patients with IL-6, CRP, or PCT higher than the optimal threshold had a significantly higher probability of developing severe disease (log-rank, P<0.0001, Figure 3).",
      "key": "630f6fa8afb4cb08a9b8df10e07b2d9b",
      "line": 79,
      "relation": "positiveCorrelation",
      "source": 1,
      "target": 9
    },
    {
      "annotations": {
        "Analysis": {
          "Multivariate Cox model": true
        },
        "Cohort_Median_Age": {
          "65.5 years": true
        },
        "Custom_Disease": {
          "COVID-19": true
        },
        "PublicationStatus": {
          "Preprint": true
        },
        "PublicationType": {
          "Research": true
        },
        "Section": {
          "Results": true
        },
        "Species": {
          "9606": true
        }
      },
      "citation": {
        "authors": [
          "Li B",
          "Li L",
          "Liu F",
          "Luo D",
          "Song X",
          "Wu J",
          "Xu M",
          "Zhou X",
          "Zhu Y"
        ],
        "date": "2020-04-14",
        "db": "PubMed",
        "db_id": "32344321",
        "db_name": "Prognostic value of interleukin-6, C-reactive protein, and procalcitonin in patients with COVID-19.",
        "first": "Liu F",
        "journal": "Journal of clinical virology : the official publication of the Pan American Society for Clinical Virology",
        "last": "Zhou X",
        "pages": "104370",
        "volume": "127"
      },
      "evidence": "The multivariate Cox model showed that IL-6 (P<0.001), CRP (P<0.001), and PCT (P=0.002) could be used as independent factors to predict the severity of COVID-19",
      "key": "84b0cbf96329906b9591190f62ec4de1",
      "line": 86,
      "relation": "positiveCorrelation",
      "source": 1,
      "target": 9
    },
    {
      "annotations": {
        "Cohort_Median_Age": {
          "65.5 years": true
        },
        "Custom_Disease": {
          "COVID-19": true
        },
        "MeSHAnatomy": {
          "Serum": true
        },
        "PublicationStatus": {
          "Preprint": true
        },
        "PublicationType": {
          "Research": true
        },
        "Section": {
          "Results": true
        },
        "Severity": {
          "Severe": true
        },
        "Species": {
          "9606": true
        }
      },
      "citation": {
        "authors": [
          "Li B",
          "Li L",
          "Liu F",
          "Luo D",
          "Song X",
          "Wu J",
          "Xu M",
          "Zhou X",
          "Zhu Y"
        ],
        "date": "2020-04-14",
        "db": "PubMed",
        "db_id": "32344321",
        "db_name": "Prognostic value of interleukin-6, C-reactive protein, and procalcitonin in patients with COVID-19.",
        "first": "Liu F",
        "journal": "Journal of clinical virology : the official publication of the Pan American Society for Clinical Virology",
        "last": "Zhou X",
        "pages": "104370",
        "volume": "127"
      },
      "evidence": "The proportion of patients with increased levels of IL-6, CRP, and PCT was significantly higher in the SG (P<0.001, p<0.001, and p=0.025 for IL-6, CRP, and PCT, respectively) (Table 2 and Figure 1).",
      "key": "59124bf9ad6e410144d17622735a717e",
      "line": 71,
      "relation": "positiveCorrelation",
      "source": 0,
      "target": 3
    },
    {
      "annotations": {
        "Analysis": {
          "Kaplan-Meier survival curve": true
        },
        "Cohort_Median_Age": {
          "65.5 years": true
        },
        "Custom_Disease": {
          "COVID-19": true
        },
        "PublicationStatus": {
          "Preprint": true
        },
        "PublicationType": {
          "Research": true
        },
        "Section": {
          "Results": true
        },
        "Species": {
          "9606": true
        }
      },
      "citation": {
        "authors": [
          "Li B",
          "Li L",
          "Liu F",
          "Luo D",
          "Song X",
          "Wu J",
          "Xu M",
          "Zhou X",
          "Zhu Y"
        ],
        "date": "2020-04-14",
        "db": "PubMed",
        "db_id": "32344321",
        "db_name": "Prognostic value of interleukin-6, C-reactive protein, and procalcitonin in patients with COVID-19.",
        "first": "Liu F",
        "journal": "Journal of clinical virology : the official publication of the Pan American Society for Clinical Virology",
        "last": "Zhou X",
        "pages": "104370",
        "volume": "127"
      },
      "evidence": "Kaplan-Meier survival curves showed that patients with IL-6, CRP, or PCT higher than the optimal threshold had a significantly higher probability of developing severe disease (log-rank, P<0.0001, Figure 3).",
      "key": "eb4668ebfe3a9eb1249b0284f50010f6",
      "line": 80,
      "relation": "positiveCorrelation",
      "source": 0,
      "target": 9
    },
    {
      "annotations": {
        "Analysis": {
          "Multivariate Cox model": true
        },
        "Cohort_Median_Age": {
          "65.5 years": true
        },
        "Custom_Disease": {
          "COVID-19": true
        },
        "PublicationStatus": {
          "Preprint": true
        },
        "PublicationType": {
          "Research": true
        },
        "Section": {
          "Results": true
        },
        "Species": {
          "9606": true
        }
      },
      "citation": {
        "authors": [
          "Li B",
          "Li L",
          "Liu F",
          "Luo D",
          "Song X",
          "Wu J",
          "Xu M",
          "Zhou X",
          "Zhu Y"
        ],
        "date": "2020-04-14",
        "db": "PubMed",
        "db_id": "32344321",
        "db_name": "Prognostic value of interleukin-6, C-reactive protein, and procalcitonin in patients with COVID-19.",
        "first": "Liu F",
        "journal": "Journal of clinical virology : the official publication of the Pan American Society for Clinical Virology",
        "last": "Zhou X",
        "pages": "104370",
        "volume": "127"
      },
      "evidence": "The multivariate Cox model showed that IL-6 (P<0.001), CRP (P<0.001), and PCT (P=0.002) could be used as independent factors to predict the severity of COVID-19",
      "key": "6b82b1b7672e79664cbe311ae36a420f",
      "line": 87,
      "relation": "positiveCorrelation",
      "source": 0,
      "target": 9
    },
    {
      "annotations": {
        "Analysis": {
          "Kaplan-Meier survival curve": true
        },
        "Cohort_Median_Age": {
          "65.5 years": true
        },
        "Custom_Disease": {
          "COVID-19": true
        },
        "PublicationStatus": {
          "Preprint": true
        },
        "PublicationType": {
          "Research": true
        },
        "Section": {
          "Results": true
        },
        "Species": {
          "9606": true
        }
      },
      "citation": {
        "authors": [
          "Li B",
          "Li L",
          "Liu F",
          "Luo D",
          "Song X",
          "Wu J",
          "Xu M",
          "Zhou X",
          "Zhu Y"
        ],
        "date": "2020-04-14",
        "db": "PubMed",
        "db_id": "32344321",
        "db_name": "Prognostic value of interleukin-6, C-reactive protein, and procalcitonin in patients with COVID-19.",
        "first": "Liu F",
        "journal": "Journal of clinical virology : the official publication of the Pan American Society for Clinical Virology",
        "last": "Zhou X",
        "pages": "104370",
        "volume": "127"
      },
      "evidence": "Kaplan-Meier survival curves showed that patients with IL-6, CRP, or PCT higher than the optimal threshold had a significantly higher probability of developing severe disease (log-rank, P<0.0001, Figure 3).",
      "key": "00d1df196f2f02d42ef55f08a3d28c43",
      "line": 78,
      "relation": "positiveCorrelation",
      "source": 9,
      "target": 2
    },
    {
      "annotations": {
        "Analysis": {
          "Multivariate Cox model": true
        },
        "Cohort_Median_Age": {
          "65.5 years": true
        },
        "Custom_Disease": {
          "COVID-19": true
        },
        "PublicationStatus": {
          "Preprint": true
        },
        "PublicationType": {
          "Research": true
        },
        "Section": {
          "Results": true
        },
        "Species": {
          "9606": true
        }
      },
      "citation": {
        "authors": [
          "Li B",
          "Li L",
          "Liu F",
          "Luo D",
          "Song X",
          "Wu J",
          "Xu M",
          "Zhou X",
          "Zhu Y"
        ],
        "date": "2020-04-14",
        "db": "PubMed",
        "db_id": "32344321",
        "db_name": "Prognostic value of interleukin-6, C-reactive protein, and procalcitonin in patients with COVID-19.",
        "first": "Liu F",
        "journal": "Journal of clinical virology : the official publication of the Pan American Society for Clinical Virology",
        "last": "Zhou X",
        "pages": "104370",
        "volume": "127"
      },
      "evidence": "The multivariate Cox model showed that IL-6 (P<0.001), CRP (P<0.001), and PCT (P=0.002) could be used as independent factors to predict the severity of COVID-19",
      "key": "b4d8d501810e006b07c6bc241e887182",
      "line": 85,
      "relation": "positiveCorrelation",
      "source": 9,
      "target": 2
    },
    {
      "annotations": {
        "Analysis": {
          "Kaplan-Meier survival curve": true
        },
        "Cohort_Median_Age": {
          "65.5 years": true
        },
        "Custom_Disease": {
          "COVID-19": true
        },
        "PublicationStatus": {
          "Preprint": true
        },
        "PublicationType": {
          "Research": true
        },
        "Section": {
          "Results": true
        },
        "Species": {
          "9606": true
        }
      },
      "citation": {
        "authors": [
          "Li B",
          "Li L",
          "Liu F",
          "Luo D",
          "Song X",
          "Wu J",
          "Xu M",
          "Zhou X",
          "Zhu Y"
        ],
        "date": "2020-04-14",
        "db": "PubMed",
        "db_id": "32344321",
        "db_name": "Prognostic value of interleukin-6, C-reactive protein, and procalcitonin in patients with COVID-19.",
        "first": "Liu F",
        "journal": "Journal of clinical virology : the official publication of the Pan American Society for Clinical Virology",
        "last": "Zhou X",
        "pages": "104370",
        "volume": "127"
      },
      "evidence": "Kaplan-Meier survival curves showed that patients with IL-6, CRP, or PCT higher than the optimal threshold had a significantly higher probability of developing severe disease (log-rank, P<0.0001, Figure 3).",
      "key": "0df3d84735331f52adb6ce936c3b7702",
      "line": 79,
      "relation": "positiveCorrelation",
      "source": 9,
      "target": 1
    },
    {
      "annotations": {
        "Analysis": {
          "Multivariate Cox model": true
        },
        "Cohort_Median_Age": {
          "65.5 years": true
        },
        "Custom_Disease": {
          "COVID-19": true
        },
        "PublicationStatus": {
          "Preprint": true
        },
        "PublicationType": {
          "Research": true
        },
        "Section": {
          "Results": true
        },
        "Species": {
          "9606": true
        }
      },
      "citation": {
        "authors": [
          "Li B",
          "Li L",
          "Liu F",
          "Luo D",
          "Song X",
          "Wu J",
          "Xu M",
          "Zhou X",
          "Zhu Y"
        ],
        "date": "2020-04-14",
        "db": "PubMed",
        "db_id": "32344321",
        "db_name": "Prognostic value of interleukin-6, C-reactive protein, and procalcitonin in patients with COVID-19.",
        "first": "Liu F",
        "journal": "Journal of clinical virology : the official publication of the Pan American Society for Clinical Virology",
        "last": "Zhou X",
        "pages": "104370",
        "volume": "127"
      },
      "evidence": "The multivariate Cox model showed that IL-6 (P<0.001), CRP (P<0.001), and PCT (P=0.002) could be used as independent factors to predict the severity of COVID-19",
      "key": "45e2276329d956b6cccca3e1b1e7b041",
      "line": 86,
      "relation": "positiveCorrelation",
      "source": 9,
      "target": 1
    },
    {
      "annotations": {
        "Analysis": {
          "Kaplan-Meier survival curve": true
        },
        "Cohort_Median_Age": {
          "65.5 years": true
        },
        "Custom_Disease": {
          "COVID-19": true
        },
        "PublicationStatus": {
          "Preprint": true
        },
        "PublicationType": {
          "Research": true
        },
        "Section": {
          "Results": true
        },
        "Species": {
          "9606": true
        }
      },
      "citation": {
        "authors": [
          "Li B",
          "Li L",
          "Liu F",
          "Luo D",
          "Song X",
          "Wu J",
          "Xu M",
          "Zhou X",
          "Zhu Y"
        ],
        "date": "2020-04-14",
        "db": "PubMed",
        "db_id": "32344321",
        "db_name": "Prognostic value of interleukin-6, C-reactive protein, and procalcitonin in patients with COVID-19.",
        "first": "Liu F",
        "journal": "Journal of clinical virology : the official publication of the Pan American Society for Clinical Virology",
        "last": "Zhou X",
        "pages": "104370",
        "volume": "127"
      },
      "evidence": "Kaplan-Meier survival curves showed that patients with IL-6, CRP, or PCT higher than the optimal threshold had a significantly higher probability of developing severe disease (log-rank, P<0.0001, Figure 3).",
      "key": "fb9096d6d99a744b281ec87a82152576",
      "line": 80,
      "relation": "positiveCorrelation",
      "source": 9,
      "target": 0
    },
    {
      "annotations": {
        "Analysis": {
          "Multivariate Cox model": true
        },
        "Cohort_Median_Age": {
          "65.5 years": true
        },
        "Custom_Disease": {
          "COVID-19": true
        },
        "PublicationStatus": {
          "Preprint": true
        },
        "PublicationType": {
          "Research": true
        },
        "Section": {
          "Results": true
        },
        "Species": {
          "9606": true
        }
      },
      "citation": {
        "authors": [
          "Li B",
          "Li L",
          "Liu F",
          "Luo D",
          "Song X",
          "Wu J",
          "Xu M",
          "Zhou X",
          "Zhu Y"
        ],
        "date": "2020-04-14",
        "db": "PubMed",
        "db_id": "32344321",
        "db_name": "Prognostic value of interleukin-6, C-reactive protein, and procalcitonin in patients with COVID-19.",
        "first": "Liu F",
        "journal": "Journal of clinical virology : the official publication of the Pan American Society for Clinical Virology",
        "last": "Zhou X",
        "pages": "104370",
        "volume": "127"
      },
      "evidence": "The multivariate Cox model showed that IL-6 (P<0.001), CRP (P<0.001), and PCT (P=0.002) could be used as independent factors to predict the severity of COVID-19",
      "key": "4883a519abf91951fad7ea40e96ac52d",
      "line": 87,
      "relation": "positiveCorrelation",
      "source": 9,
      "target": 0
    }
  ],
  "multigraph": true,
  "nodes": [
    {
      "bel": "p(HGNC:CALCA)",
      "concept": {
        "name": "CALCA",
        "namespace": "HGNC"
      },
      "function": "Protein",
      "id": "77fdf97a1cf240a441682abf4d5137a0"
    },
    {
      "bel": "p(HGNC:CRP)",
      "concept": {
        "name": "CRP",
        "namespace": "HGNC"
      },
      "function": "Protein",
      "id": "b2238c9ec2ce73112c0f44c8375b7acb"
    },
    {
      "bel": "p(HGNC:IL6)",
      "concept": {
        "name": "IL6",
        "namespace": "HGNC"
      },
      "function": "Protein",
      "id": "8a1d3c4828c5416eba867c395cc65caa"
    },
    {
      "bel": "path(DO:\"COVID-19\")",
      "concept": {
        "name": "COVID-19",
        "namespace": "DO"
      },
      "function": "Pathology",
      "id": "6f9f1c2e8012537e503a758c6bfaff0f"
    },
    {
      "bel": "path(DO:\"diabetes mellitus\")",
      "concept": {
        "name": "diabetes mellitus",
        "namespace": "DO"
      },
      "function": "Pathology",
      "id": "a851751c015aaa69ddfba6458d99c945"
    },
    {
      "bel": "path(DO:\"heart disease\")",
      "concept": {
        "name": "heart disease",
        "namespace": "DO"
      },
      "function": "Pathology",
      "id": "76ff3da6ecf8964b007ab3591485d89c"
    },
    {
      "bel": "path(DO:\"respiratory system disease\")",
      "concept": {
        "name": "respiratory system disease",
        "namespace": "DO"
      },
      "function": "Pathology",
      "id": "6bee8d5c208dd80a5ee8d4f4b694e066"
    },
    {
      "bel": "path(DO:hypertension)",
      "concept": {
        "name": "hypertension",
        "namespace": "DO"
      },
      "function": "Pathology",
      "id": "53d5b8bd814074e87b1da1ff6250dcff"
    },
    {
      "bel": "path(HP:\"Chest tightness\")",
      "concept": {
        "name": "Chest tightness",
        "namespace": "HP"
      },
      "function": "Pathology",
      "id": "8d5a5c3bb00cfa864b6b05f95eb31025"
    },
    {
      "bel": "path(HP:Severity)",
      "concept": {
        "name": "Severity",
        "namespace": "HP"
      },
      "function": "Pathology",
      "id": "9ebd6da4878186b7e4e1ae6cbd2d524f"
    },
    {
      "bel": "path(MESH:Cough)",
      "concept": {
        "name": "Cough",
        "namespace": "MESH"
      },
      "function": "Pathology",
      "id": "9fee4f29ebce7356ac1721785693b80c"
    },
    {
      "bel": "path(MESH:Fatigue)",
      "concept": {
        "name": "Fatigue",
        "namespace": "MESH"
      },
      "function": "Pathology",
      "id": "d9f7d216d60384a034383bbc94db85cd"
    },
    {
      "bel": "path(MESH:Fever)",
      "concept": {
        "name": "Fever",
        "namespace": "MESH"
      },
      "function": "Pathology",
      "id": "ffc74da80b64d7057f4eff0e06cdd1b6"
    }
  ]
}