{
  "directed": true,
  "graph": {
    "annotation_list": {
      "Assay": [
        "Antibody assay"
      ],
      "PublicationStatus": [
        "Published"
      ],
      "PublicationType": [
        "Research"
      ],
      "Sample": [
        "nasopharyxn swab",
        "oropharynx swab"
      ],
      "Section": [
        "Results"
      ],
      "Timeline": [
        "10 days",
        "10-20 days",
        "20-30 days",
        "30-40 days",
        "40-50 days"
      ]
    },
    "annotation_pattern": {},
    "annotation_url": {
      "Species": "https://arty.scai.fraunhofer.de/artifactory/bel/annotation/species-taxonomy-id/species-taxonomy-id-20170511.belanno"
    },
    "document_metadata": {
      "authors": "Priya S",
      "contact": "priya@causalitybiomodels.com",
      "copyright": "Copyright © 2020 Fraunhofer Institute SCAI, All rights reserved",
      "description": "COVID Knowledge Curation project",
      "licenses": "Private Ownership to Fraunhofer Institute SCAI",
      "name": "32358956.bel",
      "version": "2.0.0"
    },
    "namespace_pattern": {
      "FIXME": ".*"
    },
    "namespace_url": {
      "CHEBI": "https://arty.scai.fraunhofer.de/artifactory/bel/namespace/chebi/chebi-20190708.belns",
      "DO": "https://arty.scai.fraunhofer.de/artifactory/bel/namespace/disease-ontology/disease-ontology-20200407.belns",
      "HGNC": "https://arty.scai.fraunhofer.de/artifactory/bel/namespace/hgnc/hgnc-20190708.belns",
      "HP": "https://arty.scai.fraunhofer.de/artifactory/bel/namespace/hp/hp-20190130.belns",
      "MESH": "https://arty.scai.fraunhofer.de/artifactory/bel/namespace/mesh/mesh-names-20181007.belns"
    },
    "path": "32358956.bel",
    "pybel_version": "0.14.10-dev"
  },
  "links": [
    {
      "annotations": {
        "PublicationStatus": {
          "Published": true
        },
        "PublicationType": {
          "Research": true
        },
        "Section": {
          "Results": true
        },
        "Species": {
          "9606": true
        }
      },
      "citation": {
        "authors": [
          "Nie S",
          "Zhang G",
          "Zhang Z"
        ],
        "date": "2020-05-02",
        "db": "PubMed",
        "db_id": "32358956",
        "db_name": "Longitudinal Change of SARS-Cov2 Antibodies in Patients with COVID-19.",
        "first": "Zhang G",
        "journal": "The Journal of infectious diseases",
        "last": "Zhang Z"
      },
      "evidence": "With the exception of 10 patients who reported no symptoms (8.93%), most common symptoms were fever (61, 54.46%), cough (52, 46.43%), fatigue (29, 25.89%), dizziness (2,1.79%), pharyngeal pain (15, 13.39%), diarrhoea (11, 9.82%), vomiting (2, 1.79%), myalgia (2,1.79%), headache (4, 3.57%), and eye discomfort (1, 0.89%) (Table 1).",
      "key": "8e6292ae9c79eeb30e41d4172cc5ae4a",
      "line": 48,
      "relation": "positiveCorrelation",
      "source": 2,
      "target": 9
    },
    {
      "annotations": {
        "PublicationStatus": {
          "Published": true
        },
        "PublicationType": {
          "Research": true
        },
        "Section": {
          "Results": true
        },
        "Species": {
          "9606": true
        }
      },
      "citation": {
        "authors": [
          "Nie S",
          "Zhang G",
          "Zhang Z"
        ],
        "date": "2020-05-02",
        "db": "PubMed",
        "db_id": "32358956",
        "db_name": "Longitudinal Change of SARS-Cov2 Antibodies in Patients with COVID-19.",
        "first": "Zhang G",
        "journal": "The Journal of infectious diseases",
        "last": "Zhang Z"
      },
      "evidence": "With the exception of 10 patients who reported no symptoms (8.93%), most common symptoms were fever (61, 54.46%), cough (52, 46.43%), fatigue (29, 25.89%), dizziness (2,1.79%), pharyngeal pain (15, 13.39%), diarrhoea (11, 9.82%), vomiting (2, 1.79%), myalgia (2,1.79%), headache (4, 3.57%), and eye discomfort (1, 0.89%) (Table 1).",
      "key": "6ce1389165f2b420640137d452bae478",
      "line": 49,
      "relation": "positiveCorrelation",
      "source": 2,
      "target": 6
    },
    {
      "annotations": {
        "PublicationStatus": {
          "Published": true
        },
        "PublicationType": {
          "Research": true
        },
        "Section": {
          "Results": true
        },
        "Species": {
          "9606": true
        }
      },
      "citation": {
        "authors": [
          "Nie S",
          "Zhang G",
          "Zhang Z"
        ],
        "date": "2020-05-02",
        "db": "PubMed",
        "db_id": "32358956",
        "db_name": "Longitudinal Change of SARS-Cov2 Antibodies in Patients with COVID-19.",
        "first": "Zhang G",
        "journal": "The Journal of infectious diseases",
        "last": "Zhang Z"
      },
      "evidence": "With the exception of 10 patients who reported no symptoms (8.93%), most common symptoms were fever (61, 54.46%), cough (52, 46.43%), fatigue (29, 25.89%), dizziness (2,1.79%), pharyngeal pain (15, 13.39%), diarrhoea (11, 9.82%), vomiting (2, 1.79%), myalgia (2,1.79%), headache (4, 3.57%), and eye discomfort (1, 0.89%) (Table 1).",
      "key": "1cccf5fc34908d249a8069bd9394374b",
      "line": 50,
      "relation": "positiveCorrelation",
      "source": 2,
      "target": 8
    },
    {
      "annotations": {
        "PublicationStatus": {
          "Published": true
        },
        "PublicationType": {
          "Research": true
        },
        "Section": {
          "Results": true
        },
        "Species": {
          "9606": true
        }
      },
      "citation": {
        "authors": [
          "Nie S",
          "Zhang G",
          "Zhang Z"
        ],
        "date": "2020-05-02",
        "db": "PubMed",
        "db_id": "32358956",
        "db_name": "Longitudinal Change of SARS-Cov2 Antibodies in Patients with COVID-19.",
        "first": "Zhang G",
        "journal": "The Journal of infectious diseases",
        "last": "Zhang Z"
      },
      "evidence": "With the exception of 10 patients who reported no symptoms (8.93%), most common symptoms were fever (61, 54.46%), cough (52, 46.43%), fatigue (29, 25.89%), dizziness (2,1.79%), pharyngeal pain (15, 13.39%), diarrhoea (11, 9.82%), vomiting (2, 1.79%), myalgia (2,1.79%), headache (4, 3.57%), and eye discomfort (1, 0.89%) (Table 1).",
      "key": "56c994b640e16b3d9be1047df2118ac1",
      "line": 51,
      "relation": "positiveCorrelation",
      "source": 2,
      "target": 7
    },
    {
      "annotations": {
        "PublicationStatus": {
          "Published": true
        },
        "PublicationType": {
          "Research": true
        },
        "Section": {
          "Results": true
        },
        "Species": {
          "9606": true
        }
      },
      "citation": {
        "authors": [
          "Nie S",
          "Zhang G",
          "Zhang Z"
        ],
        "date": "2020-05-02",
        "db": "PubMed",
        "db_id": "32358956",
        "db_name": "Longitudinal Change of SARS-Cov2 Antibodies in Patients with COVID-19.",
        "first": "Zhang G",
        "journal": "The Journal of infectious diseases",
        "last": "Zhang Z"
      },
      "evidence": "With the exception of 10 patients who reported no symptoms (8.93%), most common symptoms were fever (61, 54.46%), cough (52, 46.43%), fatigue (29, 25.89%), dizziness (2,1.79%), pharyngeal pain (15, 13.39%), diarrhoea (11, 9.82%), vomiting (2, 1.79%), myalgia (2,1.79%), headache (4, 3.57%), and eye discomfort (1, 0.89%) (Table 1).",
      "key": "a8098fff535d235df8a08f3a642684b0",
      "line": 52,
      "relation": "positiveCorrelation",
      "source": 2,
      "target": 4
    },
    {
      "annotations": {
        "PublicationStatus": {
          "Published": true
        },
        "PublicationType": {
          "Research": true
        },
        "Section": {
          "Results": true
        },
        "Species": {
          "9606": true
        }
      },
      "citation": {
        "authors": [
          "Nie S",
          "Zhang G",
          "Zhang Z"
        ],
        "date": "2020-05-02",
        "db": "PubMed",
        "db_id": "32358956",
        "db_name": "Longitudinal Change of SARS-Cov2 Antibodies in Patients with COVID-19.",
        "first": "Zhang G",
        "journal": "The Journal of infectious diseases",
        "last": "Zhang Z"
      },
      "evidence": "With the exception of 10 patients who reported no symptoms (8.93%), most common symptoms were fever (61, 54.46%), cough (52, 46.43%), fatigue (29, 25.89%), dizziness (2,1.79%), pharyngeal pain (15, 13.39%), diarrhoea (11, 9.82%), vomiting (2, 1.79%), myalgia (2,1.79%), headache (4, 3.57%), and eye discomfort (1, 0.89%) (Table 1).",
      "key": "77de8646d015724767e8aa0d6225e962",
      "line": 53,
      "relation": "positiveCorrelation",
      "source": 2,
      "target": 3
    },
    {
      "annotations": {
        "PublicationStatus": {
          "Published": true
        },
        "PublicationType": {
          "Research": true
        },
        "Section": {
          "Results": true
        },
        "Species": {
          "9606": true
        }
      },
      "citation": {
        "authors": [
          "Nie S",
          "Zhang G",
          "Zhang Z"
        ],
        "date": "2020-05-02",
        "db": "PubMed",
        "db_id": "32358956",
        "db_name": "Longitudinal Change of SARS-Cov2 Antibodies in Patients with COVID-19.",
        "first": "Zhang G",
        "journal": "The Journal of infectious diseases",
        "last": "Zhang Z"
      },
      "evidence": "With the exception of 10 patients who reported no symptoms (8.93%), most common symptoms were fever (61, 54.46%), cough (52, 46.43%), fatigue (29, 25.89%), dizziness (2,1.79%), pharyngeal pain (15, 13.39%), diarrhoea (11, 9.82%), vomiting (2, 1.79%), myalgia (2,1.79%), headache (4, 3.57%), and eye discomfort (1, 0.89%) (Table 1).",
      "key": "db907eb3122c7e968b332d4a578c70ef",
      "line": 54,
      "relation": "positiveCorrelation",
      "source": 2,
      "target": 12
    },
    {
      "annotations": {
        "PublicationStatus": {
          "Published": true
        },
        "PublicationType": {
          "Research": true
        },
        "Section": {
          "Results": true
        },
        "Species": {
          "9606": true
        }
      },
      "citation": {
        "authors": [
          "Nie S",
          "Zhang G",
          "Zhang Z"
        ],
        "date": "2020-05-02",
        "db": "PubMed",
        "db_id": "32358956",
        "db_name": "Longitudinal Change of SARS-Cov2 Antibodies in Patients with COVID-19.",
        "first": "Zhang G",
        "journal": "The Journal of infectious diseases",
        "last": "Zhang Z"
      },
      "evidence": "With the exception of 10 patients who reported no symptoms (8.93%), most common symptoms were fever (61, 54.46%), cough (52, 46.43%), fatigue (29, 25.89%), dizziness (2,1.79%), pharyngeal pain (15, 13.39%), diarrhoea (11, 9.82%), vomiting (2, 1.79%), myalgia (2,1.79%), headache (4, 3.57%), and eye discomfort (1, 0.89%) (Table 1).",
      "key": "1dff446570c553ba98eec4c119c23659",
      "line": 55,
      "relation": "positiveCorrelation",
      "source": 2,
      "target": 11
    },
    {
      "annotations": {
        "PublicationStatus": {
          "Published": true
        },
        "PublicationType": {
          "Research": true
        },
        "Section": {
          "Results": true
        },
        "Species": {
          "9606": true
        }
      },
      "citation": {
        "authors": [
          "Nie S",
          "Zhang G",
          "Zhang Z"
        ],
        "date": "2020-05-02",
        "db": "PubMed",
        "db_id": "32358956",
        "db_name": "Longitudinal Change of SARS-Cov2 Antibodies in Patients with COVID-19.",
        "first": "Zhang G",
        "journal": "The Journal of infectious diseases",
        "last": "Zhang Z"
      },
      "evidence": "With the exception of 10 patients who reported no symptoms (8.93%), most common symptoms were fever (61, 54.46%), cough (52, 46.43%), fatigue (29, 25.89%), dizziness (2,1.79%), pharyngeal pain (15, 13.39%), diarrhoea (11, 9.82%), vomiting (2, 1.79%), myalgia (2,1.79%), headache (4, 3.57%), and eye discomfort (1, 0.89%) (Table 1).",
      "key": "ec45e71a146902310eeb5f9c984c4ead",
      "line": 56,
      "relation": "positiveCorrelation",
      "source": 2,
      "target": 10
    },
    {
      "annotations": {
        "PublicationStatus": {
          "Published": true
        },
        "PublicationType": {
          "Research": true
        },
        "Section": {
          "Results": true
        },
        "Species": {
          "9606": true
        }
      },
      "citation": {
        "authors": [
          "Nie S",
          "Zhang G",
          "Zhang Z"
        ],
        "date": "2020-05-02",
        "db": "PubMed",
        "db_id": "32358956",
        "db_name": "Longitudinal Change of SARS-Cov2 Antibodies in Patients with COVID-19.",
        "first": "Zhang G",
        "journal": "The Journal of infectious diseases",
        "last": "Zhang Z"
      },
      "evidence": "With the exception of 10 patients who reported no symptoms (8.93%), most common symptoms were fever (61, 54.46%), cough (52, 46.43%), fatigue (29, 25.89%), dizziness (2,1.79%), pharyngeal pain (15, 13.39%), diarrhoea (11, 9.82%), vomiting (2, 1.79%), myalgia (2,1.79%), headache (4, 3.57%), and eye discomfort (1, 0.89%) (Table 1).",
      "key": "a0f9a537da26f4fc2e49ebec10b983f3",
      "line": 57,
      "relation": "positiveCorrelation",
      "source": 2,
      "target": 5
    },
    {
      "annotations": {
        "Assay": {
          "Antibody assay": true
        },
        "PublicationStatus": {
          "Published": true
        },
        "PublicationType": {
          "Research": true
        },
        "Sample": {
          "nasopharyxn swab": true,
          "oropharynx swab": true
        },
        "Section": {
          "Results": true
        },
        "Species": {
          "9606": true
        }
      },
      "citation": {
        "authors": [
          "Nie S",
          "Zhang G",
          "Zhang Z"
        ],
        "date": "2020-05-02",
        "db": "PubMed",
        "db_id": "32358956",
        "db_name": "Longitudinal Change of SARS-Cov2 Antibodies in Patients with COVID-19.",
        "first": "Zhang G",
        "journal": "The Journal of infectious diseases",
        "last": "Zhang Z"
      },
      "evidence": "Fifty-eight (51.79%) of 112 patients were positive for IgM (20.93 ± 45.94 AU/ml, mean ± SD) and IgG (122.26 ± 60.94 AU/ml), 7 (6.25%) were negative for both antibodies, 1 (0.89%) was positive for IgM with no response to IgG, and 46 (41.07%) were positive for IgG but not for IgM.",
      "key": "add9dd25794e85cf2d5c032fc17be428",
      "line": 63,
      "relation": "increases",
      "source": 2,
      "target": 1
    },
    {
      "annotations": {
        "Assay": {
          "Antibody assay": true
        },
        "PublicationStatus": {
          "Published": true
        },
        "PublicationType": {
          "Research": true
        },
        "Sample": {
          "nasopharyxn swab": true,
          "oropharynx swab": true
        },
        "Section": {
          "Results": true
        },
        "Species": {
          "9606": true
        },
        "Timeline": {
          "10 days": true
        }
      },
      "citation": {
        "authors": [
          "Nie S",
          "Zhang G",
          "Zhang Z"
        ],
        "date": "2020-05-02",
        "db": "PubMed",
        "db_id": "32358956",
        "db_name": "Longitudinal Change of SARS-Cov2 Antibodies in Patients with COVID-19.",
        "first": "Zhang G",
        "journal": "The Journal of infectious diseases",
        "last": "Zhang Z"
      },
      "evidence": "Among the 7 patients who were tested for serological antibody within 10 days after the onset of the disease, 4 were positive for both antibodies (6-8 days after disease onset), one was positive for only IgM (4 days after the onset of the disease), and two patients were negative for both antibodies.",
      "key": "1883c1f91f841dc94db68d4462adc91c",
      "line": 84,
      "relation": "increases",
      "source": 2,
      "target": 1
    },
    {
      "annotations": {
        "Assay": {
          "Antibody assay": true
        },
        "PublicationStatus": {
          "Published": true
        },
        "PublicationType": {
          "Research": true
        },
        "Sample": {
          "nasopharyxn swab": true,
          "oropharynx swab": true
        },
        "Section": {
          "Results": true
        },
        "Species": {
          "9606": true
        },
        "Timeline": {
          "10-20 days": true
        }
      },
      "citation": {
        "authors": [
          "Nie S",
          "Zhang G",
          "Zhang Z"
        ],
        "date": "2020-05-02",
        "db": "PubMed",
        "db_id": "32358956",
        "db_name": "Longitudinal Change of SARS-Cov2 Antibodies in Patients with COVID-19.",
        "first": "Zhang G",
        "journal": "The Journal of infectious diseases",
        "last": "Zhang Z"
      },
      "evidence": "Among the 10 patients who underwent serological antibody testing 10-20 days after disease onset, 5 were positive for both IgM (37.42±18.69) and IgG (161.19±16.80) antibodies, 3 were positive for IgG (43.46±20.42).",
      "key": "e94a9d71a2dd3641e8d56a3729b62d9c",
      "line": 95,
      "relation": "increases",
      "source": 2,
      "target": 1
    },
    {
      "annotations": {
        "Assay": {
          "Antibody assay": true
        },
        "PublicationStatus": {
          "Published": true
        },
        "PublicationType": {
          "Research": true
        },
        "Sample": {
          "nasopharyxn swab": true,
          "oropharynx swab": true
        },
        "Section": {
          "Results": true
        },
        "Species": {
          "9606": true
        },
        "Timeline": {
          "40-50 days": true
        }
      },
      "citation": {
        "authors": [
          "Nie S",
          "Zhang G",
          "Zhang Z"
        ],
        "date": "2020-05-02",
        "db": "PubMed",
        "db_id": "32358956",
        "db_name": "Longitudinal Change of SARS-Cov2 Antibodies in Patients with COVID-19.",
        "first": "Zhang G",
        "journal": "The Journal of infectious diseases",
        "last": "Zhang Z"
      },
      "evidence": "Among the 8 patients who underwent serological antibody testing 40-50 days after disease onset, 4 patients were positive for both IgM (35.48±10.74) and IgG (174.53±12.17) antibodies, and the rest were positive for IgG (86.01±71.63); 5 out of 8 patients showed a positive nucleic acid test when the antibody test was implemented.",
      "key": "679b06c66abbf0ac1af7251d2fd79e51",
      "line": 106,
      "relation": "increases",
      "source": 2,
      "target": 1
    },
    {
      "annotations": {
        "Assay": {
          "Antibody assay": true
        },
        "PublicationStatus": {
          "Published": true
        },
        "PublicationType": {
          "Research": true
        },
        "Sample": {
          "nasopharyxn swab": true,
          "oropharynx swab": true
        },
        "Section": {
          "Results": true
        },
        "Species": {
          "9606": true
        }
      },
      "citation": {
        "authors": [
          "Nie S",
          "Zhang G",
          "Zhang Z"
        ],
        "date": "2020-05-02",
        "db": "PubMed",
        "db_id": "32358956",
        "db_name": "Longitudinal Change of SARS-Cov2 Antibodies in Patients with COVID-19.",
        "first": "Zhang G",
        "journal": "The Journal of infectious diseases",
        "last": "Zhang Z"
      },
      "evidence": "Fifty-eight (51.79%) of 112 patients were positive for IgM (20.93 ± 45.94 AU/ml, mean ± SD) and IgG (122.26 ± 60.94 AU/ml), 7 (6.25%) were negative for both antibodies, 1 (0.89%) was positive for IgM with no response to IgG, and 46 (41.07%) were positive for IgG but not for IgM.",
      "key": "45e9db489796550635cdafd48f86d2cd",
      "line": 64,
      "relation": "increases",
      "source": 2,
      "target": 0
    },
    {
      "annotations": {
        "Assay": {
          "Antibody assay": true
        },
        "PublicationStatus": {
          "Published": true
        },
        "PublicationType": {
          "Research": true
        },
        "Sample": {
          "nasopharyxn swab": true,
          "oropharynx swab": true
        },
        "Section": {
          "Results": true
        },
        "Species": {
          "9606": true
        },
        "Timeline": {
          "20-30 days": true,
          "30-40 days": true,
          "40-50 days": true
        }
      },
      "citation": {
        "authors": [
          "Nie S",
          "Zhang G",
          "Zhang Z"
        ],
        "date": "2020-05-02",
        "db": "PubMed",
        "db_id": "32358956",
        "db_name": "Longitudinal Change of SARS-Cov2 Antibodies in Patients with COVID-19.",
        "first": "Zhang G",
        "journal": "The Journal of infectious diseases",
        "last": "Zhang Z"
      },
      "evidence": "Compared to the IgG titres tested within 10 days after the onset of COVID-19, the IgG titers tested 20-30 days (p=0.0025), 30-40 days (p=0.0147) and 40-50 days (p=0.0049) after disease onset were significantly higher (Table 2).",
      "key": "028bb894694a7b8b3ab4a7f46be83425",
      "line": 73,
      "relation": "increases",
      "source": 2,
      "target": 0
    },
    {
      "annotations": {
        "Assay": {
          "Antibody assay": true
        },
        "PublicationStatus": {
          "Published": true
        },
        "PublicationType": {
          "Research": true
        },
        "Sample": {
          "nasopharyxn swab": true,
          "oropharynx swab": true
        },
        "Section": {
          "Results": true
        },
        "Species": {
          "9606": true
        },
        "Timeline": {
          "10-20 days": true
        }
      },
      "citation": {
        "authors": [
          "Nie S",
          "Zhang G",
          "Zhang Z"
        ],
        "date": "2020-05-02",
        "db": "PubMed",
        "db_id": "32358956",
        "db_name": "Longitudinal Change of SARS-Cov2 Antibodies in Patients with COVID-19.",
        "first": "Zhang G",
        "journal": "The Journal of infectious diseases",
        "last": "Zhang Z"
      },
      "evidence": "Among the 10 patients who underwent serological antibody testing 10-20 days after disease onset, 5 were positive for both IgM (37.42±18.69) and IgG (161.19±16.80) antibodies, 3 were positive for IgG (43.46±20.42).",
      "key": "afb2ffcaa3d1ef0ca9262d889af62562",
      "line": 94,
      "relation": "increases",
      "source": 2,
      "target": 0
    },
    {
      "annotations": {
        "Assay": {
          "Antibody assay": true
        },
        "PublicationStatus": {
          "Published": true
        },
        "PublicationType": {
          "Research": true
        },
        "Sample": {
          "nasopharyxn swab": true,
          "oropharynx swab": true
        },
        "Section": {
          "Results": true
        },
        "Species": {
          "9606": true
        },
        "Timeline": {
          "40-50 days": true
        }
      },
      "citation": {
        "authors": [
          "Nie S",
          "Zhang G",
          "Zhang Z"
        ],
        "date": "2020-05-02",
        "db": "PubMed",
        "db_id": "32358956",
        "db_name": "Longitudinal Change of SARS-Cov2 Antibodies in Patients with COVID-19.",
        "first": "Zhang G",
        "journal": "The Journal of infectious diseases",
        "last": "Zhang Z"
      },
      "evidence": "Among the 8 patients who underwent serological antibody testing 40-50 days after disease onset, 4 patients were positive for both IgM (35.48±10.74) and IgG (174.53±12.17) antibodies, and the rest were positive for IgG (86.01±71.63); 5 out of 8 patients showed a positive nucleic acid test when the antibody test was implemented.",
      "key": "a89b83957d41837669114ac7f6f36d45",
      "line": 105,
      "relation": "increases",
      "source": 2,
      "target": 0
    },
    {
      "annotations": {
        "PublicationStatus": {
          "Published": true
        },
        "PublicationType": {
          "Research": true
        },
        "Section": {
          "Results": true
        },
        "Species": {
          "9606": true
        }
      },
      "citation": {
        "authors": [
          "Nie S",
          "Zhang G",
          "Zhang Z"
        ],
        "date": "2020-05-02",
        "db": "PubMed",
        "db_id": "32358956",
        "db_name": "Longitudinal Change of SARS-Cov2 Antibodies in Patients with COVID-19.",
        "first": "Zhang G",
        "journal": "The Journal of infectious diseases",
        "last": "Zhang Z"
      },
      "evidence": "With the exception of 10 patients who reported no symptoms (8.93%), most common symptoms were fever (61, 54.46%), cough (52, 46.43%), fatigue (29, 25.89%), dizziness (2,1.79%), pharyngeal pain (15, 13.39%), diarrhoea (11, 9.82%), vomiting (2, 1.79%), myalgia (2,1.79%), headache (4, 3.57%), and eye discomfort (1, 0.89%) (Table 1).",
      "key": "29fe8a96dc5ceba4e4c91a5830ca79d0",
      "line": 48,
      "relation": "positiveCorrelation",
      "source": 9,
      "target": 2
    },
    {
      "annotations": {
        "PublicationStatus": {
          "Published": true
        },
        "PublicationType": {
          "Research": true
        },
        "Section": {
          "Results": true
        },
        "Species": {
          "9606": true
        }
      },
      "citation": {
        "authors": [
          "Nie S",
          "Zhang G",
          "Zhang Z"
        ],
        "date": "2020-05-02",
        "db": "PubMed",
        "db_id": "32358956",
        "db_name": "Longitudinal Change of SARS-Cov2 Antibodies in Patients with COVID-19.",
        "first": "Zhang G",
        "journal": "The Journal of infectious diseases",
        "last": "Zhang Z"
      },
      "evidence": "With the exception of 10 patients who reported no symptoms (8.93%), most common symptoms were fever (61, 54.46%), cough (52, 46.43%), fatigue (29, 25.89%), dizziness (2,1.79%), pharyngeal pain (15, 13.39%), diarrhoea (11, 9.82%), vomiting (2, 1.79%), myalgia (2,1.79%), headache (4, 3.57%), and eye discomfort (1, 0.89%) (Table 1).",
      "key": "ada9d03f792ba53161515474dabd1877",
      "line": 49,
      "relation": "positiveCorrelation",
      "source": 6,
      "target": 2
    },
    {
      "annotations": {
        "PublicationStatus": {
          "Published": true
        },
        "PublicationType": {
          "Research": true
        },
        "Section": {
          "Results": true
        },
        "Species": {
          "9606": true
        }
      },
      "citation": {
        "authors": [
          "Nie S",
          "Zhang G",
          "Zhang Z"
        ],
        "date": "2020-05-02",
        "db": "PubMed",
        "db_id": "32358956",
        "db_name": "Longitudinal Change of SARS-Cov2 Antibodies in Patients with COVID-19.",
        "first": "Zhang G",
        "journal": "The Journal of infectious diseases",
        "last": "Zhang Z"
      },
      "evidence": "With the exception of 10 patients who reported no symptoms (8.93%), most common symptoms were fever (61, 54.46%), cough (52, 46.43%), fatigue (29, 25.89%), dizziness (2,1.79%), pharyngeal pain (15, 13.39%), diarrhoea (11, 9.82%), vomiting (2, 1.79%), myalgia (2,1.79%), headache (4, 3.57%), and eye discomfort (1, 0.89%) (Table 1).",
      "key": "d5019dd87284b3811f87f71d837568ea",
      "line": 50,
      "relation": "positiveCorrelation",
      "source": 8,
      "target": 2
    },
    {
      "annotations": {
        "PublicationStatus": {
          "Published": true
        },
        "PublicationType": {
          "Research": true
        },
        "Section": {
          "Results": true
        },
        "Species": {
          "9606": true
        }
      },
      "citation": {
        "authors": [
          "Nie S",
          "Zhang G",
          "Zhang Z"
        ],
        "date": "2020-05-02",
        "db": "PubMed",
        "db_id": "32358956",
        "db_name": "Longitudinal Change of SARS-Cov2 Antibodies in Patients with COVID-19.",
        "first": "Zhang G",
        "journal": "The Journal of infectious diseases",
        "last": "Zhang Z"
      },
      "evidence": "With the exception of 10 patients who reported no symptoms (8.93%), most common symptoms were fever (61, 54.46%), cough (52, 46.43%), fatigue (29, 25.89%), dizziness (2,1.79%), pharyngeal pain (15, 13.39%), diarrhoea (11, 9.82%), vomiting (2, 1.79%), myalgia (2,1.79%), headache (4, 3.57%), and eye discomfort (1, 0.89%) (Table 1).",
      "key": "aaab79823b12d519e3885041888f5e58",
      "line": 51,
      "relation": "positiveCorrelation",
      "source": 7,
      "target": 2
    },
    {
      "annotations": {
        "PublicationStatus": {
          "Published": true
        },
        "PublicationType": {
          "Research": true
        },
        "Section": {
          "Results": true
        },
        "Species": {
          "9606": true
        }
      },
      "citation": {
        "authors": [
          "Nie S",
          "Zhang G",
          "Zhang Z"
        ],
        "date": "2020-05-02",
        "db": "PubMed",
        "db_id": "32358956",
        "db_name": "Longitudinal Change of SARS-Cov2 Antibodies in Patients with COVID-19.",
        "first": "Zhang G",
        "journal": "The Journal of infectious diseases",
        "last": "Zhang Z"
      },
      "evidence": "With the exception of 10 patients who reported no symptoms (8.93%), most common symptoms were fever (61, 54.46%), cough (52, 46.43%), fatigue (29, 25.89%), dizziness (2,1.79%), pharyngeal pain (15, 13.39%), diarrhoea (11, 9.82%), vomiting (2, 1.79%), myalgia (2,1.79%), headache (4, 3.57%), and eye discomfort (1, 0.89%) (Table 1).",
      "key": "d182c5dc09d103f5b40ef27a23f0a048",
      "line": 52,
      "relation": "positiveCorrelation",
      "source": 4,
      "target": 2
    },
    {
      "annotations": {
        "PublicationStatus": {
          "Published": true
        },
        "PublicationType": {
          "Research": true
        },
        "Section": {
          "Results": true
        },
        "Species": {
          "9606": true
        }
      },
      "citation": {
        "authors": [
          "Nie S",
          "Zhang G",
          "Zhang Z"
        ],
        "date": "2020-05-02",
        "db": "PubMed",
        "db_id": "32358956",
        "db_name": "Longitudinal Change of SARS-Cov2 Antibodies in Patients with COVID-19.",
        "first": "Zhang G",
        "journal": "The Journal of infectious diseases",
        "last": "Zhang Z"
      },
      "evidence": "With the exception of 10 patients who reported no symptoms (8.93%), most common symptoms were fever (61, 54.46%), cough (52, 46.43%), fatigue (29, 25.89%), dizziness (2,1.79%), pharyngeal pain (15, 13.39%), diarrhoea (11, 9.82%), vomiting (2, 1.79%), myalgia (2,1.79%), headache (4, 3.57%), and eye discomfort (1, 0.89%) (Table 1).",
      "key": "9e97ad5e9f50b58b923fd3da1f716de9",
      "line": 53,
      "relation": "positiveCorrelation",
      "source": 3,
      "target": 2
    },
    {
      "annotations": {
        "PublicationStatus": {
          "Published": true
        },
        "PublicationType": {
          "Research": true
        },
        "Section": {
          "Results": true
        },
        "Species": {
          "9606": true
        }
      },
      "citation": {
        "authors": [
          "Nie S",
          "Zhang G",
          "Zhang Z"
        ],
        "date": "2020-05-02",
        "db": "PubMed",
        "db_id": "32358956",
        "db_name": "Longitudinal Change of SARS-Cov2 Antibodies in Patients with COVID-19.",
        "first": "Zhang G",
        "journal": "The Journal of infectious diseases",
        "last": "Zhang Z"
      },
      "evidence": "With the exception of 10 patients who reported no symptoms (8.93%), most common symptoms were fever (61, 54.46%), cough (52, 46.43%), fatigue (29, 25.89%), dizziness (2,1.79%), pharyngeal pain (15, 13.39%), diarrhoea (11, 9.82%), vomiting (2, 1.79%), myalgia (2,1.79%), headache (4, 3.57%), and eye discomfort (1, 0.89%) (Table 1).",
      "key": "d0ddea7317fdf0af31569ab6e2b396ef",
      "line": 54,
      "relation": "positiveCorrelation",
      "source": 12,
      "target": 2
    },
    {
      "annotations": {
        "PublicationStatus": {
          "Published": true
        },
        "PublicationType": {
          "Research": true
        },
        "Section": {
          "Results": true
        },
        "Species": {
          "9606": true
        }
      },
      "citation": {
        "authors": [
          "Nie S",
          "Zhang G",
          "Zhang Z"
        ],
        "date": "2020-05-02",
        "db": "PubMed",
        "db_id": "32358956",
        "db_name": "Longitudinal Change of SARS-Cov2 Antibodies in Patients with COVID-19.",
        "first": "Zhang G",
        "journal": "The Journal of infectious diseases",
        "last": "Zhang Z"
      },
      "evidence": "With the exception of 10 patients who reported no symptoms (8.93%), most common symptoms were fever (61, 54.46%), cough (52, 46.43%), fatigue (29, 25.89%), dizziness (2,1.79%), pharyngeal pain (15, 13.39%), diarrhoea (11, 9.82%), vomiting (2, 1.79%), myalgia (2,1.79%), headache (4, 3.57%), and eye discomfort (1, 0.89%) (Table 1).",
      "key": "c062560974171a55be1ba8990cc2a632",
      "line": 55,
      "relation": "positiveCorrelation",
      "source": 11,
      "target": 2
    },
    {
      "annotations": {
        "PublicationStatus": {
          "Published": true
        },
        "PublicationType": {
          "Research": true
        },
        "Section": {
          "Results": true
        },
        "Species": {
          "9606": true
        }
      },
      "citation": {
        "authors": [
          "Nie S",
          "Zhang G",
          "Zhang Z"
        ],
        "date": "2020-05-02",
        "db": "PubMed",
        "db_id": "32358956",
        "db_name": "Longitudinal Change of SARS-Cov2 Antibodies in Patients with COVID-19.",
        "first": "Zhang G",
        "journal": "The Journal of infectious diseases",
        "last": "Zhang Z"
      },
      "evidence": "With the exception of 10 patients who reported no symptoms (8.93%), most common symptoms were fever (61, 54.46%), cough (52, 46.43%), fatigue (29, 25.89%), dizziness (2,1.79%), pharyngeal pain (15, 13.39%), diarrhoea (11, 9.82%), vomiting (2, 1.79%), myalgia (2,1.79%), headache (4, 3.57%), and eye discomfort (1, 0.89%) (Table 1).",
      "key": "f4bc23e2c69baeb0e117c06544ff8fd4",
      "line": 56,
      "relation": "positiveCorrelation",
      "source": 10,
      "target": 2
    },
    {
      "annotations": {
        "PublicationStatus": {
          "Published": true
        },
        "PublicationType": {
          "Research": true
        },
        "Section": {
          "Results": true
        },
        "Species": {
          "9606": true
        }
      },
      "citation": {
        "authors": [
          "Nie S",
          "Zhang G",
          "Zhang Z"
        ],
        "date": "2020-05-02",
        "db": "PubMed",
        "db_id": "32358956",
        "db_name": "Longitudinal Change of SARS-Cov2 Antibodies in Patients with COVID-19.",
        "first": "Zhang G",
        "journal": "The Journal of infectious diseases",
        "last": "Zhang Z"
      },
      "evidence": "With the exception of 10 patients who reported no symptoms (8.93%), most common symptoms were fever (61, 54.46%), cough (52, 46.43%), fatigue (29, 25.89%), dizziness (2,1.79%), pharyngeal pain (15, 13.39%), diarrhoea (11, 9.82%), vomiting (2, 1.79%), myalgia (2,1.79%), headache (4, 3.57%), and eye discomfort (1, 0.89%) (Table 1).",
      "key": "b40e446c2b9d2bfaec64213c8df63341",
      "line": 57,
      "relation": "positiveCorrelation",
      "source": 5,
      "target": 2
    }
  ],
  "multigraph": true,
  "nodes": [
    {
      "bel": "a(MESH:\"Immunoglobulin G\")",
      "concept": {
        "name": "Immunoglobulin G",
        "namespace": "MESH"
      },
      "function": "Abundance",
      "id": "ed6b199fc0a3b814d8ce805fa9964dca"
    },
    {
      "bel": "a(MESH:\"Immunoglobulin M\")",
      "concept": {
        "name": "Immunoglobulin M",
        "namespace": "MESH"
      },
      "function": "Abundance",
      "id": "3cbf8b95fef3a7e7a668264a25b1dec7"
    },
    {
      "bel": "path(DO:\"COVID-19\")",
      "concept": {
        "name": "COVID-19",
        "namespace": "DO"
      },
      "function": "Pathology",
      "id": "6f9f1c2e8012537e503a758c6bfaff0f"
    },
    {
      "bel": "path(DO:diarrhea)",
      "concept": {
        "name": "diarrhea",
        "namespace": "DO"
      },
      "function": "Pathology",
      "id": "f53fc3580f7450b941e98608ca05fddb"
    },
    {
      "bel": "path(DO:pharyngitis)",
      "concept": {
        "name": "pharyngitis",
        "namespace": "DO"
      },
      "function": "Pathology",
      "id": "6553d29f9dc2d0e3deabe93d420bc62a"
    },
    {
      "bel": "path(FIXME:\"eye discomfort\")",
      "concept": {
        "name": "eye discomfort",
        "namespace": "FIXME"
      },
      "function": "Pathology",
      "id": "c9720a99f01262d34d3b7d45bed17ed6"
    },
    {
      "bel": "path(MESH:Cough)",
      "concept": {
        "name": "Cough",
        "namespace": "MESH"
      },
      "function": "Pathology",
      "id": "9fee4f29ebce7356ac1721785693b80c"
    },
    {
      "bel": "path(MESH:Dizziness)",
      "concept": {
        "name": "Dizziness",
        "namespace": "MESH"
      },
      "function": "Pathology",
      "id": "7fcdbe633fe55f59d8bf337c0f4df007"
    },
    {
      "bel": "path(MESH:Fatigue)",
      "concept": {
        "name": "Fatigue",
        "namespace": "MESH"
      },
      "function": "Pathology",
      "id": "d9f7d216d60384a034383bbc94db85cd"
    },
    {
      "bel": "path(MESH:Fever)",
      "concept": {
        "name": "Fever",
        "namespace": "MESH"
      },
      "function": "Pathology",
      "id": "ffc74da80b64d7057f4eff0e06cdd1b6"
    },
    {
      "bel": "path(MESH:Headache)",
      "concept": {
        "name": "Headache",
        "namespace": "MESH"
      },
      "function": "Pathology",
      "id": "2a9db847bd9248b92260deeecc169912"
    },
    {
      "bel": "path(MESH:Myalgia)",
      "concept": {
        "name": "Myalgia",
        "namespace": "MESH"
      },
      "function": "Pathology",
      "id": "9e757b6d113fa97d3dadae6749895c25"
    },
    {
      "bel": "path(MESH:Vomiting)",
      "concept": {
        "name": "Vomiting",
        "namespace": "MESH"
      },
      "function": "Pathology",
      "id": "364ae88ab20bb2e8a9fd696110a8f558"
    }
  ]
}