{
  "directed": true,
  "graph": {
    "annotation_list": {
      "CellLine_Infection_Type": [
        "Severe acute respiratory syndrome coronavirus 2"
      ],
      "PublicationStatus": [
        "Preprint"
      ],
      "PublicationType": [
        "Research"
      ],
      "Section": [
        "Results"
      ],
      "Timeline": [
        "24 hour",
        "48 hour"
      ]
    },
    "annotation_pattern": {
      "BioAssay": ".*"
    },
    "annotation_url": {
      "CellLine": "https://arty.scai.fraunhofer.de/artifactory/bel/annotation/cell-line/cell-line-20190128.belanno"
    },
    "document_metadata": {
      "authors": "Thrishna",
      "contact": "thrishna@causalitybiomodels.com",
      "copyright": "Copyright © 2020 Fraunhofer Institute SCAI, All rights reserved",
      "description": "COVID Knowledge Curation project",
      "licenses": "Private Ownership to Fraunhofer Institute SCAI",
      "name": "Lokugamage_et.al_2020.bel",
      "version": "2.0.0"
    },
    "namespace_pattern": {
      "NCBIGENE": ".*",
      "UNIPROT": "^([A-N,R-Z][0-9]([A-Z][A-Z, 0-9][A-Z, 0-9][0-9]){1,2})|([O,P,Q][0-9][A-Z, 0-9][A-Z, 0-9][A-Z, 0-9][0-9])(\\.\\d+)?$"
    },
    "namespace_url": {
      "COVID": "https://arty.scai.fraunhofer.de/artifactory/bel/namespace/ncbi-covid19/ncbi-covid19-20200326.belns",
      "HGNC": "https://arty.scai.fraunhofer.de/artifactory/bel/namespace/hgnc/hgnc-20190708.belns",
      "INTERPRO": "https://arty.scai.fraunhofer.de/artifactory/bel/namespace/interpro/interpro-names-20181021.belns",
      "MESH": "https://arty.scai.fraunhofer.de/artifactory/bel/namespace/mesh/mesh-names-20181007.belns",
      "PFAM": "https://arty.scai.fraunhofer.de/artifactory/bel/namespace/pfam/pfam-names-20181024.belns",
      "TAX": "https://arty.scai.fraunhofer.de/artifactory/bel/namespace/ncbi-taxonomy/ncbi-taxonomy-20200322.belns"
    },
    "path": "Lokugamage_et.al_2020.bel",
    "pybel_version": "0.14.6"
  },
  "links": [
    {
      "annotations": {
        "CellLine": {
          "Vero cell": true
        },
        "PublicationStatus": {
          "Preprint": true
        },
        "PublicationType": {
          "Research": true
        },
        "Section": {
          "Results": true
        },
        "Timeline": {
          "24 hour": true
        }
      },
      "citation": {
        "db": "DOI",
        "db_id": "10.1101/2020.03.07.982264"
      },
      "evidence": "Vero E6 lack the capacity to produce IFN-I, but are able to respond to exogenous treatment Following pretreatment with IFN-I, SARS-CoV infection has a modest reduction in viral titer (1.5 log plaque forming units (PFU) as compared to untreated control 24 hours post infection (Fig. 1B).",
      "key": "8d0f177df85228e06fe47f68d4177902",
      "line": 53,
      "relation": "decreases",
      "source": 1,
      "target": 4
    },
    {
      "annotations": {
        "CellLine": {
          "Vero cell": true
        },
        "PublicationStatus": {
          "Preprint": true
        },
        "PublicationType": {
          "Research": true
        },
        "Section": {
          "Results": true
        },
        "Timeline": {
          "24 hour": true,
          "48 hour": true
        }
      },
      "citation": {
        "db": "DOI",
        "db_id": "10.1101/2020.03.07.982264"
      },
      "evidence": "At both 24 and 48 hours post infection, SARS-CoV-2 had massive 3-log (24 HPI) and 4-log (48 HPI) drops in viral titer as compared to control untreated cells.",
      "key": "e860d7fa2284202db72dbedbe68817d7",
      "line": 61,
      "relation": "decreases",
      "source": 0,
      "target": 3
    },
    {
      "annotations": {
        "BioAssay": {
          "western blot": true
        },
        "CellLine": {
          "Vero cell": true
        },
        "PublicationStatus": {
          "Preprint": true
        },
        "PublicationType": {
          "Research": true
        },
        "Section": {
          "Results": true
        }
      },
      "citation": {
        "db": "DOI",
        "db_id": "10.1101/2020.03.07.982264"
      },
      "evidence": "Finally, we examined viral protein production finding a major deficit in nucleocapsid protein production in IFN-I treated cells following SARS-CoV-2 infection (Fig. 1C).",
      "key": "bd4721ec6db595b1c3291dded10e1552",
      "line": 69,
      "relation": "decreases",
      "source": 0,
      "target": 6
    },
    {
      "annotations": {
        "BioAssay": {
          "western blot": true
        },
        "CellLine": {
          "Vero cell": true
        },
        "PublicationStatus": {
          "Preprint": true
        },
        "PublicationType": {
          "Research": true
        },
        "Section": {
          "Results": true
        }
      },
      "citation": {
        "db": "DOI",
        "db_id": "10.1101/2020.03.07.982264"
      },
      "evidence": "Finally, we examined viral protein production finding a major deficit in nucleocapsid protein production in IFN-I treated cells following SARS-CoV-2 infection (Fig. 1C).",
      "key": "e54152fb27ab122fc2eea689e5d6899c",
      "line": 70,
      "relation": "association",
      "source": 3,
      "target": 6
    },
    {
      "annotations": {
        "PublicationStatus": {
          "Preprint": true
        },
        "PublicationType": {
          "Research": true
        },
        "Section": {
          "Results": true
        }
      },
      "citation": {
        "db": "DOI",
        "db_id": "10.1101/2020.03.07.982264"
      },
      "evidence": "Importantly, SARS-CoV145 2 has a two amino acid truncation in its ORF6; previous work has found that alanine substitution in this C-terminal of SARS-CoV ORF6 resulted in ablated antagonism 31 146 .",
      "key": "31cda28a68bbebaec7711aff5e62fcec",
      "line": 108,
      "relation": "association",
      "source": 3,
      "target": 7
    },
    {
      "annotations": {
        "BioAssay": {
          "western blot": true
        },
        "CellLine": {
          "Vero cell": true
        },
        "PublicationStatus": {
          "Preprint": true
        },
        "PublicationType": {
          "Research": true
        },
        "Section": {
          "Results": true
        }
      },
      "citation": {
        "db": "DOI",
        "db_id": "10.1101/2020.03.07.982264"
      },
      "evidence": "Finally, we examined viral protein production finding a major deficit in nucleocapsid protein production in IFN-I treated cells following SARS-CoV-2 infection (Fig. 1C).",
      "key": "a5664c47f0a1080ae037f94d1fb26e2f",
      "line": 70,
      "relation": "association",
      "source": 6,
      "target": 3
    },
    {
      "annotations": {
        "BioAssay": {
          "western blot": true
        },
        "CellLine": {
          "Vero cell": true
        },
        "CellLine_Infection_Type": {
          "Severe acute respiratory syndrome coronavirus 2": true
        },
        "PublicationStatus": {
          "Preprint": true
        },
        "PublicationType": {
          "Research": true
        },
        "Section": {
          "Results": true
        },
        "Timeline": {
          "48 hour": true
        }
      },
      "citation": {
        "db": "DOI",
        "db_id": "10.1101/2020.03.07.982264"
      },
      "evidence": "Examining Vero cell protein lysates, we found that IFN-I treated cells infected with SARS-C oV-2 induced phosphorylated STAT-1 by 48 hours post infection (Fig. 2).",
      "key": "bbed872383e11d8b370dacf5c42ff556",
      "line": 80,
      "relation": "increases",
      "source": 2,
      "target": 12
    },
    {
      "annotations": {
        "BioAssay": {
          "western blot": true
        },
        "CellLine": {
          "Vero cell": true
        },
        "CellLine_Infection_Type": {
          "Severe acute respiratory syndrome coronavirus 2": true
        },
        "PublicationStatus": {
          "Preprint": true
        },
        "PublicationType": {
          "Research": true
        },
        "Section": {
          "Results": true
        },
        "Timeline": {
          "48 hour": true
        }
      },
      "citation": {
        "db": "DOI",
        "db_id": "10.1101/2020.03.07.982264"
      },
      "evidence": "Examining further, STAT1, IFIT2, and TRIM25, known ISGs 17 , had increased protein expression in the context of SARS-CoV-2 infection following IFN SARS-CoV-2 infection relative to control likely due to the mRNA targeting activity of nonstructural protein 1 (NSP1) 24.",
      "key": "74d08a795a16c5089d427eba061ddf20",
      "line": 87,
      "relation": "increases",
      "source": 2,
      "target": 11
    },
    {
      "annotations": {
        "BioAssay": {
          "western blot": true
        },
        "CellLine": {
          "Vero cell": true
        },
        "CellLine_Infection_Type": {
          "Severe acute respiratory syndrome coronavirus 2": true
        },
        "PublicationStatus": {
          "Preprint": true
        },
        "PublicationType": {
          "Research": true
        },
        "Section": {
          "Results": true
        },
        "Timeline": {
          "48 hour": true
        }
      },
      "citation": {
        "db": "DOI",
        "db_id": "10.1101/2020.03.07.982264"
      },
      "evidence": "Examining further, STAT1, IFIT2, and TRIM25, known ISGs 17 , had increased protein expression in the context of SARS-CoV-2 infection following IFN SARS-CoV-2 infection relative to control likely due to the mRNA targeting activity of nonstructural protein 1 (NSP1) 24.",
      "key": "85e2204e1814a133c7b92e20c6c32861",
      "line": 88,
      "relation": "increases",
      "source": 2,
      "target": 10
    },
    {
      "annotations": {
        "BioAssay": {
          "western blot": true
        },
        "CellLine": {
          "Vero cell": true
        },
        "CellLine_Infection_Type": {
          "Severe acute respiratory syndrome coronavirus 2": true
        },
        "PublicationStatus": {
          "Preprint": true
        },
        "PublicationType": {
          "Research": true
        },
        "Section": {
          "Results": true
        },
        "Timeline": {
          "48 hour": true
        }
      },
      "citation": {
        "db": "DOI",
        "db_id": "10.1101/2020.03.07.982264"
      },
      "evidence": "Examining further, STAT1, IFIT2, and TRIM25, known ISGs 17 , had increased protein expression in the context of SARS-CoV-2 infection following IFN SARS-CoV-2 infection relative to control likely due to the mRNA targeting activity of nonstructural protein 1 (NSP1) 24.",
      "key": "d04f71fe5c637e4d40af2158e73552e6",
      "line": 89,
      "relation": "increases",
      "source": 2,
      "target": 8
    },
    {
      "key": "e37ed4767cb3cc429539e2bc90be0d95",
      "relation": "hasVariant",
      "source": 11,
      "target": 12
    },
    {
      "annotations": {
        "PublicationStatus": {
          "Preprint": true
        },
        "PublicationType": {
          "Research": true
        },
        "Section": {
          "Results": true
        }
      },
      "citation": {
        "db": "DOI",
        "db_id": "10.1101/2020.03.07.982264"
      },
      "evidence": "For SARS-CoV structural proteins including the nucleocapsid (N) and matrix (M) protein, a high degree of sequence homology (>90%AA identity) suggests that their reported IFN antagonism is likely maintained in SARS-CoV-2 and other SARS-like viruses.",
      "key": "3a24e17ff693e24118a3efa7b9953498",
      "line": 101,
      "object": {
        "modifier": "Activity"
      },
      "relation": "decreases",
      "source": 9,
      "subject": {
        "modifier": "Activity"
      },
      "target": 6
    },
    {
      "annotations": {
        "PublicationStatus": {
          "Preprint": true
        },
        "PublicationType": {
          "Research": true
        },
        "Section": {
          "Results": true
        }
      },
      "citation": {
        "db": "DOI",
        "db_id": "10.1101/2020.03.07.982264"
      },
      "evidence": "For SARS-CoV structural proteins including the nucleocapsid (N) and matrix (M) protein, a high degree of sequence homology (>90%AA identity) suggests that their reported IFN antagonism is likely maintained in SARS-CoV-2 and other SARS-like viruses.",
      "key": "9d01f622dcea1caede9131c5ab830970",
      "line": 102,
      "object": {
        "modifier": "Activity"
      },
      "relation": "decreases",
      "source": 9,
      "subject": {
        "modifier": "Activity"
      },
      "target": 5
    },
    {
      "annotations": {
        "PublicationStatus": {
          "Preprint": true
        },
        "PublicationType": {
          "Research": true
        },
        "Section": {
          "Results": true
        }
      },
      "citation": {
        "db": "DOI",
        "db_id": "10.1101/2020.03.07.982264"
      },
      "evidence": "Importantly, SARS-CoV145 2 has a two amino acid truncation in its ORF6; previous work has found that alanine substitution in this C-terminal of SARS-CoV ORF6 resulted in ablated antagonism 31 146 .",
      "key": "c5340c6fea7ed157c3d7b6064a769f2e",
      "line": 108,
      "relation": "association",
      "source": 7,
      "target": 3
    }
  ],
  "multigraph": true,
  "nodes": [
    {
      "bel": "a(MESH:\"Interferon Type I\")",
      "concept": {
        "name": "Interferon Type I",
        "namespace": "MESH"
      },
      "function": "Abundance",
      "id": "0019191fb49d0913cdd60723c0bf3ffd"
    },
    {
      "bel": "a(MESH:\"Interferon-alpha\")",
      "concept": {
        "name": "Interferon-alpha",
        "namespace": "MESH"
      },
      "function": "Abundance",
      "id": "85440345ef356e6212d17e05e9bfc37e"
    },
    {
      "bel": "a(MESH:\"Interferon-beta\")",
      "concept": {
        "name": "Interferon-beta",
        "namespace": "MESH"
      },
      "function": "Abundance",
      "id": "f821175306acb8f3efc3135891d5c6a5"
    },
    {
      "bel": "a(TAX:\"Severe acute respiratory syndrome coronavirus 2\")",
      "concept": {
        "name": "Severe acute respiratory syndrome coronavirus 2",
        "namespace": "TAX"
      },
      "function": "Abundance",
      "id": "c41851da59cc36c21b2e8acf24c1f46d"
    },
    {
      "bel": "a(TAX:\"Severe acute respiratory syndrome-related coronavirus\")",
      "concept": {
        "name": "Severe acute respiratory syndrome-related coronavirus",
        "namespace": "TAX"
      },
      "function": "Abundance",
      "id": "a824ba056422b4e42996cd3269ec9a19"
    },
    {
      "bel": "p(COVID:M)",
      "concept": {
        "name": "M",
        "namespace": "COVID"
      },
      "function": "Protein",
      "id": "2e63e8799f85d686aecde07685acbf12"
    },
    {
      "bel": "p(COVID:N)",
      "concept": {
        "name": "N",
        "namespace": "COVID"
      },
      "function": "Protein",
      "id": "a1054f8b8ac9a90d2ad484980fa2a350"
    },
    {
      "bel": "p(COVID:ORF6)",
      "concept": {
        "name": "ORF6",
        "namespace": "COVID"
      },
      "function": "Protein",
      "id": "4afaebfda822880c76d98359abea4989"
    },
    {
      "bel": "p(NCBIGENE:103242879)",
      "concept": {
        "name": "103242879",
        "namespace": "NCBIGENE"
      },
      "function": "Protein",
      "id": "50325dac4c2adf786d4dc6bd86b6fb49"
    },
    {
      "bel": "p(PFAM:Interferon)",
      "concept": {
        "name": "Interferon",
        "namespace": "PFAM"
      },
      "function": "Protein",
      "id": "fc3e5a25fc63b904f88669c0edd503a7"
    },
    {
      "bel": "p(UNIPROT:A0A0D9R376)",
      "concept": {
        "name": "A0A0D9R376",
        "namespace": "UNIPROT"
      },
      "function": "Protein",
      "id": "57994d7766de195cfda4c2491f1771c7"
    },
    {
      "bel": "p(UNIPROT:A0A0D9RIE1)",
      "concept": {
        "name": "A0A0D9RIE1",
        "namespace": "UNIPROT"
      },
      "function": "Protein",
      "id": "fdfe939f5b4c82697e8d3330df86c778"
    },
    {
      "bel": "p(UNIPROT:A0A0D9RIE1, pmod(Ph))",
      "concept": {
        "name": "A0A0D9RIE1",
        "namespace": "UNIPROT"
      },
      "function": "Protein",
      "id": "563b1872c46a95c9d75fc05b629dbc7d",
      "variants": [
        {
          "concept": {
            "name": "Ph",
            "namespace": "bel"
          },
          "kind": "pmod"
        }
      ]
    }
  ]
}