bp(GO:"integrin-mediated signaling pathway")	association	p(UNIPROT:P59595)	{"annotations": {"PublicationStatus": {"Published": true}, "PublicationType": {"Research": true}, "Section": {"Results": true}}, "citation": {"authors": ["Chow VT", "Jameel S", "Lal SK", "Liu B", "Surjit M"], "date": "2004-10-01", "db": "PubMed", "db_id": "15294014", "db_name": "The Biochemical journal", "first": "Surjit M", "last": "Lal SK", "pages": "13-8", "volume": "383"}, "evidence": "This result supported further our hypothesis that N-induced cell death was due to interference with the integrin signalling pathway, and that serum factors inhibited this phenomenon dominantly by maintaining the activity of FAK through alternative pathways.", "line": 84, "relation": "association"}
bp(GO:"integrin-mediated signaling pathway")	association	p(UNIPROT:P59595)	{"annotations": {"CellLine": {"COS-1 cell": true}, "Condition": {"serum starvation": true}, "PublicationStatus": {"Published": true}, "PublicationType": {"Research": true}, "Section": {"Results": true}}, "citation": {"authors": ["Chow VT", "Jameel S", "Lal SK", "Liu B", "Surjit M"], "date": "2004-10-01", "db": "PubMed", "db_id": "15294014", "db_name": "The Biochemical journal", "first": "Surjit M", "last": "Lal SK", "pages": "13-8", "volume": "383"}, "evidence": "From these experiments, we conclude that the N protein of SARS-CoV induces apoptosis and actin reorganization by interfering with the integrin signalling pathway during cellular stress induced by the absence of growth factors.", "line": 161, "relation": "association"}
complex(p(UNIPROT:A0A0D9RKI4), p(UNIPROT:P59595))	decreases	act(p(UNIPROT:A0A0D9S2F1))	{"annotations": {"CellLine": {"COS-1 cell": true}, "Condition": {"serum starvation": true}, "PublicationStatus": {"Published": true}, "PublicationType": {"Research": true}, "Section": {"Results": true}}, "citation": {"authors": ["Chow VT", "Jameel S", "Lal SK", "Liu B", "Surjit M"], "date": "2004-10-01", "db": "PubMed", "db_id": "15294014", "db_name": "The Biochemical journal", "first": "Surjit M", "last": "Lal SK", "pages": "13-8", "volume": "383"}, "evidence": "Expression of this construct together with N rescued the cells from a death phenotype as exhibited by inhibition of caspase 3 activation (Figure 5E, lane 1).", "line": 137, "object": {"modifier": "Activity"}, "relation": "decreases"}
complex(p(UNIPROT:A0A0D9RKI4), p(UNIPROT:P59595))	decreases	bp(GO:"apoptotic process")	{"annotations": {"CellLine": {"COS-1 cell": true}, "Condition": {"serum starvation": true}, "PublicationStatus": {"Published": true}, "PublicationType": {"Research": true}, "Section": {"Results": true}}, "citation": {"authors": ["Chow VT", "Jameel S", "Lal SK", "Liu B", "Surjit M"], "date": "2004-10-01", "db": "PubMed", "db_id": "15294014", "db_name": "The Biochemical journal", "first": "Surjit M", "last": "Lal SK", "pages": "13-8", "volume": "383"}, "evidence": "Expression of this construct together with N rescued the cells from a death phenotype as exhibited by inhibition of caspase 3 activation (Figure 5E, lane 1).", "line": 139, "relation": "decreases"}
p(UNIPROT:A0A0D9RKI4)	partOf	complex(p(UNIPROT:A0A0D9RKI4), p(UNIPROT:P59595))	{"relation": "partOf"}
p(UNIPROT:P59595)	partOf	complex(p(UNIPROT:A0A0D9RKI4), p(UNIPROT:P59595))	{"relation": "partOf"}
p(UNIPROT:P59595)	increases	bp(GO:"apoptotic process")	{"annotations": {"Assay": {"TUNEL assay": true}, "Condition": {"serum starvation": true}, "PublicationStatus": {"Published": true}, "PublicationType": {"Research": true}, "Section": {"Results": true}}, "citation": {"authors": ["Chow VT", "Jameel S", "Lal SK", "Liu B", "Surjit M"], "date": "2004-10-01", "db": "PubMed", "db_id": "15294014", "db_name": "The Biochemical journal", "first": "Surjit M", "last": "Lal SK", "pages": "13-8", "volume": "383"}, "evidence": "As shown in Figure 1(B), serum starvation induced approx. 30% cell death in the presence of N (lane 4).", "line": 49, "relation": "increases"}
p(UNIPROT:P59595)	increases	bp(GO:"apoptotic process")	{"annotations": {"PublicationStatus": {"Published": true}, "PublicationType": {"Research": true}, "Section": {"Results": true}}, "citation": {"authors": ["Chow VT", "Jameel S", "Lal SK", "Liu B", "Surjit M"], "date": "2004-10-01", "db": "PubMed", "db_id": "15294014", "db_name": "The Biochemical journal", "first": "Surjit M", "last": "Lal SK", "pages": "13-8", "volume": "383"}, "evidence": "This result supported further our hypothesis that N-induced cell death was due to interference with the integrin signalling pathway, and that serum factors inhibited this phenomenon dominantly by maintaining the activity of FAK through alternative pathways.", "line": 83, "relation": "increases"}
p(UNIPROT:P59595)	increases	bp(GO:"apoptotic process")	{"annotations": {"CellLine": {"COS-1 cell": true}, "Condition": {"serum starvation": true}, "PublicationStatus": {"Published": true}, "PublicationType": {"Research": true}, "Section": {"Results": true}}, "citation": {"authors": ["Chow VT", "Jameel S", "Lal SK", "Liu B", "Surjit M"], "date": "2004-10-01", "db": "PubMed", "db_id": "15294014", "db_name": "The Biochemical journal", "first": "Surjit M", "last": "Lal SK", "pages": "13-8", "volume": "383"}, "evidence": "From these experiments, we conclude that the N protein of SARS-CoV induces apoptosis and actin reorganization by interfering with the integrin signalling pathway during cellular stress induced by the absence of growth factors.", "line": 159, "relation": "increases"}
p(UNIPROT:P59595)	negativeCorrelation	p(UNIPROT:A0A0D9R9X4, loc(GO:"extracellular space"))	{"annotations": {"CellLine": {"COS-1 cell": true}, "Condition": {"serum starvation": true}, "PublicationStatus": {"Published": true}, "PublicationType": {"Research": true}, "Section": {"Results": true}}, "citation": {"authors": ["Chow VT", "Jameel S", "Lal SK", "Liu B", "Surjit M"], "date": "2004-10-01", "db": "PubMed", "db_id": "15294014", "db_name": "The Biochemical journal", "first": "Surjit M", "last": "Lal SK", "pages": "13-8", "volume": "383"}, "evidence": "N expression clearly down-regulated the level of extracellular fibronectin in the absence of serum (Figure 2A, upper panel).", "line": 58, "object": {"location": {"namespace": "GO", "name": "extracellular space"}}, "relation": "negativeCorrelation"}
p(UNIPROT:P59595)	negativeCorrelation	p(UNIPROT:A0A0D9R9X4)	{"annotations": {"BioAssay": {"immunoassay": true}, "CellLine": {"COS-1 cell": true}, "PublicationStatus": {"Published": true}, "PublicationType": {"Research": true}, "Section": {"Results": true}}, "citation": {"authors": ["Chow VT", "Jameel S", "Lal SK", "Liu B", "Surjit M"], "date": "2004-10-01", "db": "PubMed", "db_id": "15294014", "db_name": "The Biochemical journal", "first": "Surjit M", "last": "Lal SK", "pages": "13-8", "volume": "383"}, "evidence": "As expected, fibronectin levels were found to be lower in N-expressing cells irrespective of the presence or absence of serum (Figure 2A, lower panel), suggesting that N down-regulated fibronectin gene expression.", "line": 68, "relation": "negativeCorrelation"}
p(UNIPROT:P59595)	negativeCorrelation	p(UNIPROT:A0A0D9RB32, pmod(Ph))	{"annotations": {"CellLine": {"COS-1 cell": true}, "Condition": {"serum starvation": true}, "PublicationStatus": {"Published": true}, "PublicationType": {"Research": true}, "Section": {"Results": true}}, "citation": {"authors": ["Chow VT", "Jameel S", "Lal SK", "Liu B", "Surjit M"], "date": "2004-10-01", "db": "PubMed", "db_id": "15294014", "db_name": "The Biochemical journal", "first": "Surjit M", "last": "Lal SK", "pages": "13-8", "volume": "383"}, "evidence": "The level of phosphorylated FAK was significantly down-regulated in N-expressing cells in the absence of growth factors (Figure 2C).", "line": 76, "relation": "negativeCorrelation"}
p(UNIPROT:P59595)	association	bp(GO:"integrin-mediated signaling pathway")	{"annotations": {"PublicationStatus": {"Published": true}, "PublicationType": {"Research": true}, "Section": {"Results": true}}, "citation": {"authors": ["Chow VT", "Jameel S", "Lal SK", "Liu B", "Surjit M"], "date": "2004-10-01", "db": "PubMed", "db_id": "15294014", "db_name": "The Biochemical journal", "first": "Surjit M", "last": "Lal SK", "pages": "13-8", "volume": "383"}, "evidence": "This result supported further our hypothesis that N-induced cell death was due to interference with the integrin signalling pathway, and that serum factors inhibited this phenomenon dominantly by maintaining the activity of FAK through alternative pathways.", "line": 84, "relation": "association"}
p(UNIPROT:P59595)	association	bp(GO:"integrin-mediated signaling pathway")	{"annotations": {"CellLine": {"COS-1 cell": true}, "Condition": {"serum starvation": true}, "PublicationStatus": {"Published": true}, "PublicationType": {"Research": true}, "Section": {"Results": true}}, "citation": {"authors": ["Chow VT", "Jameel S", "Lal SK", "Liu B", "Surjit M"], "date": "2004-10-01", "db": "PubMed", "db_id": "15294014", "db_name": "The Biochemical journal", "first": "Surjit M", "last": "Lal SK", "pages": "13-8", "volume": "383"}, "evidence": "From these experiments, we conclude that the N protein of SARS-CoV induces apoptosis and actin reorganization by interfering with the integrin signalling pathway during cellular stress induced by the absence of growth factors.", "line": 161, "relation": "association"}
p(UNIPROT:P59595)	decreases	p(UNIPROT:A0A0D9R1K1, pmod(Ph))	{"annotations": {"CellLine": {"COS-1 cell": true}, "Condition": {"serum starvation": true}, "PublicationStatus": {"Published": true}, "PublicationType": {"Research": true}, "Section": {"Results": true}}, "citation": {"authors": ["Chow VT", "Jameel S", "Lal SK", "Liu B", "Surjit M"], "date": "2004-10-01", "db": "PubMed", "db_id": "15294014", "db_name": "The Biochemical journal", "first": "Surjit M", "last": "Lal SK", "pages": "13-8", "volume": "383"}, "evidence": "In the absence of serum, N expression down-regulated the activity of p-ERK (Figure 3A, lanes 4\u20136)", "line": 90, "relation": "decreases"}
p(UNIPROT:P59595)	increases	act(p(UNIPROT:A0A0D9RCP6))	{"annotations": {"CellLine": {"COS-1 cell": true}, "Condition": {"serum starvation": true}, "PublicationStatus": {"Published": true}, "PublicationType": {"Research": true}, "Section": {"Results": true}}, "citation": {"authors": ["Chow VT", "Jameel S", "Lal SK", "Liu B", "Surjit M"], "date": "2004-10-01", "db": "PubMed", "db_id": "15294014", "db_name": "The Biochemical journal", "first": "Surjit M", "last": "Lal SK", "pages": "13-8", "volume": "383"}, "evidence": "Furthermore, N expression up-regulated the activity of stress activated protein kinases, namely the JNK and p38 MAPK pathways. The activity was significantly high in the absence of serum (Figure 3B, top panel, lanes 5 and 6).", "line": 99, "object": {"modifier": "Activity"}, "relation": "increases"}
p(UNIPROT:P59595)	increases	act(p(UNIPROT:A0A0D9RCS6))	{"annotations": {"CellLine": {"COS-1 cell": true}, "Condition": {"serum starvation": true}, "PublicationStatus": {"Published": true}, "PublicationType": {"Research": true}, "Section": {"Results": true}}, "citation": {"authors": ["Chow VT", "Jameel S", "Lal SK", "Liu B", "Surjit M"], "date": "2004-10-01", "db": "PubMed", "db_id": "15294014", "db_name": "The Biochemical journal", "first": "Surjit M", "last": "Lal SK", "pages": "13-8", "volume": "383"}, "evidence": "Furthermore, N expression up-regulated the activity of stress activated protein kinases, namely the JNK and p38 MAPK pathways. The activity was significantly high in the absence of serum (Figure 3B, top panel, lanes 5 and 6).", "line": 101, "object": {"modifier": "Activity"}, "relation": "increases"}
p(UNIPROT:P59595)	increases	act(p(UNIPROT:A0A0D9RCS6))	{"annotations": {"CellLine": {"COS-1 cell": true}, "Condition": {"serum starvation": true}, "PublicationStatus": {"Published": true}, "PublicationType": {"Research": true}, "Section": {"Results": true}}, "citation": {"authors": ["Chow VT", "Jameel S", "Lal SK", "Liu B", "Surjit M"], "date": "2004-10-01", "db": "PubMed", "db_id": "15294014", "db_name": "The Biochemical journal", "first": "Surjit M", "last": "Lal SK", "pages": "13-8", "volume": "383"}, "evidence": "Thus we conclude that N-induced activation of the p38 MAPK pathway in the absence of growth factors leads to actin reorganization.", "line": 120, "object": {"modifier": "Activity"}, "relation": "increases"}
p(UNIPROT:P59595)	decreases	p(UNIPROT:A0A0D9RBG0, pmod(Ph, Thr, 308))	{"annotations": {"CellLine": {"COS-1 cell": true}, "Condition": {"serum starvation": true}, "PublicationStatus": {"Published": true}, "PublicationType": {"Research": true}, "Section": {"Results": true}}, "citation": {"authors": ["Chow VT", "Jameel S", "Lal SK", "Liu B", "Surjit M"], "date": "2004-10-01", "db": "PubMed", "db_id": "15294014", "db_name": "The Biochemical journal", "first": "Surjit M", "last": "Lal SK", "pages": "13-8", "volume": "383"}, "evidence": "The level of p-Akt was found to be significantly down-regulated in the absence of serum (Figure 5A, lanes 4\u20136).", "line": 129, "relation": "decreases"}
p(UNIPROT:P59595)	decreases	act(p(UNIPROT:A0A0D9S017))	{"annotations": {"BioAssay": {"immunoassay": true}, "CellLine": {"COS-1 cell": true}, "Condition": {"serum starvation": true}, "PublicationStatus": {"Published": true}, "PublicationType": {"Research": true}, "Section": {"Results": true}}, "citation": {"authors": ["Chow VT", "Jameel S", "Lal SK", "Liu B", "Surjit M"], "date": "2004-10-01", "db": "PubMed", "db_id": "15294014", "db_name": "The Biochemical journal", "first": "Surjit M", "last": "Lal SK", "pages": "13-8", "volume": "383"}, "evidence": "Immunoprecipitation of Bcl-2 showed strong down-regulation in the absence of serum (Figure 5B, lanes 4\u20136).", "line": 149, "object": {"modifier": "Activity"}, "relation": "decreases"}
p(UNIPROT:P59595)	increases	bp(GO:"actin filament reorganization")	{"annotations": {"CellLine": {"COS-1 cell": true}, "Condition": {"serum starvation": true}, "PublicationStatus": {"Published": true}, "PublicationType": {"Research": true}, "Section": {"Results": true}}, "citation": {"authors": ["Chow VT", "Jameel S", "Lal SK", "Liu B", "Surjit M"], "date": "2004-10-01", "db": "PubMed", "db_id": "15294014", "db_name": "The Biochemical journal", "first": "Surjit M", "last": "Lal SK", "pages": "13-8", "volume": "383"}, "evidence": "From these experiments, we conclude that the N protein of SARS-CoV induces apoptosis and actin reorganization by interfering with the integrin signalling pathway during cellular stress induced by the absence of growth factors.", "line": 160, "relation": "increases"}
p(UNIPROT:A0A0D9R1K1)	hasVariant	p(UNIPROT:A0A0D9R1K1, pmod(Ph))	{"relation": "hasVariant"}
p(UNIPROT:A0A0D9R9X4, loc(GO:"extracellular space"))	negativeCorrelation	p(UNIPROT:P59595)	{"annotations": {"CellLine": {"COS-1 cell": true}, "Condition": {"serum starvation": true}, "PublicationStatus": {"Published": true}, "PublicationType": {"Research": true}, "Section": {"Results": true}}, "citation": {"authors": ["Chow VT", "Jameel S", "Lal SK", "Liu B", "Surjit M"], "date": "2004-10-01", "db": "PubMed", "db_id": "15294014", "db_name": "The Biochemical journal", "first": "Surjit M", "last": "Lal SK", "pages": "13-8", "volume": "383"}, "evidence": "N expression clearly down-regulated the level of extracellular fibronectin in the absence of serum (Figure 2A, upper panel).", "line": 58, "relation": "negativeCorrelation", "subject": {"location": {"namespace": "GO", "name": "extracellular space"}}}
p(UNIPROT:A0A0D9R9X4)	negativeCorrelation	p(UNIPROT:P59595)	{"annotations": {"BioAssay": {"immunoassay": true}, "CellLine": {"COS-1 cell": true}, "PublicationStatus": {"Published": true}, "PublicationType": {"Research": true}, "Section": {"Results": true}}, "citation": {"authors": ["Chow VT", "Jameel S", "Lal SK", "Liu B", "Surjit M"], "date": "2004-10-01", "db": "PubMed", "db_id": "15294014", "db_name": "The Biochemical journal", "first": "Surjit M", "last": "Lal SK", "pages": "13-8", "volume": "383"}, "evidence": "As expected, fibronectin levels were found to be lower in N-expressing cells irrespective of the presence or absence of serum (Figure 2A, lower panel), suggesting that N down-regulated fibronectin gene expression.", "line": 68, "relation": "negativeCorrelation"}
p(UNIPROT:A0A0D9RB32)	hasVariant	p(UNIPROT:A0A0D9RB32, pmod(Ph))	{"relation": "hasVariant"}
p(UNIPROT:A0A0D9RB32, pmod(Ph))	negativeCorrelation	p(UNIPROT:P59595)	{"annotations": {"CellLine": {"COS-1 cell": true}, "Condition": {"serum starvation": true}, "PublicationStatus": {"Published": true}, "PublicationType": {"Research": true}, "Section": {"Results": true}}, "citation": {"authors": ["Chow VT", "Jameel S", "Lal SK", "Liu B", "Surjit M"], "date": "2004-10-01", "db": "PubMed", "db_id": "15294014", "db_name": "The Biochemical journal", "first": "Surjit M", "last": "Lal SK", "pages": "13-8", "volume": "383"}, "evidence": "The level of phosphorylated FAK was significantly down-regulated in N-expressing cells in the absence of growth factors (Figure 2C).", "line": 76, "relation": "negativeCorrelation"}
p(UNIPROT:A0A0D9RBG0)	hasVariant	p(UNIPROT:A0A0D9RBG0, pmod(Ph, Thr, 308))	{"relation": "hasVariant"}
act(p(UNIPROT:A0A0D9RCP6))	increases	p(UNIPROT:A0A0D9SAF4, pmod(Ph))	{"annotations": {"CellLine": {"COS-1 cell": true}, "Condition": {"serum starvation": true}, "PublicationStatus": {"Published": true}, "PublicationType": {"Research": true}, "Section": {"Results": true}}, "citation": {"authors": ["Chow VT", "Jameel S", "Lal SK", "Liu B", "Surjit M"], "date": "2004-10-01", "db": "PubMed", "db_id": "15294014", "db_name": "The Biochemical journal", "first": "Surjit M", "last": "Lal SK", "pages": "13-8", "volume": "383"}, "evidence": "The up-regulation of JNK activity was reflected further by the elevated p-Jun level (Figure3B, third panel, lanes 5 and 6).", "line": 110, "relation": "increases", "subject": {"modifier": "Activity"}}
act(p(UNIPROT:A0A0D9RCS6))	increases	bp(GO:"actin filament reorganization")	{"annotations": {"CellLine": {"COS-1 cell": true}, "Condition": {"serum starvation": true}, "PublicationStatus": {"Published": true}, "PublicationType": {"Research": true}, "Section": {"Results": true}}, "citation": {"authors": ["Chow VT", "Jameel S", "Lal SK", "Liu B", "Surjit M"], "date": "2004-10-01", "db": "PubMed", "db_id": "15294014", "db_name": "The Biochemical journal", "first": "Surjit M", "last": "Lal SK", "pages": "13-8", "volume": "383"}, "evidence": "Thus we conclude that N-induced activation of the p38 MAPK pathway in the absence of growth factors leads to actin reorganization.", "line": 121, "relation": "increases", "subject": {"modifier": "Activity"}}
p(UNIPROT:A0A0D9SAF4)	hasVariant	p(UNIPROT:A0A0D9SAF4, pmod(Ph))	{"relation": "hasVariant"}
