a(MESH:"Immunoglobulin G")	decreases	p(COVID:N)	{"annotations": {"Custom_Disease": {"COVID-19": true}, "MeSHAnatomy": {"Serum": true}, "PublicationStatus": {"Published": true}, "PublicationType": {"Research": true}, "Section": {"Results": true}, "Species": {"9606": true}}, "citation": {"authors": ["Chen R", "Chen Z", "Dai E", "Du Z", "Guo Z", "He R", "Li J", "Li L", "Liu Y", "Pang X", "Qiu M", "Shi Y", "Si B", "Song Y", "Sun B", "Wang H", "Wang J", "Wang X", "Yang L", "Yang R", "Zhai J", "Zhang Y", "Zhou D"], "date": "2005-05-01", "db": "PubMed", "db_id": "15878679", "db_name": "Microbes and infection", "first": "Qiu M", "last": "Yang R", "pages": "882-9", "volume": "7"}, "evidence": "Both anti-N and anti-S3 anti-bodies were positive in all the serum samples, whereas anti-3a and anti-9b antibodies were only positive in part of these samples.", "line": 64, "relation": "decreases"}
a(MESH:"Immunoglobulin G")	decreases	p(COVID:N)	{"annotations": {"Custom_Disease": {"COVID-19": true}, "MeSHAnatomy": {"Serum": true}, "PublicationStatus": {"Published": true}, "PublicationType": {"Research": true}, "Section": {"Results": true}, "Species": {"9606": true}, "Timeline": {"2-4 weeks": true}}, "citation": {"authors": ["Chen R", "Chen Z", "Dai E", "Du Z", "Guo Z", "He R", "Li J", "Li L", "Liu Y", "Pang X", "Qiu M", "Shi Y", "Si B", "Song Y", "Sun B", "Wang H", "Wang J", "Wang X", "Yang L", "Yang R", "Zhai J", "Zhang Y", "Zhou D"], "date": "2005-05-01", "db": "PubMed", "db_id": "15878679", "db_name": "Microbes and infection", "first": "Qiu M", "last": "Yang R", "pages": "882-9", "volume": "7"}, "evidence": "As Fig. 4 shows, anti-N and anti-S3 antibodies persisted until week 30; their levels rapidly increased from weeks 2 to 4, and decreased from weeks 20 to 30.", "line": 75, "relation": "decreases"}
a(MESH:"Immunoglobulin G")	decreases	p(COVID:S, frag("241_591"))	{"annotations": {"Custom_Disease": {"COVID-19": true}, "MeSHAnatomy": {"Serum": true}, "PublicationStatus": {"Published": true}, "PublicationType": {"Research": true}, "Section": {"Results": true}, "Species": {"9606": true}}, "citation": {"authors": ["Chen R", "Chen Z", "Dai E", "Du Z", "Guo Z", "He R", "Li J", "Li L", "Liu Y", "Pang X", "Qiu M", "Shi Y", "Si B", "Song Y", "Sun B", "Wang H", "Wang J", "Wang X", "Yang L", "Yang R", "Zhai J", "Zhang Y", "Zhou D"], "date": "2005-05-01", "db": "PubMed", "db_id": "15878679", "db_name": "Microbes and infection", "first": "Qiu M", "last": "Yang R", "pages": "882-9", "volume": "7"}, "evidence": "Both anti-N and anti-S3 anti-bodies were positive in all the serum samples, whereas anti-3a and anti-9b antibodies were only positive in part of these samples.", "line": 65, "relation": "decreases"}
a(MESH:"Immunoglobulin G")	decreases	p(COVID:S, frag("241_591"))	{"annotations": {"Custom_Disease": {"COVID-19": true}, "MeSHAnatomy": {"Serum": true}, "PublicationStatus": {"Published": true}, "PublicationType": {"Research": true}, "Section": {"Results": true}, "Species": {"9606": true}, "Timeline": {"2-4 weeks": true}}, "citation": {"authors": ["Chen R", "Chen Z", "Dai E", "Du Z", "Guo Z", "He R", "Li J", "Li L", "Liu Y", "Pang X", "Qiu M", "Shi Y", "Si B", "Song Y", "Sun B", "Wang H", "Wang J", "Wang X", "Yang L", "Yang R", "Zhai J", "Zhang Y", "Zhou D"], "date": "2005-05-01", "db": "PubMed", "db_id": "15878679", "db_name": "Microbes and infection", "first": "Qiu M", "last": "Yang R", "pages": "882-9", "volume": "7"}, "evidence": "As Fig. 4 shows, anti-N and anti-S3 antibodies persisted until week 30; their levels rapidly increased from weeks 2 to 4, and decreased from weeks 20 to 30.", "line": 76, "relation": "decreases"}
a(MESH:"Immunoglobulin G")	decreases	p(COVID:S, frag("241_591"))	{"annotations": {"Assay": {"Neutalizing antibody assay": true}, "Custom_CellLine": {"Vero E6 cell": true}, "Custom_Disease": {"COVID-19": true}, "Custom_Species": {"60711": true}, "PublicationStatus": {"Published": true}, "PublicationType": {"Research": true}, "Section": {"Results": true}}, "citation": {"authors": ["Chen R", "Chen Z", "Dai E", "Du Z", "Guo Z", "He R", "Li J", "Li L", "Liu Y", "Pang X", "Qiu M", "Shi Y", "Si B", "Song Y", "Sun B", "Wang H", "Wang J", "Wang X", "Yang L", "Yang R", "Zhai J", "Zhang Y", "Zhou D"], "date": "2005-05-01", "db": "PubMed", "db_id": "15878679", "db_name": "Microbes and infection", "first": "Qiu M", "last": "Yang R", "pages": "882-9", "volume": "7"}, "evidence": "Anti-S3 serum showed significant neutralizing activity to the SARS-CoV infection, with a neutralizing antibody titer of 708, whereas the other antisera and control serum from non-immunized rabbit lacked neutralizing antibodies (Table 2).", "line": 90, "relation": "decreases"}
a(MESH:"Immunoglobulin G")	decreases	p(COVID:ORF3a)	{"annotations": {"Custom_Disease": {"COVID-19": true}, "MeSHAnatomy": {"Serum": true}, "PublicationStatus": {"Published": true}, "PublicationType": {"Research": true}, "Section": {"Results": true}, "Species": {"9606": true}}, "citation": {"authors": ["Chen R", "Chen Z", "Dai E", "Du Z", "Guo Z", "He R", "Li J", "Li L", "Liu Y", "Pang X", "Qiu M", "Shi Y", "Si B", "Song Y", "Sun B", "Wang H", "Wang J", "Wang X", "Yang L", "Yang R", "Zhai J", "Zhang Y", "Zhou D"], "date": "2005-05-01", "db": "PubMed", "db_id": "15878679", "db_name": "Microbes and infection", "first": "Qiu M", "last": "Yang R", "pages": "882-9", "volume": "7"}, "evidence": "Both anti-N and anti-S3 anti-bodies were positive in all the serum samples, whereas anti-3a and anti-9b antibodies were only positive in part of these samples.", "line": 66, "relation": "decreases"}
a(MESH:"Immunoglobulin G")	decreases	p(UNIPROT:P0DTD2)	{"annotations": {"Custom_Disease": {"COVID-19": true}, "MeSHAnatomy": {"Serum": true}, "PublicationStatus": {"Published": true}, "PublicationType": {"Research": true}, "Section": {"Results": true}, "Species": {"9606": true}}, "citation": {"authors": ["Chen R", "Chen Z", "Dai E", "Du Z", "Guo Z", "He R", "Li J", "Li L", "Liu Y", "Pang X", "Qiu M", "Shi Y", "Si B", "Song Y", "Sun B", "Wang H", "Wang J", "Wang X", "Yang L", "Yang R", "Zhai J", "Zhang Y", "Zhou D"], "date": "2005-05-01", "db": "PubMed", "db_id": "15878679", "db_name": "Microbes and infection", "first": "Qiu M", "last": "Yang R", "pages": "882-9", "volume": "7"}, "evidence": "Both anti-N and anti-S3 anti-bodies were positive in all the serum samples, whereas anti-3a and anti-9b antibodies were only positive in part of these samples.", "line": 67, "relation": "decreases"}
p(COVID:N)	positiveCorrelation	path(DO:"COVID-19")	{"annotations": {"Custom_Disease": {"COVID-19": true}, "MeSHAnatomy": {"Serum": true}, "PublicationStatus": {"Published": true}, "PublicationType": {"Research": true}, "Section": {"Results": true}, "Species": {"9606": true}}, "citation": {"authors": ["Chen R", "Chen Z", "Dai E", "Du Z", "Guo Z", "He R", "Li J", "Li L", "Liu Y", "Pang X", "Qiu M", "Shi Y", "Si B", "Song Y", "Sun B", "Wang H", "Wang J", "Wang X", "Yang L", "Yang R", "Zhai J", "Zhang Y", "Zhou D"], "date": "2005-05-01", "db": "PubMed", "db_id": "15878679", "db_name": "Microbes and infection", "first": "Qiu M", "last": "Yang R", "pages": "882-9", "volume": "7"}, "evidence": "The FI values for proteins S1, S2, S3, S4, S5, 3a, N and 9b to sera from SARS patients were statistically significantly more than those from healthy people (P < 0.01, using SPSS 10.0 software) (Fig. 2), but the FI values for proteins E, M, 3b, 6 and 7a to sera from SARS patients had no significant difference with those from healthy people (P > 0.05).", "line": 56, "relation": "positiveCorrelation"}
p(COVID:ORF3a)	positiveCorrelation	path(DO:"COVID-19")	{"annotations": {"Custom_Disease": {"COVID-19": true}, "MeSHAnatomy": {"Serum": true}, "PublicationStatus": {"Published": true}, "PublicationType": {"Research": true}, "Section": {"Results": true}, "Species": {"9606": true}}, "citation": {"authors": ["Chen R", "Chen Z", "Dai E", "Du Z", "Guo Z", "He R", "Li J", "Li L", "Liu Y", "Pang X", "Qiu M", "Shi Y", "Si B", "Song Y", "Sun B", "Wang H", "Wang J", "Wang X", "Yang L", "Yang R", "Zhai J", "Zhang Y", "Zhou D"], "date": "2005-05-01", "db": "PubMed", "db_id": "15878679", "db_name": "Microbes and infection", "first": "Qiu M", "last": "Yang R", "pages": "882-9", "volume": "7"}, "evidence": "The FI values for proteins S1, S2, S3, S4, S5, 3a, N and 9b to sera from SARS patients were statistically significantly more than those from healthy people (P < 0.01, using SPSS 10.0 software) (Fig. 2), but the FI values for proteins E, M, 3b, 6 and 7a to sera from SARS patients had no significant difference with those from healthy people (P > 0.05).", "line": 55, "relation": "positiveCorrelation"}
p(COVID:S)	hasVariant	p(COVID:S, frag("1_668"))	{"relation": "hasVariant"}
p(COVID:S)	hasVariant	p(COVID:S, frag("241_591"))	{"relation": "hasVariant"}
p(COVID:S)	hasVariant	p(COVID:S, frag("419_591"))	{"relation": "hasVariant"}
p(COVID:S)	hasVariant	p(COVID:S, frag("647_935"))	{"relation": "hasVariant"}
p(COVID:S)	hasVariant	p(COVID:S, frag("669_1255"))	{"relation": "hasVariant"}
p(COVID:S, frag("1_668"))	positiveCorrelation	path(DO:"COVID-19")	{"annotations": {"Custom_Disease": {"COVID-19": true}, "MeSHAnatomy": {"Serum": true}, "PublicationStatus": {"Published": true}, "PublicationType": {"Research": true}, "Section": {"Results": true}, "Species": {"9606": true}}, "citation": {"authors": ["Chen R", "Chen Z", "Dai E", "Du Z", "Guo Z", "He R", "Li J", "Li L", "Liu Y", "Pang X", "Qiu M", "Shi Y", "Si B", "Song Y", "Sun B", "Wang H", "Wang J", "Wang X", "Yang L", "Yang R", "Zhai J", "Zhang Y", "Zhou D"], "date": "2005-05-01", "db": "PubMed", "db_id": "15878679", "db_name": "Microbes and infection", "first": "Qiu M", "last": "Yang R", "pages": "882-9", "volume": "7"}, "evidence": "The FI values for proteins S1, S2, S3, S4, S5, 3a, N and 9b to sera from SARS patients were statistically significantly more than those from healthy people (P < 0.01, using SPSS 10.0 software) (Fig. 2), but the FI values for proteins E, M, 3b, 6 and 7a to sera from SARS patients had no significant difference with those from healthy people (P > 0.05).", "line": 50, "relation": "positiveCorrelation"}
p(COVID:S, frag("241_591"))	positiveCorrelation	path(DO:"COVID-19")	{"annotations": {"Custom_Disease": {"COVID-19": true}, "MeSHAnatomy": {"Serum": true}, "PublicationStatus": {"Published": true}, "PublicationType": {"Research": true}, "Section": {"Results": true}, "Species": {"9606": true}}, "citation": {"authors": ["Chen R", "Chen Z", "Dai E", "Du Z", "Guo Z", "He R", "Li J", "Li L", "Liu Y", "Pang X", "Qiu M", "Shi Y", "Si B", "Song Y", "Sun B", "Wang H", "Wang J", "Wang X", "Yang L", "Yang R", "Zhai J", "Zhang Y", "Zhou D"], "date": "2005-05-01", "db": "PubMed", "db_id": "15878679", "db_name": "Microbes and infection", "first": "Qiu M", "last": "Yang R", "pages": "882-9", "volume": "7"}, "evidence": "The FI values for proteins S1, S2, S3, S4, S5, 3a, N and 9b to sera from SARS patients were statistically significantly more than those from healthy people (P < 0.01, using SPSS 10.0 software) (Fig. 2), but the FI values for proteins E, M, 3b, 6 and 7a to sera from SARS patients had no significant difference with those from healthy people (P > 0.05).", "line": 52, "relation": "positiveCorrelation"}
p(COVID:S, frag("419_591"))	positiveCorrelation	path(DO:"COVID-19")	{"annotations": {"Custom_Disease": {"COVID-19": true}, "MeSHAnatomy": {"Serum": true}, "PublicationStatus": {"Published": true}, "PublicationType": {"Research": true}, "Section": {"Results": true}, "Species": {"9606": true}}, "citation": {"authors": ["Chen R", "Chen Z", "Dai E", "Du Z", "Guo Z", "He R", "Li J", "Li L", "Liu Y", "Pang X", "Qiu M", "Shi Y", "Si B", "Song Y", "Sun B", "Wang H", "Wang J", "Wang X", "Yang L", "Yang R", "Zhai J", "Zhang Y", "Zhou D"], "date": "2005-05-01", "db": "PubMed", "db_id": "15878679", "db_name": "Microbes and infection", "first": "Qiu M", "last": "Yang R", "pages": "882-9", "volume": "7"}, "evidence": "The FI values for proteins S1, S2, S3, S4, S5, 3a, N and 9b to sera from SARS patients were statistically significantly more than those from healthy people (P < 0.01, using SPSS 10.0 software) (Fig. 2), but the FI values for proteins E, M, 3b, 6 and 7a to sera from SARS patients had no significant difference with those from healthy people (P > 0.05).", "line": 53, "relation": "positiveCorrelation"}
p(COVID:S, frag("647_935"))	positiveCorrelation	path(DO:"COVID-19")	{"annotations": {"Custom_Disease": {"COVID-19": true}, "MeSHAnatomy": {"Serum": true}, "PublicationStatus": {"Published": true}, "PublicationType": {"Research": true}, "Section": {"Results": true}, "Species": {"9606": true}}, "citation": {"authors": ["Chen R", "Chen Z", "Dai E", "Du Z", "Guo Z", "He R", "Li J", "Li L", "Liu Y", "Pang X", "Qiu M", "Shi Y", "Si B", "Song Y", "Sun B", "Wang H", "Wang J", "Wang X", "Yang L", "Yang R", "Zhai J", "Zhang Y", "Zhou D"], "date": "2005-05-01", "db": "PubMed", "db_id": "15878679", "db_name": "Microbes and infection", "first": "Qiu M", "last": "Yang R", "pages": "882-9", "volume": "7"}, "evidence": "The FI values for proteins S1, S2, S3, S4, S5, 3a, N and 9b to sera from SARS patients were statistically significantly more than those from healthy people (P < 0.01, using SPSS 10.0 software) (Fig. 2), but the FI values for proteins E, M, 3b, 6 and 7a to sera from SARS patients had no significant difference with those from healthy people (P > 0.05).", "line": 54, "relation": "positiveCorrelation"}
p(COVID:S, frag("669_1255"))	positiveCorrelation	path(DO:"COVID-19")	{"annotations": {"Custom_Disease": {"COVID-19": true}, "MeSHAnatomy": {"Serum": true}, "PublicationStatus": {"Published": true}, "PublicationType": {"Research": true}, "Section": {"Results": true}, "Species": {"9606": true}}, "citation": {"authors": ["Chen R", "Chen Z", "Dai E", "Du Z", "Guo Z", "He R", "Li J", "Li L", "Liu Y", "Pang X", "Qiu M", "Shi Y", "Si B", "Song Y", "Sun B", "Wang H", "Wang J", "Wang X", "Yang L", "Yang R", "Zhai J", "Zhang Y", "Zhou D"], "date": "2005-05-01", "db": "PubMed", "db_id": "15878679", "db_name": "Microbes and infection", "first": "Qiu M", "last": "Yang R", "pages": "882-9", "volume": "7"}, "evidence": "The FI values for proteins S1, S2, S3, S4, S5, 3a, N and 9b to sera from SARS patients were statistically significantly more than those from healthy people (P < 0.01, using SPSS 10.0 software) (Fig. 2), but the FI values for proteins E, M, 3b, 6 and 7a to sera from SARS patients had no significant difference with those from healthy people (P > 0.05).", "line": 51, "relation": "positiveCorrelation"}
p(UNIPROT:P0DTD2)	positiveCorrelation	path(DO:"COVID-19")	{"annotations": {"Custom_Disease": {"COVID-19": true}, "MeSHAnatomy": {"Serum": true}, "PublicationStatus": {"Published": true}, "PublicationType": {"Research": true}, "Section": {"Results": true}, "Species": {"9606": true}}, "citation": {"authors": ["Chen R", "Chen Z", "Dai E", "Du Z", "Guo Z", "He R", "Li J", "Li L", "Liu Y", "Pang X", "Qiu M", "Shi Y", "Si B", "Song Y", "Sun B", "Wang H", "Wang J", "Wang X", "Yang L", "Yang R", "Zhai J", "Zhang Y", "Zhou D"], "date": "2005-05-01", "db": "PubMed", "db_id": "15878679", "db_name": "Microbes and infection", "first": "Qiu M", "last": "Yang R", "pages": "882-9", "volume": "7"}, "evidence": "The FI values for proteins S1, S2, S3, S4, S5, 3a, N and 9b to sera from SARS patients were statistically significantly more than those from healthy people (P < 0.01, using SPSS 10.0 software) (Fig. 2), but the FI values for proteins E, M, 3b, 6 and 7a to sera from SARS patients had no significant difference with those from healthy people (P > 0.05).", "line": 57, "relation": "positiveCorrelation"}
path(DO:"COVID-19")	positiveCorrelation	p(COVID:S, frag("1_668"))	{"annotations": {"Custom_Disease": {"COVID-19": true}, "MeSHAnatomy": {"Serum": true}, "PublicationStatus": {"Published": true}, "PublicationType": {"Research": true}, "Section": {"Results": true}, "Species": {"9606": true}}, "citation": {"authors": ["Chen R", "Chen Z", "Dai E", "Du Z", "Guo Z", "He R", "Li J", "Li L", "Liu Y", "Pang X", "Qiu M", "Shi Y", "Si B", "Song Y", "Sun B", "Wang H", "Wang J", "Wang X", "Yang L", "Yang R", "Zhai J", "Zhang Y", "Zhou D"], "date": "2005-05-01", "db": "PubMed", "db_id": "15878679", "db_name": "Microbes and infection", "first": "Qiu M", "last": "Yang R", "pages": "882-9", "volume": "7"}, "evidence": "The FI values for proteins S1, S2, S3, S4, S5, 3a, N and 9b to sera from SARS patients were statistically significantly more than those from healthy people (P < 0.01, using SPSS 10.0 software) (Fig. 2), but the FI values for proteins E, M, 3b, 6 and 7a to sera from SARS patients had no significant difference with those from healthy people (P > 0.05).", "line": 50, "relation": "positiveCorrelation"}
path(DO:"COVID-19")	positiveCorrelation	p(COVID:S, frag("669_1255"))	{"annotations": {"Custom_Disease": {"COVID-19": true}, "MeSHAnatomy": {"Serum": true}, "PublicationStatus": {"Published": true}, "PublicationType": {"Research": true}, "Section": {"Results": true}, "Species": {"9606": true}}, "citation": {"authors": ["Chen R", "Chen Z", "Dai E", "Du Z", "Guo Z", "He R", "Li J", "Li L", "Liu Y", "Pang X", "Qiu M", "Shi Y", "Si B", "Song Y", "Sun B", "Wang H", "Wang J", "Wang X", "Yang L", "Yang R", "Zhai J", "Zhang Y", "Zhou D"], "date": "2005-05-01", "db": "PubMed", "db_id": "15878679", "db_name": "Microbes and infection", "first": "Qiu M", "last": "Yang R", "pages": "882-9", "volume": "7"}, "evidence": "The FI values for proteins S1, S2, S3, S4, S5, 3a, N and 9b to sera from SARS patients were statistically significantly more than those from healthy people (P < 0.01, using SPSS 10.0 software) (Fig. 2), but the FI values for proteins E, M, 3b, 6 and 7a to sera from SARS patients had no significant difference with those from healthy people (P > 0.05).", "line": 51, "relation": "positiveCorrelation"}
path(DO:"COVID-19")	positiveCorrelation	p(COVID:S, frag("241_591"))	{"annotations": {"Custom_Disease": {"COVID-19": true}, "MeSHAnatomy": {"Serum": true}, "PublicationStatus": {"Published": true}, "PublicationType": {"Research": true}, "Section": {"Results": true}, "Species": {"9606": true}}, "citation": {"authors": ["Chen R", "Chen Z", "Dai E", "Du Z", "Guo Z", "He R", "Li J", "Li L", "Liu Y", "Pang X", "Qiu M", "Shi Y", "Si B", "Song Y", "Sun B", "Wang H", "Wang J", "Wang X", "Yang L", "Yang R", "Zhai J", "Zhang Y", "Zhou D"], "date": "2005-05-01", "db": "PubMed", "db_id": "15878679", "db_name": "Microbes and infection", "first": "Qiu M", "last": "Yang R", "pages": "882-9", "volume": "7"}, "evidence": "The FI values for proteins S1, S2, S3, S4, S5, 3a, N and 9b to sera from SARS patients were statistically significantly more than those from healthy people (P < 0.01, using SPSS 10.0 software) (Fig. 2), but the FI values for proteins E, M, 3b, 6 and 7a to sera from SARS patients had no significant difference with those from healthy people (P > 0.05).", "line": 52, "relation": "positiveCorrelation"}
path(DO:"COVID-19")	positiveCorrelation	p(COVID:S, frag("419_591"))	{"annotations": {"Custom_Disease": {"COVID-19": true}, "MeSHAnatomy": {"Serum": true}, "PublicationStatus": {"Published": true}, "PublicationType": {"Research": true}, "Section": {"Results": true}, "Species": {"9606": true}}, "citation": {"authors": ["Chen R", "Chen Z", "Dai E", "Du Z", "Guo Z", "He R", "Li J", "Li L", "Liu Y", "Pang X", "Qiu M", "Shi Y", "Si B", "Song Y", "Sun B", "Wang H", "Wang J", "Wang X", "Yang L", "Yang R", "Zhai J", "Zhang Y", "Zhou D"], "date": "2005-05-01", "db": "PubMed", "db_id": "15878679", "db_name": "Microbes and infection", "first": "Qiu M", "last": "Yang R", "pages": "882-9", "volume": "7"}, "evidence": "The FI values for proteins S1, S2, S3, S4, S5, 3a, N and 9b to sera from SARS patients were statistically significantly more than those from healthy people (P < 0.01, using SPSS 10.0 software) (Fig. 2), but the FI values for proteins E, M, 3b, 6 and 7a to sera from SARS patients had no significant difference with those from healthy people (P > 0.05).", "line": 53, "relation": "positiveCorrelation"}
path(DO:"COVID-19")	positiveCorrelation	p(COVID:S, frag("647_935"))	{"annotations": {"Custom_Disease": {"COVID-19": true}, "MeSHAnatomy": {"Serum": true}, "PublicationStatus": {"Published": true}, "PublicationType": {"Research": true}, "Section": {"Results": true}, "Species": {"9606": true}}, "citation": {"authors": ["Chen R", "Chen Z", "Dai E", "Du Z", "Guo Z", "He R", "Li J", "Li L", "Liu Y", "Pang X", "Qiu M", "Shi Y", "Si B", "Song Y", "Sun B", "Wang H", "Wang J", "Wang X", "Yang L", "Yang R", "Zhai J", "Zhang Y", "Zhou D"], "date": "2005-05-01", "db": "PubMed", "db_id": "15878679", "db_name": "Microbes and infection", "first": "Qiu M", "last": "Yang R", "pages": "882-9", "volume": "7"}, "evidence": "The FI values for proteins S1, S2, S3, S4, S5, 3a, N and 9b to sera from SARS patients were statistically significantly more than those from healthy people (P < 0.01, using SPSS 10.0 software) (Fig. 2), but the FI values for proteins E, M, 3b, 6 and 7a to sera from SARS patients had no significant difference with those from healthy people (P > 0.05).", "line": 54, "relation": "positiveCorrelation"}
path(DO:"COVID-19")	positiveCorrelation	p(COVID:ORF3a)	{"annotations": {"Custom_Disease": {"COVID-19": true}, "MeSHAnatomy": {"Serum": true}, "PublicationStatus": {"Published": true}, "PublicationType": {"Research": true}, "Section": {"Results": true}, "Species": {"9606": true}}, "citation": {"authors": ["Chen R", "Chen Z", "Dai E", "Du Z", "Guo Z", "He R", "Li J", "Li L", "Liu Y", "Pang X", "Qiu M", "Shi Y", "Si B", "Song Y", "Sun B", "Wang H", "Wang J", "Wang X", "Yang L", "Yang R", "Zhai J", "Zhang Y", "Zhou D"], "date": "2005-05-01", "db": "PubMed", "db_id": "15878679", "db_name": "Microbes and infection", "first": "Qiu M", "last": "Yang R", "pages": "882-9", "volume": "7"}, "evidence": "The FI values for proteins S1, S2, S3, S4, S5, 3a, N and 9b to sera from SARS patients were statistically significantly more than those from healthy people (P < 0.01, using SPSS 10.0 software) (Fig. 2), but the FI values for proteins E, M, 3b, 6 and 7a to sera from SARS patients had no significant difference with those from healthy people (P > 0.05).", "line": 55, "relation": "positiveCorrelation"}
path(DO:"COVID-19")	positiveCorrelation	p(COVID:N)	{"annotations": {"Custom_Disease": {"COVID-19": true}, "MeSHAnatomy": {"Serum": true}, "PublicationStatus": {"Published": true}, "PublicationType": {"Research": true}, "Section": {"Results": true}, "Species": {"9606": true}}, "citation": {"authors": ["Chen R", "Chen Z", "Dai E", "Du Z", "Guo Z", "He R", "Li J", "Li L", "Liu Y", "Pang X", "Qiu M", "Shi Y", "Si B", "Song Y", "Sun B", "Wang H", "Wang J", "Wang X", "Yang L", "Yang R", "Zhai J", "Zhang Y", "Zhou D"], "date": "2005-05-01", "db": "PubMed", "db_id": "15878679", "db_name": "Microbes and infection", "first": "Qiu M", "last": "Yang R", "pages": "882-9", "volume": "7"}, "evidence": "The FI values for proteins S1, S2, S3, S4, S5, 3a, N and 9b to sera from SARS patients were statistically significantly more than those from healthy people (P < 0.01, using SPSS 10.0 software) (Fig. 2), but the FI values for proteins E, M, 3b, 6 and 7a to sera from SARS patients had no significant difference with those from healthy people (P > 0.05).", "line": 56, "relation": "positiveCorrelation"}
path(DO:"COVID-19")	positiveCorrelation	p(UNIPROT:P0DTD2)	{"annotations": {"Custom_Disease": {"COVID-19": true}, "MeSHAnatomy": {"Serum": true}, "PublicationStatus": {"Published": true}, "PublicationType": {"Research": true}, "Section": {"Results": true}, "Species": {"9606": true}}, "citation": {"authors": ["Chen R", "Chen Z", "Dai E", "Du Z", "Guo Z", "He R", "Li J", "Li L", "Liu Y", "Pang X", "Qiu M", "Shi Y", "Si B", "Song Y", "Sun B", "Wang H", "Wang J", "Wang X", "Yang L", "Yang R", "Zhai J", "Zhang Y", "Zhou D"], "date": "2005-05-01", "db": "PubMed", "db_id": "15878679", "db_name": "Microbes and infection", "first": "Qiu M", "last": "Yang R", "pages": "882-9", "volume": "7"}, "evidence": "The FI values for proteins S1, S2, S3, S4, S5, 3a, N and 9b to sera from SARS patients were statistically significantly more than those from healthy people (P < 0.01, using SPSS 10.0 software) (Fig. 2), but the FI values for proteins E, M, 3b, 6 and 7a to sera from SARS patients had no significant difference with those from healthy people (P > 0.05).", "line": 57, "relation": "positiveCorrelation"}
path(DO:"COVID-19")	increases	a(MESH:"Immunoglobulin G")	{"annotations": {"Custom_Disease": {"COVID-19": true}, "MeSHAnatomy": {"Serum": true}, "PublicationStatus": {"Published": true}, "PublicationType": {"Research": true}, "Section": {"Results": true}, "Species": {"9606": true}}, "citation": {"authors": ["Chen R", "Chen Z", "Dai E", "Du Z", "Guo Z", "He R", "Li J", "Li L", "Liu Y", "Pang X", "Qiu M", "Shi Y", "Si B", "Song Y", "Sun B", "Wang H", "Wang J", "Wang X", "Yang L", "Yang R", "Zhai J", "Zhang Y", "Zhou D"], "date": "2005-05-01", "db": "PubMed", "db_id": "15878679", "db_name": "Microbes and infection", "first": "Qiu M", "last": "Yang R", "pages": "882-9", "volume": "7"}, "evidence": "Both anti-N and anti-S3 anti-bodies were positive in all the serum samples, whereas anti-3a and anti-9b antibodies were only positive in part of these samples.", "line": 63, "relation": "increases"}
path(DO:"COVID-19")	increases	a(MESH:"Immunoglobulin G")	{"annotations": {"Custom_Disease": {"COVID-19": true}, "MeSHAnatomy": {"Serum": true}, "PublicationStatus": {"Published": true}, "PublicationType": {"Research": true}, "Section": {"Results": true}, "Species": {"9606": true}, "Timeline": {"2-4 weeks": true}}, "citation": {"authors": ["Chen R", "Chen Z", "Dai E", "Du Z", "Guo Z", "He R", "Li J", "Li L", "Liu Y", "Pang X", "Qiu M", "Shi Y", "Si B", "Song Y", "Sun B", "Wang H", "Wang J", "Wang X", "Yang L", "Yang R", "Zhai J", "Zhang Y", "Zhou D"], "date": "2005-05-01", "db": "PubMed", "db_id": "15878679", "db_name": "Microbes and infection", "first": "Qiu M", "last": "Yang R", "pages": "882-9", "volume": "7"}, "evidence": "As Fig. 4 shows, anti-N and anti-S3 antibodies persisted until week 30; their levels rapidly increased from weeks 2 to 4, and decreased from weeks 20 to 30.", "line": 74, "relation": "increases"}
path(DO:"COVID-19")	decreases	a(MESH:"Immunoglobulin G")	{"annotations": {"Custom_Disease": {"COVID-19": true}, "MeSHAnatomy": {"Serum": true}, "PublicationStatus": {"Published": true}, "PublicationType": {"Research": true}, "Section": {"Results": true}, "Species": {"9606": true}, "Timeline": {"20-30 weeks": true}}, "citation": {"authors": ["Chen R", "Chen Z", "Dai E", "Du Z", "Guo Z", "He R", "Li J", "Li L", "Liu Y", "Pang X", "Qiu M", "Shi Y", "Si B", "Song Y", "Sun B", "Wang H", "Wang J", "Wang X", "Yang L", "Yang R", "Zhai J", "Zhang Y", "Zhou D"], "date": "2005-05-01", "db": "PubMed", "db_id": "15878679", "db_name": "Microbes and infection", "first": "Qiu M", "last": "Yang R", "pages": "882-9", "volume": "7"}, "evidence": "As Fig. 4 shows, anti-N and anti-S3 antibodies persisted until week 30; their levels rapidly increased from weeks 2 to 4, and decreased from weeks 20 to 30.", "line": 79, "relation": "decreases"}
path(DO:"COVID-19")	increases	a(MESH:"Immunoglobulin G")	{"annotations": {"Assay": {"Neutalizing antibody assay": true}, "Custom_CellLine": {"Vero E6 cell": true}, "Custom_Disease": {"COVID-19": true}, "Custom_Species": {"60711": true}, "PublicationStatus": {"Published": true}, "PublicationType": {"Research": true}, "Section": {"Results": true}}, "citation": {"authors": ["Chen R", "Chen Z", "Dai E", "Du Z", "Guo Z", "He R", "Li J", "Li L", "Liu Y", "Pang X", "Qiu M", "Shi Y", "Si B", "Song Y", "Sun B", "Wang H", "Wang J", "Wang X", "Yang L", "Yang R", "Zhai J", "Zhang Y", "Zhou D"], "date": "2005-05-01", "db": "PubMed", "db_id": "15878679", "db_name": "Microbes and infection", "first": "Qiu M", "last": "Yang R", "pages": "882-9", "volume": "7"}, "evidence": "Anti-S3 serum showed significant neutralizing activity to the SARS-CoV infection, with a neutralizing antibody titer of 708, whereas the other antisera and control serum from non-immunized rabbit lacked neutralizing antibodies (Table 2).", "line": 89, "relation": "increases"}
