a(GO:"plasma membrane")	association	p(UNIPROT:P59632)	{"annotations": {"BioAssay": {"confocal microscopy": true, "immunohistochemistry": true}, "CellLine": {"FRhK-4 cell": true}, "PublicationStatus": {"Published": true}, "PublicationType": {"Research": true}, "Section": {"Results": true}}, "citation": {"authors": ["Chen J", "Deubel V", "Du L", "Duan S", "Lu W", "Schwarz W", "Sun B", "Wong CK", "Xu K", "Zheng BJ"], "date": "2006-08-15", "db": "PubMed", "db_id": "16894145", "db_name": "Proceedings of the National Academy of Sciences of the United States of America", "first": "Lu W", "last": "Sun B", "pages": "12540-5", "volume": "103"}, "evidence": "Fig. 1C reveals a high density of the 3a protein at the cell membrane and also in the cytoplasm and the nucleus of the infected cells.", "line": 70, "relation": "association"}
a(GO:"plasma membrane")	association	p(UNIPROT:P59632)	{"annotations": {"BioAssay": {"confocal microscopy": true, "immunohistochemistry": true}, "Cell": {"oocyte": true}, "Custom_Species": {"8353": true}, "PublicationStatus": {"Published": true}, "PublicationType": {"Research": true}, "Section": {"Results": true}}, "citation": {"authors": ["Chen J", "Deubel V", "Du L", "Duan S", "Lu W", "Schwarz W", "Sun B", "Wong CK", "Xu K", "Zheng BJ"], "date": "2006-08-15", "db": "PubMed", "db_id": "16894145", "db_name": "Proceedings of the National Academy of Sciences of the United States of America", "first": "Lu W", "last": "Sun B", "pages": "12540-5", "volume": "103"}, "evidence": "The 3a protein expression for both wild-type and M6 mutant was revealed on the oocyte cell membranes by anti-LH21 Ab and confocal microscopy (Fig. 4 B and C).", "line": 93, "relation": "association"}
a(GO:"plasma membrane")	association	p(UNIPROT:P59632, var("p.Cys133Ala"))	{"annotations": {"BioAssay": {"confocal microscopy": true, "immunohistochemistry": true}, "Cell": {"oocyte": true}, "Custom_Species": {"8353": true}, "PublicationStatus": {"Published": true}, "PublicationType": {"Research": true}, "Section": {"Results": true}}, "citation": {"authors": ["Chen J", "Deubel V", "Du L", "Duan S", "Lu W", "Schwarz W", "Sun B", "Wong CK", "Xu K", "Zheng BJ"], "date": "2006-08-15", "db": "PubMed", "db_id": "16894145", "db_name": "Proceedings of the National Academy of Sciences of the United States of America", "first": "Lu W", "last": "Sun B", "pages": "12540-5", "volume": "103"}, "evidence": "The 3a protein expression for both wild-type and M6 mutant was revealed on the oocyte cell membranes by anti-LH21 Ab and confocal microscopy (Fig. 4 B and C).", "line": 94, "relation": "association"}
a(GO:cytoplasm)	association	p(UNIPROT:P59632)	{"annotations": {"BioAssay": {"confocal microscopy": true, "immunohistochemistry": true}, "CellLine": {"FRhK-4 cell": true}, "PublicationStatus": {"Published": true}, "PublicationType": {"Research": true}, "Section": {"Results": true}}, "citation": {"authors": ["Chen J", "Deubel V", "Du L", "Duan S", "Lu W", "Schwarz W", "Sun B", "Wong CK", "Xu K", "Zheng BJ"], "date": "2006-08-15", "db": "PubMed", "db_id": "16894145", "db_name": "Proceedings of the National Academy of Sciences of the United States of America", "first": "Lu W", "last": "Sun B", "pages": "12540-5", "volume": "103"}, "evidence": "Fig. 1C reveals a high density of the 3a protein at the cell membrane and also in the cytoplasm and the nucleus of the infected cells.", "line": 71, "relation": "association"}
a(GO:nucleus)	association	p(UNIPROT:P59632)	{"annotations": {"BioAssay": {"confocal microscopy": true, "immunohistochemistry": true}, "CellLine": {"FRhK-4 cell": true}, "PublicationStatus": {"Published": true}, "PublicationType": {"Research": true}, "Section": {"Results": true}}, "citation": {"authors": ["Chen J", "Deubel V", "Du L", "Duan S", "Lu W", "Schwarz W", "Sun B", "Wong CK", "Xu K", "Zheng BJ"], "date": "2006-08-15", "db": "PubMed", "db_id": "16894145", "db_name": "Proceedings of the National Academy of Sciences of the United States of America", "first": "Lu W", "last": "Sun B", "pages": "12540-5", "volume": "103"}, "evidence": "Fig. 1C reveals a high density of the 3a protein at the cell membrane and also in the cytoplasm and the nucleus of the infected cells.", "line": 72, "relation": "association"}
a(TAX:"Severe acute respiratory syndrome-related coronavirus")	increases	path(DO:"severe acute respiratory syndrome")	{"annotations": {"BioAssay": {"ELISA": true}, "MeSHAnatomy": {"Serum": true}, "PublicationStatus": {"Published": true}, "PublicationType": {"Research": true}, "Section": {"Results": true}, "Species": {"9606": true}}, "citation": {"authors": ["Chen J", "Deubel V", "Du L", "Duan S", "Lu W", "Schwarz W", "Sun B", "Wong CK", "Xu K", "Zheng BJ"], "date": "2006-08-15", "db": "PubMed", "db_id": "16894145", "db_name": "Proceedings of the National Academy of Sciences of the United States of America", "first": "Lu W", "last": "Sun B", "pages": "12540-5", "volume": "103"}, "evidence": "Results show that SARS patients\u2019 sera contain high levels of IgG recognizing 3a protein (Fig. 1A).", "line": 56, "relation": "increases"}
a(TAX:"Severe acute respiratory syndrome-related coronavirus")	increases	p(UNIPROT:P59632)	{"annotations": {"BioAssay": {"western blot": true}, "CellLine": {"FRhK-4 cell": true}, "PublicationStatus": {"Published": true}, "PublicationType": {"Research": true}, "Section": {"Results": true}}, "citation": {"authors": ["Chen J", "Deubel V", "Du L", "Duan S", "Lu W", "Schwarz W", "Sun B", "Wong CK", "Xu K", "Zheng BJ"], "date": "2006-08-15", "db": "PubMed", "db_id": "16894145", "db_name": "Proceedings of the National Academy of Sciences of the United States of America", "first": "Lu W", "last": "Sun B", "pages": "12540-5", "volume": "103"}, "evidence": "A 37-kDa protein (3a protein) was recognized by the anti-LH21 Ab in virus-infected cell lysate but not in uninfected cell lysate (Fig. 1B), which indicates an active expression of 3a protein in the virus-infected cells.", "line": 65, "relation": "increases"}
bp(GO:"potassium channel activity")	association	p(UNIPROT:P59632)	{"annotations": {"BioAssay": {"electrophysiological method": true}, "Cell": {"oocyte": true}, "Custom_Species": {"8353": true}, "PublicationStatus": {"Published": true}, "PublicationType": {"Research": true}, "Section": {"Results": true}}, "citation": {"authors": ["Chen J", "Deubel V", "Du L", "Duan S", "Lu W", "Schwarz W", "Sun B", "Wong CK", "Xu K", "Zheng BJ"], "date": "2006-08-15", "db": "PubMed", "db_id": "16894145", "db_name": "Proceedings of the National Academy of Sciences of the United States of America", "first": "Lu W", "last": "Sun B", "pages": "12540-5", "volume": "103"}, "evidence": "The 3a-mediated potassium-sensitive current could be completely blocked by 10 mM barium in the bath solution (Fig. 4F).", "line": 106, "relation": "association"}
bp(GO:"potassium channel activity")	increases	bp(GO:"potassium ion transmembrane transport")	{"annotations": {"BioAssay": {"electrophysiological method": true}, "Cell": {"oocyte": true}, "Custom_Species": {"8353": true}, "PublicationStatus": {"Published": true}, "PublicationType": {"Research": true}, "Section": {"Results": true}}, "citation": {"authors": ["Chen J", "Deubel V", "Du L", "Duan S", "Lu W", "Schwarz W", "Sun B", "Wong CK", "Xu K", "Zheng BJ"], "date": "2006-08-15", "db": "PubMed", "db_id": "16894145", "db_name": "Proceedings of the National Academy of Sciences of the United States of America", "first": "Lu W", "last": "Sun B", "pages": "12540-5", "volume": "103"}, "evidence": "The 3a-mediated potassium-sensitive current could be completely blocked by 10 mM barium in the bath solution (Fig. 4F).", "line": 107, "relation": "increases"}
p(UNIPROT:P59632)	partOf	complex(p(UNIPROT:P59632), p(UNIPROT:P59632))	{"relation": "partOf"}
p(UNIPROT:P59632)	hasVariant	p(UNIPROT:P59632, var("p.Cys133Ala"))	{"relation": "hasVariant"}
p(UNIPROT:P59632)	association	path(DO:"severe acute respiratory syndrome")	{"annotations": {"BioAssay": {"ELISA": true}, "MeSHAnatomy": {"Serum": true}, "PublicationStatus": {"Published": true}, "PublicationType": {"Research": true}, "Section": {"Results": true}, "Species": {"9606": true}}, "citation": {"authors": ["Chen J", "Deubel V", "Du L", "Duan S", "Lu W", "Schwarz W", "Sun B", "Wong CK", "Xu K", "Zheng BJ"], "date": "2006-08-15", "db": "PubMed", "db_id": "16894145", "db_name": "Proceedings of the National Academy of Sciences of the United States of America", "first": "Lu W", "last": "Sun B", "pages": "12540-5", "volume": "103"}, "evidence": "Results show that SARS patients\u2019 sera contain high levels of IgG recognizing 3a protein (Fig. 1A).", "line": 57, "relation": "association"}
p(UNIPROT:P59632)	association	a(GO:"plasma membrane")	{"annotations": {"BioAssay": {"confocal microscopy": true, "immunohistochemistry": true}, "CellLine": {"FRhK-4 cell": true}, "PublicationStatus": {"Published": true}, "PublicationType": {"Research": true}, "Section": {"Results": true}}, "citation": {"authors": ["Chen J", "Deubel V", "Du L", "Duan S", "Lu W", "Schwarz W", "Sun B", "Wong CK", "Xu K", "Zheng BJ"], "date": "2006-08-15", "db": "PubMed", "db_id": "16894145", "db_name": "Proceedings of the National Academy of Sciences of the United States of America", "first": "Lu W", "last": "Sun B", "pages": "12540-5", "volume": "103"}, "evidence": "Fig. 1C reveals a high density of the 3a protein at the cell membrane and also in the cytoplasm and the nucleus of the infected cells.", "line": 70, "relation": "association"}
p(UNIPROT:P59632)	association	a(GO:"plasma membrane")	{"annotations": {"BioAssay": {"confocal microscopy": true, "immunohistochemistry": true}, "Cell": {"oocyte": true}, "Custom_Species": {"8353": true}, "PublicationStatus": {"Published": true}, "PublicationType": {"Research": true}, "Section": {"Results": true}}, "citation": {"authors": ["Chen J", "Deubel V", "Du L", "Duan S", "Lu W", "Schwarz W", "Sun B", "Wong CK", "Xu K", "Zheng BJ"], "date": "2006-08-15", "db": "PubMed", "db_id": "16894145", "db_name": "Proceedings of the National Academy of Sciences of the United States of America", "first": "Lu W", "last": "Sun B", "pages": "12540-5", "volume": "103"}, "evidence": "The 3a protein expression for both wild-type and M6 mutant was revealed on the oocyte cell membranes by anti-LH21 Ab and confocal microscopy (Fig. 4 B and C).", "line": 93, "relation": "association"}
p(UNIPROT:P59632)	association	a(GO:cytoplasm)	{"annotations": {"BioAssay": {"confocal microscopy": true, "immunohistochemistry": true}, "CellLine": {"FRhK-4 cell": true}, "PublicationStatus": {"Published": true}, "PublicationType": {"Research": true}, "Section": {"Results": true}}, "citation": {"authors": ["Chen J", "Deubel V", "Du L", "Duan S", "Lu W", "Schwarz W", "Sun B", "Wong CK", "Xu K", "Zheng BJ"], "date": "2006-08-15", "db": "PubMed", "db_id": "16894145", "db_name": "Proceedings of the National Academy of Sciences of the United States of America", "first": "Lu W", "last": "Sun B", "pages": "12540-5", "volume": "103"}, "evidence": "Fig. 1C reveals a high density of the 3a protein at the cell membrane and also in the cytoplasm and the nucleus of the infected cells.", "line": 71, "relation": "association"}
p(UNIPROT:P59632)	association	a(GO:nucleus)	{"annotations": {"BioAssay": {"confocal microscopy": true, "immunohistochemistry": true}, "CellLine": {"FRhK-4 cell": true}, "PublicationStatus": {"Published": true}, "PublicationType": {"Research": true}, "Section": {"Results": true}}, "citation": {"authors": ["Chen J", "Deubel V", "Du L", "Duan S", "Lu W", "Schwarz W", "Sun B", "Wong CK", "Xu K", "Zheng BJ"], "date": "2006-08-15", "db": "PubMed", "db_id": "16894145", "db_name": "Proceedings of the National Academy of Sciences of the United States of America", "first": "Lu W", "last": "Sun B", "pages": "12540-5", "volume": "103"}, "evidence": "Fig. 1C reveals a high density of the 3a protein at the cell membrane and also in the cytoplasm and the nucleus of the infected cells.", "line": 72, "relation": "association"}
p(UNIPROT:P59632)	isA	a(MESH:"Membrane Proteins")	{"annotations": {"BioAssay": {"confocal microscopy": true, "immunohistochemistry": true}, "CellLine": {"FRhK-4 cell": true}, "PublicationStatus": {"Published": true}, "PublicationType": {"Research": true}, "Section": {"Results": true}}, "citation": {"authors": ["Chen J", "Deubel V", "Du L", "Duan S", "Lu W", "Schwarz W", "Sun B", "Wong CK", "Xu K", "Zheng BJ"], "date": "2006-08-15", "db": "PubMed", "db_id": "16894145", "db_name": "Proceedings of the National Academy of Sciences of the United States of America", "first": "Lu W", "last": "Sun B", "pages": "12540-5", "volume": "103"}, "evidence": "These findings demonstrate that 3a protein is a transmembrane protein with an extracellular N terminus and an intracellular C terminus (Fig. 2C).", "line": 75, "relation": "isA"}
act(p(UNIPROT:P59632))	increases	bp(GO:"potassium ion transmembrane transport")	{"annotations": {"BioAssay": {"electrophysiological method": true}, "Cell": {"oocyte": true}, "Custom_Species": {"8353": true}, "PublicationStatus": {"Published": true}, "PublicationType": {"Research": true}, "Section": {"Results": true}}, "citation": {"authors": ["Chen J", "Deubel V", "Du L", "Duan S", "Lu W", "Schwarz W", "Sun B", "Wong CK", "Xu K", "Zheng BJ"], "date": "2006-08-15", "db": "PubMed", "db_id": "16894145", "db_name": "Proceedings of the National Academy of Sciences of the United States of America", "first": "Lu W", "last": "Sun B", "pages": "12540-5", "volume": "103"}, "evidence": "We observed that oocytes expressing 3a protein at their membrane surface led to a dramatic increase of membrane current over the entire potential range in 100 mM potassium solution (Fig. 4E).", "line": 100, "relation": "increases", "subject": {"modifier": "Activity"}}
p(UNIPROT:P59632)	association	bp(GO:"potassium channel activity")	{"annotations": {"BioAssay": {"electrophysiological method": true}, "Cell": {"oocyte": true}, "Custom_Species": {"8353": true}, "PublicationStatus": {"Published": true}, "PublicationType": {"Research": true}, "Section": {"Results": true}}, "citation": {"authors": ["Chen J", "Deubel V", "Du L", "Duan S", "Lu W", "Schwarz W", "Sun B", "Wong CK", "Xu K", "Zheng BJ"], "date": "2006-08-15", "db": "PubMed", "db_id": "16894145", "db_name": "Proceedings of the National Academy of Sciences of the United States of America", "first": "Lu W", "last": "Sun B", "pages": "12540-5", "volume": "103"}, "evidence": "The 3a-mediated potassium-sensitive current could be completely blocked by 10 mM barium in the bath solution (Fig. 4F).", "line": 106, "relation": "association"}
act(p(UNIPROT:P59632))	increases	bp(GO:"viral release from host cell")	{"annotations": {"BioAssay": {"quantitative reverse transcription PCR": true, "titration method": true}, "CellLine": {"FRhK-4 cell": true}, "PublicationStatus": {"Published": true}, "PublicationType": {"Research": true}, "Section": {"Results": true}}, "citation": {"authors": ["Chen J", "Deubel V", "Du L", "Duan S", "Lu W", "Schwarz W", "Sun B", "Wong CK", "Xu K", "Zheng BJ"], "date": "2006-08-15", "db": "PubMed", "db_id": "16894145", "db_name": "Proceedings of the National Academy of Sciences of the United States of America", "first": "Lu W", "last": "Sun B", "pages": "12540-5", "volume": "103"}, "evidence": "The results suggest that the viral 3a protein function may contribute to the release of the virus from infected cells.", "line": 115, "relation": "increases", "subject": {"modifier": "Activity"}}
p(UNIPROT:P59632, var("p.Cys133Ala"))	decreases	complex(p(UNIPROT:P59632), p(UNIPROT:P59632))	{"annotations": {"BioAssay": {"western blot": true}, "CellLine": {"HEK293": true}, "PublicationStatus": {"Published": true}, "PublicationType": {"Research": true}, "Section": {"Results": true}}, "citation": {"authors": ["Chen J", "Deubel V", "Du L", "Duan S", "Lu W", "Schwarz W", "Sun B", "Wong CK", "Xu K", "Zheng BJ"], "date": "2006-08-15", "db": "PubMed", "db_id": "16894145", "db_name": "Proceedings of the National Academy of Sciences of the United States of America", "first": "Lu W", "last": "Sun B", "pages": "12540-5", "volume": "103"}, "evidence": "However, mutation M6 on cysteine 133 led to near abrogation of both dimers and tetramers of the protein, suggesting that this cysteine is involved in 3a protein polymerization.", "line": 85, "relation": "decreases"}
p(UNIPROT:P59632, var("p.Cys133Ala"))	association	a(GO:"plasma membrane")	{"annotations": {"BioAssay": {"confocal microscopy": true, "immunohistochemistry": true}, "Cell": {"oocyte": true}, "Custom_Species": {"8353": true}, "PublicationStatus": {"Published": true}, "PublicationType": {"Research": true}, "Section": {"Results": true}}, "citation": {"authors": ["Chen J", "Deubel V", "Du L", "Duan S", "Lu W", "Schwarz W", "Sun B", "Wong CK", "Xu K", "Zheng BJ"], "date": "2006-08-15", "db": "PubMed", "db_id": "16894145", "db_name": "Proceedings of the National Academy of Sciences of the United States of America", "first": "Lu W", "last": "Sun B", "pages": "12540-5", "volume": "103"}, "evidence": "The 3a protein expression for both wild-type and M6 mutant was revealed on the oocyte cell membranes by anti-LH21 Ab and confocal microscopy (Fig. 4 B and C).", "line": 94, "relation": "association"}
p(UNIPROT:P59632, var("p.Cys133Ala"))	decreases	bp(GO:"potassium ion transmembrane transport")	{"annotations": {"BioAssay": {"electrophysiological method": true}, "Cell": {"oocyte": true}, "Custom_Species": {"8353": true}, "PublicationStatus": {"Published": true}, "PublicationType": {"Research": true}, "Section": {"Results": true}}, "citation": {"authors": ["Chen J", "Deubel V", "Du L", "Duan S", "Lu W", "Schwarz W", "Sun B", "Wong CK", "Xu K", "Zheng BJ"], "date": "2006-08-15", "db": "PubMed", "db_id": "16894145", "db_name": "Proceedings of the National Academy of Sciences of the United States of America", "first": "Lu W", "last": "Sun B", "pages": "12540-5", "volume": "103"}, "evidence": "Expression of M6 mutant 3a protein, in contrast to expression of the native 3a protein, did not result in an increase of membrane current when extracellular potassium concentration was kept at 100 mM; the current was similar to that of noninjected oocytes (Fig. 4E).", "line": 103, "relation": "decreases"}
path(DO:"severe acute respiratory syndrome")	association	p(UNIPROT:P59632)	{"annotations": {"BioAssay": {"ELISA": true}, "MeSHAnatomy": {"Serum": true}, "PublicationStatus": {"Published": true}, "PublicationType": {"Research": true}, "Section": {"Results": true}, "Species": {"9606": true}}, "citation": {"authors": ["Chen J", "Deubel V", "Du L", "Duan S", "Lu W", "Schwarz W", "Sun B", "Wong CK", "Xu K", "Zheng BJ"], "date": "2006-08-15", "db": "PubMed", "db_id": "16894145", "db_name": "Proceedings of the National Academy of Sciences of the United States of America", "first": "Lu W", "last": "Sun B", "pages": "12540-5", "volume": "103"}, "evidence": "Results show that SARS patients\u2019 sera contain high levels of IgG recognizing 3a protein (Fig. 1A).", "line": 57, "relation": "association"}
