a(CHEBI:amodiaquine)	decreases	bp(GO:"viral genome replication")	{"annotations": {"CellLine": {"VERO 76 cell": true}, "MeSHDisease": {"Severe Acute Respiratory Syndrome": true}, "PublicationStatus": {"Published": true}, "PublicationType": {"Research": true}, "Section": {"Results": true}}, "citation": {"authors": ["Bailey K", "Barnard DL", "Chan PK", "Day CW", "Heiner M", "Lauridsen L", "Montgomery R", "Sidwell RW"], "date": "2006-01-01", "db": "PubMed", "db_id": "17176632", "db_name": "Antiviral chemistry &amp; chemotherapy", "first": "Barnard DL", "last": "Sidwell RW", "pages": "275-84", "volume": "17"}, "evidence": "The antimalarial, antiinflammatory drugs, amodiaquin and the chloroquines were selectively active.", "line": 94, "relation": "decreases"}
a(CHEBI:chloroquine)	decreases	bp(GO:"viral genome replication")	{"annotations": {"CellLine": {"VERO 76 cell": true}, "MeSHDisease": {"Severe Acute Respiratory Syndrome": true}, "PublicationStatus": {"Published": true}, "PublicationType": {"Research": true}, "Section": {"Results": true}}, "citation": {"authors": ["Bailey K", "Barnard DL", "Chan PK", "Day CW", "Heiner M", "Lauridsen L", "Montgomery R", "Sidwell RW"], "date": "2006-01-01", "db": "PubMed", "db_id": "17176632", "db_name": "Antiviral chemistry &amp; chemotherapy", "first": "Barnard DL", "last": "Sidwell RW", "pages": "275-84", "volume": "17"}, "evidence": "The antimalarial, antiinflammatory drugs, amodiaquin and the chloroquines were selectively active.", "line": 95, "relation": "decreases"}
a(MESH:"N(4)-hydroxycytidine")	decreases	bp(GO:"viral genome replication")	{"annotations": {"CellLine": {"VERO 76 cell": true}, "MeSHDisease": {"Severe Acute Respiratory Syndrome": true}, "PublicationStatus": {"Published": true}, "PublicationType": {"Research": true}, "Section": {"Results": true}}, "citation": {"authors": ["Bailey K", "Barnard DL", "Chan PK", "Day CW", "Heiner M", "Lauridsen L", "Montgomery R", "Sidwell RW"], "date": "2006-01-01", "db": "PubMed", "db_id": "17176632", "db_name": "Antiviral chemistry &amp; chemotherapy", "first": "Barnard DL", "last": "Sidwell RW", "pages": "275-84", "volume": "17"}, "evidence": "\u03b2-Hydroxcytidine was the most potent inhibitor of the nonIFNs evaluated, with IC50=0.1 \u00b5M, but it was not as potent in reducing virus yields (IC90=6 \u00b5M). ", "line": 86, "relation": "decreases"}
a(PUBCHEM:9885817)	decreases	bp(GO:"viral genome replication")	{"annotations": {"CellLine": {"VERO 76 cell": true}, "MeSHDisease": {"Severe Acute Respiratory Syndrome": true}, "PublicationStatus": {"Published": true}, "PublicationType": {"Research": true}, "Section": {"Results": true}}, "citation": {"authors": ["Bailey K", "Barnard DL", "Chan PK", "Day CW", "Heiner M", "Lauridsen L", "Montgomery R", "Sidwell RW"], "date": "2006-01-01", "db": "PubMed", "db_id": "17176632", "db_name": "Antiviral chemistry &amp; chemotherapy", "first": "Barnard DL", "last": "Sidwell RW", "pages": "275-84", "volume": "17"}, "evidence": "Calpain inhibitor VI also inhibited the virus with moderate selectivity with SI values ranging from 15 to 33.", "line": 90, "relation": "decreases"}
p(MESH:"Interferon Alfa-n3")	decreases	bp(GO:"viral genome replication")	{"annotations": {"CellLine": {"VERO 76 cell": true}, "MeSHDisease": {"Severe Acute Respiratory Syndrome": true}, "PublicationStatus": {"Published": true}, "PublicationType": {"Research": true}, "Section": {"Results": true}}, "citation": {"authors": ["Bailey K", "Barnard DL", "Chan PK", "Day CW", "Heiner M", "Lauridsen L", "Montgomery R", "Sidwell RW"], "date": "2006-01-01", "db": "PubMed", "db_id": "17176632", "db_name": "Antiviral chemistry &amp; chemotherapy", "first": "Barnard DL", "last": "Sidwell RW", "pages": "275-84", "volume": "17"}, "evidence": "Of the compounds tested, a human \u03b1-n3 IFN from leukocytes was the most selective inhibitor of virus replication (Table 1).", "line": 81, "relation": "decreases"}
p(MESH:"Interferon Alfa-n3")	decreases	bp(GO:"viral genome replication")	{"annotations": {"MeSHDisease": {"Severe Acute Respiratory Syndrome": true}, "PublicationStatus": {"Published": true}, "PublicationType": {"Research": true}, "Section": {"Results": true}, "Species": {"10090": true}}, "citation": {"authors": ["Bailey K", "Barnard DL", "Chan PK", "Day CW", "Heiner M", "Lauridsen L", "Montgomery R", "Sidwell RW"], "date": "2006-01-01", "db": "PubMed", "db_id": "17176632", "db_name": "Antiviral chemistry &amp; chemotherapy", "first": "Barnard DL", "last": "Sidwell RW", "pages": "275-84", "volume": "17"}, "evidence": ". Mice were treated with three doses of IFN-\u03b1 B/D, once a day for 3 days beginning 4 h before virus exposure. At day 3 after virus exposure, all doses of the IFN significantly reduced virus lung titres compared with those from the control animals (Table 7).", "line": 101, "relation": "decreases"}
