a(TAX:"Severe acute respiratory syndrome-related coronavirus")	increases	path(MESH:"Weight Loss")	{"annotations": {"Mouse_type": {"MyD88-/-": true, "RAG-1-/-": true}, "PublicationStatus": {"Published": true}, "PublicationType": {"Research": true}, "Section": {"Results": true}, "Species": {"10090": true}, "Timeline": {"2 dpi": true}}, "citation": {"authors": ["Akira S", "Baric RS", "Funkhouser W", "Heise MT", "Morrison TE", "Sheahan T", "Uematsu S"], "date": "2008-12-01", "db": "PubMed", "db_id": "19079579", "db_name": "PLoS pathogens", "first": "Sheahan T", "last": "Heise MT", "pages": "e1000240", "volume": "4"}, "evidence": "Infection of WT, RAG-1-/-, or MyD88-/- mice resulted in weight loss beginning at day 2 post-infection (Fig. 1A).", "line": 57, "relation": "increases"}
a(TAX:"Severe acute respiratory syndrome-related coronavirus")	increases	bp(MESH:Morbidity)	{"annotations": {"Mouse_type": {"MyD88-/-": true}, "PublicationStatus": {"Published": true}, "PublicationType": {"Research": true}, "Section": {"Results": true}, "Species": {"10090": true}}, "citation": {"authors": ["Akira S", "Baric RS", "Funkhouser W", "Heise MT", "Morrison TE", "Sheahan T", "Uematsu S"], "date": "2008-12-01", "db": "PubMed", "db_id": "19079579", "db_name": "PLoS pathogens", "first": "Sheahan T", "last": "Heise MT", "pages": "e1000240", "volume": "4"}, "evidence": "ii) the genetic absence of MyD88 significantly enhances SARS CoV- induced morbidity and mortality , and iii) MyD88-dependent signaling through a receptor(s) other than IL-1R1 or IL-18R1 is responsible for protection from rMA15.", "line": 67, "relation": "increases"}
a(TAX:"Severe acute respiratory syndrome-related coronavirus")	increases	bp(MESH:Mortality)	{"annotations": {"Mouse_type": {"MyD88-/-": true}, "PublicationStatus": {"Published": true}, "PublicationType": {"Research": true}, "Section": {"Results": true}, "Species": {"10090": true}}, "citation": {"authors": ["Akira S", "Baric RS", "Funkhouser W", "Heise MT", "Morrison TE", "Sheahan T", "Uematsu S"], "date": "2008-12-01", "db": "PubMed", "db_id": "19079579", "db_name": "PLoS pathogens", "first": "Sheahan T", "last": "Heise MT", "pages": "e1000240", "volume": "4"}, "evidence": "ii) the genetic absence of MyD88 significantly enhances SARS CoV- induced morbidity and mortality , and iii) MyD88-dependent signaling through a receptor(s) other than IL-1R1 or IL-18R1 is responsible for protection from rMA15.", "line": 68, "relation": "increases"}
a(TAX:"Severe acute respiratory syndrome-related coronavirus")	increases	p(MGI:Tlr3)	{"annotations": {"BioAssay": {"quantitative PCR": true}, "Mouse_type": {"MyD88-/-": true}, "PublicationStatus": {"Published": true}, "PublicationType": {"Research": true}, "Section": {"Results": true}, "Species": {"10090": true}, "Timeline": {"2 dpi": true}}, "citation": {"authors": ["Akira S", "Baric RS", "Funkhouser W", "Heise MT", "Morrison TE", "Sheahan T", "Uematsu S"], "date": "2008-12-01", "db": "PubMed", "db_id": "19079579", "db_name": "PLoS pathogens", "first": "Sheahan T", "last": "Heise MT", "pages": "e1000240", "volume": "4"}, "evidence": "Interestingly, SARS-CoV infection of either WT or MyD88-/- mice resulted in similar induction of type III IFN over mock-infected mice which peaked at 2 dpi and declined thereafter (Fig 3A).", "line": 79, "relation": "increases"}
a(TAX:"Severe acute respiratory syndrome-related coronavirus")	increases	p(MGI:Ccl2)	{"annotations": {"Mouse_strain": {"C57BL/6J": true}, "PublicationStatus": {"Published": true}, "PublicationType": {"Research": true}, "Section": {"Results": true}, "Species": {"10090": true}}, "citation": {"authors": ["Akira S", "Baric RS", "Funkhouser W", "Heise MT", "Morrison TE", "Sheahan T", "Uematsu S"], "date": "2008-12-01", "db": "PubMed", "db_id": "19079579", "db_name": "PLoS pathogens", "first": "Sheahan T", "last": "Heise MT", "pages": "e1000240", "volume": "4"}, "evidence": "Infection of WT mice with rMA15 resulted in a significant induction of proinflammatory chemokines including CCL2 (MCP-1), CCL3 (MIP-1a), and CCL5 (RANTES) as compared to mockinfected control mice (Fig. 3B).", "line": 89, "relation": "increases"}
a(TAX:"Severe acute respiratory syndrome-related coronavirus")	decreases	p(MGI:Ccl2)	{"annotations": {"Mouse_type": {"MyD88-/-": true}, "PublicationStatus": {"Published": true}, "PublicationType": {"Research": true}, "Section": {"Results": true}, "Species": {"10090": true}, "Timeline": {"2 dpi": true}}, "citation": {"authors": ["Akira S", "Baric RS", "Funkhouser W", "Heise MT", "Morrison TE", "Sheahan T", "Uematsu S"], "date": "2008-12-01", "db": "PubMed", "db_id": "19079579", "db_name": "PLoS pathogens", "first": "Sheahan T", "last": "Heise MT", "pages": "e1000240", "volume": "4"}, "evidence": "In contrast to type I and type III IFNs, induction of CCL2 was dramatically reduced in rMA15-infected MyD88-/- mice compared to WT mice at 2 dpi (14 fold difference, P,0.005).", "line": 100, "relation": "decreases"}
a(TAX:"Severe acute respiratory syndrome-related coronavirus")	increases	p(MGI:Ccl3)	{"annotations": {"Mouse_strain": {"C57BL/6J": true}, "PublicationStatus": {"Published": true}, "PublicationType": {"Research": true}, "Section": {"Results": true}, "Species": {"10090": true}}, "citation": {"authors": ["Akira S", "Baric RS", "Funkhouser W", "Heise MT", "Morrison TE", "Sheahan T", "Uematsu S"], "date": "2008-12-01", "db": "PubMed", "db_id": "19079579", "db_name": "PLoS pathogens", "first": "Sheahan T", "last": "Heise MT", "pages": "e1000240", "volume": "4"}, "evidence": "Infection of WT mice with rMA15 resulted in a significant induction of proinflammatory chemokines including CCL2 (MCP-1), CCL3 (MIP-1a), and CCL5 (RANTES) as compared to mockinfected control mice (Fig. 3B).", "line": 90, "relation": "increases"}
a(TAX:"Severe acute respiratory syndrome-related coronavirus")	decreases	p(MGI:Ccl3)	{"annotations": {"Mouse_type": {"MyD88-/-": true}, "PublicationStatus": {"Published": true}, "PublicationType": {"Research": true}, "Section": {"Results": true}, "Species": {"10090": true}}, "citation": {"authors": ["Akira S", "Baric RS", "Funkhouser W", "Heise MT", "Morrison TE", "Sheahan T", "Uematsu S"], "date": "2008-12-01", "db": "PubMed", "db_id": "19079579", "db_name": "PLoS pathogens", "first": "Sheahan T", "last": "Heise MT", "pages": "e1000240", "volume": "4"}, "evidence": "Similarly, the induction of CCL3 (22 fold difference at 2 dpi, P,0.005; 5 fold difference at 4 dpi, p,0.005) and CCL5 (8 fold difference at 2 dpi, P,0.005; 8 fold difference at 4 dpi, P,0.01) were dramatically reduced in infected MyD88-/- compared to infected WT mice (Fig. 3B).", "line": 111, "relation": "decreases"}
a(TAX:"Severe acute respiratory syndrome-related coronavirus")	increases	p(MGI:Ccl5)	{"annotations": {"Mouse_strain": {"C57BL/6J": true}, "PublicationStatus": {"Published": true}, "PublicationType": {"Research": true}, "Section": {"Results": true}, "Species": {"10090": true}}, "citation": {"authors": ["Akira S", "Baric RS", "Funkhouser W", "Heise MT", "Morrison TE", "Sheahan T", "Uematsu S"], "date": "2008-12-01", "db": "PubMed", "db_id": "19079579", "db_name": "PLoS pathogens", "first": "Sheahan T", "last": "Heise MT", "pages": "e1000240", "volume": "4"}, "evidence": "Infection of WT mice with rMA15 resulted in a significant induction of proinflammatory chemokines including CCL2 (MCP-1), CCL3 (MIP-1a), and CCL5 (RANTES) as compared to mockinfected control mice (Fig. 3B).", "line": 91, "relation": "increases"}
a(TAX:"Severe acute respiratory syndrome-related coronavirus")	decreases	p(MGI:Ccl5)	{"annotations": {"Mouse_type": {"MyD88-/-": true}, "PublicationStatus": {"Published": true}, "PublicationType": {"Research": true}, "Section": {"Results": true}, "Species": {"10090": true}}, "citation": {"authors": ["Akira S", "Baric RS", "Funkhouser W", "Heise MT", "Morrison TE", "Sheahan T", "Uematsu S"], "date": "2008-12-01", "db": "PubMed", "db_id": "19079579", "db_name": "PLoS pathogens", "first": "Sheahan T", "last": "Heise MT", "pages": "e1000240", "volume": "4"}, "evidence": "Similarly, the induction of CCL3 (22 fold difference at 2 dpi, P,0.005; 5 fold difference at 4 dpi, p,0.005) and CCL5 (8 fold difference at 2 dpi, P,0.005; 8 fold difference at 4 dpi, P,0.01) were dramatically reduced in infected MyD88-/- compared to infected WT mice (Fig. 3B).", "line": 112, "relation": "decreases"}
a(TAX:"Severe acute respiratory syndrome-related coronavirus")	decreases	p(MGI:Tnf)	{"annotations": {"Mouse_type": {"MyD88-/-": true}, "PublicationStatus": {"Published": true}, "PublicationType": {"Research": true}, "Section": {"Results": true}, "Species": {"10090": true}}, "citation": {"authors": ["Akira S", "Baric RS", "Funkhouser W", "Heise MT", "Morrison TE", "Sheahan T", "Uematsu S"], "date": "2008-12-01", "db": "PubMed", "db_id": "19079579", "db_name": "PLoS pathogens", "first": "Sheahan T", "last": "Heise MT", "pages": "e1000240", "volume": "4"}, "evidence": "In addition to proinflammatory chemokines, virus-induced expression of several proinflammatory cytokines, including TNF-a (9 fold difference at 2 dpi, P,0.005; 3 fold difference at 4 dpi, p,0.005), IL-1b (3.8 fold difference at 2 dpi,P,0.01), and IL-6 (11 fold difference at 2 dpi, P,0.005); , was severely impaired in rMA15-infected MyD88-/- mice compared to infected WT mice (Fig. 3C).", "line": 123, "relation": "decreases"}
a(TAX:"Severe acute respiratory syndrome-related coronavirus")	decreases	p(MGI:Il1b)	{"annotations": {"Mouse_type": {"MyD88-/-": true}, "PublicationStatus": {"Published": true}, "PublicationType": {"Research": true}, "Section": {"Results": true}, "Species": {"10090": true}}, "citation": {"authors": ["Akira S", "Baric RS", "Funkhouser W", "Heise MT", "Morrison TE", "Sheahan T", "Uematsu S"], "date": "2008-12-01", "db": "PubMed", "db_id": "19079579", "db_name": "PLoS pathogens", "first": "Sheahan T", "last": "Heise MT", "pages": "e1000240", "volume": "4"}, "evidence": "In addition to proinflammatory chemokines, virus-induced expression of several proinflammatory cytokines, including TNF-a (9 fold difference at 2 dpi, P,0.005; 3 fold difference at 4 dpi, p,0.005), IL-1b (3.8 fold difference at 2 dpi,P,0.01), and IL-6 (11 fold difference at 2 dpi, P,0.005); , was severely impaired in rMA15-infected MyD88-/- mice compared to infected WT mice (Fig. 3C).", "line": 124, "relation": "decreases"}
a(TAX:"Severe acute respiratory syndrome-related coronavirus")	decreases	p(MGI:Il6)	{"annotations": {"Mouse_type": {"MyD88-/-": true}, "PublicationStatus": {"Published": true}, "PublicationType": {"Research": true}, "Section": {"Results": true}, "Species": {"10090": true}}, "citation": {"authors": ["Akira S", "Baric RS", "Funkhouser W", "Heise MT", "Morrison TE", "Sheahan T", "Uematsu S"], "date": "2008-12-01", "db": "PubMed", "db_id": "19079579", "db_name": "PLoS pathogens", "first": "Sheahan T", "last": "Heise MT", "pages": "e1000240", "volume": "4"}, "evidence": "In addition to proinflammatory chemokines, virus-induced expression of several proinflammatory cytokines, including TNF-a (9 fold difference at 2 dpi, P,0.005; 3 fold difference at 4 dpi, p,0.005), IL-1b (3.8 fold difference at 2 dpi,P,0.01), and IL-6 (11 fold difference at 2 dpi, P,0.005); , was severely impaired in rMA15-infected MyD88-/- mice compared to infected WT mice (Fig. 3C).", "line": 125, "relation": "decreases"}
a(TAX:"Severe acute respiratory syndrome-related coronavirus")	increases	path(DO:bronchiolitis)	{"annotations": {"Mouse_type": {"MyD88-/-": true}, "PublicationStatus": {"Published": true}, "PublicationType": {"Research": true}, "Section": {"Results": true}, "Species": {"10090": true}, "Timeline": {"2 dpi": true}}, "citation": {"authors": ["Akira S", "Baric RS", "Funkhouser W", "Heise MT", "Morrison TE", "Sheahan T", "Uematsu S"], "date": "2008-12-01", "db": "PubMed", "db_id": "19079579", "db_name": "PLoS pathogens", "first": "Sheahan T", "last": "Heise MT", "pages": "e1000240", "volume": "4"}, "evidence": "At 2 dpi, MyD88-/- mice exhibited a denuding bronchiolitis characterized by an extrusion of airway epithelial cells into the lumen of the airway and epithelial/endothelial atypia (vacuolization and disruption of normal epithelium and endothelium) but did not exhibit any obvious signs of inflammatory cell infiltration including peribronchivascular (PBV) or peri-venular immune cell infiltration (\u2018\u2018cuffing\u2019\u2019).", "line": 138, "relation": "increases"}
a(TAX:"Severe acute respiratory syndrome-related coronavirus")	increases	path(DO:bronchiolitis)	{"annotations": {"Mouse_type": {"MyD88-/-": true}, "PublicationStatus": {"Published": true}, "PublicationType": {"Research": true}, "Section": {"Results": true}, "Species": {"10090": true}, "Timeline": {"4 dpi": true}}, "citation": {"authors": ["Akira S", "Baric RS", "Funkhouser W", "Heise MT", "Morrison TE", "Sheahan T", "Uematsu S"], "date": "2008-12-01", "db": "PubMed", "db_id": "19079579", "db_name": "PLoS pathogens", "first": "Sheahan T", "last": "Heise MT", "pages": "e1000240", "volume": "4"}, "evidence": "At 4 dpi, MyD88-/- mice continued to exhibit a denuding bronchiolitis, epithelial/endothelial atypia, and the added phenotype of PBV edema without immune cell infiltration around the airway though perivascular infiltration of immune cells was observed (Fig. 4).", "line": 160, "relation": "increases"}
a(TAX:"Severe acute respiratory syndrome-related coronavirus")	decreases	path(DO:bronchiolitis)	{"annotations": {"Mouse_type": {"MyD88-/-": true}, "PublicationStatus": {"Published": true}, "PublicationType": {"Research": true}, "Section": {"Results": true}, "Species": {"10090": true}, "Timeline": {"6 dpi": true}}, "citation": {"authors": ["Akira S", "Baric RS", "Funkhouser W", "Heise MT", "Morrison TE", "Sheahan T", "Uematsu S"], "date": "2008-12-01", "db": "PubMed", "db_id": "19079579", "db_name": "PLoS pathogens", "first": "Sheahan T", "last": "Heise MT", "pages": "e1000240", "volume": "4"}, "evidence": "Interestingly, by 6 dpi, the severity of PBV edema and denuding bronchiolitis in MyD88-/- mice had waned, and signs of lung inflammation were evident, with marked PBV infiltrates and perivascular cuffing even more severe than that seen in WT mice at similar times post infection.", "line": 174, "relation": "decreases"}
a(TAX:"Severe acute respiratory syndrome-related coronavirus")	positiveCorrelation	path(DO:bronchiolitis)	{"annotations": {"Mouse_type": {"CCR1-/-": true, "CCR2-/-": true, "CCR5-/-": true}, "PublicationStatus": {"Published": true}, "PublicationType": {"Research": true}, "Section": {"Results": true}, "Species": {"10090": true}}, "citation": {"authors": ["Akira S", "Baric RS", "Funkhouser W", "Heise MT", "Morrison TE", "Sheahan T", "Uematsu S"], "date": "2008-12-01", "db": "PubMed", "db_id": "19079579", "db_name": "PLoS pathogens", "first": "Sheahan T", "last": "Heise MT", "pages": "e1000240", "volume": "4"}, "evidence": "Fig 6. In contrast, mice deficient in either CCR1, CCR2, or CCR5 exhibited more prominent airway epithelial cell apoptosis, a severe denuding bronchiolitis with an accumulation of cohesive apoptotic debris within the airway (empty arrowhead) ,and perivenular/periarterial cuffing (filled arrowhead) but there was a distinct lack of cuffing around the affected airways.", "line": 217, "relation": "positiveCorrelation"}
a(TAX:"Severe acute respiratory syndrome-related coronavirus")	increases	path(DO:pneumonia)	{"annotations": {"Mouse_strain": {"C57BL/6J": true}, "PublicationStatus": {"Published": true}, "PublicationType": {"Research": true}, "Section": {"Results": true}, "Species": {"10090": true}, "Timeline": {"2 dpi": true}}, "citation": {"authors": ["Akira S", "Baric RS", "Funkhouser W", "Heise MT", "Morrison TE", "Sheahan T", "Uematsu S"], "date": "2008-12-01", "db": "PubMed", "db_id": "19079579", "db_name": "PLoS pathogens", "first": "Sheahan T", "last": "Heise MT", "pages": "e1000240", "volume": "4"}, "evidence": "In contrast, WT mice at 2 dpi exhibited pronounced lung inflammation characterized by perivascular cuffing, endothelial and epithelial atypia, and peribronchivascular immune cell infiltration, without the severe denuding bronchiolitis seen in MyD88-/- mice (Fig. 4).", "line": 149, "relation": "increases"}
a(TAX:"Severe acute respiratory syndrome-related coronavirus")	increases	path(DO:pneumonia)	{"annotations": {"Mouse_type": {"MyD88-/-": true}, "PublicationStatus": {"Published": true}, "PublicationType": {"Research": true}, "Section": {"Results": true}, "Species": {"10090": true}, "Timeline": {"6 dpi": true}}, "citation": {"authors": ["Akira S", "Baric RS", "Funkhouser W", "Heise MT", "Morrison TE", "Sheahan T", "Uematsu S"], "date": "2008-12-01", "db": "PubMed", "db_id": "19079579", "db_name": "PLoS pathogens", "first": "Sheahan T", "last": "Heise MT", "pages": "e1000240", "volume": "4"}, "evidence": "Interestingly, by 6 dpi, the severity of PBV edema and denuding bronchiolitis in MyD88-/- mice had waned, and signs of lung inflammation were evident, with marked PBV infiltrates and perivascular cuffing even more severe than that seen in WT mice at similar times post infection.", "line": 175, "relation": "increases"}
a(TAX:"Severe acute respiratory syndrome-related coronavirus")	increases	path(DO:"pulmonary edema")	{"annotations": {"Mouse_type": {"MyD88-/-": true}, "PublicationStatus": {"Published": true}, "PublicationType": {"Research": true}, "Section": {"Results": true}, "Species": {"10090": true}, "Timeline": {"4 dpi": true}}, "citation": {"authors": ["Akira S", "Baric RS", "Funkhouser W", "Heise MT", "Morrison TE", "Sheahan T", "Uematsu S"], "date": "2008-12-01", "db": "PubMed", "db_id": "19079579", "db_name": "PLoS pathogens", "first": "Sheahan T", "last": "Heise MT", "pages": "e1000240", "volume": "4"}, "evidence": "At 4 dpi, MyD88-/- mice continued to exhibit a denuding bronchiolitis, epithelial/endothelial atypia, and the added phenotype of PBV edema without immune cell infiltration around the airway though perivascular infiltration of immune cells was observed (Fig. 4).", "line": 161, "relation": "increases"}
a(TAX:"Severe acute respiratory syndrome-related coronavirus")	decreases	path(DO:"pulmonary edema")	{"annotations": {"Mouse_type": {"MyD88-/-": true}, "PublicationStatus": {"Published": true}, "PublicationType": {"Research": true}, "Section": {"Results": true}, "Species": {"10090": true}, "Timeline": {"6 dpi": true}}, "citation": {"authors": ["Akira S", "Baric RS", "Funkhouser W", "Heise MT", "Morrison TE", "Sheahan T", "Uematsu S"], "date": "2008-12-01", "db": "PubMed", "db_id": "19079579", "db_name": "PLoS pathogens", "first": "Sheahan T", "last": "Heise MT", "pages": "e1000240", "volume": "4"}, "evidence": "Interestingly, by 6 dpi, the severity of PBV edema and denuding bronchiolitis in MyD88-/- mice had waned, and signs of lung inflammation were evident, with marked PBV infiltrates and perivascular cuffing even more severe than that seen in WT mice at similar times post infection.", "line": 173, "relation": "decreases"}
a(TAX:"Severe acute respiratory syndrome-related coronavirus")	increases	a(MESH:Monocytes)	{"annotations": {"BioAssay": {"flow cytometry": true}, "MeSHAnatomy": {"Lung": true}, "PublicationStatus": {"Published": true}, "PublicationType": {"Research": true}, "Section": {"Results": true}, "Species": {"10090": true}, "Technique": {"Histopathology": true}}, "citation": {"authors": ["Akira S", "Baric RS", "Funkhouser W", "Heise MT", "Morrison TE", "Sheahan T", "Uematsu S"], "date": "2008-12-01", "db": "PubMed", "db_id": "19079579", "db_name": "PLoS pathogens", "first": "Sheahan T", "last": "Heise MT", "pages": "e1000240", "volume": "4"}, "evidence": "The histological and flow cytometric analyses outlined above suggested that monocytes/macrophages are i) the major cell population increased in the SARS-infected lung at early times post-infection, ii) increased in the lung by a MyD88-dependent mechanism, and iii) critical for protection against severe rMA15-induced disease.", "line": 193, "relation": "increases"}
a(TAX:"Severe acute respiratory syndrome-related coronavirus")	increases	a(MESH:Macrophages)	{"annotations": {"BioAssay": {"flow cytometry": true}, "MeSHAnatomy": {"Lung": true}, "PublicationStatus": {"Published": true}, "PublicationType": {"Research": true}, "Section": {"Results": true}, "Species": {"10090": true}, "Technique": {"Histopathology": true}}, "citation": {"authors": ["Akira S", "Baric RS", "Funkhouser W", "Heise MT", "Morrison TE", "Sheahan T", "Uematsu S"], "date": "2008-12-01", "db": "PubMed", "db_id": "19079579", "db_name": "PLoS pathogens", "first": "Sheahan T", "last": "Heise MT", "pages": "e1000240", "volume": "4"}, "evidence": "The histological and flow cytometric analyses outlined above suggested that monocytes/macrophages are i) the major cell population increased in the SARS-infected lung at early times post-infection, ii) increased in the lung by a MyD88-dependent mechanism, and iii) critical for protection against severe rMA15-induced disease.", "line": 194, "relation": "increases"}
a(TAX:"Severe acute respiratory syndrome-related coronavirus")	negativeCorrelation	p(MGI:Ccr1)	{"annotations": {"MeSHAnatomy": {"Lung": true}, "Mouse_type": {"CCR1-/-": true, "CCR2-/-": true, "CCR5-/-": true}, "PublicationStatus": {"Published": true}, "PublicationType": {"Research": true}, "Section": {"Results": true}, "Species": {"10090": true}}, "citation": {"authors": ["Akira S", "Baric RS", "Funkhouser W", "Heise MT", "Morrison TE", "Sheahan T", "Uematsu S"], "date": "2008-12-01", "db": "PubMed", "db_id": "19079579", "db_name": "PLoS pathogens", "first": "Sheahan T", "last": "Heise MT", "pages": "e1000240", "volume": "4"}, "evidence": "Fig 6. In contrast, mice deficient in either CCR1, CCR2, or CCR5 exhibited more prominent airway epithelial cell apoptosis, a severe denuding bronchiolitis with an accumulation of cohesive apoptotic debris within the airway (empty arrowhead) ,and perivenular/periarterial cuffing (filled arrowhead) but there was a distinct lack of cuffing around the affected airways.", "line": 211, "relation": "negativeCorrelation"}
a(TAX:"Severe acute respiratory syndrome-related coronavirus")	negativeCorrelation	p(MGI:Ccr2)	{"annotations": {"MeSHAnatomy": {"Lung": true}, "Mouse_type": {"CCR1-/-": true, "CCR2-/-": true, "CCR5-/-": true}, "PublicationStatus": {"Published": true}, "PublicationType": {"Research": true}, "Section": {"Results": true}, "Species": {"10090": true}}, "citation": {"authors": ["Akira S", "Baric RS", "Funkhouser W", "Heise MT", "Morrison TE", "Sheahan T", "Uematsu S"], "date": "2008-12-01", "db": "PubMed", "db_id": "19079579", "db_name": "PLoS pathogens", "first": "Sheahan T", "last": "Heise MT", "pages": "e1000240", "volume": "4"}, "evidence": "Fig 6. In contrast, mice deficient in either CCR1, CCR2, or CCR5 exhibited more prominent airway epithelial cell apoptosis, a severe denuding bronchiolitis with an accumulation of cohesive apoptotic debris within the airway (empty arrowhead) ,and perivenular/periarterial cuffing (filled arrowhead) but there was a distinct lack of cuffing around the affected airways.", "line": 212, "relation": "negativeCorrelation"}
a(TAX:"Severe acute respiratory syndrome-related coronavirus")	negativeCorrelation	p(MGI:Ccr5)	{"annotations": {"MeSHAnatomy": {"Lung": true}, "Mouse_type": {"CCR1-/-": true, "CCR2-/-": true, "CCR5-/-": true}, "PublicationStatus": {"Published": true}, "PublicationType": {"Research": true}, "Section": {"Results": true}, "Species": {"10090": true}}, "citation": {"authors": ["Akira S", "Baric RS", "Funkhouser W", "Heise MT", "Morrison TE", "Sheahan T", "Uematsu S"], "date": "2008-12-01", "db": "PubMed", "db_id": "19079579", "db_name": "PLoS pathogens", "first": "Sheahan T", "last": "Heise MT", "pages": "e1000240", "volume": "4"}, "evidence": "Fig 6. In contrast, mice deficient in either CCR1, CCR2, or CCR5 exhibited more prominent airway epithelial cell apoptosis, a severe denuding bronchiolitis with an accumulation of cohesive apoptotic debris within the airway (empty arrowhead) ,and perivenular/periarterial cuffing (filled arrowhead) but there was a distinct lack of cuffing around the affected airways.", "line": 213, "relation": "negativeCorrelation"}
a(TAX:"Severe acute respiratory syndrome-related coronavirus")	positiveCorrelation	bp(GO:"apoptotic process")	{"annotations": {"MeSHAnatomy": {"Epithelial Cells": true}, "Mouse_type": {"CCR1-/-": true, "CCR2-/-": true, "CCR5-/-": true}, "PublicationStatus": {"Published": true}, "PublicationType": {"Research": true}, "Section": {"Results": true}, "Species": {"10090": true}}, "citation": {"authors": ["Akira S", "Baric RS", "Funkhouser W", "Heise MT", "Morrison TE", "Sheahan T", "Uematsu S"], "date": "2008-12-01", "db": "PubMed", "db_id": "19079579", "db_name": "PLoS pathogens", "first": "Sheahan T", "last": "Heise MT", "pages": "e1000240", "volume": "4"}, "evidence": "Fig 6. In contrast, mice deficient in either CCR1, CCR2, or CCR5 exhibited more prominent airway epithelial cell apoptosis, a severe denuding bronchiolitis with an accumulation of cohesive apoptotic debris within the airway (empty arrowhead) ,and perivenular/periarterial cuffing (filled arrowhead) but there was a distinct lack of cuffing around the affected airways.", "line": 215, "relation": "positiveCorrelation"}
bp(GO:"MyD88-dependent toll-like receptor signaling pathway")	decreases	a(TAX:"Severe acute respiratory syndrome-related coronavirus")	{"annotations": {"Mouse_type": {"MyD88-/-": true}, "PublicationStatus": {"Published": true}, "PublicationType": {"Research": true}, "Section": {"Results": true}, "Species": {"10090": true}}, "citation": {"authors": ["Akira S", "Baric RS", "Funkhouser W", "Heise MT", "Morrison TE", "Sheahan T", "Uematsu S"], "date": "2008-12-01", "db": "PubMed", "db_id": "19079579", "db_name": "PLoS pathogens", "first": "Sheahan T", "last": "Heise MT", "pages": "e1000240", "volume": "4"}, "evidence": "ii) the genetic absence of MyD88 significantly enhances SARS CoV- induced morbidity and mortality , and iii) MyD88-dependent signaling through a receptor(s) other than IL-1R1 or IL-18R1 is responsible for protection from rMA15.", "line": 69, "relation": "decreases"}
bp(GO:"MyD88-dependent toll-like receptor signaling pathway")	increases	a(MESH:Monocytes)	{"annotations": {"BioAssay": {"flow cytometry": true}, "MeSHAnatomy": {"Lung": true}, "PublicationStatus": {"Published": true}, "PublicationType": {"Research": true}, "Section": {"Results": true}, "Species": {"10090": true}, "Technique": {"Histopathology": true}}, "citation": {"authors": ["Akira S", "Baric RS", "Funkhouser W", "Heise MT", "Morrison TE", "Sheahan T", "Uematsu S"], "date": "2008-12-01", "db": "PubMed", "db_id": "19079579", "db_name": "PLoS pathogens", "first": "Sheahan T", "last": "Heise MT", "pages": "e1000240", "volume": "4"}, "evidence": "The histological and flow cytometric analyses outlined above suggested that monocytes/macrophages are i) the major cell population increased in the SARS-infected lung at early times post-infection, ii) increased in the lung by a MyD88-dependent mechanism, and iii) critical for protection against severe rMA15-induced disease.", "line": 195, "relation": "increases"}
bp(GO:"MyD88-dependent toll-like receptor signaling pathway")	increases	a(MESH:Macrophages)	{"annotations": {"BioAssay": {"flow cytometry": true}, "MeSHAnatomy": {"Lung": true}, "PublicationStatus": {"Published": true}, "PublicationType": {"Research": true}, "Section": {"Results": true}, "Species": {"10090": true}, "Technique": {"Histopathology": true}}, "citation": {"authors": ["Akira S", "Baric RS", "Funkhouser W", "Heise MT", "Morrison TE", "Sheahan T", "Uematsu S"], "date": "2008-12-01", "db": "PubMed", "db_id": "19079579", "db_name": "PLoS pathogens", "first": "Sheahan T", "last": "Heise MT", "pages": "e1000240", "volume": "4"}, "evidence": "The histological and flow cytometric analyses outlined above suggested that monocytes/macrophages are i) the major cell population increased in the SARS-infected lung at early times post-infection, ii) increased in the lung by a MyD88-dependent mechanism, and iii) critical for protection against severe rMA15-induced disease.", "line": 196, "relation": "increases"}
bp(GO:"apoptotic process")	positiveCorrelation	a(TAX:"Severe acute respiratory syndrome-related coronavirus")	{"annotations": {"MeSHAnatomy": {"Epithelial Cells": true}, "Mouse_type": {"CCR1-/-": true, "CCR2-/-": true, "CCR5-/-": true}, "PublicationStatus": {"Published": true}, "PublicationType": {"Research": true}, "Section": {"Results": true}, "Species": {"10090": true}}, "citation": {"authors": ["Akira S", "Baric RS", "Funkhouser W", "Heise MT", "Morrison TE", "Sheahan T", "Uematsu S"], "date": "2008-12-01", "db": "PubMed", "db_id": "19079579", "db_name": "PLoS pathogens", "first": "Sheahan T", "last": "Heise MT", "pages": "e1000240", "volume": "4"}, "evidence": "Fig 6. In contrast, mice deficient in either CCR1, CCR2, or CCR5 exhibited more prominent airway epithelial cell apoptosis, a severe denuding bronchiolitis with an accumulation of cohesive apoptotic debris within the airway (empty arrowhead) ,and perivenular/periarterial cuffing (filled arrowhead) but there was a distinct lack of cuffing around the affected airways.", "line": 215, "relation": "positiveCorrelation"}
p(MGI:Ccr1)	negativeCorrelation	a(TAX:"Severe acute respiratory syndrome-related coronavirus")	{"annotations": {"MeSHAnatomy": {"Lung": true}, "Mouse_type": {"CCR1-/-": true, "CCR2-/-": true, "CCR5-/-": true}, "PublicationStatus": {"Published": true}, "PublicationType": {"Research": true}, "Section": {"Results": true}, "Species": {"10090": true}}, "citation": {"authors": ["Akira S", "Baric RS", "Funkhouser W", "Heise MT", "Morrison TE", "Sheahan T", "Uematsu S"], "date": "2008-12-01", "db": "PubMed", "db_id": "19079579", "db_name": "PLoS pathogens", "first": "Sheahan T", "last": "Heise MT", "pages": "e1000240", "volume": "4"}, "evidence": "Fig 6. In contrast, mice deficient in either CCR1, CCR2, or CCR5 exhibited more prominent airway epithelial cell apoptosis, a severe denuding bronchiolitis with an accumulation of cohesive apoptotic debris within the airway (empty arrowhead) ,and perivenular/periarterial cuffing (filled arrowhead) but there was a distinct lack of cuffing around the affected airways.", "line": 211, "relation": "negativeCorrelation"}
p(MGI:Ccr2)	negativeCorrelation	a(TAX:"Severe acute respiratory syndrome-related coronavirus")	{"annotations": {"MeSHAnatomy": {"Lung": true}, "Mouse_type": {"CCR1-/-": true, "CCR2-/-": true, "CCR5-/-": true}, "PublicationStatus": {"Published": true}, "PublicationType": {"Research": true}, "Section": {"Results": true}, "Species": {"10090": true}}, "citation": {"authors": ["Akira S", "Baric RS", "Funkhouser W", "Heise MT", "Morrison TE", "Sheahan T", "Uematsu S"], "date": "2008-12-01", "db": "PubMed", "db_id": "19079579", "db_name": "PLoS pathogens", "first": "Sheahan T", "last": "Heise MT", "pages": "e1000240", "volume": "4"}, "evidence": "Fig 6. In contrast, mice deficient in either CCR1, CCR2, or CCR5 exhibited more prominent airway epithelial cell apoptosis, a severe denuding bronchiolitis with an accumulation of cohesive apoptotic debris within the airway (empty arrowhead) ,and perivenular/periarterial cuffing (filled arrowhead) but there was a distinct lack of cuffing around the affected airways.", "line": 212, "relation": "negativeCorrelation"}
p(MGI:Ccr5)	negativeCorrelation	a(TAX:"Severe acute respiratory syndrome-related coronavirus")	{"annotations": {"MeSHAnatomy": {"Lung": true}, "Mouse_type": {"CCR1-/-": true, "CCR2-/-": true, "CCR5-/-": true}, "PublicationStatus": {"Published": true}, "PublicationType": {"Research": true}, "Section": {"Results": true}, "Species": {"10090": true}}, "citation": {"authors": ["Akira S", "Baric RS", "Funkhouser W", "Heise MT", "Morrison TE", "Sheahan T", "Uematsu S"], "date": "2008-12-01", "db": "PubMed", "db_id": "19079579", "db_name": "PLoS pathogens", "first": "Sheahan T", "last": "Heise MT", "pages": "e1000240", "volume": "4"}, "evidence": "Fig 6. In contrast, mice deficient in either CCR1, CCR2, or CCR5 exhibited more prominent airway epithelial cell apoptosis, a severe denuding bronchiolitis with an accumulation of cohesive apoptotic debris within the airway (empty arrowhead) ,and perivenular/periarterial cuffing (filled arrowhead) but there was a distinct lack of cuffing around the affected airways.", "line": 213, "relation": "negativeCorrelation"}
path(DO:bronchiolitis)	positiveCorrelation	a(TAX:"Severe acute respiratory syndrome-related coronavirus")	{"annotations": {"Mouse_type": {"CCR1-/-": true, "CCR2-/-": true, "CCR5-/-": true}, "PublicationStatus": {"Published": true}, "PublicationType": {"Research": true}, "Section": {"Results": true}, "Species": {"10090": true}}, "citation": {"authors": ["Akira S", "Baric RS", "Funkhouser W", "Heise MT", "Morrison TE", "Sheahan T", "Uematsu S"], "date": "2008-12-01", "db": "PubMed", "db_id": "19079579", "db_name": "PLoS pathogens", "first": "Sheahan T", "last": "Heise MT", "pages": "e1000240", "volume": "4"}, "evidence": "Fig 6. In contrast, mice deficient in either CCR1, CCR2, or CCR5 exhibited more prominent airway epithelial cell apoptosis, a severe denuding bronchiolitis with an accumulation of cohesive apoptotic debris within the airway (empty arrowhead) ,and perivenular/periarterial cuffing (filled arrowhead) but there was a distinct lack of cuffing around the affected airways.", "line": 217, "relation": "positiveCorrelation"}
path(DO:pneumonia)	increases	path(DO:"pulmonary edema")	{"annotations": {"Mouse_type": {"MyD88-/-": true}, "PublicationStatus": {"Published": true}, "PublicationType": {"Research": true}, "Section": {"Results": true}, "Species": {"10090": true}, "Timeline": {"6 dpi": true}}, "citation": {"authors": ["Akira S", "Baric RS", "Funkhouser W", "Heise MT", "Morrison TE", "Sheahan T", "Uematsu S"], "date": "2008-12-01", "db": "PubMed", "db_id": "19079579", "db_name": "PLoS pathogens", "first": "Sheahan T", "last": "Heise MT", "pages": "e1000240", "volume": "4"}, "evidence": "Interestingly, by 6 dpi, the severity of PBV edema and denuding bronchiolitis in MyD88-/- mice had waned, and signs of lung inflammation were evident, with marked PBV infiltrates and perivascular cuffing even more severe than that seen in WT mice at similar times post infection.", "line": 176, "relation": "increases"}
path(DO:pneumonia)	increases	bp(GO:"cell wall thickening")	{"annotations": {"MeSHAnatomy": {"Bronchi": true}, "Mouse_type": {"MyD88-/-": true}, "PublicationStatus": {"Published": true}, "PublicationType": {"Research": true}, "Section": {"Results": true}, "Species": {"10090": true}, "Timeline": {"6 dpi": true}}, "citation": {"authors": ["Akira S", "Baric RS", "Funkhouser W", "Heise MT", "Morrison TE", "Sheahan T", "Uematsu S"], "date": "2008-12-01", "db": "PubMed", "db_id": "19079579", "db_name": "PLoS pathogens", "first": "Sheahan T", "last": "Heise MT", "pages": "e1000240", "volume": "4"}, "evidence": "Interestingly, by 6 dpi, the severity of PBV edema and denuding bronchiolitis in MyD88-/- mice had waned, and signs of lung inflammation were evident, with marked PBV infiltrates and perivascular cuffing even more severe than that seen in WT mice at similar times post infection.", "line": 178, "relation": "increases"}
