p(HGNC:EIF2S1)	hasVariant	p(HGNC:EIF2S1, pmod(Ph))	{"relation": "hasVariant"}
p(HGNC:HSP90B1)	regulates	bp(GO:"response to endoplasmic reticulum stress")	{"annotations": {"CellLine": {"Huh7 cell": true}, "PublicationStatus": {"Published": true}, "PublicationType": {"Commnent": true}, "Section": {"Results": true}, "Species": {"9606": true}}, "citation": {"authors": ["Ahmad F", "Jameel S", "Khan N", "Minakshi R", "Padhan K", "Rani M"], "date": "2009-12-17", "db": "PubMed", "db_id": "20020050", "db_name": "PloS one", "first": "Minakshi R", "last": "Jameel S", "pages": "e8342", "volume": "4"}, "evidence": "We observed about 3 to 4 fold increase in luciferase activity in 3a expressing cells as compared to the vector control cells.", "line": 84, "relation": "regulates"}
p(HGNC:HSPA5)	regulates	bp(GO:"response to endoplasmic reticulum stress")	{"annotations": {"CellLine": {"Huh7 cell": true}, "PublicationStatus": {"Published": true}, "PublicationType": {"Commnent": true}, "Section": {"Results": true}, "Species": {"9606": true}}, "citation": {"authors": ["Ahmad F", "Jameel S", "Khan N", "Minakshi R", "Padhan K", "Rani M"], "date": "2009-12-17", "db": "PubMed", "db_id": "20020050", "db_name": "PloS one", "first": "Minakshi R", "last": "Jameel S", "pages": "e8342", "volume": "4"}, "evidence": "We observed about 3 to 4 fold increase in luciferase activity in 3a expressing cells as compared to the vector control cells.", "line": 83, "relation": "regulates"}
p(HGNC:IFNAR1)	hasVariant	p(HGNC:IFNAR1, pmod(Ph))	{"relation": "hasVariant"}
p(HGNC:IFNAR1)	hasVariant	p(HGNC:IFNAR1, pmod(Ub))	{"relation": "hasVariant"}
p(UNIPROT:P59632)	increases	p(HGNC:HSPA5)	{"annotations": {"CellLine": {"Huh7 cell": true}, "PublicationStatus": {"Published": true}, "PublicationType": {"Commnent": true}, "Section": {"Results": true}, "Species": {"9606": true}}, "citation": {"authors": ["Ahmad F", "Jameel S", "Khan N", "Minakshi R", "Padhan K", "Rani M"], "date": "2009-12-17", "db": "PubMed", "db_id": "20020050", "db_name": "PloS one", "first": "Minakshi R", "last": "Jameel S", "pages": "e8342", "volume": "4"}, "evidence": "We observed about 3 to 4 fold increase in luciferase activity in 3a expressing cells as compared to the vector control cells.", "line": 81, "relation": "increases"}
p(UNIPROT:P59632)	increases	p(HGNC:HSP90B1)	{"annotations": {"CellLine": {"Huh7 cell": true}, "PublicationStatus": {"Published": true}, "PublicationType": {"Commnent": true}, "Section": {"Results": true}, "Species": {"9606": true}}, "citation": {"authors": ["Ahmad F", "Jameel S", "Khan N", "Minakshi R", "Padhan K", "Rani M"], "date": "2009-12-17", "db": "PubMed", "db_id": "20020050", "db_name": "PloS one", "first": "Minakshi R", "last": "Jameel S", "pages": "e8342", "volume": "4"}, "evidence": "We observed about 3 to 4 fold increase in luciferase activity in 3a expressing cells as compared to the vector control cells.", "line": 82, "relation": "increases"}
p(UNIPROT:P59632)	increases	p(HGNC:EIF2S1, pmod(Ph))	{"annotations": {"CellLine": {"Huh7 cell": true}, "PublicationStatus": {"Published": true}, "PublicationType": {"Commnent": true}, "Section": {"Results": true}, "Species": {"9606": true}}, "citation": {"authors": ["Ahmad F", "Jameel S", "Khan N", "Minakshi R", "Padhan K", "Rani M"], "date": "2009-12-17", "db": "PubMed", "db_id": "20020050", "db_name": "PloS one", "first": "Minakshi R", "last": "Jameel S", "pages": "e8342", "volume": "4"}, "evidence": "Compared to control cells, the 3a-expressing cells showed increased levels of phospho-eIF2\u03b1 (peIF2\u03b1) without a concomitant increase in total eIF2\u03b1 levels (Fig. 2B).", "line": 88, "relation": "increases"}
p(UNIPROT:P59632)	increases	bp(GO:"PERK-mediated unfolded protein response")	{"annotations": {"CellLine": {"Huh7 cell": true}, "PublicationStatus": {"Published": true}, "PublicationType": {"Commnent": true}, "Section": {"Results": true}, "Species": {"9606": true}}, "citation": {"authors": ["Ahmad F", "Jameel S", "Khan N", "Minakshi R", "Padhan K", "Rani M"], "date": "2009-12-17", "db": "PubMed", "db_id": "20020050", "db_name": "PloS one", "first": "Minakshi R", "last": "Jameel S", "pages": "e8342", "volume": "4"}, "evidence": "Compared to control cells, the 3a-expressing cells showed increased levels of phospho-eIF2\u03b1 (peIF2\u03b1) without a concomitant increase in total eIF2\u03b1 levels (Fig. 2B).", "line": 89, "relation": "increases"}
p(UNIPROT:P59632)	increases	p(HGNC:ATF4)	{"annotations": {"CellLine": {"Huh7 cell": true}, "PublicationStatus": {"Published": true}, "PublicationType": {"Commnent": true}, "Section": {"Results": true}, "Species": {"9606": true}}, "citation": {"authors": ["Ahmad F", "Jameel S", "Khan N", "Minakshi R", "Padhan K", "Rani M"], "date": "2009-12-17", "db": "PubMed", "db_id": "20020050", "db_name": "PloS one", "first": "Minakshi R", "last": "Jameel S", "pages": "e8342", "volume": "4"}, "evidence": "There was about 17-fold increase in ATF4 expression in 3a-expressing cells compared to control cells; the other viral proteins did not show any significant effect on ATF4 translation", "line": 93, "relation": "increases"}
p(UNIPROT:P59632)	increases	p(HGNC:DDIT3)	{"annotations": {"CellLine": {"Huh7 cell": true}, "PublicationStatus": {"Published": true}, "PublicationType": {"Commnent": true}, "Section": {"Results": true}, "Species": {"9606": true}}, "citation": {"authors": ["Ahmad F", "Jameel S", "Khan N", "Minakshi R", "Padhan K", "Rani M"], "date": "2009-12-17", "db": "PubMed", "db_id": "20020050", "db_name": "PloS one", "first": "Minakshi R", "last": "Jameel S", "pages": "e8342", "volume": "4"}, "evidence": "There was an \u223c4-fold increase in CHOP promoter activity in 3a-expressing cells (Fig. 3B); the other viral proteins showed variable results.", "line": 97, "relation": "increases"}
p(UNIPROT:P59632)	increases	p(HGNC:IFNAR1, pmod(Ph))	{"annotations": {"CellLine": {"Huh7 cell": true}, "PublicationStatus": {"Published": true}, "PublicationType": {"Commnent": true}, "Section": {"Results": true}, "Species": {"9606": true}}, "citation": {"authors": ["Ahmad F", "Jameel S", "Khan N", "Minakshi R", "Padhan K", "Rani M"], "date": "2009-12-17", "db": "PubMed", "db_id": "20020050", "db_name": "PloS one", "first": "Minakshi R", "last": "Jameel S", "pages": "e8342", "volume": "4"}, "evidence": " Increased IFNAR1 phosphorylation was observed in 3a expressing cells, compared to control cells (Fig. 4A).", "line": 101, "relation": "increases"}
p(UNIPROT:P59632)	increases	p(HGNC:IFNAR1, pmod(Ub))	{"annotations": {"CellLine": {"Huh7 cell": true}, "PublicationStatus": {"Published": true}, "PublicationType": {"Commnent": true}, "Section": {"Results": true}, "Species": {"9606": true}}, "citation": {"authors": ["Ahmad F", "Jameel S", "Khan N", "Minakshi R", "Padhan K", "Rani M"], "date": "2009-12-17", "db": "PubMed", "db_id": "20020050", "db_name": "PloS one", "first": "Minakshi R", "last": "Jameel S", "pages": "e8342", "volume": "4"}, "evidence": "Compared to control cells, the 3a expressing cells showed increased ubiquitination of the IFNAR1 protein (Fig. 4B).", "line": 105, "relation": "increases"}
p(UNIPROT:P59632)	increases	p(HGNC:IFNAR1, loc(GO:lysosome))	{"annotations": {"CellLine": {"Huh7 cell": true}, "PublicationStatus": {"Published": true}, "PublicationType": {"Commnent": true}, "Section": {"Results": true}, "Species": {"9606": true}}, "citation": {"authors": ["Ahmad F", "Jameel S", "Khan N", "Minakshi R", "Padhan K", "Rani M"], "date": "2009-12-17", "db": "PubMed", "db_id": "20020050", "db_name": "PloS one", "first": "Minakshi R", "last": "Jameel S", "pages": "e8342", "volume": "4"}, "evidence": "There was increased localization of IFNAR1 in the lysosomal compartment in 3a expressing cells compared to control cells (Fig. 5).", "line": 109, "object": {"location": {"namespace": "GO", "name": "lysosome"}}, "relation": "increases"}
p(UNIPROT:P59632)	decreases	p(HGNC:IFNAR1)	{"annotations": {"CellLine": {"Huh7 cell": true}, "PublicationStatus": {"Published": true}, "PublicationType": {"Commnent": true}, "Section": {"Results": true}, "Species": {"9606": true}}, "citation": {"authors": ["Ahmad F", "Jameel S", "Khan N", "Minakshi R", "Padhan K", "Rani M"], "date": "2009-12-17", "db": "PubMed", "db_id": "20020050", "db_name": "PloS one", "first": "Minakshi R", "last": "Jameel S", "pages": "e8342", "volume": "4"}, "evidence": "As shown in Fig. 6, there was a significant decrease in the equilibrium levels of IFNAR1 in 3a-ECFP expressing cells compared to control cells.", "line": 112, "relation": "decreases"}
