a(CHEBI:"poly(I:C)")	increases	p(HGNC:IFNB1)	{"annotations": {"BioAssay": {"luciferase reporter gene assay": true}, "CellLine": {"HEK293": true}, "PublicationStatus": {"Published": true}, "PublicationType": {"Research": true}, "Section": {"Results": true}}, "citation": {"authors": ["Abu-Asab M", "Boularan C", "Huang NN", "Kehrl JH", "Qi HY", "Shelhamer JH", "Shi CS"], "date": "2014-09-15", "db": "PubMed", "db_id": "25135833", "db_name": "Journal of immunology (Baltimore, Md. : 1950)", "first": "Shi CS", "last": "Kehrl JH", "pages": "3080-9", "volume": "193"}, "evidence": "We expressed 9b-GFP in the presence of either an IFN-\u03b2 or a NF-\u03baB reporter construct and simulated an intracellular viral infection by cotransfecting Poly(I:C). As expected Poly(I:C) induced both reporter constructs, but the presence of ORF-9b significantly inhibited this response (Fig. 3A).", "line": 70, "relation": "increases"}
a(CHEBI:"poly(I:C)")	increases	complex(GO:"NF-kappaB complex")	{"annotations": {"BioAssay": {"luciferase reporter gene assay": true}, "CellLine": {"HEK293": true}, "PublicationStatus": {"Published": true}, "PublicationType": {"Research": true}, "Section": {"Results": true}}, "citation": {"authors": ["Abu-Asab M", "Boularan C", "Huang NN", "Kehrl JH", "Qi HY", "Shelhamer JH", "Shi CS"], "date": "2014-09-15", "db": "PubMed", "db_id": "25135833", "db_name": "Journal of immunology (Baltimore, Md. : 1950)", "first": "Shi CS", "last": "Kehrl JH", "pages": "3080-9", "volume": "193"}, "evidence": "We expressed 9b-GFP in the presence of either an IFN-\u03b2 or a NF-\u03baB reporter construct and simulated an intracellular viral infection by cotransfecting Poly(I:C). As expected Poly(I:C) induced both reporter constructs, but the presence of ORF-9b significantly inhibited this response (Fig. 3A).", "line": 71, "relation": "increases"}
bp(GO:"protein K48-linked ubiquitination")	increases	p(HGNC:DNM1L, pmod(Ub))	{"annotations": {"CellLine": {"HEK293": true}, "PublicationStatus": {"Published": true}, "PublicationType": {"Research": true}, "Section": {"Results": true}}, "citation": {"authors": ["Abu-Asab M", "Boularan C", "Huang NN", "Kehrl JH", "Qi HY", "Shelhamer JH", "Shi CS"], "date": "2014-09-15", "db": "PubMed", "db_id": "25135833", "db_name": "Journal of immunology (Baltimore, Md. : 1950)", "first": "Shi CS", "last": "Kehrl JH", "pages": "3080-9", "volume": "193"}, "evidence": "The sensitivity to proteasome inhibition suggested that DRP1 underwent ubiquitination. Consistent with that possibility the immunoblotting of DRP1 immunoprecipitates revealed the presence of K48-linked ubiquitin (Fig. 1F).", "line": 50, "relation": "increases"}
bp(GO:"protein K48-linked ubiquitination")	increases	deg(p(HGNC:MAVS))	{"annotations": {"BioAssay": {"immunoblot": true}, "CellLine": {"THP-1 cell": true}, "PublicationStatus": {"Published": true}, "PublicationType": {"Research": true}, "Section": {"Results": true}}, "citation": {"authors": ["Abu-Asab M", "Boularan C", "Huang NN", "Kehrl JH", "Qi HY", "Shelhamer JH", "Shi CS"], "date": "2014-09-15", "db": "PubMed", "db_id": "25135833", "db_name": "Journal of immunology (Baltimore, Md. : 1950)", "first": "Shi CS", "last": "Kehrl JH", "pages": "3080-9", "volume": "193"}, "evidence": "Finally, in the THP-1 cells permanently transfected with 9b-GFP we also found a marked reduction in the endogenous level of MAVS (Fig. 5E).", "line": 123, "object": {"modifier": "Degradation"}, "relation": "increases"}
p(HGNC:MAVS)	partOf	complex(p(HGNC:MAVS), p(HGNC:PCBP2), p(UNIPROT:P59636))	{"relation": "partOf"}
p(HGNC:MAVS)	increases	p(HGNC:IRF3, pmod(Ph))	{"annotations": {"PublicationStatus": {"Published": true}, "PublicationType": {"Research": true}, "Section": {"Results": true}}, "citation": {"authors": ["Abu-Asab M", "Boularan C", "Huang NN", "Kehrl JH", "Qi HY", "Shelhamer JH", "Shi CS"], "date": "2014-09-15", "db": "PubMed", "db_id": "25135833", "db_name": "Journal of immunology (Baltimore, Md. : 1950)", "first": "Shi CS", "last": "Kehrl JH", "pages": "3080-9", "volume": "193"}, "evidence": "Since MAVS is required for the phosphorylation of IRF3 in the RIG-I mediated anti-viral response, we checked whether 9b-GFP expression reduced IRF3 phosphorylation, which it did (Fig. 3C).", "line": 79, "relation": "increases"}
p(HGNC:MAVS)	increases	p(HGNC:IFNB1, pmod(Ph))	{"annotations": {"PublicationStatus": {"Published": true}, "PublicationType": {"Research": true}, "Section": {"Results": true}}, "citation": {"authors": ["Abu-Asab M", "Boularan C", "Huang NN", "Kehrl JH", "Qi HY", "Shelhamer JH", "Shi CS"], "date": "2014-09-15", "db": "PubMed", "db_id": "25135833", "db_name": "Journal of immunology (Baltimore, Md. : 1950)", "first": "Shi CS", "last": "Kehrl JH", "pages": "3080-9", "volume": "193"}, "evidence": "Lowered DRP1 levels impaired the MAVS-induced increase IFN-\u03b2 reporter activity although not nearly as effectively as did the 9b-FLAG construct (Fig. 3I).", "line": 98, "relation": "increases"}
p(HGNC:MAVS)	increases	bp(GO:"protein K48-linked ubiquitination")	{"annotations": {"BioAssay": {"immunoblot": true}, "PublicationStatus": {"Published": true}, "PublicationType": {"Research": true}, "Section": {"Results": true}}, "citation": {"authors": ["Abu-Asab M", "Boularan C", "Huang NN", "Kehrl JH", "Qi HY", "Shelhamer JH", "Shi CS"], "date": "2014-09-15", "db": "PubMed", "db_id": "25135833", "db_name": "Journal of immunology (Baltimore, Md. : 1950)", "first": "Shi CS", "last": "Kehrl JH", "pages": "3080-9", "volume": "193"}, "evidence": "Indicating that ORF-9b likely triggers K48-linked ubiquitination of MAVS immunoblotting Myc-MAVS immunoprecipitates revealed the presence of K48-linked ubiquitin (Fig. 5C).", "line": 114, "relation": "increases"}
p(HGNC:PCBP2)	partOf	complex(p(HGNC:MAVS), p(HGNC:PCBP2), p(UNIPROT:P59636))	{"relation": "partOf"}
p(UNIPROT:P59636)	partOf	complex(p(HGNC:MAVS), p(HGNC:PCBP2), p(UNIPROT:P59636))	{"relation": "partOf"}
p(UNIPROT:P59636)	partOf	composite(p(HGNC:ATG5), p(UNIPROT:P59636))	{"relation": "partOf"}
p(UNIPROT:P59636)	decreases	p(HGNC:DNM1L)	{"annotations": {"CellLine": {"HEK293": true}, "PublicationStatus": {"Published": true}, "PublicationType": {"Research": true}, "Section": {"Results": true}}, "citation": {"authors": ["Abu-Asab M", "Boularan C", "Huang NN", "Kehrl JH", "Qi HY", "Shelhamer JH", "Shi CS"], "date": "2014-09-15", "db": "PubMed", "db_id": "25135833", "db_name": "Journal of immunology (Baltimore, Md. : 1950)", "first": "Shi CS", "last": "Kehrl JH", "pages": "3080-9", "volume": "193"}, "evidence": "Expression of 9b-GFP in HEK 293 cells reduced DRP1 levels by approximately 70% via a mechanism sensitive to proteasome inhibition, but not autophagic degradation inhibition (Fig. 1D).", "line": 44, "relation": "decreases"}
p(UNIPROT:P59636)	decreases	p(HGNC:DNM1L)	{"annotations": {"BioAssay": {"immunoblot": true}, "CellLine": {"THP-1 cell": true}, "PublicationStatus": {"Published": true}, "PublicationType": {"Research": true}, "Section": {"Results": true}}, "citation": {"authors": ["Abu-Asab M", "Boularan C", "Huang NN", "Kehrl JH", "Qi HY", "Shelhamer JH", "Shi CS"], "date": "2014-09-15", "db": "PubMed", "db_id": "25135833", "db_name": "Journal of immunology (Baltimore, Md. : 1950)", "first": "Shi CS", "last": "Kehrl JH", "pages": "3080-9", "volume": "193"}, "evidence": "We also examined DRP1 levels in the permanently transfected THP-1 cells and again found a marked decrease in DRP1 levels (Fig. 1G).", "line": 57, "relation": "decreases"}
p(UNIPROT:P59636)	decreases	p(HGNC:DNM1L)	{"annotations": {"BioAssay": {"immunoblot": true}, "PublicationStatus": {"Published": true}, "PublicationType": {"Research": true}, "Section": {"Results": true}}, "citation": {"authors": ["Abu-Asab M", "Boularan C", "Huang NN", "Kehrl JH", "Qi HY", "Shelhamer JH", "Shi CS"], "date": "2014-09-15", "db": "PubMed", "db_id": "25135833", "db_name": "Journal of immunology (Baltimore, Md. : 1950)", "first": "Shi CS", "last": "Kehrl JH", "pages": "3080-9", "volume": "193"}, "evidence": "The DRP1 shRNA appropriately decreased DRP1 expression, but did not impact endogenous MAVS expression (Fig. 3J). This indicates that the ORF-9b mediated reduction in DRP1 may contributes to the decrease in type I interferon signaling, however other mechanisms must be operant.", "line": 107, "relation": "decreases"}
p(UNIPROT:P59636, loc(GO:mitochondrion))	increases	p(HGNC:DNM1L, pmod(Ub))	{"annotations": {"PublicationStatus": {"Published": true}, "PublicationType": {"Research": true}, "Section": {"Results": true}}, "citation": {"authors": ["Abu-Asab M", "Boularan C", "Huang NN", "Kehrl JH", "Qi HY", "Shelhamer JH", "Shi CS"], "date": "2014-09-15", "db": "PubMed", "db_id": "25135833", "db_name": "Journal of immunology (Baltimore, Md. : 1950)", "first": "Shi CS", "last": "Kehrl JH", "pages": "3080-9", "volume": "193"}, "evidence": "These data show that ORF-9b localizes to mitochondria and likely causes mitochondrial elongation by triggering DRP1 ubiquitination and its proteasomal destruction.", "line": 63, "relation": "increases", "subject": {"location": {"namespace": "GO", "name": "mitochondrion"}}}
p(UNIPROT:P59636)	decreases	p(HGNC:IFNB1)	{"annotations": {"CellLine": {"HEK293": true}, "PublicationStatus": {"Published": true}, "PublicationType": {"Research": true}, "Section": {"Results": true}}, "citation": {"authors": ["Abu-Asab M", "Boularan C", "Huang NN", "Kehrl JH", "Qi HY", "Shelhamer JH", "Shi CS"], "date": "2014-09-15", "db": "PubMed", "db_id": "25135833", "db_name": "Journal of immunology (Baltimore, Md. : 1950)", "first": "Shi CS", "last": "Kehrl JH", "pages": "3080-9", "volume": "193"}, "evidence": "We expressed 9b-GFP in the presence of either an IFN-\u03b2 or a NF-\u03baB reporter construct and simulated an intracellular viral infection by cotransfecting Poly(I:C). As expected Poly(I:C) induced both reporter constructs, but the presence of ORF-9b significantly inhibited this response (Fig. 3A).", "line": 73, "relation": "decreases"}
p(UNIPROT:P59636)	decreases	p(HGNC:IFNB1)	{"annotations": {"BioAssay": {"immunoblot": true}, "CellLine": {"THP-1 cell": true}, "PublicationStatus": {"Published": true}, "PublicationType": {"Research": true}, "Section": {"Results": true}, "cell_culture": {"culture supernatant": true}}, "citation": {"authors": ["Abu-Asab M", "Boularan C", "Huang NN", "Kehrl JH", "Qi HY", "Shelhamer JH", "Shi CS"], "date": "2014-09-15", "db": "PubMed", "db_id": "25135833", "db_name": "Journal of immunology (Baltimore, Md. : 1950)", "first": "Shi CS", "last": "Kehrl JH", "pages": "3080-9", "volume": "193"}, "evidence": "As expected the amount of interferon-\u03b2 decreased in the cell supernatant in the presence of 9b-Flag (Fig. 3D).", "line": 91, "relation": "decreases"}
p(UNIPROT:P59636)	decreases	complex(GO:"NF-kappaB complex")	{"annotations": {"CellLine": {"HEK293": true}, "PublicationStatus": {"Published": true}, "PublicationType": {"Research": true}, "Section": {"Results": true}}, "citation": {"authors": ["Abu-Asab M", "Boularan C", "Huang NN", "Kehrl JH", "Qi HY", "Shelhamer JH", "Shi CS"], "date": "2014-09-15", "db": "PubMed", "db_id": "25135833", "db_name": "Journal of immunology (Baltimore, Md. : 1950)", "first": "Shi CS", "last": "Kehrl JH", "pages": "3080-9", "volume": "193"}, "evidence": "We expressed 9b-GFP in the presence of either an IFN-\u03b2 or a NF-\u03baB reporter construct and simulated an intracellular viral infection by cotransfecting Poly(I:C). As expected Poly(I:C) induced both reporter constructs, but the presence of ORF-9b significantly inhibited this response (Fig. 3A).", "line": 74, "relation": "decreases"}
p(UNIPROT:P59636)	decreases	p(HGNC:IRF3, pmod(Ph))	{"annotations": {"BioAssay": {"immunoblot": true}, "CellLine": {"HEK293": true}, "PublicationStatus": {"Published": true}, "PublicationType": {"Research": true}, "Section": {"Results": true}}, "citation": {"authors": ["Abu-Asab M", "Boularan C", "Huang NN", "Kehrl JH", "Qi HY", "Shelhamer JH", "Shi CS"], "date": "2014-09-15", "db": "PubMed", "db_id": "25135833", "db_name": "Journal of immunology (Baltimore, Md. : 1950)", "first": "Shi CS", "last": "Kehrl JH", "pages": "3080-9", "volume": "193"}, "evidence": "Since MAVS is required for the phosphorylation of IRF3 in the RIG-I mediated anti-viral response, we checked whether 9b-GFP expression reduced IRF3 phosphorylation, which it did (Fig. 3C).", "line": 82, "relation": "decreases"}
p(UNIPROT:P59636)	increases	bp(GO:"protein K48-linked ubiquitination")	{"annotations": {"BioAssay": {"immunoblot": true}, "PublicationStatus": {"Published": true}, "PublicationType": {"Research": true}, "Section": {"Results": true}}, "citation": {"authors": ["Abu-Asab M", "Boularan C", "Huang NN", "Kehrl JH", "Qi HY", "Shelhamer JH", "Shi CS"], "date": "2014-09-15", "db": "PubMed", "db_id": "25135833", "db_name": "Journal of immunology (Baltimore, Md. : 1950)", "first": "Shi CS", "last": "Kehrl JH", "pages": "3080-9", "volume": "193"}, "evidence": "Indicating that ORF-9b likely triggers K48-linked ubiquitination of MAVS immunoblotting Myc-MAVS immunoprecipitates revealed the presence of K48-linked ubiquitin (Fig. 5C).", "line": 115, "relation": "increases"}
p(UNIPROT:P59636)	increases	bp(GO:"protein K48-linked ubiquitination")	{"annotations": {"BioAssay": {"immunoblot": true}, "CellLine": {"THP-1 cell": true}, "PublicationStatus": {"Published": true}, "PublicationType": {"Research": true}, "Section": {"Results": true}}, "citation": {"authors": ["Abu-Asab M", "Boularan C", "Huang NN", "Kehrl JH", "Qi HY", "Shelhamer JH", "Shi CS"], "date": "2014-09-15", "db": "PubMed", "db_id": "25135833", "db_name": "Journal of immunology (Baltimore, Md. : 1950)", "first": "Shi CS", "last": "Kehrl JH", "pages": "3080-9", "volume": "193"}, "evidence": "Finally, in the THP-1 cells permanently transfected with 9b-GFP we also found a marked reduction in the endogenous level of MAVS (Fig. 5E).", "line": 122, "relation": "increases"}
p(UNIPROT:P59636)	increases	deg(p(HGNC:MAVS))	{"annotations": {"BioAssay": {"immunoblot": true}, "CellLine": {"THP-1 cell": true}, "PublicationStatus": {"Published": true}, "PublicationType": {"Research": true}, "Section": {"Results": true}}, "citation": {"authors": ["Abu-Asab M", "Boularan C", "Huang NN", "Kehrl JH", "Qi HY", "Shelhamer JH", "Shi CS"], "date": "2014-09-15", "db": "PubMed", "db_id": "25135833", "db_name": "Journal of immunology (Baltimore, Md. : 1950)", "first": "Shi CS", "last": "Kehrl JH", "pages": "3080-9", "volume": "193"}, "evidence": "Finally, in the THP-1 cells permanently transfected with 9b-GFP we also found a marked reduction in the endogenous level of MAVS (Fig. 5E).", "line": 124, "object": {"modifier": "Degradation"}, "relation": "increases"}
p(UNIPROT:P59636)	increases	bp(GO:"autophagosome assembly")	{"annotations": {"CellLine": {"A549 cell": true}, "PublicationStatus": {"Published": true}, "PublicationType": {"Research": true}, "Section": {"Results": true}}, "citation": {"authors": ["Abu-Asab M", "Boularan C", "Huang NN", "Kehrl JH", "Qi HY", "Shelhamer JH", "Shi CS"], "date": "2014-09-15", "db": "PubMed", "db_id": "25135833", "db_name": "Journal of immunology (Baltimore, Md. : 1950)", "first": "Shi CS", "last": "Kehrl JH", "pages": "3080-9", "volume": "193"}, "evidence": "Interestingly, 9b-GFP expression potently induced autophagosome formation in A549 cells (Fig. 7A, Video 2).", "line": 137, "relation": "increases"}
p(UNIPROT:P59636)	increases	bp(GO:autophagy)	{"annotations": {"CellLine": {"A549 cell": true}, "PublicationStatus": {"Published": true}, "PublicationType": {"Research": true}, "Section": {"Results": true}}, "citation": {"authors": ["Abu-Asab M", "Boularan C", "Huang NN", "Kehrl JH", "Qi HY", "Shelhamer JH", "Shi CS"], "date": "2014-09-15", "db": "PubMed", "db_id": "25135833", "db_name": "Journal of immunology (Baltimore, Md. : 1950)", "first": "Shi CS", "last": "Kehrl JH", "pages": "3080-9", "volume": "193"}, "evidence": "Similarly, 9b-Flag triggered autophagy in the same cells (Fig. 7B).", "line": 143, "relation": "increases"}
p(UNIPROT:P59636)	decreases	p(HGNC:MAP1LC3A)	{"annotations": {"CellLine": {"A549 cell": true}, "PublicationStatus": {"Published": true}, "PublicationType": {"Research": true}, "Section": {"Results": true}}, "citation": {"authors": ["Abu-Asab M", "Boularan C", "Huang NN", "Kehrl JH", "Qi HY", "Shelhamer JH", "Shi CS"], "date": "2014-09-15", "db": "PubMed", "db_id": "25135833", "db_name": "Journal of immunology (Baltimore, Md. : 1950)", "first": "Shi CS", "last": "Kehrl JH", "pages": "3080-9", "volume": "193"}, "evidence": "The induction of autophagy by ORF-9b depended upon ATG5, an important regulator of autophagosome formation, as reducing its expression decreased 9b-GFP triggered LC3 processing (Fig. 7F).", "line": 152, "relation": "decreases"}
composite(p(HGNC:ATG5), p(UNIPROT:P59636))	increases	bp(GO:autophagy)	{"annotations": {"CellLine": {"A549 cell": true}, "PublicationStatus": {"Published": true}, "PublicationType": {"Research": true}, "Section": {"Results": true}}, "citation": {"authors": ["Abu-Asab M", "Boularan C", "Huang NN", "Kehrl JH", "Qi HY", "Shelhamer JH", "Shi CS"], "date": "2014-09-15", "db": "PubMed", "db_id": "25135833", "db_name": "Journal of immunology (Baltimore, Md. : 1950)", "first": "Shi CS", "last": "Kehrl JH", "pages": "3080-9", "volume": "193"}, "evidence": "The induction of autophagy by ORF-9b depended upon ATG5, an important regulator of autophagosome formation, as reducing its expression decreased 9b-GFP triggered LC3 processing (Fig. 7F).", "line": 149, "relation": "increases"}
p(HGNC:ATG5)	partOf	composite(p(HGNC:ATG5), p(UNIPROT:P59636))	{"relation": "partOf"}
p(HGNC:ATG5)	regulates	bp(GO:"autophagosome assembly")	{"annotations": {"CellLine": {"A549 cell": true}, "PublicationStatus": {"Published": true}, "PublicationType": {"Research": true}, "Section": {"Results": true}}, "citation": {"authors": ["Abu-Asab M", "Boularan C", "Huang NN", "Kehrl JH", "Qi HY", "Shelhamer JH", "Shi CS"], "date": "2014-09-15", "db": "PubMed", "db_id": "25135833", "db_name": "Journal of immunology (Baltimore, Md. : 1950)", "first": "Shi CS", "last": "Kehrl JH", "pages": "3080-9", "volume": "193"}, "evidence": "The induction of autophagy by ORF-9b depended upon ATG5, an important regulator of autophagosome formation, as reducing its expression decreased 9b-GFP triggered LC3 processing (Fig. 7F).", "line": 150, "relation": "regulates"}
p(HGNC:ATG5)	increases	p(UNIPROT:P59636)	{"annotations": {"CellLine": {"A549 cell": true}, "PublicationStatus": {"Published": true}, "PublicationType": {"Research": true}, "Section": {"Results": true}}, "citation": {"authors": ["Abu-Asab M", "Boularan C", "Huang NN", "Kehrl JH", "Qi HY", "Shelhamer JH", "Shi CS"], "date": "2014-09-15", "db": "PubMed", "db_id": "25135833", "db_name": "Journal of immunology (Baltimore, Md. : 1950)", "first": "Shi CS", "last": "Kehrl JH", "pages": "3080-9", "volume": "193"}, "evidence": "The induction of autophagy by ORF-9b depended upon ATG5, an important regulator of autophagosome formation, as reducing its expression decreased 9b-GFP triggered LC3 processing (Fig. 7F).", "line": 151, "relation": "increases"}
p(HGNC:DNM1L)	hasVariant	p(HGNC:DNM1L, pmod(Ub))	{"relation": "hasVariant"}
p(HGNC:DNM1L)	increases	p(HGNC:IFNB1, pmod(Ph))	{"annotations": {"CellLine": {"HEK293": true}, "PublicationStatus": {"Published": true}, "PublicationType": {"Research": true}, "Section": {"Results": true}}, "citation": {"authors": ["Abu-Asab M", "Boularan C", "Huang NN", "Kehrl JH", "Qi HY", "Shelhamer JH", "Shi CS"], "date": "2014-09-15", "db": "PubMed", "db_id": "25135833", "db_name": "Journal of immunology (Baltimore, Md. : 1950)", "first": "Shi CS", "last": "Kehrl JH", "pages": "3080-9", "volume": "193"}, "evidence": "Lowered DRP1 levels impaired the MAVS-induced increase IFN-\u03b2 reporter activity although not nearly as effectively as did the 9b-FLAG construct (Fig. 3I).", "line": 100, "relation": "increases"}
p(HGNC:DNM1L)	decreases	bp(GO:"type I interferon signaling pathway")	{"annotations": {"BioAssay": {"immunoblot": true}, "PublicationStatus": {"Published": true}, "PublicationType": {"Research": true}, "Section": {"Results": true}}, "citation": {"authors": ["Abu-Asab M", "Boularan C", "Huang NN", "Kehrl JH", "Qi HY", "Shelhamer JH", "Shi CS"], "date": "2014-09-15", "db": "PubMed", "db_id": "25135833", "db_name": "Journal of immunology (Baltimore, Md. : 1950)", "first": "Shi CS", "last": "Kehrl JH", "pages": "3080-9", "volume": "193"}, "evidence": "The DRP1 shRNA appropriately decreased DRP1 expression, but did not impact endogenous MAVS expression (Fig. 3J). This indicates that the ORF-9b mediated reduction in DRP1 may contributes to the decrease in type I interferon signaling, however other mechanisms must be operant.", "line": 108, "relation": "decreases"}
p(HGNC:DNM1L, pmod(Ub))	increases	bp(GO:"mitochondrial fusion")	{"annotations": {"PublicationStatus": {"Published": true}, "PublicationType": {"Research": true}, "Section": {"Results": true}}, "citation": {"authors": ["Abu-Asab M", "Boularan C", "Huang NN", "Kehrl JH", "Qi HY", "Shelhamer JH", "Shi CS"], "date": "2014-09-15", "db": "PubMed", "db_id": "25135833", "db_name": "Journal of immunology (Baltimore, Md. : 1950)", "first": "Shi CS", "last": "Kehrl JH", "pages": "3080-9", "volume": "193"}, "evidence": "These data show that ORF-9b localizes to mitochondria and likely causes mitochondrial elongation by triggering DRP1 ubiquitination and its proteasomal destruction.", "line": 64, "relation": "increases"}
p(HGNC:IFNB1)	hasVariant	p(HGNC:IFNB1, pmod(Ph))	{"relation": "hasVariant"}
p(HGNC:IRF3)	hasVariant	p(HGNC:IRF3, pmod(Ph))	{"relation": "hasVariant"}
r(HGNC:DNM1L)	decreases	p(HGNC:DNM1L)	{"annotations": {"BioAssay": {"immunoblot": true}, "PublicationStatus": {"Published": true}, "PublicationType": {"Research": true}, "Section": {"Results": true}}, "citation": {"authors": ["Abu-Asab M", "Boularan C", "Huang NN", "Kehrl JH", "Qi HY", "Shelhamer JH", "Shi CS"], "date": "2014-09-15", "db": "PubMed", "db_id": "25135833", "db_name": "Journal of immunology (Baltimore, Md. : 1950)", "first": "Shi CS", "last": "Kehrl JH", "pages": "3080-9", "volume": "193"}, "evidence": "The DRP1 shRNA appropriately decreased DRP1 expression, but did not impact endogenous MAVS expression (Fig. 3J). This indicates that the ORF-9b mediated reduction in DRP1 may contributes to the decrease in type I interferon signaling, however other mechanisms must be operant.", "line": 106, "relation": "decreases"}
