a(MESH:"Complement C3a")	association	bp(GO:"complement activation")	{"annotations": {"MeSHAnatomy": {"Lung": true}, "MeSHDisease": {"Severe Acute Respiratory Syndrome": true}, "Mouse_Strain": {"C57BL/6J": true}, "PublicationStatus": {"Published": true}, "PublicationType": {"Research": true}, "Section": {"Results": true}, "Species": {"10090": true}}, "citation": {"authors": ["Baric RS", "Gralinski LE", "Heise MT", "Jensen K", "Leist SR", "Menachery VD", "Morrison TE", "Sheahan TP", "Whitmore A"], "date": "2018-10-09", "db": "PubMed", "db_id": "30301856", "db_name": "mBio", "first": "Gralinski LE", "last": "Baric RS", "volume": "9"}, "evidence": "C3 activation products (C3 fragments C3a, C3b, iC3b, C3dg, and C3c) were detected by Western blotting in lung tissue of SARS-CoV MA15-infected mice, but not in control mice, as early as 1 day postinfection (dpi) (Fig. 1B), confirming that SARS-CoV MA15 infection activates the complement pathway.", "line": 70, "relation": "association"}
a(MESH:"Complement C3a")	increases	bp(GO:"complement activation")	{"annotations": {"BioAssay": {"western blot": true}, "MeSHAnatomy": {"Serum": true}, "MeSHDisease": {"Severe Acute Respiratory Syndrome": true}, "Mouse_Strain": {"C57BL/6J": true}, "PublicationStatus": {"Published": true}, "PublicationType": {"Research": true}, "Section": {"Results": true}, "Species": {"10090": true}, "Timeline": {"2 days post infection": true}}, "citation": {"authors": ["Baric RS", "Gralinski LE", "Heise MT", "Jensen K", "Leist SR", "Menachery VD", "Morrison TE", "Sheahan TP", "Whitmore A"], "date": "2018-10-09", "db": "PubMed", "db_id": "30301856", "db_name": "mBio", "first": "Gralinski LE", "last": "Baric RS", "volume": "9"}, "evidence": "Western blot analysis showed increased levels of C3a-derived fragments in the serum, indicating systemic complement activation in SARS-CoV MA15-infected mice at 2 dpi (Fig. 7A).", "line": 232, "relation": "increases"}
a(MESH:"Complement C3b")	association	bp(GO:"complement activation")	{"annotations": {"MeSHAnatomy": {"Lung": true}, "MeSHDisease": {"Severe Acute Respiratory Syndrome": true}, "Mouse_Strain": {"C57BL/6J": true}, "PublicationStatus": {"Published": true}, "PublicationType": {"Research": true}, "Section": {"Results": true}, "Species": {"10090": true}}, "citation": {"authors": ["Baric RS", "Gralinski LE", "Heise MT", "Jensen K", "Leist SR", "Menachery VD", "Morrison TE", "Sheahan TP", "Whitmore A"], "date": "2018-10-09", "db": "PubMed", "db_id": "30301856", "db_name": "mBio", "first": "Gralinski LE", "last": "Baric RS", "volume": "9"}, "evidence": "C3 activation products (C3 fragments C3a, C3b, iC3b, C3dg, and C3c) were detected by Western blotting in lung tissue of SARS-CoV MA15-infected mice, but not in control mice, as early as 1 day postinfection (dpi) (Fig. 1B), confirming that SARS-CoV MA15 infection activates the complement pathway.", "line": 71, "relation": "association"}
a(MESH:"Complement C3c")	association	bp(GO:"complement activation")	{"annotations": {"MeSHAnatomy": {"Lung": true}, "MeSHDisease": {"Severe Acute Respiratory Syndrome": true}, "Mouse_Strain": {"C57BL/6J": true}, "PublicationStatus": {"Published": true}, "PublicationType": {"Research": true}, "Section": {"Results": true}, "Species": {"10090": true}}, "citation": {"authors": ["Baric RS", "Gralinski LE", "Heise MT", "Jensen K", "Leist SR", "Menachery VD", "Morrison TE", "Sheahan TP", "Whitmore A"], "date": "2018-10-09", "db": "PubMed", "db_id": "30301856", "db_name": "mBio", "first": "Gralinski LE", "last": "Baric RS", "volume": "9"}, "evidence": "C3 activation products (C3 fragments C3a, C3b, iC3b, C3dg, and C3c) were detected by Western blotting in lung tissue of SARS-CoV MA15-infected mice, but not in control mice, as early as 1 day postinfection (dpi) (Fig. 1B), confirming that SARS-CoV MA15 infection activates the complement pathway.", "line": 72, "relation": "association"}
a(TAX:"Severe acute respiratory syndrome-related coronavirus")	increases	p(MGI:C4b)	{"annotations": {"MeSHAnatomy": {"Lung": true}, "MeSHDisease": {"Severe Acute Respiratory Syndrome": true}, "Mouse_Strain": {"C57BL/6J": true}, "PublicationStatus": {"Published": true}, "PublicationType": {"Research": true}, "Section": {"Results": true}, "Species": {"10090": true}}, "citation": {"authors": ["Baric RS", "Gralinski LE", "Heise MT", "Jensen K", "Leist SR", "Menachery VD", "Morrison TE", "Sheahan TP", "Whitmore A"], "date": "2018-10-09", "db": "PubMed", "db_id": "30301856", "db_name": "mBio", "first": "Gralinski LE", "last": "Baric RS", "volume": "9"}, "evidence": "C4b, CfB, and C3 all had significantly higher abundances in the lungs of mice infected with a lethal dose of SARS-CoV MA15 than in those of mice infected with a sublethal dose (Fig. 1A).", "line": 52, "relation": "increases"}
a(TAX:"Severe acute respiratory syndrome-related coronavirus")	increases	p(MGI:Cfb)	{"annotations": {"MeSHAnatomy": {"Lung": true}, "MeSHDisease": {"Severe Acute Respiratory Syndrome": true}, "Mouse_Strain": {"C57BL/6J": true}, "PublicationStatus": {"Published": true}, "PublicationType": {"Research": true}, "Section": {"Results": true}, "Species": {"10090": true}}, "citation": {"authors": ["Baric RS", "Gralinski LE", "Heise MT", "Jensen K", "Leist SR", "Menachery VD", "Morrison TE", "Sheahan TP", "Whitmore A"], "date": "2018-10-09", "db": "PubMed", "db_id": "30301856", "db_name": "mBio", "first": "Gralinski LE", "last": "Baric RS", "volume": "9"}, "evidence": "C4b, CfB, and C3 all had significantly higher abundances in the lungs of mice infected with a lethal dose of SARS-CoV MA15 than in those of mice infected with a sublethal dose (Fig. 1A).", "line": 53, "relation": "increases"}
a(TAX:"Severe acute respiratory syndrome-related coronavirus")	increases	p(MGI:C3)	{"annotations": {"MeSHAnatomy": {"Lung": true}, "MeSHDisease": {"Severe Acute Respiratory Syndrome": true}, "Mouse_Strain": {"C57BL/6J": true}, "PublicationStatus": {"Published": true}, "PublicationType": {"Research": true}, "Section": {"Results": true}, "Species": {"10090": true}}, "citation": {"authors": ["Baric RS", "Gralinski LE", "Heise MT", "Jensen K", "Leist SR", "Menachery VD", "Morrison TE", "Sheahan TP", "Whitmore A"], "date": "2018-10-09", "db": "PubMed", "db_id": "30301856", "db_name": "mBio", "first": "Gralinski LE", "last": "Baric RS", "volume": "9"}, "evidence": "C4b, CfB, and C3 all had significantly higher abundances in the lungs of mice infected with a lethal dose of SARS-CoV MA15 than in those of mice infected with a sublethal dose (Fig. 1A).", "line": 54, "relation": "increases"}
a(TAX:"Severe acute respiratory syndrome-related coronavirus")	increases	a(MESH:"Complement C3a")	{"annotations": {"BioAssay": {"western blot": true}, "MeSHAnatomy": {"Lung": true}, "MeSHDisease": {"Severe Acute Respiratory Syndrome": true}, "Mouse_Strain": {"C57BL/6J": true}, "PublicationStatus": {"Published": true}, "PublicationType": {"Research": true}, "Section": {"Results": true}, "Species": {"10090": true}, "Timeline": {"1 day post infection": true}}, "citation": {"authors": ["Baric RS", "Gralinski LE", "Heise MT", "Jensen K", "Leist SR", "Menachery VD", "Morrison TE", "Sheahan TP", "Whitmore A"], "date": "2018-10-09", "db": "PubMed", "db_id": "30301856", "db_name": "mBio", "first": "Gralinski LE", "last": "Baric RS", "volume": "9"}, "evidence": "C3 activation products (C3 fragments C3a, C3b, iC3b, C3dg, and C3c) were detected by Western blotting in lung tissue of SARS-CoV MA15-infected mice, but not in control mice, as early as 1 day postinfection (dpi) (Fig. 1B), confirming that SARS-CoV MA15 infection activates the complement pathway.", "line": 64, "relation": "increases"}
a(TAX:"Severe acute respiratory syndrome-related coronavirus")	increases	a(MESH:"Complement C3a")	{"annotations": {"BioAssay": {"western blot": true}, "MeSHAnatomy": {"Serum": true}, "MeSHDisease": {"Severe Acute Respiratory Syndrome": true}, "Mouse_Strain": {"C57BL/6J": true}, "PublicationStatus": {"Published": true}, "PublicationType": {"Research": true}, "Section": {"Results": true}, "Species": {"10090": true}, "Timeline": {"2 days post infection": true}}, "citation": {"authors": ["Baric RS", "Gralinski LE", "Heise MT", "Jensen K", "Leist SR", "Menachery VD", "Morrison TE", "Sheahan TP", "Whitmore A"], "date": "2018-10-09", "db": "PubMed", "db_id": "30301856", "db_name": "mBio", "first": "Gralinski LE", "last": "Baric RS", "volume": "9"}, "evidence": "Western blot analysis showed increased levels of C3a-derived fragments in the serum, indicating systemic complement activation in SARS-CoV MA15-infected mice at 2 dpi (Fig. 7A).", "line": 231, "relation": "increases"}
a(TAX:"Severe acute respiratory syndrome-related coronavirus")	increases	a(MESH:"Complement C3b")	{"annotations": {"BioAssay": {"western blot": true}, "MeSHAnatomy": {"Lung": true}, "MeSHDisease": {"Severe Acute Respiratory Syndrome": true}, "Mouse_Strain": {"C57BL/6J": true}, "PublicationStatus": {"Published": true}, "PublicationType": {"Research": true}, "Section": {"Results": true}, "Species": {"10090": true}, "Timeline": {"1 day post infection": true}}, "citation": {"authors": ["Baric RS", "Gralinski LE", "Heise MT", "Jensen K", "Leist SR", "Menachery VD", "Morrison TE", "Sheahan TP", "Whitmore A"], "date": "2018-10-09", "db": "PubMed", "db_id": "30301856", "db_name": "mBio", "first": "Gralinski LE", "last": "Baric RS", "volume": "9"}, "evidence": "C3 activation products (C3 fragments C3a, C3b, iC3b, C3dg, and C3c) were detected by Western blotting in lung tissue of SARS-CoV MA15-infected mice, but not in control mice, as early as 1 day postinfection (dpi) (Fig. 1B), confirming that SARS-CoV MA15 infection activates the complement pathway.", "line": 65, "relation": "increases"}
a(TAX:"Severe acute respiratory syndrome-related coronavirus")	increases	a(MESH:"Complement C3c")	{"annotations": {"BioAssay": {"western blot": true}, "MeSHAnatomy": {"Lung": true}, "MeSHDisease": {"Severe Acute Respiratory Syndrome": true}, "Mouse_Strain": {"C57BL/6J": true}, "PublicationStatus": {"Published": true}, "PublicationType": {"Research": true}, "Section": {"Results": true}, "Species": {"10090": true}, "Timeline": {"1 day post infection": true}}, "citation": {"authors": ["Baric RS", "Gralinski LE", "Heise MT", "Jensen K", "Leist SR", "Menachery VD", "Morrison TE", "Sheahan TP", "Whitmore A"], "date": "2018-10-09", "db": "PubMed", "db_id": "30301856", "db_name": "mBio", "first": "Gralinski LE", "last": "Baric RS", "volume": "9"}, "evidence": "C3 activation products (C3 fragments C3a, C3b, iC3b, C3dg, and C3c) were detected by Western blotting in lung tissue of SARS-CoV MA15-infected mice, but not in control mice, as early as 1 day postinfection (dpi) (Fig. 1B), confirming that SARS-CoV MA15 infection activates the complement pathway.", "line": 66, "relation": "increases"}
a(TAX:"Severe acute respiratory syndrome-related coronavirus")	increases	p(MESH:"complement C3d,g")	{"annotations": {"BioAssay": {"western blot": true}, "MeSHAnatomy": {"Lung": true}, "MeSHDisease": {"Severe Acute Respiratory Syndrome": true}, "Mouse_Strain": {"C57BL/6J": true}, "PublicationStatus": {"Published": true}, "PublicationType": {"Research": true}, "Section": {"Results": true}, "Species": {"10090": true}, "Timeline": {"1 day post infection": true}}, "citation": {"authors": ["Baric RS", "Gralinski LE", "Heise MT", "Jensen K", "Leist SR", "Menachery VD", "Morrison TE", "Sheahan TP", "Whitmore A"], "date": "2018-10-09", "db": "PubMed", "db_id": "30301856", "db_name": "mBio", "first": "Gralinski LE", "last": "Baric RS", "volume": "9"}, "evidence": "C3 activation products (C3 fragments C3a, C3b, iC3b, C3dg, and C3c) were detected by Western blotting in lung tissue of SARS-CoV MA15-infected mice, but not in control mice, as early as 1 day postinfection (dpi) (Fig. 1B), confirming that SARS-CoV MA15 infection activates the complement pathway.", "line": 67, "relation": "increases"}
a(TAX:"Severe acute respiratory syndrome-related coronavirus")	increases	path(MESH:"Weight Loss")	{"annotations": {"MeSHDisease": {"Severe Acute Respiratory Syndrome": true}, "Mouse_Strain": {"C57BL/6J": true}, "PublicationStatus": {"Published": true}, "PublicationType": {"Research": true}, "Section": {"Results": true}, "Species": {"10090": true}, "Timeline": {"3 days post infection": true}}, "citation": {"authors": ["Baric RS", "Gralinski LE", "Heise MT", "Jensen K", "Leist SR", "Menachery VD", "Morrison TE", "Sheahan TP", "Whitmore A"], "date": "2018-10-09", "db": "PubMed", "db_id": "30301856", "db_name": "mBio", "first": "Gralinski LE", "last": "Baric RS", "volume": "9"}, "evidence": "Control mice exhibited approximately 15% transient weight loss, with peak weight loss at day 3 postinfection (Fig. 2A). In contrast, the C3 \u2013/\u2013 mice were significantly protected from infection, with no significant weight loss evident at any time point.", "line": 81, "relation": "increases"}
a(TAX:"Severe acute respiratory syndrome-related coronavirus")	increases	bp(MESH:"Airway Resistance")	{"annotations": {"MeSHDisease": {"Severe Acute Respiratory Syndrome": true}, "Mouse_Strain": {"C57BL/6J": true}, "PublicationStatus": {"Published": true}, "PublicationType": {"Research": true}, "Section": {"Results": true}, "Species": {"10090": true}}, "citation": {"authors": ["Baric RS", "Gralinski LE", "Heise MT", "Jensen K", "Leist SR", "Menachery VD", "Morrison TE", "Sheahan TP", "Whitmore A"], "date": "2018-10-09", "db": "PubMed", "db_id": "30301856", "db_name": "mBio", "first": "Gralinski LE", "last": "Baric RS", "volume": "9"}, "evidence": "All three metrics have been shown to change significantly following SARS-CoV MA15 infection, with Penh and EF50 increasing following infection and RPEF decreasing. Combined, these measurements show that SARS-CoV MA15-infected animals have altered exhalation patterns in their breathing.", "line": 88, "relation": "increases"}
a(TAX:"Severe acute respiratory syndrome-related coronavirus")	increases	bp(MESH:"Airway Resistance")	{"annotations": {"MeSHDisease": {"Severe Acute Respiratory Syndrome": true}, "Mouse_Type": {"C3 -/-": true}, "PublicationStatus": {"Published": true}, "PublicationType": {"Research": true}, "Section": {"Results": true}, "Species": {"10090": true}}, "citation": {"authors": ["Baric RS", "Gralinski LE", "Heise MT", "Jensen K", "Leist SR", "Menachery VD", "Morrison TE", "Sheahan TP", "Whitmore A"], "date": "2018-10-09", "db": "PubMed", "db_id": "30301856", "db_name": "mBio", "first": "Gralinski LE", "last": "Baric RS", "volume": "9"}, "evidence": "C3 \u2013/\u2013 mice exhibit a decreased change in Penh and EF50 levels following SARS-CoV MA15 infection relative to those of infected C57BL/6J control mice; however, RPEF values were similar between infection conditions (Fig. 2C to E).", "line": 99, "relation": "increases"}
a(TAX:"Severe acute respiratory syndrome-related coronavirus")	increases	bp(MESH:"Forced Expiratory Flow Rates")	{"annotations": {"MeSHDisease": {"Severe Acute Respiratory Syndrome": true}, "Mouse_Strain": {"C57BL/6J": true}, "PublicationStatus": {"Published": true}, "PublicationType": {"Research": true}, "Section": {"Results": true}, "Species": {"10090": true}}, "citation": {"authors": ["Baric RS", "Gralinski LE", "Heise MT", "Jensen K", "Leist SR", "Menachery VD", "Morrison TE", "Sheahan TP", "Whitmore A"], "date": "2018-10-09", "db": "PubMed", "db_id": "30301856", "db_name": "mBio", "first": "Gralinski LE", "last": "Baric RS", "volume": "9"}, "evidence": "All three metrics have been shown to change significantly following SARS-CoV MA15 infection, with Penh and EF50 increasing following infection and RPEF decreasing. Combined, these measurements show that SARS-CoV MA15-infected animals have altered exhalation patterns in their breathing.", "line": 90, "relation": "increases"}
a(TAX:"Severe acute respiratory syndrome-related coronavirus")	increases	bp(MESH:"Forced Expiratory Flow Rates")	{"annotations": {"MeSHDisease": {"Severe Acute Respiratory Syndrome": true}, "Mouse_Type": {"C3 -/-": true}, "PublicationStatus": {"Published": true}, "PublicationType": {"Research": true}, "Section": {"Results": true}, "Species": {"10090": true}}, "citation": {"authors": ["Baric RS", "Gralinski LE", "Heise MT", "Jensen K", "Leist SR", "Menachery VD", "Morrison TE", "Sheahan TP", "Whitmore A"], "date": "2018-10-09", "db": "PubMed", "db_id": "30301856", "db_name": "mBio", "first": "Gralinski LE", "last": "Baric RS", "volume": "9"}, "evidence": "C3 \u2013/\u2013 mice exhibit a decreased change in Penh and EF50 levels following SARS-CoV MA15 infection relative to those of infected C57BL/6J control mice; however, RPEF values were similar between infection conditions (Fig. 2C to E).", "line": 100, "relation": "increases"}
a(TAX:"Severe acute respiratory syndrome-related coronavirus")	decreases	path(HP:Wheezing)	{"annotations": {"MeSHDisease": {"Severe Acute Respiratory Syndrome": true}, "Mouse_Strain": {"C57BL/6J": true}, "PublicationStatus": {"Published": true}, "PublicationType": {"Research": true}, "Section": {"Results": true}, "Species": {"10090": true}}, "citation": {"authors": ["Baric RS", "Gralinski LE", "Heise MT", "Jensen K", "Leist SR", "Menachery VD", "Morrison TE", "Sheahan TP", "Whitmore A"], "date": "2018-10-09", "db": "PubMed", "db_id": "30301856", "db_name": "mBio", "first": "Gralinski LE", "last": "Baric RS", "volume": "9"}, "evidence": "All three metrics have been shown to change significantly following SARS-CoV MA15 infection, with Penh and EF50 increasing following infection and RPEF decreasing. Combined, these measurements show that SARS-CoV MA15-infected animals have altered exhalation patterns in their breathing.", "line": 92, "relation": "decreases"}
a(TAX:"Severe acute respiratory syndrome-related coronavirus")	decreases	path(HP:Wheezing)	{"annotations": {"MeSHDisease": {"Severe Acute Respiratory Syndrome": true}, "Mouse_Type": {"C3 -/-": true}, "PublicationStatus": {"Published": true}, "PublicationType": {"Research": true}, "Section": {"Results": true}, "Species": {"10090": true}}, "citation": {"authors": ["Baric RS", "Gralinski LE", "Heise MT", "Jensen K", "Leist SR", "Menachery VD", "Morrison TE", "Sheahan TP", "Whitmore A"], "date": "2018-10-09", "db": "PubMed", "db_id": "30301856", "db_name": "mBio", "first": "Gralinski LE", "last": "Baric RS", "volume": "9"}, "evidence": "C3 \u2013/\u2013 mice exhibit a decreased change in Penh and EF50 levels following SARS-CoV MA15 infection relative to those of infected C57BL/6J control mice; however, RPEF values were similar between infection conditions (Fig. 2C to E).", "line": 101, "relation": "decreases"}
a(TAX:"Severe acute respiratory syndrome-related coronavirus")	increases	bp(GO:"inflammatory response")	{"annotations": {"MeSHAnatomy": {"Lung": true}, "MeSHDisease": {"Severe Acute Respiratory Syndrome": true}, "Mouse_Type": {"C3 -/-": true}, "PublicationStatus": {"Published": true}, "PublicationType": {"Research": true}, "Section": {"Results": true}, "Species": {"10090": true}, "Timeline": {"2 days post infection": true}}, "citation": {"authors": ["Baric RS", "Gralinski LE", "Heise MT", "Jensen K", "Leist SR", "Menachery VD", "Morrison TE", "Sheahan TP", "Whitmore A"], "date": "2018-10-09", "db": "PubMed", "db_id": "30301856", "db_name": "mBio", "first": "Gralinski LE", "last": "Baric RS", "volume": "9"}, "evidence": "C3 \u2013/\u2013 mice exhibited more airspace inflammation, including eosinophils, at 2 dpi than their wild-type controls, although this relationship was reversed later in infection.", "line": 109, "relation": "increases"}
a(TAX:"Severe acute respiratory syndrome-related coronavirus")	increases	bp(GO:"inflammatory response")	{"annotations": {"MeSHAnatomy": {"Lung": true, "Parenchymal Tissue": true}, "MeSHDisease": {"Severe Acute Respiratory Syndrome": true}, "Mouse_Strain": {"C57BL/6J": true}, "PublicationStatus": {"Published": true}, "PublicationType": {"Research": true}, "Section": {"Results": true}, "Species": {"10090": true}, "Timeline": {"4 days post infection": true}}, "citation": {"authors": ["Baric RS", "Gralinski LE", "Heise MT", "Jensen K", "Leist SR", "Menachery VD", "Morrison TE", "Sheahan TP", "Whitmore A"], "date": "2018-10-09", "db": "PubMed", "db_id": "30301856", "db_name": "mBio", "first": "Gralinski LE", "last": "Baric RS", "volume": "9"}, "evidence": "At 4 dpi, C57BL/6J mice displayed pronounced lung pathology, including inflammatory cells in the large airway and parenchyma, perivascular cuffing, thickening of the interstitial membrane, and low levels of intra-alveolar edema.", "line": 120, "relation": "increases"}
a(TAX:"Severe acute respiratory syndrome-related coronavirus")	increases	path(DO:"pulmonary eosinophilia")	{"annotations": {"MeSHAnatomy": {"Lung": true}, "MeSHDisease": {"Severe Acute Respiratory Syndrome": true}, "Mouse_Type": {"C3 -/-": true}, "PublicationStatus": {"Published": true}, "PublicationType": {"Research": true}, "Section": {"Results": true}, "Species": {"10090": true}, "Timeline": {"2 days post infection": true}}, "citation": {"authors": ["Baric RS", "Gralinski LE", "Heise MT", "Jensen K", "Leist SR", "Menachery VD", "Morrison TE", "Sheahan TP", "Whitmore A"], "date": "2018-10-09", "db": "PubMed", "db_id": "30301856", "db_name": "mBio", "first": "Gralinski LE", "last": "Baric RS", "volume": "9"}, "evidence": "C3 \u2013/\u2013 mice exhibited more airspace inflammation, including eosinophils, at 2 dpi than their wild-type controls, although this relationship was reversed later in infection.", "line": 110, "relation": "increases"}
a(TAX:"Severe acute respiratory syndrome-related coronavirus")	increases	path(DO:"pulmonary eosinophilia")	{"annotations": {"MeSHAnatomy": {"Lung": true}, "MeSHDisease": {"Severe Acute Respiratory Syndrome": true}, "Mouse_Strain": {"C57BL/6J": true}, "Mouse_Type": {"C3 -/-": true}, "PublicationStatus": {"Published": true}, "PublicationType": {"Research": true}, "Section": {"Results": true}, "Species": {"10090": true}}, "citation": {"authors": ["Baric RS", "Gralinski LE", "Heise MT", "Jensen K", "Leist SR", "Menachery VD", "Morrison TE", "Sheahan TP", "Whitmore A"], "date": "2018-10-09", "db": "PubMed", "db_id": "30301856", "db_name": "mBio", "first": "Gralinski LE", "last": "Baric RS", "volume": "9"}, "evidence": "In parallel with humans exhibiting lung pathology, C3 \u2013/\u2013 mice exhibited significant pulmonary infiltration following SARS-CoV MA15 infection, but this inflammation was reduced relative to that observed in wild-type mice.", "line": 148, "relation": "increases"}
a(TAX:"Severe acute respiratory syndrome-related coronavirus")	increases	bp(GO:"cell wall thickening")	{"annotations": {"MeSHAnatomy": {"Bronchi": true}, "MeSHDisease": {"Severe Acute Respiratory Syndrome": true}, "Mouse_Strain": {"C57BL/6J": true}, "PublicationStatus": {"Published": true}, "PublicationType": {"Research": true}, "Section": {"Results": true}, "Species": {"10090": true}, "Timeline": {"4 days post infection": true}}, "citation": {"authors": ["Baric RS", "Gralinski LE", "Heise MT", "Jensen K", "Leist SR", "Menachery VD", "Morrison TE", "Sheahan TP", "Whitmore A"], "date": "2018-10-09", "db": "PubMed", "db_id": "30301856", "db_name": "mBio", "first": "Gralinski LE", "last": "Baric RS", "volume": "9"}, "evidence": "At 4 dpi, C57BL/6J mice displayed pronounced lung pathology, including inflammatory cells in the large airway and parenchyma, perivascular cuffing, thickening of the interstitial membrane, and low levels of intra-alveolar edema.", "line": 123, "relation": "increases"}
a(TAX:"Severe acute respiratory syndrome-related coronavirus")	increases	path(DO:"pulmonary edema")	{"annotations": {"MeSHAnatomy": {"Pulmonary Alveoli": true}, "MeSHDisease": {"Severe Acute Respiratory Syndrome": true}, "Mouse_Strain": {"C57BL/6J": true}, "PublicationStatus": {"Published": true}, "PublicationType": {"Research": true}, "Section": {"Results": true}, "Species": {"10090": true}, "Timeline": {"4 days post infection": true}}, "citation": {"authors": ["Baric RS", "Gralinski LE", "Heise MT", "Jensen K", "Leist SR", "Menachery VD", "Morrison TE", "Sheahan TP", "Whitmore A"], "date": "2018-10-09", "db": "PubMed", "db_id": "30301856", "db_name": "mBio", "first": "Gralinski LE", "last": "Baric RS", "volume": "9"}, "evidence": "At 4 dpi, C57BL/6J mice displayed pronounced lung pathology, including inflammatory cells in the large airway and parenchyma, perivascular cuffing, thickening of the interstitial membrane, and low levels of intra-alveolar edema.", "line": 126, "relation": "increases"}
a(TAX:"Severe acute respiratory syndrome-related coronavirus")	increases	bp(GO:"complement activation")	{"annotations": {"BioAssay": {"immunohistochemistry": true}, "MeSHAnatomy": {"Lung": true}, "MeSHDisease": {"Severe Acute Respiratory Syndrome": true}, "Mouse_Strain": {"C57BL/6J": true}, "PublicationStatus": {"Published": true}, "PublicationType": {"Research": true}, "Section": {"Results": true}, "Species": {"10090": true}, "Timeline": {"4 days post infection": true}}, "citation": {"authors": ["Baric RS", "Gralinski LE", "Heise MT", "Jensen K", "Leist SR", "Menachery VD", "Morrison TE", "Sheahan TP", "Whitmore A"], "date": "2018-10-09", "db": "PubMed", "db_id": "30301856", "db_name": "mBio", "first": "Gralinski LE", "last": "Baric RS", "volume": "9"}, "evidence": "At both 2 and 4 dpi, we observed scattered positive staining for complement in the lungs of SARS-CoV MA15-infected mice, suggesting that local tissue damage might contribute to SARS-CoV pathogenesis (Fig. 4)", "line": 137, "relation": "increases"}
a(TAX:"Severe acute respiratory syndrome-related coronavirus")	increases	path(DO:lymphopenia)	{"annotations": {"MeSHAnatomy": {"Lung": true}, "MeSHDisease": {"Severe Acute Respiratory Syndrome": true}, "Mouse_Strain": {"C57BL/6J": true}, "Mouse_Type": {"C3 -/-": true}, "PublicationStatus": {"Published": true}, "PublicationType": {"Research": true}, "Section": {"Results": true}, "Species": {"10090": true}}, "citation": {"authors": ["Baric RS", "Gralinski LE", "Heise MT", "Jensen K", "Leist SR", "Menachery VD", "Morrison TE", "Sheahan TP", "Whitmore A"], "date": "2018-10-09", "db": "PubMed", "db_id": "30301856", "db_name": "mBio", "first": "Gralinski LE", "last": "Baric RS", "volume": "9"}, "evidence": "Consistently with what was observed in human SARS-CoV patients (25), lymphopenia was observed in the lungs of both SARS-CoV MA15-infected C57BL/6J and C3 \u2013/\u2013 mice with reduced percentages of B cells (Fig. 5A) and CD4 T cells relative to those in mock-infected mice following infection.", "line": 158, "relation": "increases"}
a(TAX:"Severe acute respiratory syndrome-related coronavirus")	decreases	a(MESH:"B-Lymphocytes")	{"annotations": {"MeSHAnatomy": {"Lung": true}, "MeSHDisease": {"Severe Acute Respiratory Syndrome": true}, "Mouse_Strain": {"C57BL/6J": true}, "Mouse_Type": {"C3 -/-": true}, "PublicationStatus": {"Published": true}, "PublicationType": {"Research": true}, "Section": {"Results": true}, "Species": {"10090": true}}, "citation": {"authors": ["Baric RS", "Gralinski LE", "Heise MT", "Jensen K", "Leist SR", "Menachery VD", "Morrison TE", "Sheahan TP", "Whitmore A"], "date": "2018-10-09", "db": "PubMed", "db_id": "30301856", "db_name": "mBio", "first": "Gralinski LE", "last": "Baric RS", "volume": "9"}, "evidence": "Consistently with what was observed in human SARS-CoV patients (25), lymphopenia was observed in the lungs of both SARS-CoV MA15-infected C57BL/6J and C3 \u2013/\u2013 mice with reduced percentages of B cells (Fig. 5A) and CD4 T cells relative to those in mock-infected mice following infection.", "line": 159, "relation": "decreases"}
a(TAX:"Severe acute respiratory syndrome-related coronavirus")	decreases	a(MESH:"CD4-Positive T-Lymphocytes")	{"annotations": {"MeSHAnatomy": {"Lung": true}, "MeSHDisease": {"Severe Acute Respiratory Syndrome": true}, "Mouse_Strain": {"C57BL/6J": true}, "Mouse_Type": {"C3 -/-": true}, "PublicationStatus": {"Published": true}, "PublicationType": {"Research": true}, "Section": {"Results": true}, "Species": {"10090": true}}, "citation": {"authors": ["Baric RS", "Gralinski LE", "Heise MT", "Jensen K", "Leist SR", "Menachery VD", "Morrison TE", "Sheahan TP", "Whitmore A"], "date": "2018-10-09", "db": "PubMed", "db_id": "30301856", "db_name": "mBio", "first": "Gralinski LE", "last": "Baric RS", "volume": "9"}, "evidence": "Consistently with what was observed in human SARS-CoV patients (25), lymphopenia was observed in the lungs of both SARS-CoV MA15-infected C57BL/6J and C3 \u2013/\u2013 mice with reduced percentages of B cells (Fig. 5A) and CD4 T cells relative to those in mock-infected mice following infection.", "line": 160, "relation": "decreases"}
a(TAX:"Severe acute respiratory syndrome-related coronavirus")	increases	p(MGI:Mki67)	{"annotations": {"MeSHAnatomy": {"CD4-Positive T-Lymphocytes": true, "Lung": true}, "MeSHDisease": {"Severe Acute Respiratory Syndrome": true}, "Mouse_Type": {"C3 -/-": true}, "PublicationStatus": {"Published": true}, "PublicationType": {"Research": true}, "Section": {"Results": true}, "Species": {"10090": true}}, "citation": {"authors": ["Baric RS", "Gralinski LE", "Heise MT", "Jensen K", "Leist SR", "Menachery VD", "Morrison TE", "Sheahan TP", "Whitmore A"], "date": "2018-10-09", "db": "PubMed", "db_id": "30301856", "db_name": "mBio", "first": "Gralinski LE", "last": "Baric RS", "volume": "9"}, "evidence": "Despite similar overall lymphocyte levels, small but significant differences were observed in levels of T cell activation between infected C57BL/6J and C3 \u2013/\u2013 mice; both CD4 and CD8 T cells in C3 \u2013/\u2013 mice expressed more Ki-67 (Fig. 5C and D), an intracellular marker of proliferation, than those in C57BL/6J controls.", "line": 169, "relation": "increases"}
a(TAX:"Severe acute respiratory syndrome-related coronavirus")	increases	a(MESH:Neutrophils)	{"annotations": {"MeSHAnatomy": {"Lung": true}, "MeSHDisease": {"Severe Acute Respiratory Syndrome": true}, "Mouse_Strain": {"C57BL/6J": true}, "PublicationStatus": {"Published": true}, "PublicationType": {"Research": true}, "Section": {"Results": true}, "Species": {"10090": true}}, "citation": {"authors": ["Baric RS", "Gralinski LE", "Heise MT", "Jensen K", "Leist SR", "Menachery VD", "Morrison TE", "Sheahan TP", "Whitmore A"], "date": "2018-10-09", "db": "PubMed", "db_id": "30301856", "db_name": "mBio", "first": "Gralinski LE", "last": "Baric RS", "volume": "9"}, "evidence": "Analysis of myeloid cells in the lung showed that infected C56BL/6J mice had significantly higher levels of neutrophils, particularly nonactivated neutrophils, in the lung than infected C3 \u2013/\u2013 mice (Fig. 5B and E).", "line": 177, "relation": "increases"}
a(TAX:"Severe acute respiratory syndrome-related coronavirus")	increases	a(MESH:Monocytes)	{"annotations": {"MeSHAnatomy": {"Lung": true}, "MeSHDisease": {"Severe Acute Respiratory Syndrome": true}, "Mouse_Strain": {"C57BL/6J": true}, "PublicationStatus": {"Published": true}, "PublicationType": {"Research": true}, "Section": {"Results": true}, "Species": {"10090": true}}, "citation": {"authors": ["Baric RS", "Gralinski LE", "Heise MT", "Jensen K", "Leist SR", "Menachery VD", "Morrison TE", "Sheahan TP", "Whitmore A"], "date": "2018-10-09", "db": "PubMed", "db_id": "30301856", "db_name": "mBio", "first": "Gralinski LE", "last": "Baric RS", "volume": "9"}, "evidence": "Furthermore, inflammatory monocytes, which have previously been associated with increased SARS-CoV MA15 pathogenesis (26), were significantly increased in the lungs of wild-type mice but not C3 \u2013/\u2013 mice (Fig. 5B).", "line": 185, "relation": "increases"}
a(TAX:"Severe acute respiratory syndrome-related coronavirus")	increases	a(MESH:"Dendritic Cells")	{"annotations": {"MeSHAnatomy": {"Lung": true}, "MeSHDisease": {"Severe Acute Respiratory Syndrome": true}, "Mouse_Type": {"C3 -/-": true}, "PublicationStatus": {"Published": true}, "PublicationType": {"Research": true}, "Section": {"Results": true}, "Species": {"10090": true}}, "citation": {"authors": ["Baric RS", "Gralinski LE", "Heise MT", "Jensen K", "Leist SR", "Menachery VD", "Morrison TE", "Sheahan TP", "Whitmore A"], "date": "2018-10-09", "db": "PubMed", "db_id": "30301856", "db_name": "mBio", "first": "Gralinski LE", "last": "Baric RS", "volume": "9"}, "evidence": "Finally, we observed significantly more dendritic cells and alveolar macrophages in the lungs of SARS-CoV MA15-infected C3 \u2013/\u2013 mice than in the lungs of infected C57BL/6J mice.", "line": 193, "relation": "increases"}
a(TAX:"Severe acute respiratory syndrome-related coronavirus")	increases	a(MESH:Macrophages)	{"annotations": {"MeSHAnatomy": {"Pulmonary Alveoli": true}, "MeSHDisease": {"Severe Acute Respiratory Syndrome": true}, "Mouse_Type": {"C3 -/-": true}, "PublicationStatus": {"Published": true}, "PublicationType": {"Research": true}, "Section": {"Results": true}, "Species": {"10090": true}}, "citation": {"authors": ["Baric RS", "Gralinski LE", "Heise MT", "Jensen K", "Leist SR", "Menachery VD", "Morrison TE", "Sheahan TP", "Whitmore A"], "date": "2018-10-09", "db": "PubMed", "db_id": "30301856", "db_name": "mBio", "first": "Gralinski LE", "last": "Baric RS", "volume": "9"}, "evidence": "Finally, we observed significantly more dendritic cells and alveolar macrophages in the lungs of SARS-CoV MA15-infected C3 \u2013/\u2013 mice than in the lungs of infected C57BL/6J mice.", "line": 196, "relation": "increases"}
a(TAX:"Severe acute respiratory syndrome-related coronavirus")	increases	p(MGI:Ccl3)	{"annotations": {"MeSHAnatomy": {"Lung": true}, "MeSHDisease": {"Severe Acute Respiratory Syndrome": true}, "Mouse_Strain": {"C57BL/6J": true}, "Mouse_Type": {"C3 -/-": true}, "PublicationStatus": {"Published": true}, "PublicationType": {"Research": true}, "Section": {"Results": true}, "Species": {"10090": true}}, "citation": {"authors": ["Baric RS", "Gralinski LE", "Heise MT", "Jensen K", "Leist SR", "Menachery VD", "Morrison TE", "Sheahan TP", "Whitmore A"], "date": "2018-10-09", "db": "PubMed", "db_id": "30301856", "db_name": "mBio", "first": "Gralinski LE", "last": "Baric RS", "volume": "9"}, "evidence": "MIP1a, MIP1b, and MCP1 are all highly expressed in the lung following SARS-CoV MA15 infection of both C57BL/6J and C3 \u2013/\u2013 mice (Fig. 6A), indicating that some inflammatory signaling remains intact in the absence of C3.", "line": 205, "relation": "increases"}
a(TAX:"Severe acute respiratory syndrome-related coronavirus")	increases	p(MGI:Ccl4)	{"annotations": {"MeSHAnatomy": {"Lung": true}, "MeSHDisease": {"Severe Acute Respiratory Syndrome": true}, "Mouse_Strain": {"C57BL/6J": true}, "Mouse_Type": {"C3 -/-": true}, "PublicationStatus": {"Published": true}, "PublicationType": {"Research": true}, "Section": {"Results": true}, "Species": {"10090": true}}, "citation": {"authors": ["Baric RS", "Gralinski LE", "Heise MT", "Jensen K", "Leist SR", "Menachery VD", "Morrison TE", "Sheahan TP", "Whitmore A"], "date": "2018-10-09", "db": "PubMed", "db_id": "30301856", "db_name": "mBio", "first": "Gralinski LE", "last": "Baric RS", "volume": "9"}, "evidence": "MIP1a, MIP1b, and MCP1 are all highly expressed in the lung following SARS-CoV MA15 infection of both C57BL/6J and C3 \u2013/\u2013 mice (Fig. 6A), indicating that some inflammatory signaling remains intact in the absence of C3.", "line": 206, "relation": "increases"}
a(TAX:"Severe acute respiratory syndrome-related coronavirus")	increases	p(MGI:Ccl2)	{"annotations": {"MeSHAnatomy": {"Lung": true}, "MeSHDisease": {"Severe Acute Respiratory Syndrome": true}, "Mouse_Strain": {"C57BL/6J": true}, "Mouse_Type": {"C3 -/-": true}, "PublicationStatus": {"Published": true}, "PublicationType": {"Research": true}, "Section": {"Results": true}, "Species": {"10090": true}}, "citation": {"authors": ["Baric RS", "Gralinski LE", "Heise MT", "Jensen K", "Leist SR", "Menachery VD", "Morrison TE", "Sheahan TP", "Whitmore A"], "date": "2018-10-09", "db": "PubMed", "db_id": "30301856", "db_name": "mBio", "first": "Gralinski LE", "last": "Baric RS", "volume": "9"}, "evidence": "MIP1a, MIP1b, and MCP1 are all highly expressed in the lung following SARS-CoV MA15 infection of both C57BL/6J and C3 \u2013/\u2013 mice (Fig. 6A), indicating that some inflammatory signaling remains intact in the absence of C3.", "line": 207, "relation": "increases"}
a(TAX:"Severe acute respiratory syndrome-related coronavirus")	increases	p(MGI:Ccl2)	{"annotations": {"MeSHAnatomy": {"Lung": true}, "MeSHDisease": {"Severe Acute Respiratory Syndrome": true}, "Mouse_Strain": {"C57BL/6J": true}, "Mouse_Type": {"C3 -/-": true}, "PublicationStatus": {"Published": true}, "PublicationType": {"Research": true}, "Section": {"Results": true}, "Species": {"10090": true}}, "citation": {"authors": ["Baric RS", "Gralinski LE", "Heise MT", "Jensen K", "Leist SR", "Menachery VD", "Morrison TE", "Sheahan TP", "Whitmore A"], "date": "2018-10-09", "db": "PubMed", "db_id": "30301856", "db_name": "mBio", "first": "Gralinski LE", "last": "Baric RS", "volume": "9"}, "evidence": "Both MCP-1 and RANTES levels were elevated in the serum following infection, regardless of mouse genetic background (Fig. 7B).", "line": 243, "relation": "increases"}
a(TAX:"Severe acute respiratory syndrome-related coronavirus")	increases	p(MGI:Csf3)	{"annotations": {"MeSHAnatomy": {"Lung": true}, "MeSHDisease": {"Severe Acute Respiratory Syndrome": true}, "Mouse_Strain": {"C57BL/6J": true}, "PublicationStatus": {"Published": true}, "PublicationType": {"Research": true}, "Section": {"Results": true}, "Species": {"10090": true}, "Timeline": {"2 days post infection": true}}, "citation": {"authors": ["Baric RS", "Gralinski LE", "Heise MT", "Jensen K", "Leist SR", "Menachery VD", "Morrison TE", "Sheahan TP", "Whitmore A"], "date": "2018-10-09", "db": "PubMed", "db_id": "30301856", "db_name": "mBio", "first": "Gralinski LE", "last": "Baric RS", "volume": "9"}, "evidence": "Granulocyte colony-stimulating factor (G-CSF), interleukin 6 (IL-6), tumor necrosis factor alpha (TNF-a), and IL-1a comprised a group of cytokines and chemokines that were more highly produced in the lungs of C57BL/6J mice than in C3 \u2013/\u2013 mice (Fig. 6B), all peaking at 2 days postinfection.", "line": 217, "relation": "increases"}
a(TAX:"Severe acute respiratory syndrome-related coronavirus")	increases	p(MGI:Csf3)	{"annotations": {"MeSHAnatomy": {"Lung": true}, "MeSHDisease": {"Severe Acute Respiratory Syndrome": true}, "Mouse_Strain": {"C57BL/6J": true}, "PublicationStatus": {"Published": true}, "PublicationType": {"Research": true}, "Section": {"Results": true}, "Species": {"10090": true}}, "citation": {"authors": ["Baric RS", "Gralinski LE", "Heise MT", "Jensen K", "Leist SR", "Menachery VD", "Morrison TE", "Sheahan TP", "Whitmore A"], "date": "2018-10-09", "db": "PubMed", "db_id": "30301856", "db_name": "mBio", "first": "Gralinski LE", "last": "Baric RS", "volume": "9"}, "evidence": "However, numerous cytokines and chemokines, such as IL-5, G-CSF, and KC (keratinocyte chemoattractant or CXCL1) were present in significantly higher abundance in the lungs of C57BL/6J mice than in those of C3 knockout mice (Fig. 7C).", "line": 254, "relation": "increases"}
a(TAX:"Severe acute respiratory syndrome-related coronavirus")	increases	p(MGI:Il6)	{"annotations": {"MeSHAnatomy": {"Lung": true}, "MeSHDisease": {"Severe Acute Respiratory Syndrome": true}, "Mouse_Strain": {"C57BL/6J": true}, "PublicationStatus": {"Published": true}, "PublicationType": {"Research": true}, "Section": {"Results": true}, "Species": {"10090": true}, "Timeline": {"2 days post infection": true}}, "citation": {"authors": ["Baric RS", "Gralinski LE", "Heise MT", "Jensen K", "Leist SR", "Menachery VD", "Morrison TE", "Sheahan TP", "Whitmore A"], "date": "2018-10-09", "db": "PubMed", "db_id": "30301856", "db_name": "mBio", "first": "Gralinski LE", "last": "Baric RS", "volume": "9"}, "evidence": "Granulocyte colony-stimulating factor (G-CSF), interleukin 6 (IL-6), tumor necrosis factor alpha (TNF-a), and IL-1a comprised a group of cytokines and chemokines that were more highly produced in the lungs of C57BL/6J mice than in C3 \u2013/\u2013 mice (Fig. 6B), all peaking at 2 days postinfection.", "line": 218, "relation": "increases"}
a(TAX:"Severe acute respiratory syndrome-related coronavirus")	increases	p(MGI:Tnf)	{"annotations": {"MeSHAnatomy": {"Lung": true}, "MeSHDisease": {"Severe Acute Respiratory Syndrome": true}, "Mouse_Strain": {"C57BL/6J": true}, "PublicationStatus": {"Published": true}, "PublicationType": {"Research": true}, "Section": {"Results": true}, "Species": {"10090": true}, "Timeline": {"2 days post infection": true}}, "citation": {"authors": ["Baric RS", "Gralinski LE", "Heise MT", "Jensen K", "Leist SR", "Menachery VD", "Morrison TE", "Sheahan TP", "Whitmore A"], "date": "2018-10-09", "db": "PubMed", "db_id": "30301856", "db_name": "mBio", "first": "Gralinski LE", "last": "Baric RS", "volume": "9"}, "evidence": "Granulocyte colony-stimulating factor (G-CSF), interleukin 6 (IL-6), tumor necrosis factor alpha (TNF-a), and IL-1a comprised a group of cytokines and chemokines that were more highly produced in the lungs of C57BL/6J mice than in C3 \u2013/\u2013 mice (Fig. 6B), all peaking at 2 days postinfection.", "line": 219, "relation": "increases"}
a(TAX:"Severe acute respiratory syndrome-related coronavirus")	increases	p(MGI:Il1a)	{"annotations": {"MeSHAnatomy": {"Lung": true}, "MeSHDisease": {"Severe Acute Respiratory Syndrome": true}, "Mouse_Strain": {"C57BL/6J": true}, "PublicationStatus": {"Published": true}, "PublicationType": {"Research": true}, "Section": {"Results": true}, "Species": {"10090": true}, "Timeline": {"2 days post infection": true}}, "citation": {"authors": ["Baric RS", "Gralinski LE", "Heise MT", "Jensen K", "Leist SR", "Menachery VD", "Morrison TE", "Sheahan TP", "Whitmore A"], "date": "2018-10-09", "db": "PubMed", "db_id": "30301856", "db_name": "mBio", "first": "Gralinski LE", "last": "Baric RS", "volume": "9"}, "evidence": "Granulocyte colony-stimulating factor (G-CSF), interleukin 6 (IL-6), tumor necrosis factor alpha (TNF-a), and IL-1a comprised a group of cytokines and chemokines that were more highly produced in the lungs of C57BL/6J mice than in C3 \u2013/\u2013 mice (Fig. 6B), all peaking at 2 days postinfection.", "line": 220, "relation": "increases"}
a(TAX:"Severe acute respiratory syndrome-related coronavirus")	increases	p(MGI:Ccl5)	{"annotations": {"MeSHAnatomy": {"Lung": true}, "MeSHDisease": {"Severe Acute Respiratory Syndrome": true}, "Mouse_Strain": {"C57BL/6J": true}, "Mouse_Type": {"C3 -/-": true}, "PublicationStatus": {"Published": true}, "PublicationType": {"Research": true}, "Section": {"Results": true}, "Species": {"10090": true}}, "citation": {"authors": ["Baric RS", "Gralinski LE", "Heise MT", "Jensen K", "Leist SR", "Menachery VD", "Morrison TE", "Sheahan TP", "Whitmore A"], "date": "2018-10-09", "db": "PubMed", "db_id": "30301856", "db_name": "mBio", "first": "Gralinski LE", "last": "Baric RS", "volume": "9"}, "evidence": "Both MCP-1 and RANTES levels were elevated in the serum following infection, regardless of mouse genetic background (Fig. 7B).", "line": 244, "relation": "increases"}
a(TAX:"Severe acute respiratory syndrome-related coronavirus")	increases	p(MGI:Il5)	{"annotations": {"MeSHAnatomy": {"Lung": true}, "MeSHDisease": {"Severe Acute Respiratory Syndrome": true}, "Mouse_Strain": {"C57BL/6J": true}, "PublicationStatus": {"Published": true}, "PublicationType": {"Research": true}, "Section": {"Results": true}, "Species": {"10090": true}}, "citation": {"authors": ["Baric RS", "Gralinski LE", "Heise MT", "Jensen K", "Leist SR", "Menachery VD", "Morrison TE", "Sheahan TP", "Whitmore A"], "date": "2018-10-09", "db": "PubMed", "db_id": "30301856", "db_name": "mBio", "first": "Gralinski LE", "last": "Baric RS", "volume": "9"}, "evidence": "However, numerous cytokines and chemokines, such as IL-5, G-CSF, and KC (keratinocyte chemoattractant or CXCL1) were present in significantly higher abundance in the lungs of C57BL/6J mice than in those of C3 knockout mice (Fig. 7C).", "line": 253, "relation": "increases"}
a(TAX:"Severe acute respiratory syndrome-related coronavirus")	increases	p(MGI:Cxcl1)	{"annotations": {"MeSHAnatomy": {"Lung": true}, "MeSHDisease": {"Severe Acute Respiratory Syndrome": true}, "Mouse_Strain": {"C57BL/6J": true}, "PublicationStatus": {"Published": true}, "PublicationType": {"Research": true}, "Section": {"Results": true}, "Species": {"10090": true}}, "citation": {"authors": ["Baric RS", "Gralinski LE", "Heise MT", "Jensen K", "Leist SR", "Menachery VD", "Morrison TE", "Sheahan TP", "Whitmore A"], "date": "2018-10-09", "db": "PubMed", "db_id": "30301856", "db_name": "mBio", "first": "Gralinski LE", "last": "Baric RS", "volume": "9"}, "evidence": "However, numerous cytokines and chemokines, such as IL-5, G-CSF, and KC (keratinocyte chemoattractant or CXCL1) were present in significantly higher abundance in the lungs of C57BL/6J mice than in those of C3 knockout mice (Fig. 7C).", "line": 255, "relation": "increases"}
bp(GO:"complement activation")	association	a(MESH:"Complement C3a")	{"annotations": {"MeSHAnatomy": {"Lung": true}, "MeSHDisease": {"Severe Acute Respiratory Syndrome": true}, "Mouse_Strain": {"C57BL/6J": true}, "PublicationStatus": {"Published": true}, "PublicationType": {"Research": true}, "Section": {"Results": true}, "Species": {"10090": true}}, "citation": {"authors": ["Baric RS", "Gralinski LE", "Heise MT", "Jensen K", "Leist SR", "Menachery VD", "Morrison TE", "Sheahan TP", "Whitmore A"], "date": "2018-10-09", "db": "PubMed", "db_id": "30301856", "db_name": "mBio", "first": "Gralinski LE", "last": "Baric RS", "volume": "9"}, "evidence": "C3 activation products (C3 fragments C3a, C3b, iC3b, C3dg, and C3c) were detected by Western blotting in lung tissue of SARS-CoV MA15-infected mice, but not in control mice, as early as 1 day postinfection (dpi) (Fig. 1B), confirming that SARS-CoV MA15 infection activates the complement pathway.", "line": 70, "relation": "association"}
bp(GO:"complement activation")	association	a(MESH:"Complement C3b")	{"annotations": {"MeSHAnatomy": {"Lung": true}, "MeSHDisease": {"Severe Acute Respiratory Syndrome": true}, "Mouse_Strain": {"C57BL/6J": true}, "PublicationStatus": {"Published": true}, "PublicationType": {"Research": true}, "Section": {"Results": true}, "Species": {"10090": true}}, "citation": {"authors": ["Baric RS", "Gralinski LE", "Heise MT", "Jensen K", "Leist SR", "Menachery VD", "Morrison TE", "Sheahan TP", "Whitmore A"], "date": "2018-10-09", "db": "PubMed", "db_id": "30301856", "db_name": "mBio", "first": "Gralinski LE", "last": "Baric RS", "volume": "9"}, "evidence": "C3 activation products (C3 fragments C3a, C3b, iC3b, C3dg, and C3c) were detected by Western blotting in lung tissue of SARS-CoV MA15-infected mice, but not in control mice, as early as 1 day postinfection (dpi) (Fig. 1B), confirming that SARS-CoV MA15 infection activates the complement pathway.", "line": 71, "relation": "association"}
bp(GO:"complement activation")	association	a(MESH:"Complement C3c")	{"annotations": {"MeSHAnatomy": {"Lung": true}, "MeSHDisease": {"Severe Acute Respiratory Syndrome": true}, "Mouse_Strain": {"C57BL/6J": true}, "PublicationStatus": {"Published": true}, "PublicationType": {"Research": true}, "Section": {"Results": true}, "Species": {"10090": true}}, "citation": {"authors": ["Baric RS", "Gralinski LE", "Heise MT", "Jensen K", "Leist SR", "Menachery VD", "Morrison TE", "Sheahan TP", "Whitmore A"], "date": "2018-10-09", "db": "PubMed", "db_id": "30301856", "db_name": "mBio", "first": "Gralinski LE", "last": "Baric RS", "volume": "9"}, "evidence": "C3 activation products (C3 fragments C3a, C3b, iC3b, C3dg, and C3c) were detected by Western blotting in lung tissue of SARS-CoV MA15-infected mice, but not in control mice, as early as 1 day postinfection (dpi) (Fig. 1B), confirming that SARS-CoV MA15 infection activates the complement pathway.", "line": 72, "relation": "association"}
bp(GO:"complement activation")	association	p(MESH:"complement C3d,g")	{"annotations": {"MeSHAnatomy": {"Lung": true}, "MeSHDisease": {"Severe Acute Respiratory Syndrome": true}, "Mouse_Strain": {"C57BL/6J": true}, "PublicationStatus": {"Published": true}, "PublicationType": {"Research": true}, "Section": {"Results": true}, "Species": {"10090": true}}, "citation": {"authors": ["Baric RS", "Gralinski LE", "Heise MT", "Jensen K", "Leist SR", "Menachery VD", "Morrison TE", "Sheahan TP", "Whitmore A"], "date": "2018-10-09", "db": "PubMed", "db_id": "30301856", "db_name": "mBio", "first": "Gralinski LE", "last": "Baric RS", "volume": "9"}, "evidence": "C3 activation products (C3 fragments C3a, C3b, iC3b, C3dg, and C3c) were detected by Western blotting in lung tissue of SARS-CoV MA15-infected mice, but not in control mice, as early as 1 day postinfection (dpi) (Fig. 1B), confirming that SARS-CoV MA15 infection activates the complement pathway.", "line": 73, "relation": "association"}
p(MESH:"complement C3d,g")	association	bp(GO:"complement activation")	{"annotations": {"MeSHAnatomy": {"Lung": true}, "MeSHDisease": {"Severe Acute Respiratory Syndrome": true}, "Mouse_Strain": {"C57BL/6J": true}, "PublicationStatus": {"Published": true}, "PublicationType": {"Research": true}, "Section": {"Results": true}, "Species": {"10090": true}}, "citation": {"authors": ["Baric RS", "Gralinski LE", "Heise MT", "Jensen K", "Leist SR", "Menachery VD", "Morrison TE", "Sheahan TP", "Whitmore A"], "date": "2018-10-09", "db": "PubMed", "db_id": "30301856", "db_name": "mBio", "first": "Gralinski LE", "last": "Baric RS", "volume": "9"}, "evidence": "C3 activation products (C3 fragments C3a, C3b, iC3b, C3dg, and C3c) were detected by Western blotting in lung tissue of SARS-CoV MA15-infected mice, but not in control mice, as early as 1 day postinfection (dpi) (Fig. 1B), confirming that SARS-CoV MA15 infection activates the complement pathway.", "line": 73, "relation": "association"}
