a(TAX:"Porcine reproductive and respiratory syndrome virus 1")	association	p(UNIPROT:J7HHL4)	{"annotations": {"BioAssay": {"quantitative reverse transcription PCR": true}, "Custom_Species": {"9823": true}, "Dose": {"30 \u00b5M": true}, "MeSHAnatomy": {"Macrophages, Alveolar": true}, "PublicationStatus": {"Published": true}, "PublicationType": {"Research": true}, "Section": {"Results": true}, "Timeline": {"24 hours": true, "36 hours": true, "48 hours": true}}, "citation": {"authors": ["Chen H", "Du T", "Hou G", "Huang B", "Lan J", "Li K", "Mu Y", "Nan Y", "Wang L", "Wu C", "Zhang L", "Zhao Q", "Zhou EM"], "date": "2019-02-15", "db": "PubMed", "db_id": "30463975", "db_name": "Journal of virology", "first": "Wang L", "last": "Zhou EM", "volume": "93"}, "evidence": "After 24 hpi, the RNA synthesis of all strains was predominantly suppressed by TAT-Nb6 (Fig. 7B to D), and the relative RNA levels for strains SD16, GD-HD, and VR2332 were significantly reduced compared to levels for the TAT-Nb53 group and no nanobody group (Fig. 7C and D).", "line": 100, "relation": "association"}
a(TAX:"Porcine reproductive and respiratory syndrome virus 1")	association	bp(MESH:"Virus Replication")	{"annotations": {"BioAssay": {"titration method": true}, "Custom_Species": {"9823": true}, "Dose": {"30 \u00b5M": true}, "MeSHAnatomy": {"Macrophages, Alveolar": true}, "PublicationStatus": {"Published": true}, "PublicationType": {"Research": true}, "Section": {"Results": true}, "Timeline": {"24 hours": true, "36 hours": true, "48 hours": true}}, "citation": {"authors": ["Chen H", "Du T", "Hou G", "Huang B", "Lan J", "Li K", "Mu Y", "Nan Y", "Wang L", "Wu C", "Zhang L", "Zhao Q", "Zhou EM"], "date": "2019-02-15", "db": "PubMed", "db_id": "30463975", "db_name": "Journal of virology", "first": "Wang L", "last": "Zhou EM", "volume": "93"}, "evidence": "Titration of the viruses released in the cell culture revealed that TAT-Nb6 treatment suppressed progeny virus production for all strains at 48 hpi (Fig. 7E).", "line": 108, "relation": "association"}
a(TAX:"Porcine reproductive and respiratory syndrome virus 2")	association	p(UNIPROT:J7HHL4)	{"annotations": {"BioAssay": {"quantitative reverse transcription PCR": true}, "Custom_Species": {"9823": true}, "Dose": {"30 \u00b5M": true}, "MeSHAnatomy": {"Macrophages, Alveolar": true}, "PublicationStatus": {"Published": true}, "PublicationType": {"Research": true}, "Section": {"Results": true}, "Timeline": {"24 hours": true, "36 hours": true, "48 hours": true}}, "citation": {"authors": ["Chen H", "Du T", "Hou G", "Huang B", "Lan J", "Li K", "Mu Y", "Nan Y", "Wang L", "Wu C", "Zhang L", "Zhao Q", "Zhou EM"], "date": "2019-02-15", "db": "PubMed", "db_id": "30463975", "db_name": "Journal of virology", "first": "Wang L", "last": "Zhou EM", "volume": "93"}, "evidence": "After 24 hpi, the RNA synthesis of all strains was predominantly suppressed by TAT-Nb6 (Fig. 7B to D), and the relative RNA levels for strains SD16, GD-HD, and VR2332 were significantly reduced compared to levels for the TAT-Nb53 group and no nanobody group (Fig. 7C and D).", "line": 101, "relation": "association"}
a(TAX:"Porcine reproductive and respiratory syndrome virus 2")	association	bp(MESH:"Virus Replication")	{"annotations": {"BioAssay": {"titration method": true}, "Custom_Species": {"9823": true}, "Dose": {"30 \u00b5M": true}, "MeSHAnatomy": {"Macrophages, Alveolar": true}, "PublicationStatus": {"Published": true}, "PublicationType": {"Research": true}, "Section": {"Results": true}, "Timeline": {"24 hours": true, "36 hours": true, "48 hours": true}}, "citation": {"authors": ["Chen H", "Du T", "Hou G", "Huang B", "Lan J", "Li K", "Mu Y", "Nan Y", "Wang L", "Wu C", "Zhang L", "Zhao Q", "Zhou EM"], "date": "2019-02-15", "db": "PubMed", "db_id": "30463975", "db_name": "Journal of virology", "first": "Wang L", "last": "Zhou EM", "volume": "93"}, "evidence": "Titration of the viruses released in the cell culture revealed that TAT-Nb6 treatment suppressed progeny virus production for all strains at 48 hpi (Fig. 7E).", "line": 109, "relation": "association"}
a(TAX:"Porcine reproductive and respiratory syndrome virus")	association	p(UNIPROT:J7HHL4)	{"annotations": {"Assay": {"Pulldown assay": true}, "PublicationStatus": {"Published": true}, "PublicationType": {"Research": true}, "Section": {"Results": true}}, "citation": {"authors": ["Chen H", "Du T", "Hou G", "Huang B", "Lan J", "Li K", "Mu Y", "Nan Y", "Wang L", "Wu C", "Zhang L", "Zhao Q", "Zhou EM"], "date": "2019-02-15", "db": "PubMed", "db_id": "30463975", "db_name": "Journal of virology", "first": "Wang L", "last": "Zhou EM", "volume": "93"}, "evidence": "As expected, Nsp9 was pulled down by TAT-Nb6-His but not by the control nanobody, TAT-Nb53-His (Fig. 4).", "line": 52, "relation": "association"}
a(TAX:"Porcine reproductive and respiratory syndrome virus")	association	bp(MESH:"Virus Replication")	{"annotations": {"BioAssay": {"titration method": true}, "CellLine": {"MARC 145 cell": true}, "PublicationStatus": {"Published": true}, "PublicationType": {"Research": true}, "Section": {"Results": true}}, "citation": {"authors": ["Chen H", "Du T", "Hou G", "Huang B", "Lan J", "Li K", "Mu Y", "Nan Y", "Wang L", "Wu C", "Zhang L", "Zhao Q", "Zhou EM"], "date": "2019-02-15", "db": "PubMed", "db_id": "30463975", "db_name": "Journal of virology", "first": "Wang L", "last": "Zhou EM", "volume": "93"}, "evidence": "Consistent with the Nsp9 expression results, titration of progeny viruses in the cell medium also demonstrated that TAT-Nb6 suppressed the virus replication in a dose-dependent manner", "line": 67, "relation": "association"}
bp(MESH:"Virus Replication")	association	a(TAX:"Porcine reproductive and respiratory syndrome virus")	{"annotations": {"BioAssay": {"titration method": true}, "CellLine": {"MARC 145 cell": true}, "PublicationStatus": {"Published": true}, "PublicationType": {"Research": true}, "Section": {"Results": true}}, "citation": {"authors": ["Chen H", "Du T", "Hou G", "Huang B", "Lan J", "Li K", "Mu Y", "Nan Y", "Wang L", "Wu C", "Zhang L", "Zhao Q", "Zhou EM"], "date": "2019-02-15", "db": "PubMed", "db_id": "30463975", "db_name": "Journal of virology", "first": "Wang L", "last": "Zhou EM", "volume": "93"}, "evidence": "Consistent with the Nsp9 expression results, titration of progeny viruses in the cell medium also demonstrated that TAT-Nb6 suppressed the virus replication in a dose-dependent manner", "line": 67, "relation": "association"}
bp(MESH:"Virus Replication")	association	a(TAX:"Porcine reproductive and respiratory syndrome virus 1")	{"annotations": {"BioAssay": {"titration method": true}, "Custom_Species": {"9823": true}, "Dose": {"30 \u00b5M": true}, "MeSHAnatomy": {"Macrophages, Alveolar": true}, "PublicationStatus": {"Published": true}, "PublicationType": {"Research": true}, "Section": {"Results": true}, "Timeline": {"24 hours": true, "36 hours": true, "48 hours": true}}, "citation": {"authors": ["Chen H", "Du T", "Hou G", "Huang B", "Lan J", "Li K", "Mu Y", "Nan Y", "Wang L", "Wu C", "Zhang L", "Zhao Q", "Zhou EM"], "date": "2019-02-15", "db": "PubMed", "db_id": "30463975", "db_name": "Journal of virology", "first": "Wang L", "last": "Zhou EM", "volume": "93"}, "evidence": "Titration of the viruses released in the cell culture revealed that TAT-Nb6 treatment suppressed progeny virus production for all strains at 48 hpi (Fig. 7E).", "line": 108, "relation": "association"}
bp(MESH:"Virus Replication")	association	a(TAX:"Porcine reproductive and respiratory syndrome virus 2")	{"annotations": {"BioAssay": {"titration method": true}, "Custom_Species": {"9823": true}, "Dose": {"30 \u00b5M": true}, "MeSHAnatomy": {"Macrophages, Alveolar": true}, "PublicationStatus": {"Published": true}, "PublicationType": {"Research": true}, "Section": {"Results": true}, "Timeline": {"24 hours": true, "36 hours": true, "48 hours": true}}, "citation": {"authors": ["Chen H", "Du T", "Hou G", "Huang B", "Lan J", "Li K", "Mu Y", "Nan Y", "Wang L", "Wu C", "Zhang L", "Zhao Q", "Zhou EM"], "date": "2019-02-15", "db": "PubMed", "db_id": "30463975", "db_name": "Journal of virology", "first": "Wang L", "last": "Zhou EM", "volume": "93"}, "evidence": "Titration of the viruses released in the cell culture revealed that TAT-Nb6 treatment suppressed progeny virus production for all strains at 48 hpi (Fig. 7E).", "line": 109, "relation": "association"}
p(FIXME:"TAT-Nb6")	partOf	complex(p(FIXME:"TAT-Nb6"), p(UNIPROT:J7HHL4))	{"relation": "partOf"}
p(FIXME:"TAT-Nb6")	decreases	p(UNIPROT:J7HHL4)	{"annotations": {"BioAssay": {"western blot": true}, "CellLine": {"MARC 145 cell": true}, "PublicationStatus": {"Published": true}, "PublicationType": {"Research": true}, "Section": {"Results": true}, "Timeline": {"24 hours": true, "36 hours": true}}, "citation": {"authors": ["Chen H", "Du T", "Hou G", "Huang B", "Lan J", "Li K", "Mu Y", "Nan Y", "Wang L", "Wu C", "Zhang L", "Zhao Q", "Zhou EM"], "date": "2019-02-15", "db": "PubMed", "db_id": "30463975", "db_name": "Journal of virology", "first": "Wang L", "last": "Zhou EM", "volume": "93"}, "evidence": "As shown in Fig. 5A and C, Nsp9 expression was significantly suppressed in the cells treated with TAT-Nb6 at 24 hpi and 36 hpi, and the inhibition was dose dependent, suggesting that the replication of PRRSV in MARC-145 cells could be effectively inhibited by TAT-Nb6.", "line": 60, "relation": "decreases"}
p(FIXME:"TAT-Nb6")	decreases	p(UNIPROT:J7HHL4)	{"annotations": {"BioAssay": {"western blot": true}, "Custom_Species": {"9823": true}, "MeSHAnatomy": {"Macrophages, Alveolar": true}, "PublicationStatus": {"Published": true}, "PublicationType": {"Research": true}, "Section": {"Results": true}}, "citation": {"authors": ["Chen H", "Du T", "Hou G", "Huang B", "Lan J", "Li K", "Mu Y", "Nan Y", "Wang L", "Wu C", "Zhang L", "Zhao Q", "Zhou EM"], "date": "2019-02-15", "db": "PubMed", "db_id": "30463975", "db_name": "Journal of virology", "first": "Wang L", "last": "Zhou EM", "volume": "93"}, "evidence": "Consistent with the results detected in MARC-145 cells, TAT-Nb6 treatment significantly inhibited the expression of PRRSV Nsp9, synthesis of PRRSV RNA, and production of progeny viruses in a dose-dependent manner (Fig. 6).", "line": 85, "relation": "decreases"}
p(FIXME:"TAT-Nb6")	decreases	bp(MESH:"Virus Replication")	{"annotations": {"BioAssay": {"titration method": true}, "CellLine": {"MARC 145 cell": true}, "PublicationStatus": {"Published": true}, "PublicationType": {"Research": true}, "Section": {"Results": true}}, "citation": {"authors": ["Chen H", "Du T", "Hou G", "Huang B", "Lan J", "Li K", "Mu Y", "Nan Y", "Wang L", "Wu C", "Zhang L", "Zhao Q", "Zhou EM"], "date": "2019-02-15", "db": "PubMed", "db_id": "30463975", "db_name": "Journal of virology", "first": "Wang L", "last": "Zhou EM", "volume": "93"}, "evidence": "Consistent with the Nsp9 expression results, titration of progeny viruses in the cell medium also demonstrated that TAT-Nb6 suppressed the virus replication in a dose-dependent manner", "line": 66, "relation": "decreases"}
p(FIXME:"TAT-Nb6")	decreases	bp(MESH:"Virus Replication")	{"annotations": {"BioAssay": {"titration method": true}, "Custom_Species": {"9823": true}, "MeSHAnatomy": {"Macrophages, Alveolar": true}, "PublicationStatus": {"Published": true}, "PublicationType": {"Research": true}, "Section": {"Results": true}}, "citation": {"authors": ["Chen H", "Du T", "Hou G", "Huang B", "Lan J", "Li K", "Mu Y", "Nan Y", "Wang L", "Wu C", "Zhang L", "Zhao Q", "Zhou EM"], "date": "2019-02-15", "db": "PubMed", "db_id": "30463975", "db_name": "Journal of virology", "first": "Wang L", "last": "Zhou EM", "volume": "93"}, "evidence": "Consistent with the results detected in MARC-145 cells, TAT-Nb6 treatment significantly inhibited the expression of PRRSV Nsp9, synthesis of PRRSV RNA, and production of progeny viruses in a dose-dependent manner (Fig. 6).", "line": 92, "relation": "decreases"}
p(FIXME:"TAT-Nb6")	decreases	bp(MESH:"Virus Replication")	{"annotations": {"BioAssay": {"titration method": true}, "Custom_Species": {"9823": true}, "Dose": {"30 \u00b5M": true}, "MeSHAnatomy": {"Macrophages, Alveolar": true}, "PublicationStatus": {"Published": true}, "PublicationType": {"Research": true}, "Section": {"Results": true}, "Timeline": {"24 hours": true, "36 hours": true, "48 hours": true}}, "citation": {"authors": ["Chen H", "Du T", "Hou G", "Huang B", "Lan J", "Li K", "Mu Y", "Nan Y", "Wang L", "Wu C", "Zhang L", "Zhao Q", "Zhou EM"], "date": "2019-02-15", "db": "PubMed", "db_id": "30463975", "db_name": "Journal of virology", "first": "Wang L", "last": "Zhou EM", "volume": "93"}, "evidence": "Titration of the viruses released in the cell culture revealed that TAT-Nb6 treatment suppressed progeny virus production for all strains at 48 hpi (Fig. 7E).", "line": 107, "relation": "decreases"}
p(FIXME:"TAT-Nb6")	decreases	r(UNIPROT:J7HHL4)	{"annotations": {"BioAssay": {"quantitative reverse transcription PCR": true}, "CellLine": {"MARC 145 cell": true}, "Dose": {"30 \u00b5M": true}, "PublicationStatus": {"Published": true}, "PublicationType": {"Research": true}, "Section": {"Results": true}, "Timeline": {"24 hours": true}}, "citation": {"authors": ["Chen H", "Du T", "Hou G", "Huang B", "Lan J", "Li K", "Mu Y", "Nan Y", "Wang L", "Wu C", "Zhang L", "Zhao Q", "Zhou EM"], "date": "2019-02-15", "db": "PubMed", "db_id": "30463975", "db_name": "Journal of virology", "first": "Wang L", "last": "Zhou EM", "volume": "93"}, "evidence": "The results reveal that the relative PRRSV RNA level in the cells treated with 30 \u00b5M TAT-Nb6 was significantly reduced compared with that of the controls at 24 hpi (Fig. 5E, left).", "line": 74, "relation": "decreases"}
p(FIXME:"TAT-Nb6")	decreases	r(UNIPROT:J7HHL4)	{"annotations": {"BioAssay": {"quantitative reverse transcription PCR": true}, "Custom_Species": {"9823": true}, "MeSHAnatomy": {"Macrophages, Alveolar": true}, "PublicationStatus": {"Published": true}, "PublicationType": {"Research": true}, "Section": {"Results": true}}, "citation": {"authors": ["Chen H", "Du T", "Hou G", "Huang B", "Lan J", "Li K", "Mu Y", "Nan Y", "Wang L", "Wu C", "Zhang L", "Zhao Q", "Zhou EM"], "date": "2019-02-15", "db": "PubMed", "db_id": "30463975", "db_name": "Journal of virology", "first": "Wang L", "last": "Zhou EM", "volume": "93"}, "evidence": "Consistent with the results detected in MARC-145 cells, TAT-Nb6 treatment significantly inhibited the expression of PRRSV Nsp9, synthesis of PRRSV RNA, and production of progeny viruses in a dose-dependent manner (Fig. 6).", "line": 88, "relation": "decreases"}
p(FIXME:"TAT-Nb6")	decreases	r(UNIPROT:J7HHL4)	{"annotations": {"BioAssay": {"quantitative reverse transcription PCR": true}, "Custom_Species": {"9823": true}, "Dose": {"30 \u00b5M": true}, "MeSHAnatomy": {"Macrophages, Alveolar": true}, "PublicationStatus": {"Published": true}, "PublicationType": {"Research": true}, "Section": {"Results": true}, "Timeline": {"24 hours": true, "36 hours": true, "48 hours": true}}, "citation": {"authors": ["Chen H", "Du T", "Hou G", "Huang B", "Lan J", "Li K", "Mu Y", "Nan Y", "Wang L", "Wu C", "Zhang L", "Zhao Q", "Zhou EM"], "date": "2019-02-15", "db": "PubMed", "db_id": "30463975", "db_name": "Journal of virology", "first": "Wang L", "last": "Zhou EM", "volume": "93"}, "evidence": "After 24 hpi, the RNA synthesis of all strains was predominantly suppressed by TAT-Nb6 (Fig. 7B to D), and the relative RNA levels for strains SD16, GD-HD, and VR2332 were significantly reduced compared to levels for the TAT-Nb53 group and no nanobody group (Fig. 7C and D).", "line": 99, "relation": "decreases"}
p(FIXME:"TAT-Nb6")	decreases	bp(GO:"viral genome replication")	{"annotations": {"BioAssay": {"quantitative reverse transcription PCR": true}, "CellLine": {"MARC 145 cell": true}, "Dose": {"30 \u00b5M": true}, "PublicationStatus": {"Published": true}, "PublicationType": {"Research": true}, "Section": {"Results": true}, "Timeline": {"24 hours": true}}, "citation": {"authors": ["Chen H", "Du T", "Hou G", "Huang B", "Lan J", "Li K", "Mu Y", "Nan Y", "Wang L", "Wu C", "Zhang L", "Zhao Q", "Zhou EM"], "date": "2019-02-15", "db": "PubMed", "db_id": "30463975", "db_name": "Journal of virology", "first": "Wang L", "last": "Zhou EM", "volume": "93"}, "evidence": "The results reveal that the relative PRRSV RNA level in the cells treated with 30 \u00b5M TAT-Nb6 was significantly reduced compared with that of the controls at 24 hpi (Fig. 5E, left).", "line": 75, "relation": "decreases"}
p(FIXME:"TAT-Nb6")	decreases	bp(GO:"viral genome replication")	{"annotations": {"BioAssay": {"quantitative reverse transcription PCR": true}, "Custom_Species": {"9823": true}, "MeSHAnatomy": {"Macrophages, Alveolar": true}, "PublicationStatus": {"Published": true}, "PublicationType": {"Research": true}, "Section": {"Results": true}}, "citation": {"authors": ["Chen H", "Du T", "Hou G", "Huang B", "Lan J", "Li K", "Mu Y", "Nan Y", "Wang L", "Wu C", "Zhang L", "Zhao Q", "Zhou EM"], "date": "2019-02-15", "db": "PubMed", "db_id": "30463975", "db_name": "Journal of virology", "first": "Wang L", "last": "Zhou EM", "volume": "93"}, "evidence": "Consistent with the results detected in MARC-145 cells, TAT-Nb6 treatment significantly inhibited the expression of PRRSV Nsp9, synthesis of PRRSV RNA, and production of progeny viruses in a dose-dependent manner (Fig. 6).", "line": 89, "relation": "decreases"}
p(FIXME:"TAT-Nb6")	decreases	bp(GO:"viral genome replication")	{"annotations": {"BioAssay": {"quantitative reverse transcription PCR": true}, "Custom_Species": {"9823": true}, "Dose": {"30 \u00b5M": true}, "MeSHAnatomy": {"Macrophages, Alveolar": true}, "PublicationStatus": {"Published": true}, "PublicationType": {"Research": true}, "Section": {"Results": true}, "Timeline": {"24 hours": true, "36 hours": true, "48 hours": true}}, "citation": {"authors": ["Chen H", "Du T", "Hou G", "Huang B", "Lan J", "Li K", "Mu Y", "Nan Y", "Wang L", "Wu C", "Zhang L", "Zhao Q", "Zhou EM"], "date": "2019-02-15", "db": "PubMed", "db_id": "30463975", "db_name": "Journal of virology", "first": "Wang L", "last": "Zhou EM", "volume": "93"}, "evidence": "After 24 hpi, the RNA synthesis of all strains was predominantly suppressed by TAT-Nb6 (Fig. 7B to D), and the relative RNA levels for strains SD16, GD-HD, and VR2332 were significantly reduced compared to levels for the TAT-Nb53 group and no nanobody group (Fig. 7C and D).", "line": 102, "relation": "decreases"}
p(UNIPROT:J7HHL4)	partOf	complex(p(FIXME:"TAT-Nb6"), p(UNIPROT:J7HHL4))	{"relation": "partOf"}
p(UNIPROT:J7HHL4)	hasVariant	p(UNIPROT:J7HHL4, frag("454_551"))	{"relation": "hasVariant"}
p(UNIPROT:J7HHL4)	hasVariant	p(UNIPROT:J7HHL4, frag("599_646"))	{"relation": "hasVariant"}
p(UNIPROT:J7HHL4)	association	a(TAX:"Porcine reproductive and respiratory syndrome virus")	{"annotations": {"Assay": {"Pulldown assay": true}, "PublicationStatus": {"Published": true}, "PublicationType": {"Research": true}, "Section": {"Results": true}}, "citation": {"authors": ["Chen H", "Du T", "Hou G", "Huang B", "Lan J", "Li K", "Mu Y", "Nan Y", "Wang L", "Wu C", "Zhang L", "Zhao Q", "Zhou EM"], "date": "2019-02-15", "db": "PubMed", "db_id": "30463975", "db_name": "Journal of virology", "first": "Wang L", "last": "Zhou EM", "volume": "93"}, "evidence": "As expected, Nsp9 was pulled down by TAT-Nb6-His but not by the control nanobody, TAT-Nb53-His (Fig. 4).", "line": 52, "relation": "association"}
p(UNIPROT:J7HHL4)	association	a(TAX:"Porcine reproductive and respiratory syndrome virus 1")	{"annotations": {"BioAssay": {"quantitative reverse transcription PCR": true}, "Custom_Species": {"9823": true}, "Dose": {"30 \u00b5M": true}, "MeSHAnatomy": {"Macrophages, Alveolar": true}, "PublicationStatus": {"Published": true}, "PublicationType": {"Research": true}, "Section": {"Results": true}, "Timeline": {"24 hours": true, "36 hours": true, "48 hours": true}}, "citation": {"authors": ["Chen H", "Du T", "Hou G", "Huang B", "Lan J", "Li K", "Mu Y", "Nan Y", "Wang L", "Wu C", "Zhang L", "Zhao Q", "Zhou EM"], "date": "2019-02-15", "db": "PubMed", "db_id": "30463975", "db_name": "Journal of virology", "first": "Wang L", "last": "Zhou EM", "volume": "93"}, "evidence": "After 24 hpi, the RNA synthesis of all strains was predominantly suppressed by TAT-Nb6 (Fig. 7B to D), and the relative RNA levels for strains SD16, GD-HD, and VR2332 were significantly reduced compared to levels for the TAT-Nb53 group and no nanobody group (Fig. 7C and D).", "line": 100, "relation": "association"}
p(UNIPROT:J7HHL4)	association	a(TAX:"Porcine reproductive and respiratory syndrome virus 2")	{"annotations": {"BioAssay": {"quantitative reverse transcription PCR": true}, "Custom_Species": {"9823": true}, "Dose": {"30 \u00b5M": true}, "MeSHAnatomy": {"Macrophages, Alveolar": true}, "PublicationStatus": {"Published": true}, "PublicationType": {"Research": true}, "Section": {"Results": true}, "Timeline": {"24 hours": true, "36 hours": true, "48 hours": true}}, "citation": {"authors": ["Chen H", "Du T", "Hou G", "Huang B", "Lan J", "Li K", "Mu Y", "Nan Y", "Wang L", "Wu C", "Zhang L", "Zhao Q", "Zhou EM"], "date": "2019-02-15", "db": "PubMed", "db_id": "30463975", "db_name": "Journal of virology", "first": "Wang L", "last": "Zhou EM", "volume": "93"}, "evidence": "After 24 hpi, the RNA synthesis of all strains was predominantly suppressed by TAT-Nb6 (Fig. 7B to D), and the relative RNA levels for strains SD16, GD-HD, and VR2332 were significantly reduced compared to levels for the TAT-Nb53 group and no nanobody group (Fig. 7C and D).", "line": 101, "relation": "association"}
p(FIXME:Nb6)	partOf	complex(p(FIXME:Nb6), p(UNIPROT:J7HHL4, frag("454_551")))	{"relation": "partOf"}
p(FIXME:Nb6)	partOf	complex(p(FIXME:Nb6), p(UNIPROT:J7HHL4, frag("599_646")))	{"relation": "partOf"}
p(UNIPROT:J7HHL4, frag("454_551"))	partOf	complex(p(FIXME:Nb6), p(UNIPROT:J7HHL4, frag("454_551")))	{"relation": "partOf"}
p(UNIPROT:J7HHL4, frag("599_646"))	partOf	complex(p(FIXME:Nb6), p(UNIPROT:J7HHL4, frag("599_646")))	{"relation": "partOf"}
