a(PUBCHEM:121304016)	decreases	a(TAX:"Human coronavirus OC43")	{"annotations": {"CellLine": {"Huh7 cell": true}, "PublicationStatus": {"Published": true}, "PublicationType": {"Research": true}, "Section": {"Results": true}}, "citation": {"authors": ["Baric RS", "Brown AJ", "Cihlar T", "Denison MR", "Dinnon KH 3rd", "Feng JY", "Graham RL", "Sheahan TP", "Sims AC", "Won JJ"], "date": "2019-09-01", "db": "PubMed", "db_id": "31233808", "db_name": "Antiviral research", "first": "Brown AJ", "last": "Sheahan TP", "pages": "104541", "volume": "169"}, "evidence": "A) HCoV-OC43 antiviral assay plate layout in Huh7 cells treated with DMSO or a dose response of RDV. B) A dose dependent reduction in viral foci is visualized through antibody staining.[Fig. 1.]", "line": 45, "relation": "decreases"}
a(PUBCHEM:121304016)	decreases	a(TAX:"Human coronavirus OC43")	{"annotations": {"Assay": {"Fluorescent in situ hybridization targeting ribonucleic acid molecules": true}, "CellLine": {"Huh7 cell": true}, "PublicationStatus": {"Published": true}, "PublicationType": {"Research": true}, "Section": {"Results": true}}, "citation": {"authors": ["Baric RS", "Brown AJ", "Cihlar T", "Denison MR", "Dinnon KH 3rd", "Feng JY", "Graham RL", "Sheahan TP", "Sims AC", "Won JJ"], "date": "2019-09-01", "db": "PubMed", "db_id": "31233808", "db_name": "Antiviral research", "first": "Brown AJ", "last": "Sheahan TP", "pages": "104541", "volume": "169"}, "evidence": "With RNA FISH visualized through fluorescence microscopy, we observed an RDV dose-dependent reduction in HCoVOC43 genomic RNA (Fig. 2A).", "line": 52, "relation": "decreases"}
a(PUBCHEM:121304016)	increases	a(TAX:"Human coronavirus OC43")	{"annotations": {"Dose": {"0.01 \u03bcM": true}, "PublicationStatus": {"Published": true}, "PublicationType": {"Research": true}, "Section": {"Results": true}}, "citation": {"authors": ["Baric RS", "Brown AJ", "Cihlar T", "Denison MR", "Dinnon KH 3rd", "Feng JY", "Graham RL", "Sheahan TP", "Sims AC", "Won JJ"], "date": "2019-09-01", "db": "PubMed", "db_id": "31233808", "db_name": "Antiviral research", "first": "Brown AJ", "last": "Sheahan TP", "pages": "104541", "volume": "169"}, "evidence": "At the highest dose of RDV (0.25 \u03bcM), HCoV-OC43 FISH signal was not detected but as RDV dose was diminished, virus replication gradually increased to levels similar to that in untreated cells (Fig. 2C).", "line": 58, "relation": "increases"}
a(PUBCHEM:121304016)	increases	a(TAX:"Human coronavirus 229E")	{"annotations": {"CellLine": {"Huh7 cell": true}, "PublicationStatus": {"Published": true}, "PublicationType": {"Research": true}, "Section": {"Results": true}}, "citation": {"authors": ["Baric RS", "Brown AJ", "Cihlar T", "Denison MR", "Dinnon KH 3rd", "Feng JY", "Graham RL", "Sheahan TP", "Sims AC", "Won JJ"], "date": "2019-09-01", "db": "PubMed", "db_id": "31233808", "db_name": "Antiviral research", "first": "Brown AJ", "last": "Sheahan TP", "pages": "104541", "volume": "169"}, "evidence": "An RDV dose-dependent reduction in HCoV-229E replication was observed (Fig. 3B) without drug-induced cytotoxicity (Fig. 3C).", "line": 68, "relation": "increases"}
a(TAX:"Human coronavirus 229E")	increases	bp(MESH:"Cytopathogenic Effect, Viral")	{"annotations": {"CellLine": {"Huh7 cell": true}, "PublicationStatus": {"Published": true}, "PublicationType": {"Research": true}, "Section": {"Results": true}}, "citation": {"authors": ["Baric RS", "Brown AJ", "Cihlar T", "Denison MR", "Dinnon KH 3rd", "Feng JY", "Graham RL", "Sheahan TP", "Sims AC", "Won JJ"], "date": "2019-09-01", "db": "PubMed", "db_id": "31233808", "db_name": "Antiviral research", "first": "Brown AJ", "last": "Sheahan TP", "pages": "104541", "volume": "169"}, "evidence": "Unlike HCoV-OC43, HCoV-229E infection of Huh7 causes CPE.", "line": 63, "relation": "increases"}
