a(PUBCHEM:168849)	partOf	complex(a(PUBCHEM:168849), p(UNIPROT:P0C6X7, frag("3241_3546")))	{"relation": "partOf"}
a(PUBCHEM:168849)	decreases	p(UNIPROT:P0C6X7, frag("3241_3546"))	{"annotations": {"BioAssay": {"fluorescence resonance energy transfer": true}, "PublicationStatus": {"Published": true}, "PublicationType": {"Research": true}, "Section": {"Results": true}, "concentration": {"20 \u03bcM": true}}, "citation": {"authors": ["Jo S", "Kim MS", "Kim S", "Shin DH"], "date": "2020-12-01", "db": "PubMed", "db_id": "31724441", "db_name": "Inhibition of SARS-CoV 3CL protease by flavonoids.", "first": "Jo S", "journal": "Journal of enzyme inhibition and medicinal chemistry", "last": "Kim MS", "pages": "145-151", "volume": "35"}, "evidence": "Among them, herbacetin (3,4',5,7,8-pentahydroxyflavone), rhoifolin (apigenin-7-O-rhamno-glucoside) and pectolinarin (5,7-dihydroxy 4',6-dimethoxyflavone 7-rutinoside) were found to have prominent inhibitory activity (Figure 2).", "line": 47, "relation": "decreases"}
a(PUBCHEM:5280544)	partOf	complex(a(PUBCHEM:5280544), p(UNIPROT:P0C6X7, frag("3241_3546")))	{"relation": "partOf"}
a(PUBCHEM:5280544)	decreases	p(UNIPROT:P0C6X7, frag("3241_3546"))	{"annotations": {"BioAssay": {"fluorescence resonance energy transfer": true}, "PublicationStatus": {"Published": true}, "PublicationType": {"Research": true}, "Section": {"Results": true}, "concentration": {"20 \u03bcM": true}}, "citation": {"authors": ["Jo S", "Kim MS", "Kim S", "Shin DH"], "date": "2020-12-01", "db": "PubMed", "db_id": "31724441", "db_name": "Inhibition of SARS-CoV 3CL protease by flavonoids.", "first": "Jo S", "journal": "Journal of enzyme inhibition and medicinal chemistry", "last": "Kim MS", "pages": "145-151", "volume": "35"}, "evidence": "Among them, herbacetin (3,4',5,7,8-pentahydroxyflavone), rhoifolin (apigenin-7-O-rhamno-glucoside) and pectolinarin (5,7-dihydroxy 4',6-dimethoxyflavone 7-rutinoside) were found to have prominent inhibitory activity (Figure 2).", "line": 45, "relation": "decreases"}
a(PUBCHEM:5282150)	partOf	complex(a(PUBCHEM:5282150), p(UNIPROT:P0C6X7, frag("3241_3546")))	{"relation": "partOf"}
a(PUBCHEM:5282150)	decreases	p(UNIPROT:P0C6X7, frag("3241_3546"))	{"annotations": {"BioAssay": {"fluorescence resonance energy transfer": true}, "PublicationStatus": {"Published": true}, "PublicationType": {"Research": true}, "Section": {"Results": true}, "concentration": {"20 \u03bcM": true}}, "citation": {"authors": ["Jo S", "Kim MS", "Kim S", "Shin DH"], "date": "2020-12-01", "db": "PubMed", "db_id": "31724441", "db_name": "Inhibition of SARS-CoV 3CL protease by flavonoids.", "first": "Jo S", "journal": "Journal of enzyme inhibition and medicinal chemistry", "last": "Kim MS", "pages": "145-151", "volume": "35"}, "evidence": "Among them, herbacetin (3,4',5,7,8-pentahydroxyflavone), rhoifolin (apigenin-7-O-rhamno-glucoside) and pectolinarin (5,7-dihydroxy 4',6-dimethoxyflavone 7-rutinoside) were found to have prominent inhibitory activity (Figure 2).", "line": 46, "relation": "decreases"}
a(TAX:"Severe acute respiratory syndrome-related coronavirus")	association	p(UNIPROT:P0C6X7)	{"annotations": {"BioAssay": {"fluorescence resonance energy transfer": true}, "PublicationStatus": {"Published": true}, "PublicationType": {"Research": true}, "Section": {"Results": true}, "concentration": {"20 \u03bcM": true}}, "citation": {"authors": ["Jo S", "Kim MS", "Kim S", "Shin DH"], "date": "2020-12-01", "db": "PubMed", "db_id": "31724441", "db_name": "Inhibition of SARS-CoV 3CL protease by flavonoids.", "first": "Jo S", "journal": "Journal of enzyme inhibition and medicinal chemistry", "last": "Kim MS", "pages": "145-151", "volume": "35"}, "evidence": "Among them, herbacetin (3,4',5,7,8-pentahydroxyflavone), rhoifolin (apigenin-7-O-rhamno-glucoside) and pectolinarin (5,7-dihydroxy 4',6-dimethoxyflavone 7-rutinoside) were found to have prominent inhibitory activity (Figure 2).", "line": 48, "relation": "association"}
complex(a(PUBCHEM:168849), p(UNIPROT:P0C6X7, frag("3241_3546")))	decreases	p(UNIPROT:P0C6X7, frag("3241_3546"))	{"annotations": {"Assay": {"absorption spetroscopy": true}, "PublicationStatus": {"Published": true}, "PublicationType": {"Research": true}, "Section": {"Results": true}, "concentration": {"40 \u03bcM": true}}, "citation": {"authors": ["Jo S", "Kim MS", "Kim S", "Shin DH"], "date": "2020-12-01", "db": "PubMed", "db_id": "31724441", "db_name": "Inhibition of SARS-CoV 3CL protease by flavonoids.", "first": "Jo S", "journal": "Journal of enzyme inhibition and medicinal chemistry", "last": "Kim MS", "pages": "145-151", "volume": "35"}, "evidence": "Intriguingly, the three inhibitory compounds obviously reduced the fluorescence intensity of the catalytic domain compared with others (Figure 3). The decreased emission intensity confirmed the complex formation between the catalytic domain and inhibitory compounds.", "line": 61, "relation": "decreases"}
complex(a(PUBCHEM:168849), p(UNIPROT:P0C6X7, frag("3241_3546")))	decreases	p(UNIPROT:P0C6X7, frag("3241_3546"))	{"annotations": {"BioAssay": {"molecular docking": true}, "PublicationStatus": {"Published": true}, "PublicationType": {"Research": true}, "Section": {"Results": true}}, "citation": {"authors": ["Jo S", "Kim MS", "Kim S", "Shin DH"], "date": "2020-12-01", "db": "PubMed", "db_id": "31724441", "db_name": "Inhibition of SARS-CoV 3CL protease by flavonoids.", "first": "Jo S", "journal": "Journal of enzyme inhibition and medicinal chemistry", "last": "Kim MS", "pages": "145-151", "volume": "35"}, "evidence": "Top-ranked structures (according to the glide gscores) from the induced-fit docking results for herbacetin (\u20139.263), rhoifolin (\u20139.565) and pectolinarin (\u20138.054) were selected and hypothesised to be biological complexes.", "line": 73, "relation": "decreases"}
p(UNIPROT:P0C6X7, frag("3241_3546"))	partOf	complex(a(PUBCHEM:168849), p(UNIPROT:P0C6X7, frag("3241_3546")))	{"relation": "partOf"}
p(UNIPROT:P0C6X7, frag("3241_3546"))	partOf	complex(a(PUBCHEM:5280544), p(UNIPROT:P0C6X7, frag("3241_3546")))	{"relation": "partOf"}
p(UNIPROT:P0C6X7, frag("3241_3546"))	partOf	complex(a(PUBCHEM:5282150), p(UNIPROT:P0C6X7, frag("3241_3546")))	{"relation": "partOf"}
p(UNIPROT:P0C6X7)	hasVariant	p(UNIPROT:P0C6X7, frag("3241_3546"))	{"relation": "hasVariant"}
p(UNIPROT:P0C6X7)	association	a(TAX:"Severe acute respiratory syndrome-related coronavirus")	{"annotations": {"BioAssay": {"fluorescence resonance energy transfer": true}, "PublicationStatus": {"Published": true}, "PublicationType": {"Research": true}, "Section": {"Results": true}, "concentration": {"20 \u03bcM": true}}, "citation": {"authors": ["Jo S", "Kim MS", "Kim S", "Shin DH"], "date": "2020-12-01", "db": "PubMed", "db_id": "31724441", "db_name": "Inhibition of SARS-CoV 3CL protease by flavonoids.", "first": "Jo S", "journal": "Journal of enzyme inhibition and medicinal chemistry", "last": "Kim MS", "pages": "145-151", "volume": "35"}, "evidence": "Among them, herbacetin (3,4',5,7,8-pentahydroxyflavone), rhoifolin (apigenin-7-O-rhamno-glucoside) and pectolinarin (5,7-dihydroxy 4',6-dimethoxyflavone 7-rutinoside) were found to have prominent inhibitory activity (Figure 2).", "line": 48, "relation": "association"}
complex(a(PUBCHEM:5280544), p(UNIPROT:P0C6X7, frag("3241_3546")))	decreases	p(UNIPROT:P0C6X7, frag("3241_3546"))	{"annotations": {"Assay": {"absorption spetroscopy": true}, "PublicationStatus": {"Published": true}, "PublicationType": {"Research": true}, "Section": {"Results": true}, "concentration": {"40 \u03bcM": true}}, "citation": {"authors": ["Jo S", "Kim MS", "Kim S", "Shin DH"], "date": "2020-12-01", "db": "PubMed", "db_id": "31724441", "db_name": "Inhibition of SARS-CoV 3CL protease by flavonoids.", "first": "Jo S", "journal": "Journal of enzyme inhibition and medicinal chemistry", "last": "Kim MS", "pages": "145-151", "volume": "35"}, "evidence": "Intriguingly, the three inhibitory compounds obviously reduced the fluorescence intensity of the catalytic domain compared with others (Figure 3). The decreased emission intensity confirmed the complex formation between the catalytic domain and inhibitory compounds.", "line": 59, "relation": "decreases"}
complex(a(PUBCHEM:5280544), p(UNIPROT:P0C6X7, frag("3241_3546")))	decreases	p(UNIPROT:P0C6X7, frag("3241_3546"))	{"annotations": {"BioAssay": {"molecular docking": true}, "PublicationStatus": {"Published": true}, "PublicationType": {"Research": true}, "Section": {"Results": true}}, "citation": {"authors": ["Jo S", "Kim MS", "Kim S", "Shin DH"], "date": "2020-12-01", "db": "PubMed", "db_id": "31724441", "db_name": "Inhibition of SARS-CoV 3CL protease by flavonoids.", "first": "Jo S", "journal": "Journal of enzyme inhibition and medicinal chemistry", "last": "Kim MS", "pages": "145-151", "volume": "35"}, "evidence": "Top-ranked structures (according to the glide gscores) from the induced-fit docking results for herbacetin (\u20139.263), rhoifolin (\u20139.565) and pectolinarin (\u20138.054) were selected and hypothesised to be biological complexes.", "line": 71, "relation": "decreases"}
complex(a(PUBCHEM:5282150), p(UNIPROT:P0C6X7, frag("3241_3546")))	decreases	p(UNIPROT:P0C6X7, frag("3241_3546"))	{"annotations": {"Assay": {"absorption spetroscopy": true}, "PublicationStatus": {"Published": true}, "PublicationType": {"Research": true}, "Section": {"Results": true}, "concentration": {"40 \u03bcM": true}}, "citation": {"authors": ["Jo S", "Kim MS", "Kim S", "Shin DH"], "date": "2020-12-01", "db": "PubMed", "db_id": "31724441", "db_name": "Inhibition of SARS-CoV 3CL protease by flavonoids.", "first": "Jo S", "journal": "Journal of enzyme inhibition and medicinal chemistry", "last": "Kim MS", "pages": "145-151", "volume": "35"}, "evidence": "Intriguingly, the three inhibitory compounds obviously reduced the fluorescence intensity of the catalytic domain compared with others (Figure 3). The decreased emission intensity confirmed the complex formation between the catalytic domain and inhibitory compounds.", "line": 60, "relation": "decreases"}
complex(a(PUBCHEM:5282150), p(UNIPROT:P0C6X7, frag("3241_3546")))	decreases	p(UNIPROT:P0C6X7, frag("3241_3546"))	{"annotations": {"BioAssay": {"molecular docking": true}, "PublicationStatus": {"Published": true}, "PublicationType": {"Research": true}, "Section": {"Results": true}}, "citation": {"authors": ["Jo S", "Kim MS", "Kim S", "Shin DH"], "date": "2020-12-01", "db": "PubMed", "db_id": "31724441", "db_name": "Inhibition of SARS-CoV 3CL protease by flavonoids.", "first": "Jo S", "journal": "Journal of enzyme inhibition and medicinal chemistry", "last": "Kim MS", "pages": "145-151", "volume": "35"}, "evidence": "Top-ranked structures (according to the glide gscores) from the induced-fit docking results for herbacetin (\u20139.263), rhoifolin (\u20139.565) and pectolinarin (\u20138.054) were selected and hypothesised to be biological complexes.", "line": 72, "relation": "decreases"}
