a(CHEBI:"tenofovir disoproxil")	decreases	bp(GOBP:"DNA synthesis involved in DNA replication")	{"citation": {"authors": ["Hsueh PR", "Ko WC", "Lai CC", "Shih TP", "Tang HJ"], "date": "2020-03-01", "db": "PubMed", "db_id": "32081636", "db_name": "International journal of antimicrobial agents", "first": "Lai CC", "last": "Hsueh PR", "pages": "105924", "volume": "55"}, "evidence": "Several potential drug candidates, including lopinavir/ritonavir (Kaletra R), nucleoside analogues, neuraminidase inhibitors, remdesivir, umifenovir (Arbidol R), DNA synthesis inhibitors (such as tenofovir disoproxil and lamivudine), chloroquine and Chinese traditional medicines (such as ShuFeng JieDu or Lianhua Qing- wen capsules), have been proposed [36 , 37] .", "line": 109, "relation": "decreases"}
a(CHEBI:"tenofovir disoproxil")	decreases	path(DO:"COVID-19")	{"citation": {"authors": ["Hsueh PR", "Ko WC", "Lai CC", "Shih TP", "Tang HJ"], "date": "2020-03-01", "db": "PubMed", "db_id": "32081636", "db_name": "International journal of antimicrobial agents", "first": "Lai CC", "last": "Hsueh PR", "pages": "105924", "volume": "55"}, "evidence": "Several potential drug candidates, including lopinavir/ritonavir (Kaletra R), nucleoside analogues, neuraminidase inhibitors, remdesivir, umifenovir (Arbidol R), DNA synthesis inhibitors (such as tenofovir disoproxil and lamivudine), chloroquine and Chinese traditional medicines (such as ShuFeng JieDu or Lianhua Qing- wen capsules), have been proposed [36 , 37] .", "line": 110, "relation": "decreases"}
a(CHEBI:chloroquine)	partOf	composite(a(CHEBI:chloroquine), a(PUBCHEM:121304016))	{"relation": "partOf"}
a(CHEBI:lamivudine)	decreases	bp(GOBP:"DNA synthesis involved in DNA replication")	{"citation": {"authors": ["Hsueh PR", "Ko WC", "Lai CC", "Shih TP", "Tang HJ"], "date": "2020-03-01", "db": "PubMed", "db_id": "32081636", "db_name": "International journal of antimicrobial agents", "first": "Lai CC", "last": "Hsueh PR", "pages": "105924", "volume": "55"}, "evidence": "Several potential drug candidates, including lopinavir/ritonavir (Kaletra R), nucleoside analogues, neuraminidase inhibitors, remdesivir, umifenovir (Arbidol R), DNA synthesis inhibitors (such as tenofovir disoproxil and lamivudine), chloroquine and Chinese traditional medicines (such as ShuFeng JieDu or Lianhua Qing- wen capsules), have been proposed [36 , 37] .", "line": 111, "relation": "decreases"}
a(CHEBI:lamivudine)	decreases	path(DO:"COVID-19")	{"citation": {"authors": ["Hsueh PR", "Ko WC", "Lai CC", "Shih TP", "Tang HJ"], "date": "2020-03-01", "db": "PubMed", "db_id": "32081636", "db_name": "International journal of antimicrobial agents", "first": "Lai CC", "last": "Hsueh PR", "pages": "105924", "volume": "55"}, "evidence": "Several potential drug candidates, including lopinavir/ritonavir (Kaletra R), nucleoside analogues, neuraminidase inhibitors, remdesivir, umifenovir (Arbidol R), DNA synthesis inhibitors (such as tenofovir disoproxil and lamivudine), chloroquine and Chinese traditional medicines (such as ShuFeng JieDu or Lianhua Qing- wen capsules), have been proposed [36 , 37] .", "line": 112, "relation": "decreases"}
a(CHEBI:lopinavir)	decreases	path(DO:"COVID-19")	{"citation": {"authors": ["Hsueh PR", "Ko WC", "Lai CC", "Shih TP", "Tang HJ"], "date": "2020-03-01", "db": "PubMed", "db_id": "32081636", "db_name": "International journal of antimicrobial agents", "first": "Lai CC", "last": "Hsueh PR", "pages": "105924", "volume": "55"}, "evidence": "Several potential drug candidates, including lopinavir/ritonavir (Kaletra R), nucleoside analogues, neuraminidase inhibitors, remdesivir, umifenovir (Arbidol R), DNA synthesis inhibitors (such as tenofovir disoproxil and lamivudine), chloroquine and Chinese traditional medicines (such as ShuFeng JieDu or Lianhua Qing- wen capsules), have been proposed [36 , 37] .", "line": 105, "relation": "decreases"}
a(CHEBI:ritonavir)	decreases	path(DO:"COVID-19")	{"citation": {"authors": ["Hsueh PR", "Ko WC", "Lai CC", "Shih TP", "Tang HJ"], "date": "2020-03-01", "db": "PubMed", "db_id": "32081636", "db_name": "International journal of antimicrobial agents", "first": "Lai CC", "last": "Hsueh PR", "pages": "105924", "volume": "55"}, "evidence": "Several potential drug candidates, including lopinavir/ritonavir (Kaletra R), nucleoside analogues, neuraminidase inhibitors, remdesivir, umifenovir (Arbidol R), DNA synthesis inhibitors (such as tenofovir disoproxil and lamivudine), chloroquine and Chinese traditional medicines (such as ShuFeng JieDu or Lianhua Qing- wen capsules), have been proposed [36 , 37] .", "line": 106, "relation": "decreases"}
a(CHEBI:umifenovir)	decreases	path(DO:"COVID-19")	{"citation": {"authors": ["Hsueh PR", "Ko WC", "Lai CC", "Shih TP", "Tang HJ"], "date": "2020-03-01", "db": "PubMed", "db_id": "32081636", "db_name": "International journal of antimicrobial agents", "first": "Lai CC", "last": "Hsueh PR", "pages": "105924", "volume": "55"}, "evidence": "Several potential drug candidates, including lopinavir/ritonavir (Kaletra R), nucleoside analogues, neuraminidase inhibitors, remdesivir, umifenovir (Arbidol R), DNA synthesis inhibitors (such as tenofovir disoproxil and lamivudine), chloroquine and Chinese traditional medicines (such as ShuFeng JieDu or Lianhua Qing- wen capsules), have been proposed [36 , 37] .", "line": 108, "relation": "decreases"}
a(FIXME:"Ground-glass opacity (GGO)")	positiveCorrelation	path(DO:"COVID-19")	{"citation": {"authors": ["Hsueh PR", "Ko WC", "Lai CC", "Shih TP", "Tang HJ"], "date": "2020-03-01", "db": "PubMed", "db_id": "32081636", "db_name": "International journal of antimicrobial agents", "first": "Lai CC", "last": "Hsueh PR", "pages": "105924", "volume": "55"}, "evidence": "Ground-glass opacity (GGO) was the most common finding from chest computed tomography (CT) [8 , 34] , and in a series of 21 patients, 86% had GGO on chest CT and 29% showed consolidation [33] .", "line": 101, "relation": "positiveCorrelation"}
a(PUBCHEM:121304016)	partOf	composite(a(CHEBI:chloroquine), a(PUBCHEM:121304016))	{"relation": "partOf"}
a(PUBCHEM:121304016)	decreases	path(DO:"COVID-19")	{"citation": {"authors": ["Hsueh PR", "Ko WC", "Lai CC", "Shih TP", "Tang HJ"], "date": "2020-03-01", "db": "PubMed", "db_id": "32081636", "db_name": "International journal of antimicrobial agents", "first": "Lai CC", "last": "Hsueh PR", "pages": "105924", "volume": "55"}, "evidence": "Several potential drug candidates, including lopinavir/ritonavir (Kaletra R), nucleoside analogues, neuraminidase inhibitors, remdesivir, umifenovir (Arbidol R), DNA synthesis inhibitors (such as tenofovir disoproxil and lamivudine), chloroquine and Chinese traditional medicines (such as ShuFeng JieDu or Lianhua Qing- wen capsules), have been proposed [36 , 37] .", "line": 107, "relation": "decreases"}
composite(a(CHEBI:chloroquine), a(PUBCHEM:121304016))	decreases	path(DO:"COVID-19")	{"citation": {"authors": ["Hsueh PR", "Ko WC", "Lai CC", "Shih TP", "Tang HJ"], "date": "2020-03-01", "db": "PubMed", "db_id": "32081636", "db_name": "International journal of antimicrobial agents", "first": "Lai CC", "last": "Hsueh PR", "pages": "105924", "volume": "55"}, "evidence": "A recent study by Wang et al. revealed that remdesivir and chloroquine were highly effective in the control of 2019-nCoV in vitro [37].", "line": 115, "relation": "decreases"}
path(DO:"COVID-19")	isA	a(NCBITAXON:Betacoronavirus)	{"citation": {"authors": ["Hsueh PR", "Ko WC", "Lai CC", "Shih TP", "Tang HJ"], "date": "2020-03-01", "db": "PubMed", "db_id": "32081636", "db_name": "International journal of antimicrobial agents", "first": "Lai CC", "last": "Hsueh PR", "pages": "105924", "volume": "55"}, "evidence": "SARS-CoV-2 was found to be a positive-sense, single-stranded RNA virus belonging to the genus Betacoronavirus [22\u201324].", "line": 85, "relation": "isA"}
path(DO:"COVID-19")	association	path(EFO:"cardiovascular disease")	{"citation": {"authors": ["Hsueh PR", "Ko WC", "Lai CC", "Shih TP", "Tang HJ"], "date": "2020-03-01", "db": "PubMed", "db_id": "32081636", "db_name": "International journal of antimicrobial agents", "first": "Lai CC", "last": "Hsueh PR", "pages": "105924", "volume": "55"}, "evidence": "Among adult patients, cardiovascular disease and hypertension were the most common underlying diseases, followed by diabetes mellitus.", "line": 88, "relation": "association"}
path(DO:"COVID-19")	association	path(DO:hypertension)	{"citation": {"authors": ["Hsueh PR", "Ko WC", "Lai CC", "Shih TP", "Tang HJ"], "date": "2020-03-01", "db": "PubMed", "db_id": "32081636", "db_name": "International journal of antimicrobial agents", "first": "Lai CC", "last": "Hsueh PR", "pages": "105924", "volume": "55"}, "evidence": "Among adult patients, cardiovascular disease and hypertension were the most common underlying diseases, followed by diabetes mellitus.", "line": 89, "relation": "association"}
path(DO:"COVID-19")	association	path(DO:"diabetes mellitus")	{"citation": {"authors": ["Hsueh PR", "Ko WC", "Lai CC", "Shih TP", "Tang HJ"], "date": "2020-03-01", "db": "PubMed", "db_id": "32081636", "db_name": "International journal of antimicrobial agents", "first": "Lai CC", "last": "Hsueh PR", "pages": "105924", "volume": "55"}, "evidence": "Among adult patients, cardiovascular disease and hypertension were the most common underlying diseases, followed by diabetes mellitus.", "line": 90, "relation": "association"}
path(DO:"COVID-19")	positiveCorrelation	path(MESHD:Cough)	{"citation": {"authors": ["Hsueh PR", "Ko WC", "Lai CC", "Shih TP", "Tang HJ"], "date": "2020-03-01", "db": "PubMed", "db_id": "32081636", "db_name": "International journal of antimicrobial agents", "first": "Lai CC", "last": "Hsueh PR", "pages": "105924", "volume": "55"}, "evidence": "Fever was the most common symptom (92.8%; n = 258), followed by cough (69.8%; n = 194), dyspnoea (34.5%; n = 96), myalgia (27.7%; n = 77), headache (7.2%; n = 20) and diarrhoea (6.1%; n = 17).", "line": 93, "relation": "positiveCorrelation"}
path(DO:"COVID-19")	positiveCorrelation	path(MESHD:Dyspnea)	{"citation": {"authors": ["Hsueh PR", "Ko WC", "Lai CC", "Shih TP", "Tang HJ"], "date": "2020-03-01", "db": "PubMed", "db_id": "32081636", "db_name": "International journal of antimicrobial agents", "first": "Lai CC", "last": "Hsueh PR", "pages": "105924", "volume": "55"}, "evidence": "Fever was the most common symptom (92.8%; n = 258), followed by cough (69.8%; n = 194), dyspnoea (34.5%; n = 96), myalgia (27.7%; n = 77), headache (7.2%; n = 20) and diarrhoea (6.1%; n = 17).", "line": 94, "relation": "positiveCorrelation"}
path(DO:"COVID-19")	positiveCorrelation	path(MESHD:Myalgia)	{"citation": {"authors": ["Hsueh PR", "Ko WC", "Lai CC", "Shih TP", "Tang HJ"], "date": "2020-03-01", "db": "PubMed", "db_id": "32081636", "db_name": "International journal of antimicrobial agents", "first": "Lai CC", "last": "Hsueh PR", "pages": "105924", "volume": "55"}, "evidence": "Fever was the most common symptom (92.8%; n = 258), followed by cough (69.8%; n = 194), dyspnoea (34.5%; n = 96), myalgia (27.7%; n = 77), headache (7.2%; n = 20) and diarrhoea (6.1%; n = 17).", "line": 95, "relation": "positiveCorrelation"}
path(DO:"COVID-19")	positiveCorrelation	path(MESHD:Headache)	{"citation": {"authors": ["Hsueh PR", "Ko WC", "Lai CC", "Shih TP", "Tang HJ"], "date": "2020-03-01", "db": "PubMed", "db_id": "32081636", "db_name": "International journal of antimicrobial agents", "first": "Lai CC", "last": "Hsueh PR", "pages": "105924", "volume": "55"}, "evidence": "Fever was the most common symptom (92.8%; n = 258), followed by cough (69.8%; n = 194), dyspnoea (34.5%; n = 96), myalgia (27.7%; n = 77), headache (7.2%; n = 20) and diarrhoea (6.1%; n = 17).", "line": 96, "relation": "positiveCorrelation"}
path(DO:"COVID-19")	positiveCorrelation	path(DO:diarrhea)	{"citation": {"authors": ["Hsueh PR", "Ko WC", "Lai CC", "Shih TP", "Tang HJ"], "date": "2020-03-01", "db": "PubMed", "db_id": "32081636", "db_name": "International journal of antimicrobial agents", "first": "Lai CC", "last": "Hsueh PR", "pages": "105924", "volume": "55"}, "evidence": "Fever was the most common symptom (92.8%; n = 258), followed by cough (69.8%; n = 194), dyspnoea (34.5%; n = 96), myalgia (27.7%; n = 77), headache (7.2%; n = 20) and diarrhoea (6.1%; n = 17).", "line": 97, "relation": "positiveCorrelation"}
path(DO:"COVID-19")	positiveCorrelation	a(FIXME:"Ground-glass opacity (GGO)")	{"citation": {"authors": ["Hsueh PR", "Ko WC", "Lai CC", "Shih TP", "Tang HJ"], "date": "2020-03-01", "db": "PubMed", "db_id": "32081636", "db_name": "International journal of antimicrobial agents", "first": "Lai CC", "last": "Hsueh PR", "pages": "105924", "volume": "55"}, "evidence": "Ground-glass opacity (GGO) was the most common finding from chest computed tomography (CT) [8 , 34] , and in a series of 21 patients, 86% had GGO on chest CT and 29% showed consolidation [33] .", "line": 101, "relation": "positiveCorrelation"}
path(DO:"diabetes mellitus")	association	path(DO:"COVID-19")	{"citation": {"authors": ["Hsueh PR", "Ko WC", "Lai CC", "Shih TP", "Tang HJ"], "date": "2020-03-01", "db": "PubMed", "db_id": "32081636", "db_name": "International journal of antimicrobial agents", "first": "Lai CC", "last": "Hsueh PR", "pages": "105924", "volume": "55"}, "evidence": "Among adult patients, cardiovascular disease and hypertension were the most common underlying diseases, followed by diabetes mellitus.", "line": 90, "relation": "association"}
path(DO:diarrhea)	positiveCorrelation	path(DO:"COVID-19")	{"citation": {"authors": ["Hsueh PR", "Ko WC", "Lai CC", "Shih TP", "Tang HJ"], "date": "2020-03-01", "db": "PubMed", "db_id": "32081636", "db_name": "International journal of antimicrobial agents", "first": "Lai CC", "last": "Hsueh PR", "pages": "105924", "volume": "55"}, "evidence": "Fever was the most common symptom (92.8%; n = 258), followed by cough (69.8%; n = 194), dyspnoea (34.5%; n = 96), myalgia (27.7%; n = 77), headache (7.2%; n = 20) and diarrhoea (6.1%; n = 17).", "line": 97, "relation": "positiveCorrelation"}
path(DO:hypertension)	association	path(DO:"COVID-19")	{"citation": {"authors": ["Hsueh PR", "Ko WC", "Lai CC", "Shih TP", "Tang HJ"], "date": "2020-03-01", "db": "PubMed", "db_id": "32081636", "db_name": "International journal of antimicrobial agents", "first": "Lai CC", "last": "Hsueh PR", "pages": "105924", "volume": "55"}, "evidence": "Among adult patients, cardiovascular disease and hypertension were the most common underlying diseases, followed by diabetes mellitus.", "line": 89, "relation": "association"}
path(EFO:"cardiovascular disease")	association	path(DO:"COVID-19")	{"citation": {"authors": ["Hsueh PR", "Ko WC", "Lai CC", "Shih TP", "Tang HJ"], "date": "2020-03-01", "db": "PubMed", "db_id": "32081636", "db_name": "International journal of antimicrobial agents", "first": "Lai CC", "last": "Hsueh PR", "pages": "105924", "volume": "55"}, "evidence": "Among adult patients, cardiovascular disease and hypertension were the most common underlying diseases, followed by diabetes mellitus.", "line": 88, "relation": "association"}
path(MESHD:Cough)	positiveCorrelation	path(DO:"COVID-19")	{"citation": {"authors": ["Hsueh PR", "Ko WC", "Lai CC", "Shih TP", "Tang HJ"], "date": "2020-03-01", "db": "PubMed", "db_id": "32081636", "db_name": "International journal of antimicrobial agents", "first": "Lai CC", "last": "Hsueh PR", "pages": "105924", "volume": "55"}, "evidence": "Fever was the most common symptom (92.8%; n = 258), followed by cough (69.8%; n = 194), dyspnoea (34.5%; n = 96), myalgia (27.7%; n = 77), headache (7.2%; n = 20) and diarrhoea (6.1%; n = 17).", "line": 93, "relation": "positiveCorrelation"}
path(MESHD:Dyspnea)	positiveCorrelation	path(DO:"COVID-19")	{"citation": {"authors": ["Hsueh PR", "Ko WC", "Lai CC", "Shih TP", "Tang HJ"], "date": "2020-03-01", "db": "PubMed", "db_id": "32081636", "db_name": "International journal of antimicrobial agents", "first": "Lai CC", "last": "Hsueh PR", "pages": "105924", "volume": "55"}, "evidence": "Fever was the most common symptom (92.8%; n = 258), followed by cough (69.8%; n = 194), dyspnoea (34.5%; n = 96), myalgia (27.7%; n = 77), headache (7.2%; n = 20) and diarrhoea (6.1%; n = 17).", "line": 94, "relation": "positiveCorrelation"}
path(MESHD:Headache)	positiveCorrelation	path(DO:"COVID-19")	{"citation": {"authors": ["Hsueh PR", "Ko WC", "Lai CC", "Shih TP", "Tang HJ"], "date": "2020-03-01", "db": "PubMed", "db_id": "32081636", "db_name": "International journal of antimicrobial agents", "first": "Lai CC", "last": "Hsueh PR", "pages": "105924", "volume": "55"}, "evidence": "Fever was the most common symptom (92.8%; n = 258), followed by cough (69.8%; n = 194), dyspnoea (34.5%; n = 96), myalgia (27.7%; n = 77), headache (7.2%; n = 20) and diarrhoea (6.1%; n = 17).", "line": 96, "relation": "positiveCorrelation"}
path(MESHD:Myalgia)	positiveCorrelation	path(DO:"COVID-19")	{"citation": {"authors": ["Hsueh PR", "Ko WC", "Lai CC", "Shih TP", "Tang HJ"], "date": "2020-03-01", "db": "PubMed", "db_id": "32081636", "db_name": "International journal of antimicrobial agents", "first": "Lai CC", "last": "Hsueh PR", "pages": "105924", "volume": "55"}, "evidence": "Fever was the most common symptom (92.8%; n = 258), followed by cough (69.8%; n = 194), dyspnoea (34.5%; n = 96), myalgia (27.7%; n = 77), headache (7.2%; n = 20) and diarrhoea (6.1%; n = 17).", "line": 95, "relation": "positiveCorrelation"}
