a(MESH:"Antiviral Agents")	decreases	a(TAX:"Severe acute respiratory syndrome coronavirus 2")	{"annotations": {"PublicationStatus": {"Preprint": true}, "PublicationType": {"Review": true}, "Section": {"Full Text": true}}, "citation": {"authors": ["Bai WZ", "Hashikawa T", "Li YC"], "date": "2020-02-27", "db": "PubMed", "db_id": "32104915", "db_name": "Journal of medical virology", "first": "Li YC", "last": "Hashikawa T"}, "evidence": "Airway inhalation of antiviral agents will be the first choice at the early stage of infection, which will inhibit the replication SARS-CoV-2 in the respiratory tracts and lung and prevent from its subsequent neuroinvasion.", "line": 138, "relation": "decreases"}
a(MESH:"Endothelium, Vascular")	association	p(HGNC:ACE2)	{"annotations": {"PublicationStatus": {"Preprint": true}, "PublicationType": {"Review": true}, "Section": {"Full Text": true}, "Species": {"9606": true}}, "citation": {"authors": ["Bai WZ", "Hashikawa T", "Li YC"], "date": "2020-02-27", "db": "PubMed", "db_id": "32104915", "db_name": "Journal of medical virology", "first": "Li YC", "last": "Hashikawa T"}, "evidence": "The entry of SARS-CoV into human host cells is mediated mainly by a cellular receptor angiotensin-converting enzyme 2 (ACE2), which is expressed in human airway epithelia, lung parenchyma, vascular endothelia, kidney cells, and small intestine cells 23-25.", "line": 95, "relation": "association"}
a(TAX:"Human coronavirus 229E")	increases	path(DO:"respiratory system disease")	{"annotations": {"PublicationStatus": {"Preprint": true}, "PublicationType": {"Review": true}, "Section": {"Full Text": true}, "Species": {"9606": true}}, "citation": {"authors": ["Bai WZ", "Hashikawa T", "Li YC"], "date": "2020-02-27", "db": "PubMed", "db_id": "32104915", "db_name": "Journal of medical virology", "first": "Li YC", "last": "Hashikawa T"}, "evidence": "Most human CoVs, such as hCoV-229E, OC43, NL63, and HKU1, cause mild respiratory diseases, but the worldwide spread of two previously unrecognized coronaviruses, the severe acute respiratory syndrome CoV (SARS-CoV) and Middle East respiratory syndrome CoV (MERS-CoV), has called global attention to the lethal potential of human CoVs 2.", "line": 55, "relation": "increases"}
a(TAX:"Human coronavirus 229E")	increases	path(MESH:"Central Nervous System Infections")	{"annotations": {"PublicationStatus": {"Preprint": true}, "PublicationType": {"Review": true}, "Section": {"Full Text": true}}, "citation": {"authors": ["Bai WZ", "Hashikawa T", "Li YC"], "date": "2020-02-27", "db": "PubMed", "db_id": "32104915", "db_name": "Journal of medical virology", "first": "Li YC", "last": "Hashikawa T"}, "evidence": "Such neuroinvasive propensity of CoVs has been documented almost for all the betacoronaviruses, including SARS-CoV 1, MERS-CoV 11, HCoV-229E 16, HCoV-OC43 12, mouse hepatitis virus (MHV) 17, and porcine hemagglutinating encephalomyelitis coronavirus (HEV) 9-10, 18-19.", "line": 83, "relation": "increases"}
a(TAX:"Human coronavirus HKU1")	increases	path(DO:"respiratory system disease")	{"annotations": {"PublicationStatus": {"Preprint": true}, "PublicationType": {"Review": true}, "Section": {"Full Text": true}, "Species": {"9606": true}}, "citation": {"authors": ["Bai WZ", "Hashikawa T", "Li YC"], "date": "2020-02-27", "db": "PubMed", "db_id": "32104915", "db_name": "Journal of medical virology", "first": "Li YC", "last": "Hashikawa T"}, "evidence": "Most human CoVs, such as hCoV-229E, OC43, NL63, and HKU1, cause mild respiratory diseases, but the worldwide spread of two previously unrecognized coronaviruses, the severe acute respiratory syndrome CoV (SARS-CoV) and Middle East respiratory syndrome CoV (MERS-CoV), has called global attention to the lethal potential of human CoVs 2.", "line": 58, "relation": "increases"}
a(TAX:"Human coronavirus NL63")	increases	path(DO:"respiratory system disease")	{"annotations": {"PublicationStatus": {"Preprint": true}, "PublicationType": {"Review": true}, "Section": {"Full Text": true}, "Species": {"9606": true}}, "citation": {"authors": ["Bai WZ", "Hashikawa T", "Li YC"], "date": "2020-02-27", "db": "PubMed", "db_id": "32104915", "db_name": "Journal of medical virology", "first": "Li YC", "last": "Hashikawa T"}, "evidence": "Most human CoVs, such as hCoV-229E, OC43, NL63, and HKU1, cause mild respiratory diseases, but the worldwide spread of two previously unrecognized coronaviruses, the severe acute respiratory syndrome CoV (SARS-CoV) and Middle East respiratory syndrome CoV (MERS-CoV), has called global attention to the lethal potential of human CoVs 2.", "line": 57, "relation": "increases"}
a(TAX:"Human coronavirus OC43")	increases	path(DO:"respiratory system disease")	{"annotations": {"PublicationStatus": {"Preprint": true}, "PublicationType": {"Review": true}, "Section": {"Full Text": true}, "Species": {"9606": true}}, "citation": {"authors": ["Bai WZ", "Hashikawa T", "Li YC"], "date": "2020-02-27", "db": "PubMed", "db_id": "32104915", "db_name": "Journal of medical virology", "first": "Li YC", "last": "Hashikawa T"}, "evidence": "Most human CoVs, such as hCoV-229E, OC43, NL63, and HKU1, cause mild respiratory diseases, but the worldwide spread of two previously unrecognized coronaviruses, the severe acute respiratory syndrome CoV (SARS-CoV) and Middle East respiratory syndrome CoV (MERS-CoV), has called global attention to the lethal potential of human CoVs 2.", "line": 56, "relation": "increases"}
a(TAX:"Human coronavirus OC43")	increases	path(MESH:"Central Nervous System Infections")	{"annotations": {"PublicationStatus": {"Preprint": true}, "PublicationType": {"Review": true}, "Section": {"Full Text": true}}, "citation": {"authors": ["Bai WZ", "Hashikawa T", "Li YC"], "date": "2020-02-27", "db": "PubMed", "db_id": "32104915", "db_name": "Journal of medical virology", "first": "Li YC", "last": "Hashikawa T"}, "evidence": "Such neuroinvasive propensity of CoVs has been documented almost for all the betacoronaviruses, including SARS-CoV 1, MERS-CoV 11, HCoV-229E 16, HCoV-OC43 12, mouse hepatitis virus (MHV) 17, and porcine hemagglutinating encephalomyelitis coronavirus (HEV) 9-10, 18-19.", "line": 84, "relation": "increases"}
a(TAX:"Influenza A virus (A/whistling swan/Shimone/499/1983(H5N3))")	increases	path(MESH:"Central Nervous System Infections")	{"annotations": {"PublicationStatus": {"Preprint": true}, "PublicationType": {"Review": true}, "Section": {"Full Text": true}, "Species": {"10090": true}}, "citation": {"authors": ["Bai WZ", "Hashikawa T", "Li YC"], "date": "2020-02-27", "db": "PubMed", "db_id": "32104915", "db_name": "Journal of medical virology", "first": "Li YC", "last": "Hashikawa T"}, "evidence": "Intranasal inoculation in mice with avian influenza virus was reported to cause neural infection besides bronchitis or pneumonia 36.", "line": 128, "relation": "increases"}
a(TAX:"Influenza A virus (A/whistling swan/Shimone/499/1983(H5N3))")	increases	path(DO:bronchitis)	{"annotations": {"PublicationStatus": {"Preprint": true}, "PublicationType": {"Review": true}, "Section": {"Full Text": true}, "Species": {"10090": true}}, "citation": {"authors": ["Bai WZ", "Hashikawa T", "Li YC"], "date": "2020-02-27", "db": "PubMed", "db_id": "32104915", "db_name": "Journal of medical virology", "first": "Li YC", "last": "Hashikawa T"}, "evidence": "Intranasal inoculation in mice with avian influenza virus was reported to cause neural infection besides bronchitis or pneumonia 36.", "line": 129, "relation": "increases"}
a(TAX:"Influenza A virus (A/whistling swan/Shimone/499/1983(H5N3))")	increases	path(DO:pneumonia)	{"annotations": {"PublicationStatus": {"Preprint": true}, "PublicationType": {"Review": true}, "Section": {"Full Text": true}, "Species": {"10090": true}}, "citation": {"authors": ["Bai WZ", "Hashikawa T", "Li YC"], "date": "2020-02-27", "db": "PubMed", "db_id": "32104915", "db_name": "Journal of medical virology", "first": "Li YC", "last": "Hashikawa T"}, "evidence": "Intranasal inoculation in mice with avian influenza virus was reported to cause neural infection besides bronchitis or pneumonia 36.", "line": 130, "relation": "increases"}
a(TAX:"Middle East respiratory syndrome-related coronavirus")	increases	path(DO:"respiratory system disease")	{"annotations": {"PublicationStatus": {"Preprint": true}, "PublicationType": {"Review": true}, "Section": {"Full Text": true}, "Species": {"9606": true}}, "citation": {"authors": ["Bai WZ", "Hashikawa T", "Li YC"], "date": "2020-02-27", "db": "PubMed", "db_id": "32104915", "db_name": "Journal of medical virology", "first": "Li YC", "last": "Hashikawa T"}, "evidence": "Most human CoVs, such as hCoV-229E, OC43, NL63, and HKU1, cause mild respiratory diseases, but the worldwide spread of two previously unrecognized coronaviruses, the severe acute respiratory syndrome CoV (SARS-CoV) and Middle East respiratory syndrome CoV (MERS-CoV), has called global attention to the lethal potential of human CoVs 2.", "line": 60, "relation": "increases"}
a(TAX:"Middle East respiratory syndrome-related coronavirus")	increases	path(MESH:"Central Nervous System Infections")	{"annotations": {"PublicationStatus": {"Preprint": true}, "PublicationType": {"Review": true}, "Section": {"Full Text": true}}, "citation": {"authors": ["Bai WZ", "Hashikawa T", "Li YC"], "date": "2020-02-27", "db": "PubMed", "db_id": "32104915", "db_name": "Journal of medical virology", "first": "Li YC", "last": "Hashikawa T"}, "evidence": "Such neuroinvasive propensity of CoVs has been documented almost for all the betacoronaviruses, including SARS-CoV 1, MERS-CoV 11, HCoV-229E 16, HCoV-OC43 12, mouse hepatitis virus (MHV) 17, and porcine hemagglutinating encephalomyelitis coronavirus (HEV) 9-10, 18-19.", "line": 86, "relation": "increases"}
a(TAX:"Middle East respiratory syndrome-related coronavirus")	increases	path(MESH:"Central Nervous System Infections")	{"annotations": {"MeSHAnatomy": {"Brain Stem": true, "Thalamus": true}, "PublicationStatus": {"Preprint": true}, "PublicationType": {"Review": true}, "Section": {"Full Text": true}, "Species": {"10090": true}}, "citation": {"authors": ["Bai WZ", "Hashikawa T", "Li YC"], "date": "2020-02-27", "db": "PubMed", "db_id": "32104915", "db_name": "Journal of medical virology", "first": "Li YC", "last": "Hashikawa T"}, "evidence": "Experimental studies using transgenic mice further revealed that either SARS-CoV 30 or MERS-COV 11, when given intranasally, could enter the brain, possibly via the olfactory nerves, and there after rapidly spread to some specific brain areas including thalamus and brainstem.", "line": 112, "relation": "increases"}
a(TAX:"Murine hepatitis virus")	increases	path(MESH:"Central Nervous System Infections")	{"annotations": {"PublicationStatus": {"Preprint": true}, "PublicationType": {"Review": true}, "Section": {"Full Text": true}}, "citation": {"authors": ["Bai WZ", "Hashikawa T", "Li YC"], "date": "2020-02-27", "db": "PubMed", "db_id": "32104915", "db_name": "Journal of medical virology", "first": "Li YC", "last": "Hashikawa T"}, "evidence": "Such neuroinvasive propensity of CoVs has been documented almost for all the betacoronaviruses, including SARS-CoV 1, MERS-CoV 11, HCoV-229E 16, HCoV-OC43 12, mouse hepatitis virus (MHV) 17, and porcine hemagglutinating encephalomyelitis coronavirus (HEV) 9-10, 18-19.", "line": 88, "relation": "increases"}
a(TAX:"Porcine hemagglutinating encephalomyelitis virus (strain 67N)")	increases	path(MESH:"Central Nervous System Infections")	{"annotations": {"Custom_Species": {"9823": true}, "MeSHAnatomy": {"Brain": true}, "PublicationStatus": {"Preprint": true}, "PublicationType": {"Review": true}, "Section": {"Full Text": true}}, "citation": {"authors": ["Bai WZ", "Hashikawa T", "Li YC"], "date": "2020-02-27", "db": "PubMed", "db_id": "32104915", "db_name": "Journal of medical virology", "first": "Li YC", "last": "Hashikawa T"}, "evidence": "HEV 67N is the first coronavirus found to invade the porcine brain, and it shares >91% homology with HCoV-OC43 38-39.", "line": 118, "relation": "increases"}
a(TAX:"Porcine hemagglutinating encephalomyelitis virus (strain 67N)")	association	bp(GO:"clathrin-dependent endocytosis")	{"annotations": {"Custom_Species": {"9823": true}, "MeSHAnatomy": {"Brain": true}, "PublicationStatus": {"Preprint": true}, "PublicationType": {"Review": true}, "Section": {"Full Text": true}}, "citation": {"authors": ["Bai WZ", "Hashikawa T", "Li YC"], "date": "2020-02-27", "db": "PubMed", "db_id": "32104915", "db_name": "Journal of medical virology", "first": "Li YC", "last": "Hashikawa T"}, "evidence": "The transfer of HEV67N between neurons has been demonstrated by our previous ultrastructural studies to use the clathrin-coating-mediated endo-/exocytotic pathway 10.", "line": 121, "relation": "association"}
a(TAX:"Porcine hemagglutinating encephalomyelitis virus (strain 67N)")	association	bp(GO:"viral exocytosis")	{"annotations": {"Custom_Species": {"9823": true}, "MeSHAnatomy": {"Brain": true}, "PublicationStatus": {"Preprint": true}, "PublicationType": {"Review": true}, "Section": {"Full Text": true}}, "citation": {"authors": ["Bai WZ", "Hashikawa T", "Li YC"], "date": "2020-02-27", "db": "PubMed", "db_id": "32104915", "db_name": "Journal of medical virology", "first": "Li YC", "last": "Hashikawa T"}, "evidence": "The transfer of HEV67N between neurons has been demonstrated by our previous ultrastructural studies to use the clathrin-coating-mediated endo-/exocytotic pathway 10.", "line": 122, "relation": "association"}
a(TAX:"Porcine hemagglutinating encephalomyelitis virus")	increases	path(MESH:"Central Nervous System Infections")	{"annotations": {"PublicationStatus": {"Preprint": true}, "PublicationType": {"Review": true}, "Section": {"Full Text": true}}, "citation": {"authors": ["Bai WZ", "Hashikawa T", "Li YC"], "date": "2020-02-27", "db": "PubMed", "db_id": "32104915", "db_name": "Journal of medical virology", "first": "Li YC", "last": "Hashikawa T"}, "evidence": "Such neuroinvasive propensity of CoVs has been documented almost for all the betacoronaviruses, including SARS-CoV 1, MERS-CoV 11, HCoV-229E 16, HCoV-OC43 12, mouse hepatitis virus (MHV) 17, and porcine hemagglutinating encephalomyelitis coronavirus (HEV) 9-10, 18-19.", "line": 87, "relation": "increases"}
a(TAX:"Severe acute respiratory syndrome coronavirus 2")	partOf	complex(a(TAX:"Severe acute respiratory syndrome coronavirus 2"), p(HGNC:ACE2))	{"relation": "partOf"}
a(TAX:"Severe acute respiratory syndrome coronavirus 2")	partOf	complex(a(TAX:"Severe acute respiratory syndrome coronavirus 2"), p(HGNC:DPP4))	{"relation": "partOf"}
a(TAX:"Severe acute respiratory syndrome coronavirus 2")	increases	path(DO:"COVID-19")	{"annotations": {"PublicationStatus": {"Preprint": true}, "PublicationType": {"Review": true}, "Section": {"Full Text": true}, "Species": {"9606": true}}, "citation": {"authors": ["Bai WZ", "Hashikawa T", "Li YC"], "date": "2020-02-27", "db": "PubMed", "db_id": "32104915", "db_name": "Journal of medical virology", "first": "Li YC", "last": "Hashikawa T"}, "evidence": "This novel CoV has caused a national outbreak of severe pneumonia (COVID-19) in China, and rapidly spreads around the world.", "line": 63, "relation": "increases"}
a(TAX:"Severe acute respiratory syndrome coronavirus 2")	increases	path(DO:pneumonia)	{"annotations": {"PublicationStatus": {"Preprint": true}, "PublicationType": {"Review": true}, "Section": {"Full Text": true}, "Species": {"9606": true}}, "citation": {"authors": ["Bai WZ", "Hashikawa T", "Li YC"], "date": "2020-02-27", "db": "PubMed", "db_id": "32104915", "db_name": "Journal of medical virology", "first": "Li YC", "last": "Hashikawa T"}, "evidence": "SARS-CoV-2 causes acute, highly lethal pneumonia with clinical symptoms similar to those reported for SARS-CoV and MERS-CoV 2, 13.", "line": 66, "relation": "increases"}
a(TAX:"Severe acute respiratory syndrome coronavirus 2")	association	path(HP:"lower respiratory tract")	{"annotations": {"PublicationStatus": {"Preprint": true}, "PublicationType": {"Review": true}, "Section": {"Full Text": true}, "Species": {"9606": true}}, "citation": {"authors": ["Bai WZ", "Hashikawa T", "Li YC"], "date": "2020-02-27", "db": "PubMed", "db_id": "32104915", "db_name": "Journal of medical virology", "first": "Li YC", "last": "Hashikawa T"}, "evidence": "However, different from SARS-CoV, SARS-CoV-2-infected patients rarely showed prominent upper respiratory tract signs and symptoms, indicating that the target cells of SARS-CoV-2 may be located in the lower airway 2.", "line": 76, "relation": "association"}
a(TAX:"Severe acute respiratory syndrome coronavirus 2")	association	path(HP:Headache)	{"annotations": {"PublicationStatus": {"Preprint": true}, "PublicationType": {"Review": true}, "Section": {"Full Text": true}}, "citation": {"authors": ["Bai WZ", "Hashikawa T", "Li YC"], "date": "2020-02-27", "db": "PubMed", "db_id": "32104915", "db_name": "Journal of medical virology", "first": "Li YC", "last": "Hashikawa T"}, "evidence": "As a matter of fact, it has been reported that some patients infected with SARS-CoV-2 did show neurologic signs such as headache (about 8%), nausea and vomiting (1%).", "line": 134, "relation": "association"}
a(TAX:"Severe acute respiratory syndrome coronavirus 2")	association	path(HP:"Nausea and vomiting")	{"annotations": {"PublicationStatus": {"Preprint": true}, "PublicationType": {"Review": true}, "Section": {"Full Text": true}}, "citation": {"authors": ["Bai WZ", "Hashikawa T", "Li YC"], "date": "2020-02-27", "db": "PubMed", "db_id": "32104915", "db_name": "Journal of medical virology", "first": "Li YC", "last": "Hashikawa T"}, "evidence": "As a matter of fact, it has been reported that some patients infected with SARS-CoV-2 did show neurologic signs such as headache (about 8%), nausea and vomiting (1%).", "line": 135, "relation": "association"}
a(TAX:"Severe acute respiratory syndrome-related coronavirus")	increases	path(DO:"respiratory system disease")	{"annotations": {"PublicationStatus": {"Preprint": true}, "PublicationType": {"Review": true}, "Section": {"Full Text": true}, "Species": {"9606": true}}, "citation": {"authors": ["Bai WZ", "Hashikawa T", "Li YC"], "date": "2020-02-27", "db": "PubMed", "db_id": "32104915", "db_name": "Journal of medical virology", "first": "Li YC", "last": "Hashikawa T"}, "evidence": "Most human CoVs, such as hCoV-229E, OC43, NL63, and HKU1, cause mild respiratory diseases, but the worldwide spread of two previously unrecognized coronaviruses, the severe acute respiratory syndrome CoV (SARS-CoV) and Middle East respiratory syndrome CoV (MERS-CoV), has called global attention to the lethal potential of human CoVs 2.", "line": 59, "relation": "increases"}
a(TAX:"Severe acute respiratory syndrome-related coronavirus")	increases	path(MESH:"Central Nervous System Infections")	{"annotations": {"PublicationStatus": {"Preprint": true}, "PublicationType": {"Review": true}, "Section": {"Full Text": true}}, "citation": {"authors": ["Bai WZ", "Hashikawa T", "Li YC"], "date": "2020-02-27", "db": "PubMed", "db_id": "32104915", "db_name": "Journal of medical virology", "first": "Li YC", "last": "Hashikawa T"}, "evidence": "Such neuroinvasive propensity of CoVs has been documented almost for all the betacoronaviruses, including SARS-CoV 1, MERS-CoV 11, HCoV-229E 16, HCoV-OC43 12, mouse hepatitis virus (MHV) 17, and porcine hemagglutinating encephalomyelitis coronavirus (HEV) 9-10, 18-19.", "line": 85, "relation": "increases"}
a(TAX:"Severe acute respiratory syndrome-related coronavirus")	increases	path(MESH:"Central Nervous System Infections")	{"annotations": {"MeSHAnatomy": {"Brain Stem": true, "Thalamus": true}, "PublicationStatus": {"Preprint": true}, "PublicationType": {"Review": true}, "Section": {"Full Text": true}, "Species": {"10090": true}}, "citation": {"authors": ["Bai WZ", "Hashikawa T", "Li YC"], "date": "2020-02-27", "db": "PubMed", "db_id": "32104915", "db_name": "Journal of medical virology", "first": "Li YC", "last": "Hashikawa T"}, "evidence": "Experimental studies using transgenic mice further revealed that either SARS-CoV 30 or MERS-COV 11, when given intranasally, could enter the brain, possibly via the olfactory nerves, and there after rapidly spread to some specific brain areas including thalamus and brainstem.", "line": 111, "relation": "increases"}
bp(GO:"clathrin-dependent endocytosis")	association	a(TAX:"Porcine hemagglutinating encephalomyelitis virus (strain 67N)")	{"annotations": {"Custom_Species": {"9823": true}, "MeSHAnatomy": {"Brain": true}, "PublicationStatus": {"Preprint": true}, "PublicationType": {"Review": true}, "Section": {"Full Text": true}}, "citation": {"authors": ["Bai WZ", "Hashikawa T", "Li YC"], "date": "2020-02-27", "db": "PubMed", "db_id": "32104915", "db_name": "Journal of medical virology", "first": "Li YC", "last": "Hashikawa T"}, "evidence": "The transfer of HEV67N between neurons has been demonstrated by our previous ultrastructural studies to use the clathrin-coating-mediated endo-/exocytotic pathway 10.", "line": 121, "relation": "association"}
bp(GO:"viral exocytosis")	association	a(TAX:"Porcine hemagglutinating encephalomyelitis virus (strain 67N)")	{"annotations": {"Custom_Species": {"9823": true}, "MeSHAnatomy": {"Brain": true}, "PublicationStatus": {"Preprint": true}, "PublicationType": {"Review": true}, "Section": {"Full Text": true}}, "citation": {"authors": ["Bai WZ", "Hashikawa T", "Li YC"], "date": "2020-02-27", "db": "PubMed", "db_id": "32104915", "db_name": "Journal of medical virology", "first": "Li YC", "last": "Hashikawa T"}, "evidence": "The transfer of HEV67N between neurons has been demonstrated by our previous ultrastructural studies to use the clathrin-coating-mediated endo-/exocytotic pathway 10.", "line": 122, "relation": "association"}
bp(MESH:"Immune System")	association	p(HGNC:DPP4)	{"annotations": {"PublicationStatus": {"Preprint": true}, "PublicationType": {"Review": true}, "Section": {"Full Text": true}, "Species": {"9606": true}}, "citation": {"authors": ["Bai WZ", "Hashikawa T", "Li YC"], "date": "2020-02-27", "db": "PubMed", "db_id": "32104915", "db_name": "Journal of medical virology", "first": "Li YC", "last": "Hashikawa T"}, "evidence": "Different from SARS-CoV, MERS-CoV enters human host cells mainly via dipeptidyl peptidase 4 (DPP4), which is present in the lower respiratory tract, kidney, small intestine, liver, and the cells of the immune system 26-27.", "line": 105, "relation": "association"}
complex(a(TAX:"Severe acute respiratory syndrome coronavirus 2"), p(HGNC:ACE2))	increases	bp(GO:"viral entry into host cell")	{"annotations": {"PublicationStatus": {"Preprint": true}, "PublicationType": {"Review": true}, "Section": {"Full Text": true}, "Species": {"9606": true}}, "citation": {"authors": ["Bai WZ", "Hashikawa T", "Li YC"], "date": "2020-02-27", "db": "PubMed", "db_id": "32104915", "db_name": "Journal of medical virology", "first": "Li YC", "last": "Hashikawa T"}, "evidence": "The entry of SARS-CoV into human host cells is mediated mainly by a cellular receptor angiotensin-converting enzyme 2 (ACE2), which is expressed in human airway epithelia, lung parenchyma, vascular endothelia, kidney cells, and small intestine cells 23-25.", "line": 92, "relation": "increases"}
p(HGNC:ACE2)	partOf	complex(a(TAX:"Severe acute respiratory syndrome coronavirus 2"), p(HGNC:ACE2))	{"relation": "partOf"}
p(HGNC:ACE2)	association	path(HP:"lung parenchyma")	{"annotations": {"PublicationStatus": {"Preprint": true}, "PublicationType": {"Review": true}, "Section": {"Full Text": true}, "Species": {"9606": true}}, "citation": {"authors": ["Bai WZ", "Hashikawa T", "Li YC"], "date": "2020-02-27", "db": "PubMed", "db_id": "32104915", "db_name": "Journal of medical virology", "first": "Li YC", "last": "Hashikawa T"}, "evidence": "The entry of SARS-CoV into human host cells is mediated mainly by a cellular receptor angiotensin-converting enzyme 2 (ACE2), which is expressed in human airway epithelia, lung parenchyma, vascular endothelia, kidney cells, and small intestine cells 23-25.", "line": 93, "relation": "association"}
p(HGNC:ACE2)	association	path(HP:"respiratory epithelial cell")	{"annotations": {"PublicationStatus": {"Preprint": true}, "PublicationType": {"Review": true}, "Section": {"Full Text": true}, "Species": {"9606": true}}, "citation": {"authors": ["Bai WZ", "Hashikawa T", "Li YC"], "date": "2020-02-27", "db": "PubMed", "db_id": "32104915", "db_name": "Journal of medical virology", "first": "Li YC", "last": "Hashikawa T"}, "evidence": "The entry of SARS-CoV into human host cells is mediated mainly by a cellular receptor angiotensin-converting enzyme 2 (ACE2), which is expressed in human airway epithelia, lung parenchyma, vascular endothelia, kidney cells, and small intestine cells 23-25.", "line": 94, "relation": "association"}
p(HGNC:ACE2)	association	a(MESH:"Endothelium, Vascular")	{"annotations": {"PublicationStatus": {"Preprint": true}, "PublicationType": {"Review": true}, "Section": {"Full Text": true}, "Species": {"9606": true}}, "citation": {"authors": ["Bai WZ", "Hashikawa T", "Li YC"], "date": "2020-02-27", "db": "PubMed", "db_id": "32104915", "db_name": "Journal of medical virology", "first": "Li YC", "last": "Hashikawa T"}, "evidence": "The entry of SARS-CoV into human host cells is mediated mainly by a cellular receptor angiotensin-converting enzyme 2 (ACE2), which is expressed in human airway epithelia, lung parenchyma, vascular endothelia, kidney cells, and small intestine cells 23-25.", "line": 95, "relation": "association"}
p(HGNC:ACE2)	association	path(HP:"small intestine")	{"annotations": {"PublicationStatus": {"Preprint": true}, "PublicationType": {"Review": true}, "Section": {"Full Text": true}, "Species": {"9606": true}}, "citation": {"authors": ["Bai WZ", "Hashikawa T", "Li YC"], "date": "2020-02-27", "db": "PubMed", "db_id": "32104915", "db_name": "Journal of medical virology", "first": "Li YC", "last": "Hashikawa T"}, "evidence": "The entry of SARS-CoV into human host cells is mediated mainly by a cellular receptor angiotensin-converting enzyme 2 (ACE2), which is expressed in human airway epithelia, lung parenchyma, vascular endothelia, kidney cells, and small intestine cells 23-25.", "line": 96, "relation": "association"}
p(HGNC:ACE2)	association	path(HP:kidney)	{"annotations": {"PublicationStatus": {"Preprint": true}, "PublicationType": {"Review": true}, "Section": {"Full Text": true}, "Species": {"9606": true}}, "citation": {"authors": ["Bai WZ", "Hashikawa T", "Li YC"], "date": "2020-02-27", "db": "PubMed", "db_id": "32104915", "db_name": "Journal of medical virology", "first": "Li YC", "last": "Hashikawa T"}, "evidence": "The entry of SARS-CoV into human host cells is mediated mainly by a cellular receptor angiotensin-converting enzyme 2 (ACE2), which is expressed in human airway epithelia, lung parenchyma, vascular endothelia, kidney cells, and small intestine cells 23-25.", "line": 97, "relation": "association"}
complex(a(TAX:"Severe acute respiratory syndrome coronavirus 2"), p(HGNC:DPP4))	increases	bp(GO:"viral entry into host cell")	{"annotations": {"PublicationStatus": {"Preprint": true}, "PublicationType": {"Review": true}, "Section": {"Full Text": true}, "Species": {"9606": true}}, "citation": {"authors": ["Bai WZ", "Hashikawa T", "Li YC"], "date": "2020-02-27", "db": "PubMed", "db_id": "32104915", "db_name": "Journal of medical virology", "first": "Li YC", "last": "Hashikawa T"}, "evidence": "Different from SARS-CoV, MERS-CoV enters human host cells mainly via dipeptidyl peptidase 4 (DPP4), which is present in the lower respiratory tract, kidney, small intestine, liver, and the cells of the immune system 26-27.", "line": 100, "relation": "increases"}
p(HGNC:DPP4)	partOf	complex(a(TAX:"Severe acute respiratory syndrome coronavirus 2"), p(HGNC:DPP4))	{"relation": "partOf"}
p(HGNC:DPP4)	association	path(HP:"lower respiratory tract")	{"annotations": {"PublicationStatus": {"Preprint": true}, "PublicationType": {"Review": true}, "Section": {"Full Text": true}, "Species": {"9606": true}}, "citation": {"authors": ["Bai WZ", "Hashikawa T", "Li YC"], "date": "2020-02-27", "db": "PubMed", "db_id": "32104915", "db_name": "Journal of medical virology", "first": "Li YC", "last": "Hashikawa T"}, "evidence": "Different from SARS-CoV, MERS-CoV enters human host cells mainly via dipeptidyl peptidase 4 (DPP4), which is present in the lower respiratory tract, kidney, small intestine, liver, and the cells of the immune system 26-27.", "line": 101, "relation": "association"}
p(HGNC:DPP4)	association	path(HP:kidney)	{"annotations": {"PublicationStatus": {"Preprint": true}, "PublicationType": {"Review": true}, "Section": {"Full Text": true}, "Species": {"9606": true}}, "citation": {"authors": ["Bai WZ", "Hashikawa T", "Li YC"], "date": "2020-02-27", "db": "PubMed", "db_id": "32104915", "db_name": "Journal of medical virology", "first": "Li YC", "last": "Hashikawa T"}, "evidence": "Different from SARS-CoV, MERS-CoV enters human host cells mainly via dipeptidyl peptidase 4 (DPP4), which is present in the lower respiratory tract, kidney, small intestine, liver, and the cells of the immune system 26-27.", "line": 102, "relation": "association"}
p(HGNC:DPP4)	association	path(HP:"small intestine")	{"annotations": {"PublicationStatus": {"Preprint": true}, "PublicationType": {"Review": true}, "Section": {"Full Text": true}, "Species": {"9606": true}}, "citation": {"authors": ["Bai WZ", "Hashikawa T", "Li YC"], "date": "2020-02-27", "db": "PubMed", "db_id": "32104915", "db_name": "Journal of medical virology", "first": "Li YC", "last": "Hashikawa T"}, "evidence": "Different from SARS-CoV, MERS-CoV enters human host cells mainly via dipeptidyl peptidase 4 (DPP4), which is present in the lower respiratory tract, kidney, small intestine, liver, and the cells of the immune system 26-27.", "line": 103, "relation": "association"}
p(HGNC:DPP4)	association	path(HP:liver)	{"annotations": {"PublicationStatus": {"Preprint": true}, "PublicationType": {"Review": true}, "Section": {"Full Text": true}, "Species": {"9606": true}}, "citation": {"authors": ["Bai WZ", "Hashikawa T", "Li YC"], "date": "2020-02-27", "db": "PubMed", "db_id": "32104915", "db_name": "Journal of medical virology", "first": "Li YC", "last": "Hashikawa T"}, "evidence": "Different from SARS-CoV, MERS-CoV enters human host cells mainly via dipeptidyl peptidase 4 (DPP4), which is present in the lower respiratory tract, kidney, small intestine, liver, and the cells of the immune system 26-27.", "line": 104, "relation": "association"}
p(HGNC:DPP4)	association	bp(MESH:"Immune System")	{"annotations": {"PublicationStatus": {"Preprint": true}, "PublicationType": {"Review": true}, "Section": {"Full Text": true}, "Species": {"9606": true}}, "citation": {"authors": ["Bai WZ", "Hashikawa T", "Li YC"], "date": "2020-02-27", "db": "PubMed", "db_id": "32104915", "db_name": "Journal of medical virology", "first": "Li YC", "last": "Hashikawa T"}, "evidence": "Different from SARS-CoV, MERS-CoV enters human host cells mainly via dipeptidyl peptidase 4 (DPP4), which is present in the lower respiratory tract, kidney, small intestine, liver, and the cells of the immune system 26-27.", "line": 105, "relation": "association"}
path(DO:"COVID-19")	association	path(HP:Fever)	{"annotations": {"PublicationStatus": {"Preprint": true}, "PublicationType": {"Review": true}, "Section": {"Full Text": true}, "Species": {"9606": true}, "Technique": {"computed tomography": true}}, "citation": {"authors": ["Bai WZ", "Hashikawa T", "Li YC"], "date": "2020-02-27", "db": "PubMed", "db_id": "32104915", "db_name": "Journal of medical virology", "first": "Li YC", "last": "Hashikawa T"}, "evidence": "Imaging examination revealed that most patients with fever, dry cough, and dyspnoea showed bilateral ground-glass opacities on chest CT scans 14.", "line": 70, "relation": "association"}
path(DO:"COVID-19")	association	path(HP:Cough)	{"annotations": {"PublicationStatus": {"Preprint": true}, "PublicationType": {"Review": true}, "Section": {"Full Text": true}, "Species": {"9606": true}, "Technique": {"computed tomography": true}}, "citation": {"authors": ["Bai WZ", "Hashikawa T", "Li YC"], "date": "2020-02-27", "db": "PubMed", "db_id": "32104915", "db_name": "Journal of medical virology", "first": "Li YC", "last": "Hashikawa T"}, "evidence": "Imaging examination revealed that most patients with fever, dry cough, and dyspnoea showed bilateral ground-glass opacities on chest CT scans 14.", "line": 71, "relation": "association"}
path(DO:"COVID-19")	association	path(HP:Dyspnea)	{"annotations": {"PublicationStatus": {"Preprint": true}, "PublicationType": {"Review": true}, "Section": {"Full Text": true}, "Species": {"9606": true}, "Technique": {"computed tomography": true}}, "citation": {"authors": ["Bai WZ", "Hashikawa T", "Li YC"], "date": "2020-02-27", "db": "PubMed", "db_id": "32104915", "db_name": "Journal of medical virology", "first": "Li YC", "last": "Hashikawa T"}, "evidence": "Imaging examination revealed that most patients with fever, dry cough, and dyspnoea showed bilateral ground-glass opacities on chest CT scans 14.", "line": 72, "relation": "association"}
path(DO:"COVID-19")	association	path(HP:"Respiratory distress")	{"annotations": {"PublicationStatus": {"Preprint": true}, "PublicationType": {"Review": true}, "Section": {"Full Text": true}, "Species": {"9606": true}}, "citation": {"authors": ["Bai WZ", "Hashikawa T", "Li YC"], "date": "2020-02-27", "db": "PubMed", "db_id": "32104915", "db_name": "Journal of medical virology", "first": "Li YC", "last": "Hashikawa T"}, "evidence": "However, the most characteristic symptom of patients is respiratory distress (~55%).", "line": 79, "relation": "association"}
path(HP:"Nausea and vomiting")	association	a(TAX:"Severe acute respiratory syndrome coronavirus 2")	{"annotations": {"PublicationStatus": {"Preprint": true}, "PublicationType": {"Review": true}, "Section": {"Full Text": true}}, "citation": {"authors": ["Bai WZ", "Hashikawa T", "Li YC"], "date": "2020-02-27", "db": "PubMed", "db_id": "32104915", "db_name": "Journal of medical virology", "first": "Li YC", "last": "Hashikawa T"}, "evidence": "As a matter of fact, it has been reported that some patients infected with SARS-CoV-2 did show neurologic signs such as headache (about 8%), nausea and vomiting (1%).", "line": 135, "relation": "association"}
path(HP:"Respiratory distress")	association	path(DO:"COVID-19")	{"annotations": {"PublicationStatus": {"Preprint": true}, "PublicationType": {"Review": true}, "Section": {"Full Text": true}, "Species": {"9606": true}}, "citation": {"authors": ["Bai WZ", "Hashikawa T", "Li YC"], "date": "2020-02-27", "db": "PubMed", "db_id": "32104915", "db_name": "Journal of medical virology", "first": "Li YC", "last": "Hashikawa T"}, "evidence": "However, the most characteristic symptom of patients is respiratory distress (~55%).", "line": 79, "relation": "association"}
path(HP:"lower respiratory tract")	association	a(TAX:"Severe acute respiratory syndrome coronavirus 2")	{"annotations": {"PublicationStatus": {"Preprint": true}, "PublicationType": {"Review": true}, "Section": {"Full Text": true}, "Species": {"9606": true}}, "citation": {"authors": ["Bai WZ", "Hashikawa T", "Li YC"], "date": "2020-02-27", "db": "PubMed", "db_id": "32104915", "db_name": "Journal of medical virology", "first": "Li YC", "last": "Hashikawa T"}, "evidence": "However, different from SARS-CoV, SARS-CoV-2-infected patients rarely showed prominent upper respiratory tract signs and symptoms, indicating that the target cells of SARS-CoV-2 may be located in the lower airway 2.", "line": 76, "relation": "association"}
path(HP:"lower respiratory tract")	association	p(HGNC:DPP4)	{"annotations": {"PublicationStatus": {"Preprint": true}, "PublicationType": {"Review": true}, "Section": {"Full Text": true}, "Species": {"9606": true}}, "citation": {"authors": ["Bai WZ", "Hashikawa T", "Li YC"], "date": "2020-02-27", "db": "PubMed", "db_id": "32104915", "db_name": "Journal of medical virology", "first": "Li YC", "last": "Hashikawa T"}, "evidence": "Different from SARS-CoV, MERS-CoV enters human host cells mainly via dipeptidyl peptidase 4 (DPP4), which is present in the lower respiratory tract, kidney, small intestine, liver, and the cells of the immune system 26-27.", "line": 101, "relation": "association"}
path(HP:"lung parenchyma")	association	p(HGNC:ACE2)	{"annotations": {"PublicationStatus": {"Preprint": true}, "PublicationType": {"Review": true}, "Section": {"Full Text": true}, "Species": {"9606": true}}, "citation": {"authors": ["Bai WZ", "Hashikawa T", "Li YC"], "date": "2020-02-27", "db": "PubMed", "db_id": "32104915", "db_name": "Journal of medical virology", "first": "Li YC", "last": "Hashikawa T"}, "evidence": "The entry of SARS-CoV into human host cells is mediated mainly by a cellular receptor angiotensin-converting enzyme 2 (ACE2), which is expressed in human airway epithelia, lung parenchyma, vascular endothelia, kidney cells, and small intestine cells 23-25.", "line": 93, "relation": "association"}
path(HP:"respiratory epithelial cell")	association	p(HGNC:ACE2)	{"annotations": {"PublicationStatus": {"Preprint": true}, "PublicationType": {"Review": true}, "Section": {"Full Text": true}, "Species": {"9606": true}}, "citation": {"authors": ["Bai WZ", "Hashikawa T", "Li YC"], "date": "2020-02-27", "db": "PubMed", "db_id": "32104915", "db_name": "Journal of medical virology", "first": "Li YC", "last": "Hashikawa T"}, "evidence": "The entry of SARS-CoV into human host cells is mediated mainly by a cellular receptor angiotensin-converting enzyme 2 (ACE2), which is expressed in human airway epithelia, lung parenchyma, vascular endothelia, kidney cells, and small intestine cells 23-25.", "line": 94, "relation": "association"}
path(HP:"small intestine")	association	p(HGNC:ACE2)	{"annotations": {"PublicationStatus": {"Preprint": true}, "PublicationType": {"Review": true}, "Section": {"Full Text": true}, "Species": {"9606": true}}, "citation": {"authors": ["Bai WZ", "Hashikawa T", "Li YC"], "date": "2020-02-27", "db": "PubMed", "db_id": "32104915", "db_name": "Journal of medical virology", "first": "Li YC", "last": "Hashikawa T"}, "evidence": "The entry of SARS-CoV into human host cells is mediated mainly by a cellular receptor angiotensin-converting enzyme 2 (ACE2), which is expressed in human airway epithelia, lung parenchyma, vascular endothelia, kidney cells, and small intestine cells 23-25.", "line": 96, "relation": "association"}
path(HP:"small intestine")	association	p(HGNC:DPP4)	{"annotations": {"PublicationStatus": {"Preprint": true}, "PublicationType": {"Review": true}, "Section": {"Full Text": true}, "Species": {"9606": true}}, "citation": {"authors": ["Bai WZ", "Hashikawa T", "Li YC"], "date": "2020-02-27", "db": "PubMed", "db_id": "32104915", "db_name": "Journal of medical virology", "first": "Li YC", "last": "Hashikawa T"}, "evidence": "Different from SARS-CoV, MERS-CoV enters human host cells mainly via dipeptidyl peptidase 4 (DPP4), which is present in the lower respiratory tract, kidney, small intestine, liver, and the cells of the immune system 26-27.", "line": 103, "relation": "association"}
path(HP:Cough)	association	path(DO:"COVID-19")	{"annotations": {"PublicationStatus": {"Preprint": true}, "PublicationType": {"Review": true}, "Section": {"Full Text": true}, "Species": {"9606": true}, "Technique": {"computed tomography": true}}, "citation": {"authors": ["Bai WZ", "Hashikawa T", "Li YC"], "date": "2020-02-27", "db": "PubMed", "db_id": "32104915", "db_name": "Journal of medical virology", "first": "Li YC", "last": "Hashikawa T"}, "evidence": "Imaging examination revealed that most patients with fever, dry cough, and dyspnoea showed bilateral ground-glass opacities on chest CT scans 14.", "line": 71, "relation": "association"}
path(HP:Dyspnea)	association	path(DO:"COVID-19")	{"annotations": {"PublicationStatus": {"Preprint": true}, "PublicationType": {"Review": true}, "Section": {"Full Text": true}, "Species": {"9606": true}, "Technique": {"computed tomography": true}}, "citation": {"authors": ["Bai WZ", "Hashikawa T", "Li YC"], "date": "2020-02-27", "db": "PubMed", "db_id": "32104915", "db_name": "Journal of medical virology", "first": "Li YC", "last": "Hashikawa T"}, "evidence": "Imaging examination revealed that most patients with fever, dry cough, and dyspnoea showed bilateral ground-glass opacities on chest CT scans 14.", "line": 72, "relation": "association"}
path(HP:Fever)	association	path(DO:"COVID-19")	{"annotations": {"PublicationStatus": {"Preprint": true}, "PublicationType": {"Review": true}, "Section": {"Full Text": true}, "Species": {"9606": true}, "Technique": {"computed tomography": true}}, "citation": {"authors": ["Bai WZ", "Hashikawa T", "Li YC"], "date": "2020-02-27", "db": "PubMed", "db_id": "32104915", "db_name": "Journal of medical virology", "first": "Li YC", "last": "Hashikawa T"}, "evidence": "Imaging examination revealed that most patients with fever, dry cough, and dyspnoea showed bilateral ground-glass opacities on chest CT scans 14.", "line": 70, "relation": "association"}
path(HP:Headache)	association	a(TAX:"Severe acute respiratory syndrome coronavirus 2")	{"annotations": {"PublicationStatus": {"Preprint": true}, "PublicationType": {"Review": true}, "Section": {"Full Text": true}}, "citation": {"authors": ["Bai WZ", "Hashikawa T", "Li YC"], "date": "2020-02-27", "db": "PubMed", "db_id": "32104915", "db_name": "Journal of medical virology", "first": "Li YC", "last": "Hashikawa T"}, "evidence": "As a matter of fact, it has been reported that some patients infected with SARS-CoV-2 did show neurologic signs such as headache (about 8%), nausea and vomiting (1%).", "line": 134, "relation": "association"}
path(HP:kidney)	association	p(HGNC:ACE2)	{"annotations": {"PublicationStatus": {"Preprint": true}, "PublicationType": {"Review": true}, "Section": {"Full Text": true}, "Species": {"9606": true}}, "citation": {"authors": ["Bai WZ", "Hashikawa T", "Li YC"], "date": "2020-02-27", "db": "PubMed", "db_id": "32104915", "db_name": "Journal of medical virology", "first": "Li YC", "last": "Hashikawa T"}, "evidence": "The entry of SARS-CoV into human host cells is mediated mainly by a cellular receptor angiotensin-converting enzyme 2 (ACE2), which is expressed in human airway epithelia, lung parenchyma, vascular endothelia, kidney cells, and small intestine cells 23-25.", "line": 97, "relation": "association"}
path(HP:kidney)	association	p(HGNC:DPP4)	{"annotations": {"PublicationStatus": {"Preprint": true}, "PublicationType": {"Review": true}, "Section": {"Full Text": true}, "Species": {"9606": true}}, "citation": {"authors": ["Bai WZ", "Hashikawa T", "Li YC"], "date": "2020-02-27", "db": "PubMed", "db_id": "32104915", "db_name": "Journal of medical virology", "first": "Li YC", "last": "Hashikawa T"}, "evidence": "Different from SARS-CoV, MERS-CoV enters human host cells mainly via dipeptidyl peptidase 4 (DPP4), which is present in the lower respiratory tract, kidney, small intestine, liver, and the cells of the immune system 26-27.", "line": 102, "relation": "association"}
path(HP:liver)	association	p(HGNC:DPP4)	{"annotations": {"PublicationStatus": {"Preprint": true}, "PublicationType": {"Review": true}, "Section": {"Full Text": true}, "Species": {"9606": true}}, "citation": {"authors": ["Bai WZ", "Hashikawa T", "Li YC"], "date": "2020-02-27", "db": "PubMed", "db_id": "32104915", "db_name": "Journal of medical virology", "first": "Li YC", "last": "Hashikawa T"}, "evidence": "Different from SARS-CoV, MERS-CoV enters human host cells mainly via dipeptidyl peptidase 4 (DPP4), which is present in the lower respiratory tract, kidney, small intestine, liver, and the cells of the immune system 26-27.", "line": 104, "relation": "association"}
