a(FIXME:"Ground-glass opacity (GGO)")	positiveCorrelation	path(MESH:Death)	{"citation": {"authors": ["Byrareddy SN", "Rothan HA"], "date": "2020-02-26", "db": "PubMed", "db_id": "32113704", "db_name": "Journal of autoimmunity", "first": "Rothan HA", "last": "Byrareddy SN", "pages": "102433"}, "evidence": "Clinical features revealed by a chest CT scan presented as pneumonia, however, there were abnormal features such as RNAaemia, acute respiratory distress syndrome, acute cardiac injury, and incidence of grand-glass opacities that led to death [6].", "line": 92, "relation": "positiveCorrelation"}
a(FIXME:"Ground-glass opacity (GGO)")	positiveCorrelation	bp(GOBP:"inflammatory response")	{"annotations": {"Anatomy": {"pleural cavity": true}}, "citation": {"authors": ["Byrareddy SN", "Rothan HA"], "date": "2020-02-26", "db": "PubMed", "db_id": "32113704", "db_name": "Journal of autoimmunity", "first": "Rothan HA", "last": "Byrareddy SN", "pages": "102433"}, "evidence": "In some cases, the multiple peripheral ground-glass opacities were observed in subpleural regions of both lungs [14] that likely induced both systemic and localized immune response that led to increased inflammation.", "line": 96, "relation": "positiveCorrelation"}
a(MESH:Cytokines)	positiveCorrelation	path(DO:"COVID-19")	{"annotations": {"Anatomy": {"blood plasma": true}}, "citation": {"authors": ["Byrareddy SN", "Rothan HA"], "date": "2020-02-26", "db": "PubMed", "db_id": "32113704", "db_name": "Journal of autoimmunity", "first": "Rothan HA", "last": "Byrareddy SN", "pages": "102433"}, "evidence": "Patients infected with COVID-19 showed higher leukocyte numbers, abnormal respiratory findings, and increased levels of plasma pro-inflammatory cytokines.", "line": 101, "relation": "positiveCorrelation"}
bp(GOBP:"inflammatory response")	positiveCorrelation	a(FIXME:"Ground-glass opacity (GGO)")	{"annotations": {"Anatomy": {"pleural cavity": true}}, "citation": {"authors": ["Byrareddy SN", "Rothan HA"], "date": "2020-02-26", "db": "PubMed", "db_id": "32113704", "db_name": "Journal of autoimmunity", "first": "Rothan HA", "last": "Byrareddy SN", "pages": "102433"}, "evidence": "In some cases, the multiple peripheral ground-glass opacities were observed in subpleural regions of both lungs [14] that likely induced both systemic and localized immune response that led to increased inflammation.", "line": 96, "relation": "positiveCorrelation"}
composite(p(HGNC:ACE2), p(NCBIGENE:43740568))	increases	bp(GOBP:"viral entry into host cell")	{"citation": {"authors": ["Byrareddy SN", "Rothan HA"], "date": "2020-02-26", "db": "PubMed", "db_id": "32113704", "db_name": "Journal of autoimmunity", "first": "Rothan HA", "last": "Byrareddy SN", "pages": "102433"}, "evidence": "Importantly, the sequence of the receptor-binding domain of COVID-19 spikes is similar to that of SARS-CoV. This data strongly suggests that entry into the host cells is most likely via the ACE2 receptor [20].", "line": 135, "relation": "increases"}
p(HGNC:ACE2)	partOf	composite(p(HGNC:ACE2), p(NCBIGENE:43740568))	{"relation": "partOf"}
p(NCBIGENE:43740568)	partOf	composite(p(HGNC:ACE2), p(NCBIGENE:43740568))	{"relation": "partOf"}
p(HGNC:CCL2)	positiveCorrelation	path(DO:"COVID-19")	{"annotations": {"Anatomy": {"blood plasma": true}}, "citation": {"authors": ["Byrareddy SN", "Rothan HA"], "date": "2020-02-26", "db": "PubMed", "db_id": "32113704", "db_name": "Journal of autoimmunity", "first": "Rothan HA", "last": "Byrareddy SN", "pages": "102433"}, "evidence": "Significantly high blood levels of cytokines and chemokines were noted in patients with COVID-19 infection that included IL1-\u03b2, IL1RA, IL7, IL8, IL9, IL10, basic FGF2, GCSF, GMCSF, IFN\u03b3, IP10, MCP1, MIP1\u03b1, MIP1\u03b2, PDGFB, TNF\u03b1, and VEGFA. Some of the severe cases that were admitted to the intensive care unit showed high levels of pro-inflammatory cytokines including IL2, IL7, IL10, GCSF, IP10, MCP1, MIP1\u03b1, and TNF\u03b1 that are reasoned to promote disease severity [6].", "line": 123, "relation": "positiveCorrelation"}
p(HGNC:CCL3)	positiveCorrelation	path(DO:"COVID-19")	{"annotations": {"Anatomy": {"blood plasma": true}}, "citation": {"authors": ["Byrareddy SN", "Rothan HA"], "date": "2020-02-26", "db": "PubMed", "db_id": "32113704", "db_name": "Journal of autoimmunity", "first": "Rothan HA", "last": "Byrareddy SN", "pages": "102433"}, "evidence": "Significantly high blood levels of cytokines and chemokines were noted in patients with COVID-19 infection that included IL1-\u03b2, IL1RA, IL7, IL8, IL9, IL10, basic FGF2, GCSF, GMCSF, IFN\u03b3, IP10, MCP1, MIP1\u03b1, MIP1\u03b2, PDGFB, TNF\u03b1, and VEGFA. Some of the severe cases that were admitted to the intensive care unit showed high levels of pro-inflammatory cytokines including IL2, IL7, IL10, GCSF, IP10, MCP1, MIP1\u03b1, and TNF\u03b1 that are reasoned to promote disease severity [6].", "line": 125, "relation": "positiveCorrelation"}
p(HGNC:CSF3)	positiveCorrelation	path(DO:"COVID-19")	{"annotations": {"Anatomy": {"blood plasma": true}}, "citation": {"authors": ["Byrareddy SN", "Rothan HA"], "date": "2020-02-26", "db": "PubMed", "db_id": "32113704", "db_name": "Journal of autoimmunity", "first": "Rothan HA", "last": "Byrareddy SN", "pages": "102433"}, "evidence": "Significantly high blood levels of cytokines and chemokines were noted in patients with COVID-19 infection that included IL1-\u03b2, IL1RA, IL7, IL8, IL9, IL10, basic FGF2, GCSF, GMCSF, IFN\u03b3, IP10, MCP1, MIP1\u03b1, MIP1\u03b2, PDGFB, TNF\u03b1, and VEGFA. Some of the severe cases that were admitted to the intensive care unit showed high levels of pro-inflammatory cytokines including IL2, IL7, IL10, GCSF, IP10, MCP1, MIP1\u03b1, and TNF\u03b1 that are reasoned to promote disease severity [6].", "line": 117, "relation": "positiveCorrelation"}
p(HGNC:CXCL10)	positiveCorrelation	path(DO:"COVID-19")	{"annotations": {"Anatomy": {"blood plasma": true}}, "citation": {"authors": ["Byrareddy SN", "Rothan HA"], "date": "2020-02-26", "db": "PubMed", "db_id": "32113704", "db_name": "Journal of autoimmunity", "first": "Rothan HA", "last": "Byrareddy SN", "pages": "102433"}, "evidence": "Significantly high blood levels of cytokines and chemokines were noted in patients with COVID-19 infection that included IL1-\u03b2, IL1RA, IL7, IL8, IL9, IL10, basic FGF2, GCSF, GMCSF, IFN\u03b3, IP10, MCP1, MIP1\u03b1, MIP1\u03b2, PDGFB, TNF\u03b1, and VEGFA. Some of the severe cases that were admitted to the intensive care unit showed high levels of pro-inflammatory cytokines including IL2, IL7, IL10, GCSF, IP10, MCP1, MIP1\u03b1, and TNF\u03b1 that are reasoned to promote disease severity [6].", "line": 121, "relation": "positiveCorrelation"}
p(HGNC:IL10)	positiveCorrelation	path(DO:"COVID-19")	{"annotations": {"Anatomy": {"blood plasma": true}}, "citation": {"authors": ["Byrareddy SN", "Rothan HA"], "date": "2020-02-26", "db": "PubMed", "db_id": "32113704", "db_name": "Journal of autoimmunity", "first": "Rothan HA", "last": "Byrareddy SN", "pages": "102433"}, "evidence": "Significantly high blood levels of cytokines and chemokines were noted in patients with COVID-19 infection that included IL1-\u03b2, IL1RA, IL7, IL8, IL9, IL10, basic FGF2, GCSF, GMCSF, IFN\u03b3, IP10, MCP1, MIP1\u03b1, MIP1\u03b2, PDGFB, TNF\u03b1, and VEGFA. Some of the severe cases that were admitted to the intensive care unit showed high levels of pro-inflammatory cytokines including IL2, IL7, IL10, GCSF, IP10, MCP1, MIP1\u03b1, and TNF\u03b1 that are reasoned to promote disease severity [6].", "line": 114, "relation": "positiveCorrelation"}
p(HGNC:IL2)	positiveCorrelation	path(DO:"COVID-19")	{"annotations": {"Anatomy": {"blood plasma": true}}, "citation": {"authors": ["Byrareddy SN", "Rothan HA"], "date": "2020-02-26", "db": "PubMed", "db_id": "32113704", "db_name": "Journal of autoimmunity", "first": "Rothan HA", "last": "Byrareddy SN", "pages": "102433"}, "evidence": "Significantly high blood levels of cytokines and chemokines were noted in patients with COVID-19 infection that included IL1-\u03b2, IL1RA, IL7, IL8, IL9, IL10, basic FGF2, GCSF, GMCSF, IFN\u03b3, IP10, MCP1, MIP1\u03b1, MIP1\u03b2, PDGFB, TNF\u03b1, and VEGFA. Some of the severe cases that were admitted to the intensive care unit showed high levels of pro-inflammatory cytokines including IL2, IL7, IL10, GCSF, IP10, MCP1, MIP1\u03b1, and TNF\u03b1 that are reasoned to promote disease severity [6].", "line": 131, "relation": "positiveCorrelation"}
p(HGNC:IL7)	positiveCorrelation	path(DO:"COVID-19")	{"annotations": {"Anatomy": {"blood plasma": true}}, "citation": {"authors": ["Byrareddy SN", "Rothan HA"], "date": "2020-02-26", "db": "PubMed", "db_id": "32113704", "db_name": "Journal of autoimmunity", "first": "Rothan HA", "last": "Byrareddy SN", "pages": "102433"}, "evidence": "Significantly high blood levels of cytokines and chemokines were noted in patients with COVID-19 infection that included IL1-\u03b2, IL1RA, IL7, IL8, IL9, IL10, basic FGF2, GCSF, GMCSF, IFN\u03b3, IP10, MCP1, MIP1\u03b1, MIP1\u03b2, PDGFB, TNF\u03b1, and VEGFA. Some of the severe cases that were admitted to the intensive care unit showed high levels of pro-inflammatory cytokines including IL2, IL7, IL10, GCSF, IP10, MCP1, MIP1\u03b1, and TNF\u03b1 that are reasoned to promote disease severity [6].", "line": 110, "relation": "positiveCorrelation"}
p(HGNC:TNF)	positiveCorrelation	path(DO:"COVID-19")	{"annotations": {"Anatomy": {"blood plasma": true}}, "citation": {"authors": ["Byrareddy SN", "Rothan HA"], "date": "2020-02-26", "db": "PubMed", "db_id": "32113704", "db_name": "Journal of autoimmunity", "first": "Rothan HA", "last": "Byrareddy SN", "pages": "102433"}, "evidence": "Significantly high blood levels of cytokines and chemokines were noted in patients with COVID-19 infection that included IL1-\u03b2, IL1RA, IL7, IL8, IL9, IL10, basic FGF2, GCSF, GMCSF, IFN\u03b3, IP10, MCP1, MIP1\u03b1, MIP1\u03b2, PDGFB, TNF\u03b1, and VEGFA. Some of the severe cases that were admitted to the intensive care unit showed high levels of pro-inflammatory cytokines including IL2, IL7, IL10, GCSF, IP10, MCP1, MIP1\u03b1, and TNF\u03b1 that are reasoned to promote disease severity [6].", "line": 129, "relation": "positiveCorrelation"}
path(DO:"COVID-19")	positiveCorrelation	path(MESHD:Hemoptysis)	{"citation": {"authors": ["Byrareddy SN", "Rothan HA"], "date": "2020-02-26", "db": "PubMed", "db_id": "32113704", "db_name": "Journal of autoimmunity", "first": "Rothan HA", "last": "Byrareddy SN", "pages": "102433"}, "evidence": "The most common symptoms at onset of COVID-19 illness are fever, cough, and fatigue, while other symptoms include sputum production, headache, haemoptysis, diarrhoea, dyspnoea, and lymphopenia [5,6,8,13].", "line": 86, "relation": "positiveCorrelation"}
path(DO:"COVID-19")	positiveCorrelation	path(DO:lymphopenia)	{"citation": {"authors": ["Byrareddy SN", "Rothan HA"], "date": "2020-02-26", "db": "PubMed", "db_id": "32113704", "db_name": "Journal of autoimmunity", "first": "Rothan HA", "last": "Byrareddy SN", "pages": "102433"}, "evidence": "The most common symptoms at onset of COVID-19 illness are fever, cough, and fatigue, while other symptoms include sputum production, headache, haemoptysis, diarrhoea, dyspnoea, and lymphopenia [5,6,8,13].", "line": 87, "relation": "positiveCorrelation"}
path(DO:"COVID-19")	positiveCorrelation	a(MESH:Cytokines)	{"annotations": {"Anatomy": {"blood plasma": true}}, "citation": {"authors": ["Byrareddy SN", "Rothan HA"], "date": "2020-02-26", "db": "PubMed", "db_id": "32113704", "db_name": "Journal of autoimmunity", "first": "Rothan HA", "last": "Byrareddy SN", "pages": "102433"}, "evidence": "Patients infected with COVID-19 showed higher leukocyte numbers, abnormal respiratory findings, and increased levels of plasma pro-inflammatory cytokines.", "line": 101, "relation": "positiveCorrelation"}
path(DO:"COVID-19")	increases	p(HGNC:IL1B)	{"annotations": {"Anatomy": {"blood plasma": true}}, "citation": {"authors": ["Byrareddy SN", "Rothan HA"], "date": "2020-02-26", "db": "PubMed", "db_id": "32113704", "db_name": "Journal of autoimmunity", "first": "Rothan HA", "last": "Byrareddy SN", "pages": "102433"}, "evidence": "Significantly high blood levels of cytokines and chemokines were noted in patients with COVID-19 infection that included IL1-\u03b2, IL1RA, IL7, IL8, IL9, IL10, basic FGF2, GCSF, GMCSF, IFN\u03b3, IP10, MCP1, MIP1\u03b1, MIP1\u03b2, PDGFB, TNF\u03b1, and VEGFA. Some of the severe cases that were admitted to the intensive care unit showed high levels of pro-inflammatory cytokines including IL2, IL7, IL10, GCSF, IP10, MCP1, MIP1\u03b1, and TNF\u03b1 that are reasoned to promote disease severity [6].", "line": 107, "relation": "increases"}
path(DO:"COVID-19")	increases	p(HGNC:IL1R1)	{"annotations": {"Anatomy": {"blood plasma": true}}, "citation": {"authors": ["Byrareddy SN", "Rothan HA"], "date": "2020-02-26", "db": "PubMed", "db_id": "32113704", "db_name": "Journal of autoimmunity", "first": "Rothan HA", "last": "Byrareddy SN", "pages": "102433"}, "evidence": "Significantly high blood levels of cytokines and chemokines were noted in patients with COVID-19 infection that included IL1-\u03b2, IL1RA, IL7, IL8, IL9, IL10, basic FGF2, GCSF, GMCSF, IFN\u03b3, IP10, MCP1, MIP1\u03b1, MIP1\u03b2, PDGFB, TNF\u03b1, and VEGFA. Some of the severe cases that were admitted to the intensive care unit showed high levels of pro-inflammatory cytokines including IL2, IL7, IL10, GCSF, IP10, MCP1, MIP1\u03b1, and TNF\u03b1 that are reasoned to promote disease severity [6].", "line": 108, "relation": "increases"}
path(DO:"COVID-19")	increases	p(HGNC:IL7)	{"annotations": {"Anatomy": {"blood plasma": true}}, "citation": {"authors": ["Byrareddy SN", "Rothan HA"], "date": "2020-02-26", "db": "PubMed", "db_id": "32113704", "db_name": "Journal of autoimmunity", "first": "Rothan HA", "last": "Byrareddy SN", "pages": "102433"}, "evidence": "Significantly high blood levels of cytokines and chemokines were noted in patients with COVID-19 infection that included IL1-\u03b2, IL1RA, IL7, IL8, IL9, IL10, basic FGF2, GCSF, GMCSF, IFN\u03b3, IP10, MCP1, MIP1\u03b1, MIP1\u03b2, PDGFB, TNF\u03b1, and VEGFA. Some of the severe cases that were admitted to the intensive care unit showed high levels of pro-inflammatory cytokines including IL2, IL7, IL10, GCSF, IP10, MCP1, MIP1\u03b1, and TNF\u03b1 that are reasoned to promote disease severity [6].", "line": 109, "relation": "increases"}
path(DO:"COVID-19")	positiveCorrelation	p(HGNC:IL7)	{"annotations": {"Anatomy": {"blood plasma": true}}, "citation": {"authors": ["Byrareddy SN", "Rothan HA"], "date": "2020-02-26", "db": "PubMed", "db_id": "32113704", "db_name": "Journal of autoimmunity", "first": "Rothan HA", "last": "Byrareddy SN", "pages": "102433"}, "evidence": "Significantly high blood levels of cytokines and chemokines were noted in patients with COVID-19 infection that included IL1-\u03b2, IL1RA, IL7, IL8, IL9, IL10, basic FGF2, GCSF, GMCSF, IFN\u03b3, IP10, MCP1, MIP1\u03b1, MIP1\u03b2, PDGFB, TNF\u03b1, and VEGFA. Some of the severe cases that were admitted to the intensive care unit showed high levels of pro-inflammatory cytokines including IL2, IL7, IL10, GCSF, IP10, MCP1, MIP1\u03b1, and TNF\u03b1 that are reasoned to promote disease severity [6].", "line": 110, "relation": "positiveCorrelation"}
path(DO:"COVID-19")	increases	p(HGNC:CXCL8)	{"annotations": {"Anatomy": {"blood plasma": true}}, "citation": {"authors": ["Byrareddy SN", "Rothan HA"], "date": "2020-02-26", "db": "PubMed", "db_id": "32113704", "db_name": "Journal of autoimmunity", "first": "Rothan HA", "last": "Byrareddy SN", "pages": "102433"}, "evidence": "Significantly high blood levels of cytokines and chemokines were noted in patients with COVID-19 infection that included IL1-\u03b2, IL1RA, IL7, IL8, IL9, IL10, basic FGF2, GCSF, GMCSF, IFN\u03b3, IP10, MCP1, MIP1\u03b1, MIP1\u03b2, PDGFB, TNF\u03b1, and VEGFA. Some of the severe cases that were admitted to the intensive care unit showed high levels of pro-inflammatory cytokines including IL2, IL7, IL10, GCSF, IP10, MCP1, MIP1\u03b1, and TNF\u03b1 that are reasoned to promote disease severity [6].", "line": 111, "relation": "increases"}
path(DO:"COVID-19")	increases	p(HGNC:IL9)	{"annotations": {"Anatomy": {"blood plasma": true}}, "citation": {"authors": ["Byrareddy SN", "Rothan HA"], "date": "2020-02-26", "db": "PubMed", "db_id": "32113704", "db_name": "Journal of autoimmunity", "first": "Rothan HA", "last": "Byrareddy SN", "pages": "102433"}, "evidence": "Significantly high blood levels of cytokines and chemokines were noted in patients with COVID-19 infection that included IL1-\u03b2, IL1RA, IL7, IL8, IL9, IL10, basic FGF2, GCSF, GMCSF, IFN\u03b3, IP10, MCP1, MIP1\u03b1, MIP1\u03b2, PDGFB, TNF\u03b1, and VEGFA. Some of the severe cases that were admitted to the intensive care unit showed high levels of pro-inflammatory cytokines including IL2, IL7, IL10, GCSF, IP10, MCP1, MIP1\u03b1, and TNF\u03b1 that are reasoned to promote disease severity [6].", "line": 112, "relation": "increases"}
path(DO:"COVID-19")	increases	p(HGNC:IL10)	{"annotations": {"Anatomy": {"blood plasma": true}}, "citation": {"authors": ["Byrareddy SN", "Rothan HA"], "date": "2020-02-26", "db": "PubMed", "db_id": "32113704", "db_name": "Journal of autoimmunity", "first": "Rothan HA", "last": "Byrareddy SN", "pages": "102433"}, "evidence": "Significantly high blood levels of cytokines and chemokines were noted in patients with COVID-19 infection that included IL1-\u03b2, IL1RA, IL7, IL8, IL9, IL10, basic FGF2, GCSF, GMCSF, IFN\u03b3, IP10, MCP1, MIP1\u03b1, MIP1\u03b2, PDGFB, TNF\u03b1, and VEGFA. Some of the severe cases that were admitted to the intensive care unit showed high levels of pro-inflammatory cytokines including IL2, IL7, IL10, GCSF, IP10, MCP1, MIP1\u03b1, and TNF\u03b1 that are reasoned to promote disease severity [6].", "line": 113, "relation": "increases"}
path(DO:"COVID-19")	positiveCorrelation	p(HGNC:IL10)	{"annotations": {"Anatomy": {"blood plasma": true}}, "citation": {"authors": ["Byrareddy SN", "Rothan HA"], "date": "2020-02-26", "db": "PubMed", "db_id": "32113704", "db_name": "Journal of autoimmunity", "first": "Rothan HA", "last": "Byrareddy SN", "pages": "102433"}, "evidence": "Significantly high blood levels of cytokines and chemokines were noted in patients with COVID-19 infection that included IL1-\u03b2, IL1RA, IL7, IL8, IL9, IL10, basic FGF2, GCSF, GMCSF, IFN\u03b3, IP10, MCP1, MIP1\u03b1, MIP1\u03b2, PDGFB, TNF\u03b1, and VEGFA. Some of the severe cases that were admitted to the intensive care unit showed high levels of pro-inflammatory cytokines including IL2, IL7, IL10, GCSF, IP10, MCP1, MIP1\u03b1, and TNF\u03b1 that are reasoned to promote disease severity [6].", "line": 114, "relation": "positiveCorrelation"}
path(DO:"COVID-19")	increases	p(HGNC:FGF2)	{"annotations": {"Anatomy": {"blood plasma": true}}, "citation": {"authors": ["Byrareddy SN", "Rothan HA"], "date": "2020-02-26", "db": "PubMed", "db_id": "32113704", "db_name": "Journal of autoimmunity", "first": "Rothan HA", "last": "Byrareddy SN", "pages": "102433"}, "evidence": "Significantly high blood levels of cytokines and chemokines were noted in patients with COVID-19 infection that included IL1-\u03b2, IL1RA, IL7, IL8, IL9, IL10, basic FGF2, GCSF, GMCSF, IFN\u03b3, IP10, MCP1, MIP1\u03b1, MIP1\u03b2, PDGFB, TNF\u03b1, and VEGFA. Some of the severe cases that were admitted to the intensive care unit showed high levels of pro-inflammatory cytokines including IL2, IL7, IL10, GCSF, IP10, MCP1, MIP1\u03b1, and TNF\u03b1 that are reasoned to promote disease severity [6].", "line": 115, "relation": "increases"}
path(DO:"COVID-19")	increases	p(HGNC:CSF3)	{"annotations": {"Anatomy": {"blood plasma": true}}, "citation": {"authors": ["Byrareddy SN", "Rothan HA"], "date": "2020-02-26", "db": "PubMed", "db_id": "32113704", "db_name": "Journal of autoimmunity", "first": "Rothan HA", "last": "Byrareddy SN", "pages": "102433"}, "evidence": "Significantly high blood levels of cytokines and chemokines were noted in patients with COVID-19 infection that included IL1-\u03b2, IL1RA, IL7, IL8, IL9, IL10, basic FGF2, GCSF, GMCSF, IFN\u03b3, IP10, MCP1, MIP1\u03b1, MIP1\u03b2, PDGFB, TNF\u03b1, and VEGFA. Some of the severe cases that were admitted to the intensive care unit showed high levels of pro-inflammatory cytokines including IL2, IL7, IL10, GCSF, IP10, MCP1, MIP1\u03b1, and TNF\u03b1 that are reasoned to promote disease severity [6].", "line": 116, "relation": "increases"}
path(DO:"COVID-19")	positiveCorrelation	p(HGNC:CSF3)	{"annotations": {"Anatomy": {"blood plasma": true}}, "citation": {"authors": ["Byrareddy SN", "Rothan HA"], "date": "2020-02-26", "db": "PubMed", "db_id": "32113704", "db_name": "Journal of autoimmunity", "first": "Rothan HA", "last": "Byrareddy SN", "pages": "102433"}, "evidence": "Significantly high blood levels of cytokines and chemokines were noted in patients with COVID-19 infection that included IL1-\u03b2, IL1RA, IL7, IL8, IL9, IL10, basic FGF2, GCSF, GMCSF, IFN\u03b3, IP10, MCP1, MIP1\u03b1, MIP1\u03b2, PDGFB, TNF\u03b1, and VEGFA. Some of the severe cases that were admitted to the intensive care unit showed high levels of pro-inflammatory cytokines including IL2, IL7, IL10, GCSF, IP10, MCP1, MIP1\u03b1, and TNF\u03b1 that are reasoned to promote disease severity [6].", "line": 117, "relation": "positiveCorrelation"}
path(DO:"COVID-19")	increases	p(HGNC:CSF2)	{"annotations": {"Anatomy": {"blood plasma": true}}, "citation": {"authors": ["Byrareddy SN", "Rothan HA"], "date": "2020-02-26", "db": "PubMed", "db_id": "32113704", "db_name": "Journal of autoimmunity", "first": "Rothan HA", "last": "Byrareddy SN", "pages": "102433"}, "evidence": "Significantly high blood levels of cytokines and chemokines were noted in patients with COVID-19 infection that included IL1-\u03b2, IL1RA, IL7, IL8, IL9, IL10, basic FGF2, GCSF, GMCSF, IFN\u03b3, IP10, MCP1, MIP1\u03b1, MIP1\u03b2, PDGFB, TNF\u03b1, and VEGFA. Some of the severe cases that were admitted to the intensive care unit showed high levels of pro-inflammatory cytokines including IL2, IL7, IL10, GCSF, IP10, MCP1, MIP1\u03b1, and TNF\u03b1 that are reasoned to promote disease severity [6].", "line": 118, "relation": "increases"}
path(DO:"COVID-19")	increases	p(HGNC:IFNG)	{"annotations": {"Anatomy": {"blood plasma": true}}, "citation": {"authors": ["Byrareddy SN", "Rothan HA"], "date": "2020-02-26", "db": "PubMed", "db_id": "32113704", "db_name": "Journal of autoimmunity", "first": "Rothan HA", "last": "Byrareddy SN", "pages": "102433"}, "evidence": "Significantly high blood levels of cytokines and chemokines were noted in patients with COVID-19 infection that included IL1-\u03b2, IL1RA, IL7, IL8, IL9, IL10, basic FGF2, GCSF, GMCSF, IFN\u03b3, IP10, MCP1, MIP1\u03b1, MIP1\u03b2, PDGFB, TNF\u03b1, and VEGFA. Some of the severe cases that were admitted to the intensive care unit showed high levels of pro-inflammatory cytokines including IL2, IL7, IL10, GCSF, IP10, MCP1, MIP1\u03b1, and TNF\u03b1 that are reasoned to promote disease severity [6].", "line": 119, "relation": "increases"}
path(DO:"COVID-19")	increases	p(HGNC:CXCL10)	{"annotations": {"Anatomy": {"blood plasma": true}}, "citation": {"authors": ["Byrareddy SN", "Rothan HA"], "date": "2020-02-26", "db": "PubMed", "db_id": "32113704", "db_name": "Journal of autoimmunity", "first": "Rothan HA", "last": "Byrareddy SN", "pages": "102433"}, "evidence": "Significantly high blood levels of cytokines and chemokines were noted in patients with COVID-19 infection that included IL1-\u03b2, IL1RA, IL7, IL8, IL9, IL10, basic FGF2, GCSF, GMCSF, IFN\u03b3, IP10, MCP1, MIP1\u03b1, MIP1\u03b2, PDGFB, TNF\u03b1, and VEGFA. Some of the severe cases that were admitted to the intensive care unit showed high levels of pro-inflammatory cytokines including IL2, IL7, IL10, GCSF, IP10, MCP1, MIP1\u03b1, and TNF\u03b1 that are reasoned to promote disease severity [6].", "line": 120, "relation": "increases"}
path(DO:"COVID-19")	positiveCorrelation	p(HGNC:CXCL10)	{"annotations": {"Anatomy": {"blood plasma": true}}, "citation": {"authors": ["Byrareddy SN", "Rothan HA"], "date": "2020-02-26", "db": "PubMed", "db_id": "32113704", "db_name": "Journal of autoimmunity", "first": "Rothan HA", "last": "Byrareddy SN", "pages": "102433"}, "evidence": "Significantly high blood levels of cytokines and chemokines were noted in patients with COVID-19 infection that included IL1-\u03b2, IL1RA, IL7, IL8, IL9, IL10, basic FGF2, GCSF, GMCSF, IFN\u03b3, IP10, MCP1, MIP1\u03b1, MIP1\u03b2, PDGFB, TNF\u03b1, and VEGFA. Some of the severe cases that were admitted to the intensive care unit showed high levels of pro-inflammatory cytokines including IL2, IL7, IL10, GCSF, IP10, MCP1, MIP1\u03b1, and TNF\u03b1 that are reasoned to promote disease severity [6].", "line": 121, "relation": "positiveCorrelation"}
path(DO:"COVID-19")	increases	p(HGNC:CCL2)	{"annotations": {"Anatomy": {"blood plasma": true}}, "citation": {"authors": ["Byrareddy SN", "Rothan HA"], "date": "2020-02-26", "db": "PubMed", "db_id": "32113704", "db_name": "Journal of autoimmunity", "first": "Rothan HA", "last": "Byrareddy SN", "pages": "102433"}, "evidence": "Significantly high blood levels of cytokines and chemokines were noted in patients with COVID-19 infection that included IL1-\u03b2, IL1RA, IL7, IL8, IL9, IL10, basic FGF2, GCSF, GMCSF, IFN\u03b3, IP10, MCP1, MIP1\u03b1, MIP1\u03b2, PDGFB, TNF\u03b1, and VEGFA. Some of the severe cases that were admitted to the intensive care unit showed high levels of pro-inflammatory cytokines including IL2, IL7, IL10, GCSF, IP10, MCP1, MIP1\u03b1, and TNF\u03b1 that are reasoned to promote disease severity [6].", "line": 122, "relation": "increases"}
path(DO:"COVID-19")	positiveCorrelation	p(HGNC:CCL2)	{"annotations": {"Anatomy": {"blood plasma": true}}, "citation": {"authors": ["Byrareddy SN", "Rothan HA"], "date": "2020-02-26", "db": "PubMed", "db_id": "32113704", "db_name": "Journal of autoimmunity", "first": "Rothan HA", "last": "Byrareddy SN", "pages": "102433"}, "evidence": "Significantly high blood levels of cytokines and chemokines were noted in patients with COVID-19 infection that included IL1-\u03b2, IL1RA, IL7, IL8, IL9, IL10, basic FGF2, GCSF, GMCSF, IFN\u03b3, IP10, MCP1, MIP1\u03b1, MIP1\u03b2, PDGFB, TNF\u03b1, and VEGFA. Some of the severe cases that were admitted to the intensive care unit showed high levels of pro-inflammatory cytokines including IL2, IL7, IL10, GCSF, IP10, MCP1, MIP1\u03b1, and TNF\u03b1 that are reasoned to promote disease severity [6].", "line": 123, "relation": "positiveCorrelation"}
path(DO:"COVID-19")	increases	p(HGNC:CCL3)	{"annotations": {"Anatomy": {"blood plasma": true}}, "citation": {"authors": ["Byrareddy SN", "Rothan HA"], "date": "2020-02-26", "db": "PubMed", "db_id": "32113704", "db_name": "Journal of autoimmunity", "first": "Rothan HA", "last": "Byrareddy SN", "pages": "102433"}, "evidence": "Significantly high blood levels of cytokines and chemokines were noted in patients with COVID-19 infection that included IL1-\u03b2, IL1RA, IL7, IL8, IL9, IL10, basic FGF2, GCSF, GMCSF, IFN\u03b3, IP10, MCP1, MIP1\u03b1, MIP1\u03b2, PDGFB, TNF\u03b1, and VEGFA. Some of the severe cases that were admitted to the intensive care unit showed high levels of pro-inflammatory cytokines including IL2, IL7, IL10, GCSF, IP10, MCP1, MIP1\u03b1, and TNF\u03b1 that are reasoned to promote disease severity [6].", "line": 124, "relation": "increases"}
path(DO:"COVID-19")	positiveCorrelation	p(HGNC:CCL3)	{"annotations": {"Anatomy": {"blood plasma": true}}, "citation": {"authors": ["Byrareddy SN", "Rothan HA"], "date": "2020-02-26", "db": "PubMed", "db_id": "32113704", "db_name": "Journal of autoimmunity", "first": "Rothan HA", "last": "Byrareddy SN", "pages": "102433"}, "evidence": "Significantly high blood levels of cytokines and chemokines were noted in patients with COVID-19 infection that included IL1-\u03b2, IL1RA, IL7, IL8, IL9, IL10, basic FGF2, GCSF, GMCSF, IFN\u03b3, IP10, MCP1, MIP1\u03b1, MIP1\u03b2, PDGFB, TNF\u03b1, and VEGFA. Some of the severe cases that were admitted to the intensive care unit showed high levels of pro-inflammatory cytokines including IL2, IL7, IL10, GCSF, IP10, MCP1, MIP1\u03b1, and TNF\u03b1 that are reasoned to promote disease severity [6].", "line": 125, "relation": "positiveCorrelation"}
path(DO:"COVID-19")	increases	p(HGNC:CCL4)	{"annotations": {"Anatomy": {"blood plasma": true}}, "citation": {"authors": ["Byrareddy SN", "Rothan HA"], "date": "2020-02-26", "db": "PubMed", "db_id": "32113704", "db_name": "Journal of autoimmunity", "first": "Rothan HA", "last": "Byrareddy SN", "pages": "102433"}, "evidence": "Significantly high blood levels of cytokines and chemokines were noted in patients with COVID-19 infection that included IL1-\u03b2, IL1RA, IL7, IL8, IL9, IL10, basic FGF2, GCSF, GMCSF, IFN\u03b3, IP10, MCP1, MIP1\u03b1, MIP1\u03b2, PDGFB, TNF\u03b1, and VEGFA. Some of the severe cases that were admitted to the intensive care unit showed high levels of pro-inflammatory cytokines including IL2, IL7, IL10, GCSF, IP10, MCP1, MIP1\u03b1, and TNF\u03b1 that are reasoned to promote disease severity [6].", "line": 126, "relation": "increases"}
path(DO:"COVID-19")	increases	p(HGNC:PDGFB)	{"annotations": {"Anatomy": {"blood plasma": true}}, "citation": {"authors": ["Byrareddy SN", "Rothan HA"], "date": "2020-02-26", "db": "PubMed", "db_id": "32113704", "db_name": "Journal of autoimmunity", "first": "Rothan HA", "last": "Byrareddy SN", "pages": "102433"}, "evidence": "Significantly high blood levels of cytokines and chemokines were noted in patients with COVID-19 infection that included IL1-\u03b2, IL1RA, IL7, IL8, IL9, IL10, basic FGF2, GCSF, GMCSF, IFN\u03b3, IP10, MCP1, MIP1\u03b1, MIP1\u03b2, PDGFB, TNF\u03b1, and VEGFA. Some of the severe cases that were admitted to the intensive care unit showed high levels of pro-inflammatory cytokines including IL2, IL7, IL10, GCSF, IP10, MCP1, MIP1\u03b1, and TNF\u03b1 that are reasoned to promote disease severity [6].", "line": 127, "relation": "increases"}
path(DO:"COVID-19")	increases	p(HGNC:TNF)	{"annotations": {"Anatomy": {"blood plasma": true}}, "citation": {"authors": ["Byrareddy SN", "Rothan HA"], "date": "2020-02-26", "db": "PubMed", "db_id": "32113704", "db_name": "Journal of autoimmunity", "first": "Rothan HA", "last": "Byrareddy SN", "pages": "102433"}, "evidence": "Significantly high blood levels of cytokines and chemokines were noted in patients with COVID-19 infection that included IL1-\u03b2, IL1RA, IL7, IL8, IL9, IL10, basic FGF2, GCSF, GMCSF, IFN\u03b3, IP10, MCP1, MIP1\u03b1, MIP1\u03b2, PDGFB, TNF\u03b1, and VEGFA. Some of the severe cases that were admitted to the intensive care unit showed high levels of pro-inflammatory cytokines including IL2, IL7, IL10, GCSF, IP10, MCP1, MIP1\u03b1, and TNF\u03b1 that are reasoned to promote disease severity [6].", "line": 128, "relation": "increases"}
path(DO:"COVID-19")	positiveCorrelation	p(HGNC:TNF)	{"annotations": {"Anatomy": {"blood plasma": true}}, "citation": {"authors": ["Byrareddy SN", "Rothan HA"], "date": "2020-02-26", "db": "PubMed", "db_id": "32113704", "db_name": "Journal of autoimmunity", "first": "Rothan HA", "last": "Byrareddy SN", "pages": "102433"}, "evidence": "Significantly high blood levels of cytokines and chemokines were noted in patients with COVID-19 infection that included IL1-\u03b2, IL1RA, IL7, IL8, IL9, IL10, basic FGF2, GCSF, GMCSF, IFN\u03b3, IP10, MCP1, MIP1\u03b1, MIP1\u03b2, PDGFB, TNF\u03b1, and VEGFA. Some of the severe cases that were admitted to the intensive care unit showed high levels of pro-inflammatory cytokines including IL2, IL7, IL10, GCSF, IP10, MCP1, MIP1\u03b1, and TNF\u03b1 that are reasoned to promote disease severity [6].", "line": 129, "relation": "positiveCorrelation"}
path(DO:"COVID-19")	increases	p(HGNC:VEGFA)	{"annotations": {"Anatomy": {"blood plasma": true}}, "citation": {"authors": ["Byrareddy SN", "Rothan HA"], "date": "2020-02-26", "db": "PubMed", "db_id": "32113704", "db_name": "Journal of autoimmunity", "first": "Rothan HA", "last": "Byrareddy SN", "pages": "102433"}, "evidence": "Significantly high blood levels of cytokines and chemokines were noted in patients with COVID-19 infection that included IL1-\u03b2, IL1RA, IL7, IL8, IL9, IL10, basic FGF2, GCSF, GMCSF, IFN\u03b3, IP10, MCP1, MIP1\u03b1, MIP1\u03b2, PDGFB, TNF\u03b1, and VEGFA. Some of the severe cases that were admitted to the intensive care unit showed high levels of pro-inflammatory cytokines including IL2, IL7, IL10, GCSF, IP10, MCP1, MIP1\u03b1, and TNF\u03b1 that are reasoned to promote disease severity [6].", "line": 130, "relation": "increases"}
path(DO:"COVID-19")	positiveCorrelation	p(HGNC:IL2)	{"annotations": {"Anatomy": {"blood plasma": true}}, "citation": {"authors": ["Byrareddy SN", "Rothan HA"], "date": "2020-02-26", "db": "PubMed", "db_id": "32113704", "db_name": "Journal of autoimmunity", "first": "Rothan HA", "last": "Byrareddy SN", "pages": "102433"}, "evidence": "Significantly high blood levels of cytokines and chemokines were noted in patients with COVID-19 infection that included IL1-\u03b2, IL1RA, IL7, IL8, IL9, IL10, basic FGF2, GCSF, GMCSF, IFN\u03b3, IP10, MCP1, MIP1\u03b1, MIP1\u03b2, PDGFB, TNF\u03b1, and VEGFA. Some of the severe cases that were admitted to the intensive care unit showed high levels of pro-inflammatory cytokines including IL2, IL7, IL10, GCSF, IP10, MCP1, MIP1\u03b1, and TNF\u03b1 that are reasoned to promote disease severity [6].", "line": 131, "relation": "positiveCorrelation"}
path(DO:lymphopenia)	positiveCorrelation	path(DO:"COVID-19")	{"citation": {"authors": ["Byrareddy SN", "Rothan HA"], "date": "2020-02-26", "db": "PubMed", "db_id": "32113704", "db_name": "Journal of autoimmunity", "first": "Rothan HA", "last": "Byrareddy SN", "pages": "102433"}, "evidence": "The most common symptoms at onset of COVID-19 illness are fever, cough, and fatigue, while other symptoms include sputum production, headache, haemoptysis, diarrhoea, dyspnoea, and lymphopenia [5,6,8,13].", "line": 87, "relation": "positiveCorrelation"}
path(EFO:"acute respiratory distress syndrome")	positiveCorrelation	path(MESH:Death)	{"citation": {"authors": ["Byrareddy SN", "Rothan HA"], "date": "2020-02-26", "db": "PubMed", "db_id": "32113704", "db_name": "Journal of autoimmunity", "first": "Rothan HA", "last": "Byrareddy SN", "pages": "102433"}, "evidence": "Clinical features revealed by a chest CT scan presented as pneumonia, however, there were abnormal features such as RNAaemia, acute respiratory distress syndrome, acute cardiac injury, and incidence of grand-glass opacities that led to death [6].", "line": 91, "relation": "positiveCorrelation"}
path(FIXME:RNAaemia)	positiveCorrelation	path(MESH:Death)	{"citation": {"authors": ["Byrareddy SN", "Rothan HA"], "date": "2020-02-26", "db": "PubMed", "db_id": "32113704", "db_name": "Journal of autoimmunity", "first": "Rothan HA", "last": "Byrareddy SN", "pages": "102433"}, "evidence": "Clinical features revealed by a chest CT scan presented as pneumonia, however, there were abnormal features such as RNAaemia, acute respiratory distress syndrome, acute cardiac injury, and incidence of grand-glass opacities that led to death [6].", "line": 90, "relation": "positiveCorrelation"}
path(MESH:Death)	positiveCorrelation	path(FIXME:RNAaemia)	{"citation": {"authors": ["Byrareddy SN", "Rothan HA"], "date": "2020-02-26", "db": "PubMed", "db_id": "32113704", "db_name": "Journal of autoimmunity", "first": "Rothan HA", "last": "Byrareddy SN", "pages": "102433"}, "evidence": "Clinical features revealed by a chest CT scan presented as pneumonia, however, there were abnormal features such as RNAaemia, acute respiratory distress syndrome, acute cardiac injury, and incidence of grand-glass opacities that led to death [6].", "line": 90, "relation": "positiveCorrelation"}
path(MESH:Death)	positiveCorrelation	path(EFO:"acute respiratory distress syndrome")	{"citation": {"authors": ["Byrareddy SN", "Rothan HA"], "date": "2020-02-26", "db": "PubMed", "db_id": "32113704", "db_name": "Journal of autoimmunity", "first": "Rothan HA", "last": "Byrareddy SN", "pages": "102433"}, "evidence": "Clinical features revealed by a chest CT scan presented as pneumonia, however, there were abnormal features such as RNAaemia, acute respiratory distress syndrome, acute cardiac injury, and incidence of grand-glass opacities that led to death [6].", "line": 91, "relation": "positiveCorrelation"}
path(MESH:Death)	positiveCorrelation	a(FIXME:"Ground-glass opacity (GGO)")	{"citation": {"authors": ["Byrareddy SN", "Rothan HA"], "date": "2020-02-26", "db": "PubMed", "db_id": "32113704", "db_name": "Journal of autoimmunity", "first": "Rothan HA", "last": "Byrareddy SN", "pages": "102433"}, "evidence": "Clinical features revealed by a chest CT scan presented as pneumonia, however, there were abnormal features such as RNAaemia, acute respiratory distress syndrome, acute cardiac injury, and incidence of grand-glass opacities that led to death [6].", "line": 92, "relation": "positiveCorrelation"}
path(MESHD:Hemoptysis)	positiveCorrelation	path(DO:"COVID-19")	{"citation": {"authors": ["Byrareddy SN", "Rothan HA"], "date": "2020-02-26", "db": "PubMed", "db_id": "32113704", "db_name": "Journal of autoimmunity", "first": "Rothan HA", "last": "Byrareddy SN", "pages": "102433"}, "evidence": "The most common symptoms at onset of COVID-19 illness are fever, cough, and fatigue, while other symptoms include sputum production, headache, haemoptysis, diarrhoea, dyspnoea, and lymphopenia [5,6,8,13].", "line": 86, "relation": "positiveCorrelation"}
