a(CHEBI:lopinavir)	partOf	composite(a(CHEBI:lopinavir), a(DRUGBANK:DB11817))	{"relation": "partOf"}
a(CHEBI:lopinavir)	decreases	path(DO:"COVID-19")	{"annotations": {"Custom_Disease": {"COVID-19": true}, "PublicationStatus": {"Published": true}, "PublicationType": {"Commnent": true}, "Section": {"Results": true}, "Species": {"9606": true}}, "citation": {"authors": ["Griffin I", "Oechsle O", "Phelan A", "Richardson P", "Smith D", "Stebbing J", "Tucker C"], "date": "2020-04-01", "db": "PubMed", "db_id": "32113509", "db_name": "The Lancet. Infectious diseases", "first": "Stebbing J", "last": "Richardson P", "pages": "400-402", "volume": "20"}, "evidence": "Furthermore, there is the potential for combining baricitinib with the directacting antivirals (lopinavir or ritonavir and 121304016) currently being used in the COVID-19 outbreak, since it has a minimal interaction with the relevant CYP drugmetabolising enzymes.Combinations of baricitinib with these direct-acting antivirals could reduce viral infectivity, viral replication, and the aberrant host inflammatory response.", "line": 103, "relation": "decreases"}
a(CHEBI:ritonavir)	partOf	composite(a(CHEBI:ritonavir), a(DRUGBANK:DB11817))	{"relation": "partOf"}
a(CHEBI:ritonavir)	decreases	path(DO:"COVID-19")	{"annotations": {"Custom_Disease": {"COVID-19": true}, "PublicationStatus": {"Published": true}, "PublicationType": {"Commnent": true}, "Section": {"Results": true}, "Species": {"9606": true}}, "citation": {"authors": ["Griffin I", "Oechsle O", "Phelan A", "Richardson P", "Smith D", "Stebbing J", "Tucker C"], "date": "2020-04-01", "db": "PubMed", "db_id": "32113509", "db_name": "The Lancet. Infectious diseases", "first": "Stebbing J", "last": "Richardson P", "pages": "400-402", "volume": "20"}, "evidence": "Furthermore, there is the potential for combining baricitinib with the directacting antivirals (lopinavir or ritonavir and 121304016) currently being used in the COVID-19 outbreak, since it has a minimal interaction with the relevant CYP drugmetabolising enzymes.Combinations of baricitinib with these direct-acting antivirals could reduce viral infectivity, viral replication, and the aberrant host inflammatory response.", "line": 104, "relation": "decreases"}
a(CHEBI:ruxolitinib)	decreases	bp(GO:"JAK-STAT cascade")	{"annotations": {"Custom_Disease": {"COVID-19": true}, "PublicationStatus": {"Published": true}, "PublicationType": {"Commnent": true}, "Section": {"Results": true}, "Species": {"9606": true}}, "citation": {"authors": ["Griffin I", "Oechsle O", "Phelan A", "Richardson P", "Smith D", "Stebbing J", "Tucker C"], "date": "2020-04-01", "db": "PubMed", "db_id": "32113509", "db_name": "The Lancet. Infectious diseases", "first": "Stebbing J", "last": "Richardson P", "pages": "400-402", "volume": "20"}, "evidence": "Baricitinib, fedratinib, and ruxolitinib are potent and selective JAK inhibitors approved for indications such as rheumatoid arthritis and myelofibrosis.All three are powerful antiinflammatories that, as JAK\u2013STAT signalling inhibitors, are likely to be effective against the consequences of the elevated levels of cytokines (including interferon-\u03b3) typically observed in people with COVID-19\u00b72", "line": 95, "relation": "decreases"}
a(CHEBI:ruxolitinib)	decreases	p(HGNC:IFNG)	{"annotations": {"Custom_Disease": {"COVID-19": true}, "PublicationStatus": {"Published": true}, "PublicationType": {"Commnent": true}, "Section": {"Results": true}, "Species": {"9606": true}}, "citation": {"authors": ["Griffin I", "Oechsle O", "Phelan A", "Richardson P", "Smith D", "Stebbing J", "Tucker C"], "date": "2020-04-01", "db": "PubMed", "db_id": "32113509", "db_name": "The Lancet. Infectious diseases", "first": "Stebbing J", "last": "Richardson P", "pages": "400-402", "volume": "20"}, "evidence": "Baricitinib, fedratinib, and ruxolitinib are potent and selective JAK inhibitors approved for indications such as rheumatoid arthritis and myelofibrosis.All three are powerful antiinflammatories that, as JAK\u2013STAT signalling inhibitors, are likely to be effective against the consequences of the elevated levels of cytokines (including interferon-\u03b3) typically observed in people with COVID-19\u00b72", "line": 96, "relation": "decreases"}
a(DRUGBANK:DB11817)	partOf	composite(a(CHEBI:lopinavir), a(DRUGBANK:DB11817))	{"relation": "partOf"}
a(DRUGBANK:DB11817)	partOf	composite(a(CHEBI:ritonavir), a(DRUGBANK:DB11817))	{"relation": "partOf"}
a(DRUGBANK:DB11817)	partOf	composite(a(DRUGBANK:DB11817), a(PUBCHEM:121304016))	{"relation": "partOf"}
a(DRUGBANK:DB11817)	decreases	p(HGNC:AAK1)	{"annotations": {"Custom_Disease": {"COVID-19": true}, "PublicationStatus": {"Published": true}, "PublicationType": {"Commnent": true}, "Section": {"Results": true}, "Species": {"9606": true}}, "citation": {"authors": ["Griffin I", "Oechsle O", "Phelan A", "Richardson P", "Smith D", "Stebbing J", "Tucker C"], "date": "2020-04-01", "db": "PubMed", "db_id": "32113509", "db_name": "The Lancet. Infectious diseases", "first": "Stebbing J", "last": "Richardson P", "pages": "400-402", "volume": "20"}, "evidence": "The drug targets are members of the numb-associated kinase (NAK) family\u2014including AAK1 and GAK\u2014the inhibition of which has been shown to reduce viral infection in vitro.5,6 Baricitinib was identified as a NAK inhibitor, with a particularly high affinity for AAK1, a pivotal regulator of clathrinmediated endocytosis. We suggested that this drug could be of use in countering SARS-CoV-2 infections, subject to appropriate clinical testing.", "line": 87, "relation": "decreases"}
a(DRUGBANK:DB11817)	decreases	a(TAX:"Severe acute respiratory syndrome coronavirus 2")	{"annotations": {"Custom_Disease": {"COVID-19": true}, "PublicationStatus": {"Published": true}, "PublicationType": {"Commnent": true}, "Section": {"Results": true}, "Species": {"9606": true}}, "citation": {"authors": ["Griffin I", "Oechsle O", "Phelan A", "Richardson P", "Smith D", "Stebbing J", "Tucker C"], "date": "2020-04-01", "db": "PubMed", "db_id": "32113509", "db_name": "The Lancet. Infectious diseases", "first": "Stebbing J", "last": "Richardson P", "pages": "400-402", "volume": "20"}, "evidence": "The drug targets are members of the numb-associated kinase (NAK) family\u2014including AAK1 and GAK\u2014the inhibition of which has been shown to reduce viral infection in vitro.5,6 Baricitinib was identified as a NAK inhibitor, with a particularly high affinity for AAK1, a pivotal regulator of clathrinmediated endocytosis. We suggested that this drug could be of use in countering SARS-CoV-2 infections, subject to appropriate clinical testing.", "line": 89, "relation": "decreases"}
a(DRUGBANK:DB11817)	decreases	bp(GO:"JAK-STAT cascade")	{"annotations": {"Custom_Disease": {"COVID-19": true}, "PublicationStatus": {"Published": true}, "PublicationType": {"Commnent": true}, "Section": {"Results": true}, "Species": {"9606": true}}, "citation": {"authors": ["Griffin I", "Oechsle O", "Phelan A", "Richardson P", "Smith D", "Stebbing J", "Tucker C"], "date": "2020-04-01", "db": "PubMed", "db_id": "32113509", "db_name": "The Lancet. Infectious diseases", "first": "Stebbing J", "last": "Richardson P", "pages": "400-402", "volume": "20"}, "evidence": "Baricitinib, fedratinib, and ruxolitinib are potent and selective JAK inhibitors approved for indications such as rheumatoid arthritis and myelofibrosis.All three are powerful antiinflammatories that, as JAK\u2013STAT signalling inhibitors, are likely to be effective against the consequences of the elevated levels of cytokines (including interferon-\u03b3) typically observed in people with COVID-19\u00b72", "line": 93, "relation": "decreases"}
a(DRUGBANK:DB11817)	decreases	p(HGNC:IFNG)	{"annotations": {"Custom_Disease": {"COVID-19": true}, "PublicationStatus": {"Published": true}, "PublicationType": {"Commnent": true}, "Section": {"Results": true}, "Species": {"9606": true}}, "citation": {"authors": ["Griffin I", "Oechsle O", "Phelan A", "Richardson P", "Smith D", "Stebbing J", "Tucker C"], "date": "2020-04-01", "db": "PubMed", "db_id": "32113509", "db_name": "The Lancet. Infectious diseases", "first": "Stebbing J", "last": "Richardson P", "pages": "400-402", "volume": "20"}, "evidence": "Baricitinib, fedratinib, and ruxolitinib are potent and selective JAK inhibitors approved for indications such as rheumatoid arthritis and myelofibrosis.All three are powerful antiinflammatories that, as JAK\u2013STAT signalling inhibitors, are likely to be effective against the consequences of the elevated levels of cytokines (including interferon-\u03b3) typically observed in people with COVID-19\u00b72", "line": 98, "relation": "decreases"}
a(DRUGBANK:DB12500)	decreases	bp(GO:"JAK-STAT cascade")	{"annotations": {"Custom_Disease": {"COVID-19": true}, "PublicationStatus": {"Published": true}, "PublicationType": {"Commnent": true}, "Section": {"Results": true}, "Species": {"9606": true}}, "citation": {"authors": ["Griffin I", "Oechsle O", "Phelan A", "Richardson P", "Smith D", "Stebbing J", "Tucker C"], "date": "2020-04-01", "db": "PubMed", "db_id": "32113509", "db_name": "The Lancet. Infectious diseases", "first": "Stebbing J", "last": "Richardson P", "pages": "400-402", "volume": "20"}, "evidence": "Baricitinib, fedratinib, and ruxolitinib are potent and selective JAK inhibitors approved for indications such as rheumatoid arthritis and myelofibrosis.All three are powerful antiinflammatories that, as JAK\u2013STAT signalling inhibitors, are likely to be effective against the consequences of the elevated levels of cytokines (including interferon-\u03b3) typically observed in people with COVID-19\u00b72", "line": 94, "relation": "decreases"}
a(DRUGBANK:DB12500)	decreases	p(HGNC:IFNG)	{"annotations": {"Custom_Disease": {"COVID-19": true}, "PublicationStatus": {"Published": true}, "PublicationType": {"Commnent": true}, "Section": {"Results": true}, "Species": {"9606": true}}, "citation": {"authors": ["Griffin I", "Oechsle O", "Phelan A", "Richardson P", "Smith D", "Stebbing J", "Tucker C"], "date": "2020-04-01", "db": "PubMed", "db_id": "32113509", "db_name": "The Lancet. Infectious diseases", "first": "Stebbing J", "last": "Richardson P", "pages": "400-402", "volume": "20"}, "evidence": "Baricitinib, fedratinib, and ruxolitinib are potent and selective JAK inhibitors approved for indications such as rheumatoid arthritis and myelofibrosis.All three are powerful antiinflammatories that, as JAK\u2013STAT signalling inhibitors, are likely to be effective against the consequences of the elevated levels of cytokines (including interferon-\u03b3) typically observed in people with COVID-19\u00b72", "line": 97, "relation": "decreases"}
a(PUBCHEM:121304016)	partOf	composite(a(DRUGBANK:DB11817), a(PUBCHEM:121304016))	{"relation": "partOf"}
a(PUBCHEM:121304016)	decreases	path(DO:"COVID-19")	{"annotations": {"Custom_Disease": {"COVID-19": true}, "PublicationStatus": {"Published": true}, "PublicationType": {"Commnent": true}, "Section": {"Results": true}, "Species": {"9606": true}}, "citation": {"authors": ["Griffin I", "Oechsle O", "Phelan A", "Richardson P", "Smith D", "Stebbing J", "Tucker C"], "date": "2020-04-01", "db": "PubMed", "db_id": "32113509", "db_name": "The Lancet. Infectious diseases", "first": "Stebbing J", "last": "Richardson P", "pages": "400-402", "volume": "20"}, "evidence": "Furthermore, there is the potential for combining baricitinib with the directacting antivirals (lopinavir or ritonavir and 121304016) currently being used in the COVID-19 outbreak, since it has a minimal interaction with the relevant CYP drugmetabolising enzymes.Combinations of baricitinib with these direct-acting antivirals could reduce viral infectivity, viral replication, and the aberrant host inflammatory response.", "line": 105, "relation": "decreases"}
composite(a(CHEBI:lopinavir), a(DRUGBANK:DB11817))	decreases	path(DO:"COVID-19")	{"annotations": {"Custom_Disease": {"COVID-19": true}, "PublicationStatus": {"Published": true}, "PublicationType": {"Commnent": true}, "Section": {"Results": true}, "Species": {"9606": true}}, "citation": {"authors": ["Griffin I", "Oechsle O", "Phelan A", "Richardson P", "Smith D", "Stebbing J", "Tucker C"], "date": "2020-04-01", "db": "PubMed", "db_id": "32113509", "db_name": "The Lancet. Infectious diseases", "first": "Stebbing J", "last": "Richardson P", "pages": "400-402", "volume": "20"}, "evidence": "Furthermore, there is the potential for combining baricitinib with the directacting antivirals (lopinavir or ritonavir and 121304016) currently being used in the COVID-19 outbreak, since it has a minimal interaction with the relevant CYP drugmetabolising enzymes.Combinations of baricitinib with these direct-acting antivirals could reduce viral infectivity, viral replication, and the aberrant host inflammatory response.", "line": 107, "relation": "decreases"}
composite(a(CHEBI:lopinavir), a(DRUGBANK:DB11817))	decreases	path(MESH:Virulence)	{"annotations": {"Custom_Disease": {"COVID-19": true}, "PublicationStatus": {"Published": true}, "PublicationType": {"Commnent": true}, "Section": {"Results": true}, "Species": {"9606": true}}, "citation": {"authors": ["Griffin I", "Oechsle O", "Phelan A", "Richardson P", "Smith D", "Stebbing J", "Tucker C"], "date": "2020-04-01", "db": "PubMed", "db_id": "32113509", "db_name": "The Lancet. Infectious diseases", "first": "Stebbing J", "last": "Richardson P", "pages": "400-402", "volume": "20"}, "evidence": "Furthermore, there is the potential for combining baricitinib with the directacting antivirals (lopinavir or ritonavir and 121304016) currently being used in the COVID-19 outbreak, since it has a minimal interaction with the relevant CYP drugmetabolising enzymes.Combinations of baricitinib with these direct-acting antivirals could reduce viral infectivity, viral replication, and the aberrant host inflammatory response.", "line": 110, "relation": "decreases"}
composite(a(CHEBI:lopinavir), a(DRUGBANK:DB11817))	decreases	bp(GO:"viral genome replication")	{"annotations": {"Custom_Disease": {"COVID-19": true}, "PublicationStatus": {"Published": true}, "PublicationType": {"Commnent": true}, "Section": {"Results": true}, "Species": {"9606": true}}, "citation": {"authors": ["Griffin I", "Oechsle O", "Phelan A", "Richardson P", "Smith D", "Stebbing J", "Tucker C"], "date": "2020-04-01", "db": "PubMed", "db_id": "32113509", "db_name": "The Lancet. Infectious diseases", "first": "Stebbing J", "last": "Richardson P", "pages": "400-402", "volume": "20"}, "evidence": "Furthermore, there is the potential for combining baricitinib with the directacting antivirals (lopinavir or ritonavir and 121304016) currently being used in the COVID-19 outbreak, since it has a minimal interaction with the relevant CYP drugmetabolising enzymes.Combinations of baricitinib with these direct-acting antivirals could reduce viral infectivity, viral replication, and the aberrant host inflammatory response.", "line": 113, "relation": "decreases"}
composite(a(CHEBI:lopinavir), a(DRUGBANK:DB11817))	decreases	path(MESH:Inflammation)	{"annotations": {"Custom_Disease": {"COVID-19": true}, "PublicationStatus": {"Published": true}, "PublicationType": {"Commnent": true}, "Section": {"Results": true}, "Species": {"9606": true}}, "citation": {"authors": ["Griffin I", "Oechsle O", "Phelan A", "Richardson P", "Smith D", "Stebbing J", "Tucker C"], "date": "2020-04-01", "db": "PubMed", "db_id": "32113509", "db_name": "The Lancet. Infectious diseases", "first": "Stebbing J", "last": "Richardson P", "pages": "400-402", "volume": "20"}, "evidence": "Furthermore, there is the potential for combining baricitinib with the directacting antivirals (lopinavir or ritonavir and 121304016) currently being used in the COVID-19 outbreak, since it has a minimal interaction with the relevant CYP drugmetabolising enzymes.Combinations of baricitinib with these direct-acting antivirals could reduce viral infectivity, viral replication, and the aberrant host inflammatory response.", "line": 116, "relation": "decreases"}
composite(a(CHEBI:ritonavir), a(DRUGBANK:DB11817))	decreases	path(DO:"COVID-19")	{"annotations": {"Custom_Disease": {"COVID-19": true}, "PublicationStatus": {"Published": true}, "PublicationType": {"Commnent": true}, "Section": {"Results": true}, "Species": {"9606": true}}, "citation": {"authors": ["Griffin I", "Oechsle O", "Phelan A", "Richardson P", "Smith D", "Stebbing J", "Tucker C"], "date": "2020-04-01", "db": "PubMed", "db_id": "32113509", "db_name": "The Lancet. Infectious diseases", "first": "Stebbing J", "last": "Richardson P", "pages": "400-402", "volume": "20"}, "evidence": "Furthermore, there is the potential for combining baricitinib with the directacting antivirals (lopinavir or ritonavir and 121304016) currently being used in the COVID-19 outbreak, since it has a minimal interaction with the relevant CYP drugmetabolising enzymes.Combinations of baricitinib with these direct-acting antivirals could reduce viral infectivity, viral replication, and the aberrant host inflammatory response.", "line": 108, "relation": "decreases"}
composite(a(CHEBI:ritonavir), a(DRUGBANK:DB11817))	decreases	path(MESH:Virulence)	{"annotations": {"Custom_Disease": {"COVID-19": true}, "PublicationStatus": {"Published": true}, "PublicationType": {"Commnent": true}, "Section": {"Results": true}, "Species": {"9606": true}}, "citation": {"authors": ["Griffin I", "Oechsle O", "Phelan A", "Richardson P", "Smith D", "Stebbing J", "Tucker C"], "date": "2020-04-01", "db": "PubMed", "db_id": "32113509", "db_name": "The Lancet. Infectious diseases", "first": "Stebbing J", "last": "Richardson P", "pages": "400-402", "volume": "20"}, "evidence": "Furthermore, there is the potential for combining baricitinib with the directacting antivirals (lopinavir or ritonavir and 121304016) currently being used in the COVID-19 outbreak, since it has a minimal interaction with the relevant CYP drugmetabolising enzymes.Combinations of baricitinib with these direct-acting antivirals could reduce viral infectivity, viral replication, and the aberrant host inflammatory response.", "line": 111, "relation": "decreases"}
composite(a(CHEBI:ritonavir), a(DRUGBANK:DB11817))	decreases	bp(GO:"viral genome replication")	{"annotations": {"Custom_Disease": {"COVID-19": true}, "PublicationStatus": {"Published": true}, "PublicationType": {"Commnent": true}, "Section": {"Results": true}, "Species": {"9606": true}}, "citation": {"authors": ["Griffin I", "Oechsle O", "Phelan A", "Richardson P", "Smith D", "Stebbing J", "Tucker C"], "date": "2020-04-01", "db": "PubMed", "db_id": "32113509", "db_name": "The Lancet. Infectious diseases", "first": "Stebbing J", "last": "Richardson P", "pages": "400-402", "volume": "20"}, "evidence": "Furthermore, there is the potential for combining baricitinib with the directacting antivirals (lopinavir or ritonavir and 121304016) currently being used in the COVID-19 outbreak, since it has a minimal interaction with the relevant CYP drugmetabolising enzymes.Combinations of baricitinib with these direct-acting antivirals could reduce viral infectivity, viral replication, and the aberrant host inflammatory response.", "line": 114, "relation": "decreases"}
composite(a(CHEBI:ritonavir), a(DRUGBANK:DB11817))	decreases	path(MESH:Inflammation)	{"annotations": {"Custom_Disease": {"COVID-19": true}, "PublicationStatus": {"Published": true}, "PublicationType": {"Commnent": true}, "Section": {"Results": true}, "Species": {"9606": true}}, "citation": {"authors": ["Griffin I", "Oechsle O", "Phelan A", "Richardson P", "Smith D", "Stebbing J", "Tucker C"], "date": "2020-04-01", "db": "PubMed", "db_id": "32113509", "db_name": "The Lancet. Infectious diseases", "first": "Stebbing J", "last": "Richardson P", "pages": "400-402", "volume": "20"}, "evidence": "Furthermore, there is the potential for combining baricitinib with the directacting antivirals (lopinavir or ritonavir and 121304016) currently being used in the COVID-19 outbreak, since it has a minimal interaction with the relevant CYP drugmetabolising enzymes.Combinations of baricitinib with these direct-acting antivirals could reduce viral infectivity, viral replication, and the aberrant host inflammatory response.", "line": 117, "relation": "decreases"}
composite(a(DRUGBANK:DB11817), a(PUBCHEM:121304016))	decreases	path(DO:"COVID-19")	{"annotations": {"Custom_Disease": {"COVID-19": true}, "PublicationStatus": {"Published": true}, "PublicationType": {"Commnent": true}, "Section": {"Results": true}, "Species": {"9606": true}}, "citation": {"authors": ["Griffin I", "Oechsle O", "Phelan A", "Richardson P", "Smith D", "Stebbing J", "Tucker C"], "date": "2020-04-01", "db": "PubMed", "db_id": "32113509", "db_name": "The Lancet. Infectious diseases", "first": "Stebbing J", "last": "Richardson P", "pages": "400-402", "volume": "20"}, "evidence": "Furthermore, there is the potential for combining baricitinib with the directacting antivirals (lopinavir or ritonavir and 121304016) currently being used in the COVID-19 outbreak, since it has a minimal interaction with the relevant CYP drugmetabolising enzymes.Combinations of baricitinib with these direct-acting antivirals could reduce viral infectivity, viral replication, and the aberrant host inflammatory response.", "line": 109, "relation": "decreases"}
composite(a(DRUGBANK:DB11817), a(PUBCHEM:121304016))	decreases	path(MESH:Virulence)	{"annotations": {"Custom_Disease": {"COVID-19": true}, "PublicationStatus": {"Published": true}, "PublicationType": {"Commnent": true}, "Section": {"Results": true}, "Species": {"9606": true}}, "citation": {"authors": ["Griffin I", "Oechsle O", "Phelan A", "Richardson P", "Smith D", "Stebbing J", "Tucker C"], "date": "2020-04-01", "db": "PubMed", "db_id": "32113509", "db_name": "The Lancet. Infectious diseases", "first": "Stebbing J", "last": "Richardson P", "pages": "400-402", "volume": "20"}, "evidence": "Furthermore, there is the potential for combining baricitinib with the directacting antivirals (lopinavir or ritonavir and 121304016) currently being used in the COVID-19 outbreak, since it has a minimal interaction with the relevant CYP drugmetabolising enzymes.Combinations of baricitinib with these direct-acting antivirals could reduce viral infectivity, viral replication, and the aberrant host inflammatory response.", "line": 112, "relation": "decreases"}
composite(a(DRUGBANK:DB11817), a(PUBCHEM:121304016))	decreases	bp(GO:"viral genome replication")	{"annotations": {"Custom_Disease": {"COVID-19": true}, "PublicationStatus": {"Published": true}, "PublicationType": {"Commnent": true}, "Section": {"Results": true}, "Species": {"9606": true}}, "citation": {"authors": ["Griffin I", "Oechsle O", "Phelan A", "Richardson P", "Smith D", "Stebbing J", "Tucker C"], "date": "2020-04-01", "db": "PubMed", "db_id": "32113509", "db_name": "The Lancet. Infectious diseases", "first": "Stebbing J", "last": "Richardson P", "pages": "400-402", "volume": "20"}, "evidence": "Furthermore, there is the potential for combining baricitinib with the directacting antivirals (lopinavir or ritonavir and 121304016) currently being used in the COVID-19 outbreak, since it has a minimal interaction with the relevant CYP drugmetabolising enzymes.Combinations of baricitinib with these direct-acting antivirals could reduce viral infectivity, viral replication, and the aberrant host inflammatory response.", "line": 115, "relation": "decreases"}
composite(a(DRUGBANK:DB11817), a(PUBCHEM:121304016))	decreases	path(MESH:Inflammation)	{"annotations": {"Custom_Disease": {"COVID-19": true}, "PublicationStatus": {"Published": true}, "PublicationType": {"Commnent": true}, "Section": {"Results": true}, "Species": {"9606": true}}, "citation": {"authors": ["Griffin I", "Oechsle O", "Phelan A", "Richardson P", "Smith D", "Stebbing J", "Tucker C"], "date": "2020-04-01", "db": "PubMed", "db_id": "32113509", "db_name": "The Lancet. Infectious diseases", "first": "Stebbing J", "last": "Richardson P", "pages": "400-402", "volume": "20"}, "evidence": "Furthermore, there is the potential for combining baricitinib with the directacting antivirals (lopinavir or ritonavir and 121304016) currently being used in the COVID-19 outbreak, since it has a minimal interaction with the relevant CYP drugmetabolising enzymes.Combinations of baricitinib with these direct-acting antivirals could reduce viral infectivity, viral replication, and the aberrant host inflammatory response.", "line": 118, "relation": "decreases"}
p(HGNC:AAK1)	regulates	bp(GO:"clathrin-dependent endocytosis")	{"annotations": {"Custom_Disease": {"COVID-19": true}, "PublicationStatus": {"Published": true}, "PublicationType": {"Commnent": true}, "Section": {"Results": true}, "Species": {"9606": true}}, "citation": {"authors": ["Griffin I", "Oechsle O", "Phelan A", "Richardson P", "Smith D", "Stebbing J", "Tucker C"], "date": "2020-04-01", "db": "PubMed", "db_id": "32113509", "db_name": "The Lancet. Infectious diseases", "first": "Stebbing J", "last": "Richardson P", "pages": "400-402", "volume": "20"}, "evidence": "The drug targets are members of the numb-associated kinase (NAK) family\u2014including AAK1 and GAK\u2014the inhibition of which has been shown to reduce viral infection in vitro.5,6 Baricitinib was identified as a NAK inhibitor, with a particularly high affinity for AAK1, a pivotal regulator of clathrinmediated endocytosis. We suggested that this drug could be of use in countering SARS-CoV-2 infections, subject to appropriate clinical testing.", "line": 88, "relation": "regulates"}
p(HGNC:IFNG)	positiveCorrelation	path(DO:"COVID-19")	{"annotations": {"Custom_Disease": {"COVID-19": true}, "PublicationStatus": {"Published": true}, "PublicationType": {"Commnent": true}, "Section": {"Results": true}, "Species": {"9606": true}}, "citation": {"authors": ["Griffin I", "Oechsle O", "Phelan A", "Richardson P", "Smith D", "Stebbing J", "Tucker C"], "date": "2020-04-01", "db": "PubMed", "db_id": "32113509", "db_name": "The Lancet. Infectious diseases", "first": "Stebbing J", "last": "Richardson P", "pages": "400-402", "volume": "20"}, "evidence": "Baricitinib, fedratinib, and ruxolitinib are potent and selective JAK inhibitors approved for indications such as rheumatoid arthritis and myelofibrosis.All three are powerful antiinflammatories that, as JAK\u2013STAT signalling inhibitors, are likely to be effective against the consequences of the elevated levels of cytokines (including interferon-\u03b3) typically observed in people with COVID-19\u00b72", "line": 99, "relation": "positiveCorrelation"}
path(DO:"COVID-19")	positiveCorrelation	path(MESH:Inflammation)	{"annotations": {"Custom_Disease": {"COVID-19": true}, "PublicationStatus": {"Published": true}, "PublicationType": {"Commnent": true}, "Section": {"Results": true}, "Species": {"9606": true}}, "citation": {"authors": ["Griffin I", "Oechsle O", "Phelan A", "Richardson P", "Smith D", "Stebbing J", "Tucker C"], "date": "2020-04-01", "db": "PubMed", "db_id": "32113509", "db_name": "The Lancet. Infectious diseases", "first": "Stebbing J", "last": "Richardson P", "pages": "400-402", "volume": "20"}, "evidence": "Both coronavirus disease 2019 (COVID-19) and severe acute respiratory syndrome (SARS) are characterised by an overexuberant inflammatory response and, for SARS, viral load is not correlated with the worsening of symptoms.1,2", "line": 82, "relation": "positiveCorrelation"}
path(DO:"COVID-19")	positiveCorrelation	p(HGNC:IFNG)	{"annotations": {"Custom_Disease": {"COVID-19": true}, "PublicationStatus": {"Published": true}, "PublicationType": {"Commnent": true}, "Section": {"Results": true}, "Species": {"9606": true}}, "citation": {"authors": ["Griffin I", "Oechsle O", "Phelan A", "Richardson P", "Smith D", "Stebbing J", "Tucker C"], "date": "2020-04-01", "db": "PubMed", "db_id": "32113509", "db_name": "The Lancet. Infectious diseases", "first": "Stebbing J", "last": "Richardson P", "pages": "400-402", "volume": "20"}, "evidence": "Baricitinib, fedratinib, and ruxolitinib are potent and selective JAK inhibitors approved for indications such as rheumatoid arthritis and myelofibrosis.All three are powerful antiinflammatories that, as JAK\u2013STAT signalling inhibitors, are likely to be effective against the consequences of the elevated levels of cytokines (including interferon-\u03b3) typically observed in people with COVID-19\u00b72", "line": 99, "relation": "positiveCorrelation"}
path(DO:"severe acute respiratory syndrome")	positiveCorrelation	path(MESH:Inflammation)	{"annotations": {"Custom_Disease": {"COVID-19": true}, "PublicationStatus": {"Published": true}, "PublicationType": {"Commnent": true}, "Section": {"Results": true}, "Species": {"9606": true}}, "citation": {"authors": ["Griffin I", "Oechsle O", "Phelan A", "Richardson P", "Smith D", "Stebbing J", "Tucker C"], "date": "2020-04-01", "db": "PubMed", "db_id": "32113509", "db_name": "The Lancet. Infectious diseases", "first": "Stebbing J", "last": "Richardson P", "pages": "400-402", "volume": "20"}, "evidence": "Both coronavirus disease 2019 (COVID-19) and severe acute respiratory syndrome (SARS) are characterised by an overexuberant inflammatory response and, for SARS, viral load is not correlated with the worsening of symptoms.1,2", "line": 83, "relation": "positiveCorrelation"}
path(MESH:Inflammation)	positiveCorrelation	path(DO:"COVID-19")	{"annotations": {"Custom_Disease": {"COVID-19": true}, "PublicationStatus": {"Published": true}, "PublicationType": {"Commnent": true}, "Section": {"Results": true}, "Species": {"9606": true}}, "citation": {"authors": ["Griffin I", "Oechsle O", "Phelan A", "Richardson P", "Smith D", "Stebbing J", "Tucker C"], "date": "2020-04-01", "db": "PubMed", "db_id": "32113509", "db_name": "The Lancet. Infectious diseases", "first": "Stebbing J", "last": "Richardson P", "pages": "400-402", "volume": "20"}, "evidence": "Both coronavirus disease 2019 (COVID-19) and severe acute respiratory syndrome (SARS) are characterised by an overexuberant inflammatory response and, for SARS, viral load is not correlated with the worsening of symptoms.1,2", "line": 82, "relation": "positiveCorrelation"}
path(MESH:Inflammation)	positiveCorrelation	path(DO:"severe acute respiratory syndrome")	{"annotations": {"Custom_Disease": {"COVID-19": true}, "PublicationStatus": {"Published": true}, "PublicationType": {"Commnent": true}, "Section": {"Results": true}, "Species": {"9606": true}}, "citation": {"authors": ["Griffin I", "Oechsle O", "Phelan A", "Richardson P", "Smith D", "Stebbing J", "Tucker C"], "date": "2020-04-01", "db": "PubMed", "db_id": "32113509", "db_name": "The Lancet. Infectious diseases", "first": "Stebbing J", "last": "Richardson P", "pages": "400-402", "volume": "20"}, "evidence": "Both coronavirus disease 2019 (COVID-19) and severe acute respiratory syndrome (SARS) are characterised by an overexuberant inflammatory response and, for SARS, viral load is not correlated with the worsening of symptoms.1,2", "line": 83, "relation": "positiveCorrelation"}
