a(CHEBI:"magnesium(2+)")	partOf	complex(a(CHEBI:"magnesium(2+)"), a(CHEBI:sofosbuvir), p(MESH:"RNA Replicase", frag("652_652")))	{"relation": "partOf"}
a(CHEBI:"magnesium(2+)")	partOf	complex(a(CHEBI:"magnesium(2+)"), a(CHEBI:sofosbuvir), p(MESH:"RNA Replicase", frag("702_702")))	{"relation": "partOf"}
a(CHEBI:"magnesium(2+)")	partOf	complex(a(CHEBI:"magnesium(2+)"), a(PUBCHEM:135565589), p(MESH:"RNA Replicase", frag("652_652")))	{"relation": "partOf"}
a(CHEBI:"magnesium(2+)")	partOf	complex(a(CHEBI:"magnesium(2+)"), a(PUBCHEM:135565589), p(MESH:"RNA Replicase", frag("702_702")))	{"relation": "partOf"}
a(CHEBI:GTP)	partOf	complex(a(CHEBI:GTP), p(MESH:"RNA Replicase", frag("255_256")))	{"relation": "partOf"}
a(CHEBI:ribavirin)	partOf	complex(a(CHEBI:ribavirin), p(MESH:"RNA Replicase", frag("255_256")))	{"relation": "partOf"}
a(CHEBI:ribavirin)	decreases	p(MESH:"RNA Replicase")	{"annotations": {"MeSHDisease": {"Hepatitis, Viral, Human": true}}, "citation": {"db": "DOI", "db_id": "https://doi.org/10.1016/j.lfs.2020.117477"}, "evidence": "Different directly acting antiviral drugs are approved against other viruses, by the Food and Drugs Administration (FDA), such as Sofosbuvir, Ribavirin against RdRp of Hepatitis C Virus (HCV).", "line": 97, "relation": "decreases"}
a(CHEBI:sofosbuvir)	partOf	complex(a(CHEBI:"magnesium(2+)"), a(CHEBI:sofosbuvir), p(MESH:"RNA Replicase", frag("652_652")))	{"relation": "partOf"}
a(CHEBI:sofosbuvir)	partOf	complex(a(CHEBI:"magnesium(2+)"), a(CHEBI:sofosbuvir), p(MESH:"RNA Replicase", frag("702_702")))	{"relation": "partOf"}
a(CHEBI:sofosbuvir)	partOf	complex(a(CHEBI:sofosbuvir), p(MESH:"RNA Replicase", frag("255_256")))	{"relation": "partOf"}
a(CHEBI:sofosbuvir)	partOf	complex(a(CHEBI:sofosbuvir), p(MESH:"RNA Replicase", frag("510_510")))	{"relation": "partOf"}
a(CHEBI:sofosbuvir)	partOf	complex(a(CHEBI:sofosbuvir), p(MESH:"RNA Replicase", frag("651_651")))	{"relation": "partOf"}
a(CHEBI:sofosbuvir)	decreases	p(MESH:"RNA Replicase")	{"annotations": {"MeSHDisease": {"Hepatitis, Viral, Human": true}}, "citation": {"db": "DOI", "db_id": "https://doi.org/10.1016/j.lfs.2020.117477"}, "evidence": "Different directly acting antiviral drugs are approved against other viruses, by the Food and Drugs Administration (FDA), such as Sofosbuvir, Ribavirin against RdRp of Hepatitis C Virus (HCV).", "line": 96, "relation": "decreases"}
a(MESH:"Coronavirus 229E, Human")	isA	a(NCBITAXON:Alphacoronavirus)	{"citation": {"db": "DOI", "db_id": "https://doi.org/10.1016/j.lfs.2020.117477"}, "evidence": "Until today, six different strains of Human coronaviruses (HCoVs) have been reported, in addition to the newly emerged COVID-19 [2,12]. 229E and NL63 strains of HCoVs belong to Alphacoronaviruses while OC43, HKU1, SARS, MERS, and COVID-19 HCoVs belong to Betacoronaviruses [2,11].", "line": 86, "relation": "isA"}
a(MESH:"Coronavirus NL63, Human")	isA	a(NCBITAXON:Alphacoronavirus)	{"citation": {"db": "DOI", "db_id": "https://doi.org/10.1016/j.lfs.2020.117477"}, "evidence": "Until today, six different strains of Human coronaviruses (HCoVs) have been reported, in addition to the newly emerged COVID-19 [2,12]. 229E and NL63 strains of HCoVs belong to Alphacoronaviruses while OC43, HKU1, SARS, MERS, and COVID-19 HCoVs belong to Betacoronaviruses [2,11].", "line": 87, "relation": "isA"}
a(MESH:"Coronavirus OC43, Human")	isA	a(NCBITAXON:Betacoronavirus)	{"citation": {"db": "DOI", "db_id": "https://doi.org/10.1016/j.lfs.2020.117477"}, "evidence": "Until today, six different strains of Human coronaviruses (HCoVs) have been reported, in addition to the newly emerged COVID-19 [2,12]. 229E and NL63 strains of HCoVs belong to Alphacoronaviruses while OC43, HKU1, SARS, MERS, and COVID-19 HCoVs belong to Betacoronaviruses [2,11].", "line": 88, "relation": "isA"}
a(MESH:"Middle East Respiratory Syndrome Coronavirus")	isA	a(NCBITAXON:Betacoronavirus)	{"citation": {"db": "DOI", "db_id": "https://doi.org/10.1016/j.lfs.2020.117477"}, "evidence": "Until today, six different strains of Human coronaviruses (HCoVs) have been reported, in addition to the newly emerged COVID-19 [2,12]. 229E and NL63 strains of HCoVs belong to Alphacoronaviruses while OC43, HKU1, SARS, MERS, and COVID-19 HCoVs belong to Betacoronaviruses [2,11].", "line": 91, "relation": "isA"}
a(MESH:"SARS Virus")	isA	a(NCBITAXON:Betacoronavirus)	{"citation": {"db": "DOI", "db_id": "https://doi.org/10.1016/j.lfs.2020.117477"}, "evidence": "Until today, six different strains of Human coronaviruses (HCoVs) have been reported, in addition to the newly emerged COVID-19 [2,12]. 229E and NL63 strains of HCoVs belong to Alphacoronaviruses while OC43, HKU1, SARS, MERS, and COVID-19 HCoVs belong to Betacoronaviruses [2,11].", "line": 90, "relation": "isA"}
a(NCBITAXON:"Human coronavirus HKU1")	isA	a(NCBITAXON:Betacoronavirus)	{"citation": {"db": "DOI", "db_id": "https://doi.org/10.1016/j.lfs.2020.117477"}, "evidence": "Until today, six different strains of Human coronaviruses (HCoVs) have been reported, in addition to the newly emerged COVID-19 [2,12]. 229E and NL63 strains of HCoVs belong to Alphacoronaviruses while OC43, HKU1, SARS, MERS, and COVID-19 HCoVs belong to Betacoronaviruses [2,11].", "line": 89, "relation": "isA"}
a(PUBCHEM:121304016)	partOf	complex(a(PUBCHEM:121304016), p(MESH:"RNA Replicase", frag("255_256")))	{"relation": "partOf"}
a(PUBCHEM:135565589)	partOf	complex(a(CHEBI:"magnesium(2+)"), a(PUBCHEM:135565589), p(MESH:"RNA Replicase", frag("652_652")))	{"relation": "partOf"}
a(PUBCHEM:135565589)	partOf	complex(a(CHEBI:"magnesium(2+)"), a(PUBCHEM:135565589), p(MESH:"RNA Replicase", frag("702_702")))	{"relation": "partOf"}
a(PUBCHEM:135565589)	partOf	complex(a(PUBCHEM:135565589), p(MESH:"RNA Replicase", frag("255_256")))	{"relation": "partOf"}
a(PUBCHEM:135565589)	partOf	complex(a(PUBCHEM:135565589), p(MESH:"RNA Replicase", frag("514_514")))	{"relation": "partOf"}
complex(a(CHEBI:"magnesium(2+)"), a(CHEBI:sofosbuvir), p(MESH:"RNA Replicase", frag("652_652")))	decreases	path(DO:"COVID-19")	{"annotations": {"Experiment": {"Molecular docking": true}}, "citation": {"db": "DOI", "db_id": "https://doi.org/10.1016/j.lfs.2020.117477"}, "evidence": "On the other hand, IDX-184 and Sofosbuvir both form metal interaction through the Mg+2 with D652 (two interactions) and E702, respectively.", "line": 118, "relation": "decreases"}
p(MESH:"RNA Replicase", frag("652_652"))	partOf	complex(a(CHEBI:"magnesium(2+)"), a(CHEBI:sofosbuvir), p(MESH:"RNA Replicase", frag("652_652")))	{"relation": "partOf"}
p(MESH:"RNA Replicase", frag("652_652"))	partOf	complex(a(CHEBI:"magnesium(2+)"), a(PUBCHEM:135565589), p(MESH:"RNA Replicase", frag("652_652")))	{"relation": "partOf"}
p(MESH:"RNA Replicase")	hasVariant	p(MESH:"RNA Replicase", frag("652_652"))	{"relation": "hasVariant"}
p(MESH:"RNA Replicase")	hasVariant	p(MESH:"RNA Replicase", frag("702_702"))	{"relation": "hasVariant"}
p(MESH:"RNA Replicase")	hasVariant	p(MESH:"RNA Replicase", frag("255_256"))	{"relation": "hasVariant"}
p(MESH:"RNA Replicase")	hasVariant	p(MESH:"RNA Replicase", frag("510_510"))	{"relation": "hasVariant"}
p(MESH:"RNA Replicase")	hasVariant	p(MESH:"RNA Replicase", frag("651_651"))	{"relation": "hasVariant"}
p(MESH:"RNA Replicase")	hasVariant	p(MESH:"RNA Replicase", frag("514_514"))	{"relation": "hasVariant"}
complex(a(CHEBI:"magnesium(2+)"), a(CHEBI:sofosbuvir), p(MESH:"RNA Replicase", frag("702_702")))	decreases	path(DO:"COVID-19")	{"annotations": {"Experiment": {"Molecular docking": true}}, "citation": {"db": "DOI", "db_id": "https://doi.org/10.1016/j.lfs.2020.117477"}, "evidence": "On the other hand, IDX-184 and Sofosbuvir both form metal interaction through the Mg+2 with D652 (two interactions) and E702, respectively.", "line": 120, "relation": "decreases"}
p(MESH:"RNA Replicase", frag("702_702"))	partOf	complex(a(CHEBI:"magnesium(2+)"), a(CHEBI:sofosbuvir), p(MESH:"RNA Replicase", frag("702_702")))	{"relation": "partOf"}
p(MESH:"RNA Replicase", frag("702_702"))	partOf	complex(a(CHEBI:"magnesium(2+)"), a(PUBCHEM:135565589), p(MESH:"RNA Replicase", frag("702_702")))	{"relation": "partOf"}
complex(a(CHEBI:"magnesium(2+)"), a(PUBCHEM:135565589), p(MESH:"RNA Replicase", frag("652_652")))	decreases	path(DO:"COVID-19")	{"annotations": {"Experiment": {"Molecular docking": true}}, "citation": {"db": "DOI", "db_id": "https://doi.org/10.1016/j.lfs.2020.117477"}, "evidence": "On the other hand, IDX-184 and Sofosbuvir both form metal interaction through the Mg+2 with D652 (two interactions) and E702, respectively.", "line": 117, "relation": "decreases"}
complex(a(CHEBI:"magnesium(2+)"), a(PUBCHEM:135565589), p(MESH:"RNA Replicase", frag("702_702")))	decreases	path(DO:"COVID-19")	{"annotations": {"Experiment": {"Molecular docking": true}}, "citation": {"db": "DOI", "db_id": "https://doi.org/10.1016/j.lfs.2020.117477"}, "evidence": "On the other hand, IDX-184 and Sofosbuvir both form metal interaction through the Mg+2 with D652 (two interactions) and E702, respectively.", "line": 119, "relation": "decreases"}
complex(a(CHEBI:GTP), p(MESH:"RNA Replicase", frag("255_256")))	decreases	path(DO:"COVID-19")	{"annotations": {"Experiment": {"Molecular docking": true}}, "citation": {"db": "DOI", "db_id": "https://doi.org/10.1016/j.lfs.2020.117477"}, "evidence": "As reflected from the docking scores, the eight compounds, including the physiological GTP and UTP and the four drugs IDX-184, Sofosbuvir, Ribavirin, and Remidisvir can bind to both COVID-19 and SARS HCoV RdRps with good binding energy (\u22126.5 up to \u22129.0 kcal/mol).", "line": 105, "relation": "decreases"}
p(MESH:"RNA Replicase", frag("255_256"))	partOf	complex(a(CHEBI:GTP), p(MESH:"RNA Replicase", frag("255_256")))	{"relation": "partOf"}
p(MESH:"RNA Replicase", frag("255_256"))	partOf	complex(a(CHEBI:ribavirin), p(MESH:"RNA Replicase", frag("255_256")))	{"relation": "partOf"}
p(MESH:"RNA Replicase", frag("255_256"))	partOf	complex(a(CHEBI:sofosbuvir), p(MESH:"RNA Replicase", frag("255_256")))	{"relation": "partOf"}
p(MESH:"RNA Replicase", frag("255_256"))	partOf	complex(a(PUBCHEM:121304016), p(MESH:"RNA Replicase", frag("255_256")))	{"relation": "partOf"}
p(MESH:"RNA Replicase", frag("255_256"))	partOf	complex(a(PUBCHEM:135565589), p(MESH:"RNA Replicase", frag("255_256")))	{"relation": "partOf"}
complex(a(CHEBI:ribavirin), p(MESH:"RNA Replicase", frag("255_256")))	decreases	path(DO:"COVID-19")	{"annotations": {"Experiment": {"Molecular docking": true}}, "citation": {"db": "DOI", "db_id": "https://doi.org/10.1016/j.lfs.2020.117477"}, "evidence": "As reflected from the docking scores, the eight compounds, including the physiological GTP and UTP and the four drugs IDX-184, Sofosbuvir, Ribavirin, and Remidisvir can bind to both COVID-19 and SARS HCoV RdRps with good binding energy (\u22126.5 up to \u22129.0 kcal/mol).", "line": 108, "relation": "decreases"}
complex(a(CHEBI:sofosbuvir), p(MESH:"RNA Replicase", frag("255_256")))	decreases	path(DO:"COVID-19")	{"annotations": {"Experiment": {"Molecular docking": true}}, "citation": {"db": "DOI", "db_id": "https://doi.org/10.1016/j.lfs.2020.117477"}, "evidence": "As reflected from the docking scores, the eight compounds, including the physiological GTP and UTP and the four drugs IDX-184, Sofosbuvir, Ribavirin, and Remidisvir can bind to both COVID-19 and SARS HCoV RdRps with good binding energy (\u22126.5 up to \u22129.0 kcal/mol).", "line": 107, "relation": "decreases"}
complex(a(CHEBI:sofosbuvir), p(MESH:"RNA Replicase", frag("510_510")))	decreases	path(DO:"COVID-19")	{"annotations": {"Experiment": {"Molecular docking": true}}, "citation": {"db": "DOI", "db_id": "https://doi.org/10.1016/j.lfs.2020.117477"}, "evidence": "Additionally, Sofosbuvir formed two hydrophobic interactions with Y510 and D651 of the COVID-19 RdRp.", "line": 123, "relation": "decreases"}
p(MESH:"RNA Replicase", frag("510_510"))	partOf	complex(a(CHEBI:sofosbuvir), p(MESH:"RNA Replicase", frag("510_510")))	{"relation": "partOf"}
complex(a(CHEBI:sofosbuvir), p(MESH:"RNA Replicase", frag("651_651")))	decreases	path(DO:"COVID-19")	{"annotations": {"Experiment": {"Molecular docking": true}}, "citation": {"db": "DOI", "db_id": "https://doi.org/10.1016/j.lfs.2020.117477"}, "evidence": "Additionally, Sofosbuvir formed two hydrophobic interactions with Y510 and D651 of the COVID-19 RdRp.", "line": 124, "relation": "decreases"}
p(MESH:"RNA Replicase", frag("651_651"))	partOf	complex(a(CHEBI:sofosbuvir), p(MESH:"RNA Replicase", frag("651_651")))	{"relation": "partOf"}
complex(a(PUBCHEM:121304016), p(MESH:"RNA Replicase", frag("255_256")))	decreases	path(DO:"COVID-19")	{"annotations": {"Experiment": {"Molecular docking": true}}, "citation": {"db": "DOI", "db_id": "https://doi.org/10.1016/j.lfs.2020.117477"}, "evidence": "As reflected from the docking scores, the eight compounds, including the physiological GTP and UTP and the four drugs IDX-184, Sofosbuvir, Ribavirin, and Remidisvir can bind to both COVID-19 and SARS HCoV RdRps with good binding energy (\u22126.5 up to \u22129.0 kcal/mol).", "line": 109, "relation": "decreases"}
complex(a(PUBCHEM:135565589), p(MESH:"RNA Replicase", frag("255_256")))	decreases	path(DO:"COVID-19")	{"annotations": {"Experiment": {"Molecular docking": true}}, "citation": {"db": "DOI", "db_id": "https://doi.org/10.1016/j.lfs.2020.117477"}, "evidence": "As reflected from the docking scores, the eight compounds, including the physiological GTP and UTP and the four drugs IDX-184, Sofosbuvir, Ribavirin, and Remidisvir can bind to both COVID-19 and SARS HCoV RdRps with good binding energy (\u22126.5 up to \u22129.0 kcal/mol).", "line": 106, "relation": "decreases"}
complex(a(PUBCHEM:135565589), p(MESH:"RNA Replicase", frag("514_514")))	decreases	path(DO:"COVID-19")	{"annotations": {"Experiment": {"Molecular docking": true}}, "citation": {"db": "DOI", "db_id": "https://doi.org/10.1016/j.lfs.2020.117477"}, "evidence": "Only one salt bridge (yellow spheres connected by a dashed line) is formed in the case of IDX-184 with D514, which is responsible for the increased stabilization of the formed complex, reflected on the docking score.", "line": 113, "relation": "decreases"}
p(MESH:"RNA Replicase", frag("514_514"))	partOf	complex(a(PUBCHEM:135565589), p(MESH:"RNA Replicase", frag("514_514")))	{"relation": "partOf"}
path(DO:"COVID-19")	isA	a(NCBITAXON:Betacoronavirus)	{"citation": {"db": "DOI", "db_id": "https://doi.org/10.1016/j.lfs.2020.117477"}, "evidence": "Until today, six different strains of Human coronaviruses (HCoVs) have been reported, in addition to the newly emerged COVID-19 [2,12]. 229E and NL63 strains of HCoVs belong to Alphacoronaviruses while OC43, HKU1, SARS, MERS, and COVID-19 HCoVs belong to Betacoronaviruses [2,11].", "line": 92, "relation": "isA"}
