a(CHEBI:Niclosamide)	decreases	path(DO:cysticercosis)	{"annotations": {"PublicationStatus": {"Published": true}, "PublicationType": {"Review": true}, "Section": {"Full Text": true}, "Species": {"9606": true}}, "citation": {"authors": ["Li H", "Shi PY", "Xu J", "Zhou J"], "date": "2020-03-10", "db": "PubMed", "db_id": "32125140", "db_name": "ACS infectious diseases", "first": "Xu J", "last": "Zhou J"}, "evidence": "Niclosamide is an FDA-approved anthelminthic drug that has been widely used in humans to treat tapeworm infections for several decades and is currently listed on the World Health Organization\u2019s list of essential medicines.1", "line": 54, "relation": "decreases"}
a(CHEBI:Niclosamide)	decreases	bp(GO:"oxidative phosphorylation")	{"annotations": {"PublicationStatus": {"Published": true}, "PublicationType": {"Review": true}, "Section": {"Full Text": true}, "Species": {"9606": true}}, "citation": {"authors": ["Li H", "Shi PY", "Xu J", "Zhou J"], "date": "2020-03-10", "db": "PubMed", "db_id": "32125140", "db_name": "ACS infectious diseases", "first": "Xu J", "last": "Zhou J"}, "evidence": "Niclosamide exerts its anticestodal effect by inhibiting oxidative phosphorylation and stimulating adenosine triphosphatase activity in the mitochondria.1", "line": 58, "relation": "decreases"}
a(CHEBI:Niclosamide)	increases	a(GO:"ATPase activity")	{"annotations": {"PublicationStatus": {"Published": true}, "PublicationType": {"Review": true}, "Section": {"Full Text": true}, "Species": {"9606": true}}, "citation": {"authors": ["Li H", "Shi PY", "Xu J", "Zhou J"], "date": "2020-03-10", "db": "PubMed", "db_id": "32125140", "db_name": "ACS infectious diseases", "first": "Xu J", "last": "Zhou J"}, "evidence": "Niclosamide exerts its anticestodal effect by inhibiting oxidative phosphorylation and stimulating adenosine triphosphatase activity in the mitochondria.1", "line": 59, "relation": "increases"}
a(CHEBI:Niclosamide)	decreases	a(TAX:"Severe acute respiratory syndrome-related coronavirus")	{"annotations": {"PublicationStatus": {"Published": true}, "PublicationType": {"Review": true}, "Section": {"Full Text": true}, "Species": {"9606": true}, "concentration": {"1.56 \u03bcM": true}}, "citation": {"authors": ["Li H", "Shi PY", "Xu J", "Zhou J"], "date": "2020-03-10", "db": "PubMed", "db_id": "32125140", "db_name": "ACS infectious diseases", "first": "Xu J", "last": "Zhou J"}, "evidence": "Wu et al. found that niclosamide was able to inhibit SARS-CoV replication and totally abolished viral antigen synthesis at a concentration of 1.56 \u03bcM after screening a small marketed drug library.", "line": 69, "relation": "decreases"}
a(CHEBI:Niclosamide)	decreases	bp(MESH:"Cytopathogenic Effect, Viral")	{"annotations": {"CellLine": {"VERO C1008 cell": true}, "PublicationStatus": {"Published": true}, "PublicationType": {"Review": true}, "Section": {"Full Text": true}, "Species": {"9606": true}, "concentration": {"1 \u03bcM": true}}, "citation": {"authors": ["Li H", "Shi PY", "Xu J", "Zhou J"], "date": "2020-03-10", "db": "PubMed", "db_id": "32125140", "db_name": "ACS infectious diseases", "first": "Xu J", "last": "Zhou J"}, "evidence": "Niclosamide suppressed the cytopathic effect (CPE) of SARS-CoV at a concentration of as low as 1 \u03bcM and inhibited SARS-CoV replication with an EC50 value of less than 0.1 \u03bcM in Vero E6 cells.", "line": 77, "relation": "decreases"}
a(CHEBI:Niclosamide)	decreases	a(TAX:"Middle East respiratory syndrome-related coronavirus")	{"annotations": {"PublicationStatus": {"Published": true}, "PublicationType": {"Review": true}, "Section": {"Full Text": true}, "Species": {"9606": true}, "Timeline": {"48 h p.i": true}, "concentration": {"10 \u03bcM": true}}, "citation": {"authors": ["Li H", "Shi PY", "Xu J", "Zhou J"], "date": "2020-03-10", "db": "PubMed", "db_id": "32125140", "db_name": "ACS infectious diseases", "first": "Xu J", "last": "Zhou J"}, "evidence": "Niclosamide was reported to inhibit MERS-CoV replication by up to 1000-fold at 48 h p.i. at a concentration of 10 \u03bcM, while it enhanced the BENC1 level and ATG14 oligomerization, increased the number of autolysosomes by >2-fold, and affected the autophagic flux in the MERS-CoV-infected cells.3", "line": 91, "relation": "decreases"}
a(CHEBI:Niclosamide)	increases	p(HGNC:BECN1)	{"annotations": {"PublicationStatus": {"Published": true}, "PublicationType": {"Review": true}, "Section": {"Full Text": true}, "Species": {"9606": true}, "Timeline": {"48 h p.i": true}, "concentration": {"10 \u03bcM": true}}, "citation": {"authors": ["Li H", "Shi PY", "Xu J", "Zhou J"], "date": "2020-03-10", "db": "PubMed", "db_id": "32125140", "db_name": "ACS infectious diseases", "first": "Xu J", "last": "Zhou J"}, "evidence": "Niclosamide was reported to inhibit MERS-CoV replication by up to 1000-fold at 48 h p.i. at a concentration of 10 \u03bcM, while it enhanced the BENC1 level and ATG14 oligomerization, increased the number of autolysosomes by >2-fold, and affected the autophagic flux in the MERS-CoV-infected cells.3", "line": 92, "relation": "increases"}
a(CHEBI:Niclosamide)	increases	p(HGNC:ATG14)	{"annotations": {"PublicationStatus": {"Published": true}, "PublicationType": {"Review": true}, "Section": {"Full Text": true}, "Species": {"9606": true}, "Timeline": {"48 h p.i": true}, "concentration": {"10 \u03bcM": true}}, "citation": {"authors": ["Li H", "Shi PY", "Xu J", "Zhou J"], "date": "2020-03-10", "db": "PubMed", "db_id": "32125140", "db_name": "ACS infectious diseases", "first": "Xu J", "last": "Zhou J"}, "evidence": "Niclosamide was reported to inhibit MERS-CoV replication by up to 1000-fold at 48 h p.i. at a concentration of 10 \u03bcM, while it enhanced the BENC1 level and ATG14 oligomerization, increased the number of autolysosomes by >2-fold, and affected the autophagic flux in the MERS-CoV-infected cells.3", "line": 93, "relation": "increases"}
a(CHEBI:chloroquine)	decreases	a(TAX:"Severe acute respiratory syndrome coronavirus 2")	{"annotations": {"CellLine": {"VERO C1008 cell": true}, "EC50": {"0.77 \u03bcM": true, "1.13 \u03bcM": true, "2.12 \u03bcM": true}, "PublicationStatus": {"Published": true}, "PublicationType": {"Review": true}, "Section": {"Full Text": true}, "Species": {"9606": true}}, "citation": {"authors": ["Li H", "Shi PY", "Xu J", "Zhou J"], "date": "2020-03-10", "db": "PubMed", "db_id": "32125140", "db_name": "ACS infectious diseases", "first": "Xu J", "last": "Zhou J"}, "evidence": "Very recently, through screening the existing antiviral drugs, three broad antiviral agents (nitazoxanide, remdesivir, and chloroquine) were found to inhibit SARS-CoV-2 at low micromolar concentrations in Vero E6 cells with EC50 values of 2.12, 0.77, and 1.13 \u03bcM, respectively.", "line": 103, "relation": "decreases"}
a(PUBCHEM:121304016)	decreases	a(TAX:"Severe acute respiratory syndrome coronavirus 2")	{"annotations": {"CellLine": {"VERO C1008 cell": true}, "EC50": {"0.77 \u03bcM": true, "1.13 \u03bcM": true, "2.12 \u03bcM": true}, "PublicationStatus": {"Published": true}, "PublicationType": {"Review": true}, "Section": {"Full Text": true}, "Species": {"9606": true}}, "citation": {"authors": ["Li H", "Shi PY", "Xu J", "Zhou J"], "date": "2020-03-10", "db": "PubMed", "db_id": "32125140", "db_name": "ACS infectious diseases", "first": "Xu J", "last": "Zhou J"}, "evidence": "Very recently, through screening the existing antiviral drugs, three broad antiviral agents (nitazoxanide, remdesivir, and chloroquine) were found to inhibit SARS-CoV-2 at low micromolar concentrations in Vero E6 cells with EC50 values of 2.12, 0.77, and 1.13 \u03bcM, respectively.", "line": 102, "relation": "decreases"}
a(PUBCHEM:41684)	decreases	a(TAX:"Severe acute respiratory syndrome coronavirus 2")	{"annotations": {"CellLine": {"VERO C1008 cell": true}, "EC50": {"0.77 \u03bcM": true, "1.13 \u03bcM": true, "2.12 \u03bcM": true}, "PublicationStatus": {"Published": true}, "PublicationType": {"Review": true}, "Section": {"Full Text": true}, "Species": {"9606": true}}, "citation": {"authors": ["Li H", "Shi PY", "Xu J", "Zhou J"], "date": "2020-03-10", "db": "PubMed", "db_id": "32125140", "db_name": "ACS infectious diseases", "first": "Xu J", "last": "Zhou J"}, "evidence": "Very recently, through screening the existing antiviral drugs, three broad antiviral agents (nitazoxanide, remdesivir, and chloroquine) were found to inhibit SARS-CoV-2 at low micromolar concentrations in Vero E6 cells with EC50 values of 2.12, 0.77, and 1.13 \u03bcM, respectively.", "line": 101, "relation": "decreases"}
a(TAX:"Human coronavirus 229E")	increases	path(DO:"common cold")	{"annotations": {"PublicationStatus": {"Published": true}, "PublicationType": {"Review": true}, "Section": {"Full Text": true}, "Species": {"9606": true}}, "citation": {"authors": ["Li H", "Shi PY", "Xu J", "Zhou J"], "date": "2020-03-10", "db": "PubMed", "db_id": "32125140", "db_name": "ACS infectious diseases", "first": "Xu J", "last": "Zhou J"}, "evidence": "Infections with human strains HCoV-229E, HCoV-OC43, HCoV-NL63, and HCoV-HKU1 usually cause mild, self-limiting respiratory infections such as the common cold.2,24", "line": 62, "relation": "increases"}
a(TAX:"Human coronavirus HKU1")	increases	path(DO:"common cold")	{"annotations": {"PublicationStatus": {"Published": true}, "PublicationType": {"Review": true}, "Section": {"Full Text": true}, "Species": {"9606": true}}, "citation": {"authors": ["Li H", "Shi PY", "Xu J", "Zhou J"], "date": "2020-03-10", "db": "PubMed", "db_id": "32125140", "db_name": "ACS infectious diseases", "first": "Xu J", "last": "Zhou J"}, "evidence": "Infections with human strains HCoV-229E, HCoV-OC43, HCoV-NL63, and HCoV-HKU1 usually cause mild, self-limiting respiratory infections such as the common cold.2,24", "line": 65, "relation": "increases"}
a(TAX:"Human coronavirus NL63")	increases	path(DO:"common cold")	{"annotations": {"PublicationStatus": {"Published": true}, "PublicationType": {"Review": true}, "Section": {"Full Text": true}, "Species": {"9606": true}}, "citation": {"authors": ["Li H", "Shi PY", "Xu J", "Zhou J"], "date": "2020-03-10", "db": "PubMed", "db_id": "32125140", "db_name": "ACS infectious diseases", "first": "Xu J", "last": "Zhou J"}, "evidence": "Infections with human strains HCoV-229E, HCoV-OC43, HCoV-NL63, and HCoV-HKU1 usually cause mild, self-limiting respiratory infections such as the common cold.2,24", "line": 64, "relation": "increases"}
a(TAX:"Human coronavirus OC43")	increases	path(DO:"common cold")	{"annotations": {"PublicationStatus": {"Published": true}, "PublicationType": {"Review": true}, "Section": {"Full Text": true}, "Species": {"9606": true}}, "citation": {"authors": ["Li H", "Shi PY", "Xu J", "Zhou J"], "date": "2020-03-10", "db": "PubMed", "db_id": "32125140", "db_name": "ACS infectious diseases", "first": "Xu J", "last": "Zhou J"}, "evidence": "Infections with human strains HCoV-229E, HCoV-OC43, HCoV-NL63, and HCoV-HKU1 usually cause mild, self-limiting respiratory infections such as the common cold.2,24", "line": 63, "relation": "increases"}
a(TAX:"Severe acute respiratory syndrome-related coronavirus")	increases	bp(MESH:"Cytopathogenic Effect, Viral")	{"annotations": {"PublicationStatus": {"Published": true}, "PublicationType": {"Review": true}, "Section": {"Full Text": true}, "Species": {"9606": true}}, "citation": {"authors": ["Li H", "Shi PY", "Xu J", "Zhou J"], "date": "2020-03-10", "db": "PubMed", "db_id": "32125140", "db_name": "ACS infectious diseases", "first": "Xu J", "last": "Zhou J"}, "evidence": "Niclosamide suppressed the cytopathic effect (CPE) of SARS-CoV at a concentration of as low as 1 \u03bcM and inhibited SARS-CoV replication with an EC50 value of less than 0.1 \u03bcM in Vero E6 cells.", "line": 74, "relation": "increases"}
p(HGNC:ATG14)	increases	bp(GO:"protein oligomerization")	{"annotations": {"PublicationStatus": {"Published": true}, "PublicationType": {"Review": true}, "Section": {"Full Text": true}, "Species": {"9606": true}, "Timeline": {"48 h p.i": true}, "concentration": {"10 \u03bcM": true}}, "citation": {"authors": ["Li H", "Shi PY", "Xu J", "Zhou J"], "date": "2020-03-10", "db": "PubMed", "db_id": "32125140", "db_name": "ACS infectious diseases", "first": "Xu J", "last": "Zhou J"}, "evidence": "Niclosamide was reported to inhibit MERS-CoV replication by up to 1000-fold at 48 h p.i. at a concentration of 10 \u03bcM, while it enhanced the BENC1 level and ATG14 oligomerization, increased the number of autolysosomes by >2-fold, and affected the autophagic flux in the MERS-CoV-infected cells.3", "line": 94, "relation": "increases"}
p(HGNC:BECN1)	hasVariant	p(HGNC:BECN1, pmod(Ub, Lys, 48))	{"relation": "hasVariant"}
p(HGNC:SKP2)	increases	p(HGNC:BECN1, pmod(Ub, Lys, 48))	{"annotations": {"PublicationStatus": {"Published": true}, "PublicationType": {"Review": true}, "Section": {"Full Text": true}, "Species": {"9606": true}}, "citation": {"authors": ["Li H", "Shi PY", "Xu J", "Zhou J"], "date": "2020-03-10", "db": "PubMed", "db_id": "32125140", "db_name": "ACS infectious diseases", "first": "Xu J", "last": "Zhou J"}, "evidence": "Gassen et al. revealed that E3 ligase S-phase kinas associated protein 2 (SKP2) executes lysine-48-linked polyubiquitination of Benclin 1 (BECN1), resulting in its proteasomal degradation. SKP2 inhibition increases the BENC1 level, enhances autophagy, and efficiently reduces MERS-CoV replication.3", "line": 82, "relation": "increases"}
p(HGNC:SKP2)	decreases	p(HGNC:BECN1)	{"annotations": {"PublicationStatus": {"Published": true}, "PublicationType": {"Review": true}, "Section": {"Full Text": true}, "Species": {"9606": true}}, "citation": {"authors": ["Li H", "Shi PY", "Xu J", "Zhou J"], "date": "2020-03-10", "db": "PubMed", "db_id": "32125140", "db_name": "ACS infectious diseases", "first": "Xu J", "last": "Zhou J"}, "evidence": "Gassen et al. revealed that E3 ligase S-phase kinas associated protein 2 (SKP2) executes lysine-48-linked polyubiquitination of Benclin 1 (BECN1), resulting in its proteasomal degradation. SKP2 inhibition increases the BENC1 level, enhances autophagy, and efficiently reduces MERS-CoV replication.3", "line": 83, "relation": "decreases"}
p(HGNC:SKP2)	decreases	bp(GO:autophagy)	{"annotations": {"PublicationStatus": {"Published": true}, "PublicationType": {"Review": true}, "Section": {"Full Text": true}, "Species": {"9606": true}}, "citation": {"authors": ["Li H", "Shi PY", "Xu J", "Zhou J"], "date": "2020-03-10", "db": "PubMed", "db_id": "32125140", "db_name": "ACS infectious diseases", "first": "Xu J", "last": "Zhou J"}, "evidence": "Gassen et al. revealed that E3 ligase S-phase kinas associated protein 2 (SKP2) executes lysine-48-linked polyubiquitination of Benclin 1 (BECN1), resulting in its proteasomal degradation. SKP2 inhibition increases the BENC1 level, enhances autophagy, and efficiently reduces MERS-CoV replication.3", "line": 84, "relation": "decreases"}
p(HGNC:SKP2)	increases	a(TAX:"Middle East respiratory syndrome-related coronavirus")	{"annotations": {"PublicationStatus": {"Published": true}, "PublicationType": {"Review": true}, "Section": {"Full Text": true}, "Species": {"9606": true}}, "citation": {"authors": ["Li H", "Shi PY", "Xu J", "Zhou J"], "date": "2020-03-10", "db": "PubMed", "db_id": "32125140", "db_name": "ACS infectious diseases", "first": "Xu J", "last": "Zhou J"}, "evidence": "Gassen et al. revealed that E3 ligase S-phase kinas associated protein 2 (SKP2) executes lysine-48-linked polyubiquitination of Benclin 1 (BECN1), resulting in its proteasomal degradation. SKP2 inhibition increases the BENC1 level, enhances autophagy, and efficiently reduces MERS-CoV replication.3", "line": 85, "relation": "increases"}
