a(CHEBI:Tryptanthrine)	negativeCorrelation	bp(MESH:"Cytopathogenic Effect, Viral")	{"annotations": {"CellLine": {"immortal rhesus macaque kidney-derived cell line cell": true}, "PublicationStatus": {"Published": true}, "PublicationType": {"Research": true}, "Section": {"Results": true}, "Timeline": {"36 hours": true, "48 hours": true}, "concentration": {"40 \u03bcM": true}}, "citation": {"authors": ["Chang YS", "Huang SH", "Lee CL", "Lin CW", "Lin YP", "Tsai YC", "Yen HR"], "date": "2020-02-27", "db": "PubMed", "db_id": "32120929", "db_name": "Biomolecules", "first": "Tsai YC", "last": "Lin CW", "volume": "10"}, "evidence": "Among them, tryptanthrin at 40 \u03bcM exhibited the strongest antiviral activity with a significant reduction in HCoV\u2010NL63\u2010induced CPE in LLC\u2010MK2 cells 36 and 48 h post\u2010infection (Figure 3A).", "line": 93, "relation": "negativeCorrelation"}
a(CHEBI:Tryptanthrine)	decreases	bp(MESH:"Cytopathogenic Effect, Viral")	{"annotations": {"CellLine": {"immortal rhesus macaque kidney-derived cell line cell": true}, "PublicationStatus": {"Published": true}, "PublicationType": {"Research": true}, "Section": {"Results": true}, "Timeline": {"48 hours": true}, "concentration": {"0.4 \u03bcM": true, "4 \u03bcM": true, "40 \u03bcM": true}}, "citation": {"authors": ["Chang YS", "Huang SH", "Lee CL", "Lin CW", "Lin YP", "Tsai YC", "Yen HR"], "date": "2020-02-27", "db": "PubMed", "db_id": "32120929", "db_name": "Biomolecules", "first": "Tsai YC", "last": "Lin CW", "volume": "10"}, "evidence": "In the CPE reduction assay, tryptanthrin at 0.4, 4, and 40 \u03bcM significantly reduced virus\u2010induced CPE in LLCMK2 cells at 37 \u00b0C 48 h post\u2010infection, whereas the same effect was noted only for 40 \u03bcM indigodole B (Figure 4B\u2013C).", "line": 119, "relation": "decreases"}
a(CHEBI:Tryptanthrine)	decreases	a(TAX:"Human coronavirus NL63")	{"annotations": {"Assay": {"Plaque Assay": true}, "CellLine": {"immortal rhesus macaque kidney-derived cell line cell": true}, "PublicationStatus": {"Published": true}, "PublicationType": {"Research": true}, "Section": {"Results": true}, "concentration": {"40 \u03bcM": true}}, "citation": {"authors": ["Chang YS", "Huang SH", "Lee CL", "Lin CW", "Lin YP", "Tsai YC", "Yen HR"], "date": "2020-02-27", "db": "PubMed", "db_id": "32120929", "db_name": "Biomolecules", "first": "Tsai YC", "last": "Lin CW", "volume": "10"}, "evidence": "Moreover, the plaque assay revealed that tryptanthrin and indigodole B exerted a potent inhibitory effect on the in vitro progeny production of HCoV\u2010NL63 (Figure 4D\u2013E), wherein IC50 values for virus yield were 1.52 \u03bcM and 2.60 \u03bcM for tryptanthrin and indigole B, respectively (Table 1).", "line": 134, "relation": "decreases"}
a(CHEBI:Tryptanthrine)	decreases	a(TAX:"Human coronavirus NL63")	{"annotations": {"BioAssay": {"immunofluorescent labeling": true}, "CellLine": {"Calu-3 cell": true}, "PublicationStatus": {"Published": true}, "PublicationType": {"Research": true}, "Section": {"Results": true}, "concentration": {"0.30 \u03bcM": true}}, "citation": {"authors": ["Chang YS", "Huang SH", "Lee CL", "Lin CW", "Lin YP", "Tsai YC", "Yen HR"], "date": "2020-02-27", "db": "PubMed", "db_id": "32120929", "db_name": "Biomolecules", "first": "Tsai YC", "last": "Lin CW", "volume": "10"}, "evidence": "Immunofluorescent staining indicated that tryptanthrin significantly reduced the percentage of HCoV\u2010NL63\u2010positive cells (Figure 5A, middle and bottom), markedly reducing the HCoV\u2010NL63 infectivity with an IC50 value of 0.30 \u03bcM in human lung epithelial Calu\u20103 cells (Figure 5B, Table 1).", "line": 147, "relation": "decreases"}
a(CHEBI:Tryptanthrine)	decreases	a(TAX:"Human coronavirus NL63", loc(GO:"extracellular space"))	{"annotations": {"Assay": {"Plaque Assay": true}, "PublicationStatus": {"Published": true}, "PublicationType": {"Research": true}, "Section": {"Results": true}, "Virus_stage": {"late": true}, "concentration": {"0.50 \u03bcM": true}}, "citation": {"authors": ["Chang YS", "Huang SH", "Lee CL", "Lin CW", "Lin YP", "Tsai YC", "Yen HR"], "date": "2020-02-27", "db": "PubMed", "db_id": "32120929", "db_name": "Biomolecules", "first": "Tsai YC", "last": "Lin CW", "volume": "10"}, "evidence": "In addition, tryptanthrin exhibited a higher inhibitory activity against the production of extracellular virions in the late stage (IC50 = 0.05 \u03bcM) than in the early stage (IC50 = 6.99 \u03bcM) (Figure 7A,B, Table 1).", "line": 159, "object": {"location": {"namespace": "GO", "name": "extracellular space"}}, "relation": "decreases"}
a(FIXME:"Indigodole B")	decreases	bp(MESH:"Cytopathogenic Effect, Viral")	{"annotations": {"CellLine": {"immortal rhesus macaque kidney-derived cell line cell": true}, "PublicationStatus": {"Published": true}, "PublicationType": {"Research": true}, "Section": {"Results": true}, "Timeline": {"36 hours": true, "48 hours": true}, "concentration": {"40 \u03bcM": true}}, "citation": {"authors": ["Chang YS", "Huang SH", "Lee CL", "Lin CW", "Lin YP", "Tsai YC", "Yen HR"], "date": "2020-02-27", "db": "PubMed", "db_id": "32120929", "db_name": "Biomolecules", "first": "Tsai YC", "last": "Lin CW", "volume": "10"}, "evidence": "Indigodole B (5aR\u2010ethyltryptanthrin) at 40 \u03bcM concentration was ranked the second highest in terms of anti\u2010HCoV\u2010NL63 activity in reducing virus induced CPE 36 and 48 h post\u2010infection (Figure 3A).", "line": 106, "relation": "decreases"}
a(FIXME:"Indigodole B")	decreases	bp(MESH:"Cytopathogenic Effect, Viral")	{"annotations": {"CellLine": {"immortal rhesus macaque kidney-derived cell line cell": true}, "PublicationStatus": {"Published": true}, "PublicationType": {"Research": true}, "Section": {"Results": true}, "concentration": {"40 \u03bcM": true}}, "citation": {"authors": ["Chang YS", "Huang SH", "Lee CL", "Lin CW", "Lin YP", "Tsai YC", "Yen HR"], "date": "2020-02-27", "db": "PubMed", "db_id": "32120929", "db_name": "Biomolecules", "first": "Tsai YC", "last": "Lin CW", "volume": "10"}, "evidence": "In the CPE reduction assay, tryptanthrin at 0.4, 4, and 40 \u03bcM significantly reduced virus\u2010induced CPE in LLCMK2 cells at 37 \u00b0C 48 h post\u2010infection, whereas the same effect was noted only for 40 \u03bcM indigodole B (Figure 4B\u2013C).", "line": 123, "relation": "decreases"}
a(FIXME:"Strobilanthes cusia leaf methanol extract")	negativeCorrelation	bp(MESH:"Cytopathogenic Effect, Viral")	{"annotations": {"CellLine": {"immortal rhesus macaque kidney-derived cell line cell": true}, "PublicationStatus": {"Published": true}, "PublicationType": {"Research": true}, "Section": {"Results": true}}, "citation": {"authors": ["Chang YS", "Huang SH", "Lee CL", "Lin CW", "Lin YP", "Tsai YC", "Yen HR"], "date": "2020-02-27", "db": "PubMed", "db_id": "32120929", "db_name": "Biomolecules", "first": "Tsai YC", "last": "Lin CW", "volume": "10"}, "evidence": "The S. cusia leaf methanol extract reduced HCoV\u2010NL63\u2010induced CPE in LLC\u2010MK2 cells in a concentration\u2010dependent manner (Figure 1A).", "line": 57, "relation": "negativeCorrelation"}
a(FIXME:"Strobilanthes cusia leaf methanol extract")	negativeCorrelation	a(TAX:"Human coronavirus NL63")	{"annotations": {"Assay": {"Plaque Assay": true}, "CellLine": {"immortal rhesus macaque kidney-derived cell line cell": true}, "PublicationStatus": {"Published": true}, "PublicationType": {"Research": true}, "Section": {"Results": true}, "Timeline": {"48 hours": true}}, "citation": {"authors": ["Chang YS", "Huang SH", "Lee CL", "Lin CW", "Lin YP", "Tsai YC", "Yen HR"], "date": "2020-02-27", "db": "PubMed", "db_id": "32120929", "db_name": "Biomolecules", "first": "Tsai YC", "last": "Lin CW", "volume": "10"}, "evidence": "The plaque assay indicated that the S. cusia leaf methanol extract exhibited a strong inhibitory effect against the production of progeny HCoV\u2010NL63 virions released into the cultured media of LLC\u2010MK2 cells at 37 \u00b0C 48 h post\u2010infection (Figure 1B).", "line": 68, "relation": "negativeCorrelation"}
a(FIXME:"Strobilanthes cusia leaf methanol extract")	negativeCorrelation	a(TAX:"Human coronavirus NL63")	{"annotations": {"BioAssay": {"immunofluorescent labeling": true}, "CellLine": {"immortal rhesus macaque kidney-derived cell line cell": true}, "PublicationStatus": {"Published": true}, "PublicationType": {"Research": true}, "Section": {"Results": true}, "Timeline": {"36 hours": true}}, "citation": {"authors": ["Chang YS", "Huang SH", "Lee CL", "Lin CW", "Lin YP", "Tsai YC", "Yen HR"], "date": "2020-02-27", "db": "PubMed", "db_id": "32120929", "db_name": "Biomolecules", "first": "Tsai YC", "last": "Lin CW", "volume": "10"}, "evidence": "Immunofluorescent staining with anti\u2010HCoV\u2010NL63\u2010immunized sera revealed that the S. cusia leaf methanol extract inhibited the HCoV\u2010NL63\u2010infected LLC\u2010MK2 positivity at 37 \u00b0C 36 h post\u2010infection in a concentration\u2010dependent manner as well (Figure 2A).", "line": 80, "relation": "negativeCorrelation"}
a(TAX:"Human coronavirus NL63")	positiveCorrelation	bp(MESH:"Cytopathogenic Effect, Viral")	{"annotations": {"CellLine": {"immortal rhesus macaque kidney-derived cell line cell": true}, "PublicationStatus": {"Published": true}, "PublicationType": {"Research": true}, "Section": {"Results": true}}, "citation": {"authors": ["Chang YS", "Huang SH", "Lee CL", "Lin CW", "Lin YP", "Tsai YC", "Yen HR"], "date": "2020-02-27", "db": "PubMed", "db_id": "32120929", "db_name": "Biomolecules", "first": "Tsai YC", "last": "Lin CW", "volume": "10"}, "evidence": "The S. cusia leaf methanol extract reduced HCoV\u2010NL63\u2010induced CPE in LLC\u2010MK2 cells in a concentration\u2010dependent manner (Figure 1A).", "line": 56, "relation": "positiveCorrelation"}
a(TAX:"Human coronavirus NL63")	positiveCorrelation	bp(MESH:"Cytopathogenic Effect, Viral")	{"annotations": {"CellLine": {"immortal rhesus macaque kidney-derived cell line cell": true}, "PublicationStatus": {"Published": true}, "PublicationType": {"Research": true}, "Section": {"Results": true}, "Timeline": {"36 hours": true, "48 hours": true}, "concentration": {"40 \u03bcM": true}}, "citation": {"authors": ["Chang YS", "Huang SH", "Lee CL", "Lin CW", "Lin YP", "Tsai YC", "Yen HR"], "date": "2020-02-27", "db": "PubMed", "db_id": "32120929", "db_name": "Biomolecules", "first": "Tsai YC", "last": "Lin CW", "volume": "10"}, "evidence": "Among them, tryptanthrin at 40 \u03bcM exhibited the strongest antiviral activity with a significant reduction in HCoV\u2010NL63\u2010induced CPE in LLC\u2010MK2 cells 36 and 48 h post\u2010infection (Figure 3A).", "line": 92, "relation": "positiveCorrelation"}
a(TAX:"Human coronavirus NL63")	positiveCorrelation	bp(MESH:"Cytopathogenic Effect, Viral")	{"annotations": {"CellLine": {"immortal rhesus macaque kidney-derived cell line cell": true}, "PublicationStatus": {"Published": true}, "PublicationType": {"Research": true}, "Section": {"Results": true}, "Timeline": {"36 hours": true, "48 hours": true}, "concentration": {"40 \u03bcM": true}}, "citation": {"authors": ["Chang YS", "Huang SH", "Lee CL", "Lin CW", "Lin YP", "Tsai YC", "Yen HR"], "date": "2020-02-27", "db": "PubMed", "db_id": "32120929", "db_name": "Biomolecules", "first": "Tsai YC", "last": "Lin CW", "volume": "10"}, "evidence": "Indigodole B (5aR\u2010ethyltryptanthrin) at 40 \u03bcM concentration was ranked the second highest in terms of anti\u2010HCoV\u2010NL63 activity in reducing virus induced CPE 36 and 48 h post\u2010infection (Figure 3A).", "line": 105, "relation": "positiveCorrelation"}
a(TAX:"Human coronavirus NL63")	negativeCorrelation	a(FIXME:"Strobilanthes cusia leaf methanol extract")	{"annotations": {"Assay": {"Plaque Assay": true}, "CellLine": {"immortal rhesus macaque kidney-derived cell line cell": true}, "PublicationStatus": {"Published": true}, "PublicationType": {"Research": true}, "Section": {"Results": true}, "Timeline": {"48 hours": true}}, "citation": {"authors": ["Chang YS", "Huang SH", "Lee CL", "Lin CW", "Lin YP", "Tsai YC", "Yen HR"], "date": "2020-02-27", "db": "PubMed", "db_id": "32120929", "db_name": "Biomolecules", "first": "Tsai YC", "last": "Lin CW", "volume": "10"}, "evidence": "The plaque assay indicated that the S. cusia leaf methanol extract exhibited a strong inhibitory effect against the production of progeny HCoV\u2010NL63 virions released into the cultured media of LLC\u2010MK2 cells at 37 \u00b0C 48 h post\u2010infection (Figure 1B).", "line": 68, "relation": "negativeCorrelation"}
a(TAX:"Human coronavirus NL63")	negativeCorrelation	a(FIXME:"Strobilanthes cusia leaf methanol extract")	{"annotations": {"BioAssay": {"immunofluorescent labeling": true}, "CellLine": {"immortal rhesus macaque kidney-derived cell line cell": true}, "PublicationStatus": {"Published": true}, "PublicationType": {"Research": true}, "Section": {"Results": true}, "Timeline": {"36 hours": true}}, "citation": {"authors": ["Chang YS", "Huang SH", "Lee CL", "Lin CW", "Lin YP", "Tsai YC", "Yen HR"], "date": "2020-02-27", "db": "PubMed", "db_id": "32120929", "db_name": "Biomolecules", "first": "Tsai YC", "last": "Lin CW", "volume": "10"}, "evidence": "Immunofluorescent staining with anti\u2010HCoV\u2010NL63\u2010immunized sera revealed that the S. cusia leaf methanol extract inhibited the HCoV\u2010NL63\u2010infected LLC\u2010MK2 positivity at 37 \u00b0C 36 h post\u2010infection in a concentration\u2010dependent manner as well (Figure 2A).", "line": 80, "relation": "negativeCorrelation"}
bp(MESH:"Cytopathogenic Effect, Viral")	positiveCorrelation	a(TAX:"Human coronavirus NL63")	{"annotations": {"CellLine": {"immortal rhesus macaque kidney-derived cell line cell": true}, "PublicationStatus": {"Published": true}, "PublicationType": {"Research": true}, "Section": {"Results": true}}, "citation": {"authors": ["Chang YS", "Huang SH", "Lee CL", "Lin CW", "Lin YP", "Tsai YC", "Yen HR"], "date": "2020-02-27", "db": "PubMed", "db_id": "32120929", "db_name": "Biomolecules", "first": "Tsai YC", "last": "Lin CW", "volume": "10"}, "evidence": "The S. cusia leaf methanol extract reduced HCoV\u2010NL63\u2010induced CPE in LLC\u2010MK2 cells in a concentration\u2010dependent manner (Figure 1A).", "line": 56, "relation": "positiveCorrelation"}
bp(MESH:"Cytopathogenic Effect, Viral")	positiveCorrelation	a(TAX:"Human coronavirus NL63")	{"annotations": {"CellLine": {"immortal rhesus macaque kidney-derived cell line cell": true}, "PublicationStatus": {"Published": true}, "PublicationType": {"Research": true}, "Section": {"Results": true}, "Timeline": {"36 hours": true, "48 hours": true}, "concentration": {"40 \u03bcM": true}}, "citation": {"authors": ["Chang YS", "Huang SH", "Lee CL", "Lin CW", "Lin YP", "Tsai YC", "Yen HR"], "date": "2020-02-27", "db": "PubMed", "db_id": "32120929", "db_name": "Biomolecules", "first": "Tsai YC", "last": "Lin CW", "volume": "10"}, "evidence": "Among them, tryptanthrin at 40 \u03bcM exhibited the strongest antiviral activity with a significant reduction in HCoV\u2010NL63\u2010induced CPE in LLC\u2010MK2 cells 36 and 48 h post\u2010infection (Figure 3A).", "line": 92, "relation": "positiveCorrelation"}
bp(MESH:"Cytopathogenic Effect, Viral")	positiveCorrelation	a(TAX:"Human coronavirus NL63")	{"annotations": {"CellLine": {"immortal rhesus macaque kidney-derived cell line cell": true}, "PublicationStatus": {"Published": true}, "PublicationType": {"Research": true}, "Section": {"Results": true}, "Timeline": {"36 hours": true, "48 hours": true}, "concentration": {"40 \u03bcM": true}}, "citation": {"authors": ["Chang YS", "Huang SH", "Lee CL", "Lin CW", "Lin YP", "Tsai YC", "Yen HR"], "date": "2020-02-27", "db": "PubMed", "db_id": "32120929", "db_name": "Biomolecules", "first": "Tsai YC", "last": "Lin CW", "volume": "10"}, "evidence": "Indigodole B (5aR\u2010ethyltryptanthrin) at 40 \u03bcM concentration was ranked the second highest in terms of anti\u2010HCoV\u2010NL63 activity in reducing virus induced CPE 36 and 48 h post\u2010infection (Figure 3A).", "line": 105, "relation": "positiveCorrelation"}
bp(MESH:"Cytopathogenic Effect, Viral")	negativeCorrelation	a(FIXME:"Strobilanthes cusia leaf methanol extract")	{"annotations": {"CellLine": {"immortal rhesus macaque kidney-derived cell line cell": true}, "PublicationStatus": {"Published": true}, "PublicationType": {"Research": true}, "Section": {"Results": true}}, "citation": {"authors": ["Chang YS", "Huang SH", "Lee CL", "Lin CW", "Lin YP", "Tsai YC", "Yen HR"], "date": "2020-02-27", "db": "PubMed", "db_id": "32120929", "db_name": "Biomolecules", "first": "Tsai YC", "last": "Lin CW", "volume": "10"}, "evidence": "The S. cusia leaf methanol extract reduced HCoV\u2010NL63\u2010induced CPE in LLC\u2010MK2 cells in a concentration\u2010dependent manner (Figure 1A).", "line": 57, "relation": "negativeCorrelation"}
bp(MESH:"Cytopathogenic Effect, Viral")	negativeCorrelation	a(CHEBI:Tryptanthrine)	{"annotations": {"CellLine": {"immortal rhesus macaque kidney-derived cell line cell": true}, "PublicationStatus": {"Published": true}, "PublicationType": {"Research": true}, "Section": {"Results": true}, "Timeline": {"36 hours": true, "48 hours": true}, "concentration": {"40 \u03bcM": true}}, "citation": {"authors": ["Chang YS", "Huang SH", "Lee CL", "Lin CW", "Lin YP", "Tsai YC", "Yen HR"], "date": "2020-02-27", "db": "PubMed", "db_id": "32120929", "db_name": "Biomolecules", "first": "Tsai YC", "last": "Lin CW", "volume": "10"}, "evidence": "Among them, tryptanthrin at 40 \u03bcM exhibited the strongest antiviral activity with a significant reduction in HCoV\u2010NL63\u2010induced CPE in LLC\u2010MK2 cells 36 and 48 h post\u2010infection (Figure 3A).", "line": 93, "relation": "negativeCorrelation"}
