a(CHEBI:tirofiban)	decreases	complex(GO:"integrin alphaIIb-beta3 complex")	{"annotations": {"Species": {"9606": true}}, "citation": {"authors": ["Bridge A", "Le Mercier P", "Sigrist CJ"], "date": "2020-03-01", "db": "PubMed", "db_id": "32130973", "db_name": "Antiviral research", "first": "Sigrist CJ", "last": "Le Mercier P", "pages": "104759", "volume": "177"}, "evidence": "Known blockers of integrin binding include the antibody natalizumab (a \u03b14\u03b21/\u03b27 integrin antagonist) for the treatment of multiple sclerosis/Crohn's disease, the small molecule tirofiban (an \u03b1IIb\u03b23 inhibitor) for the treatment of acute coronary syndrome, as well as inhibitors of \u03b1V RGD-binding integrin (Hatley et al., 2018).", "line": 117, "relation": "decreases"}
a(CHEBI:tirofiban)	decreases	complex(p(HGNC:ITGA5), p(NCBIGENE:43740568, frag("403_405")))	{"annotations": {"Species": {"9606": true}}, "citation": {"authors": ["Bridge A", "Le Mercier P", "Sigrist CJ"], "date": "2020-03-01", "db": "PubMed", "db_id": "32130973", "db_name": "Antiviral research", "first": "Sigrist CJ", "last": "Le Mercier P", "pages": "104759", "volume": "177"}, "evidence": "Known blockers of integrin binding include the antibody natalizumab (a \u03b14\u03b21/\u03b27 integrin antagonist) for the treatment of multiple sclerosis/Crohn's disease, the small molecule tirofiban (an \u03b1IIb\u03b23 inhibitor) for the treatment of acute coronary syndrome, as well as inhibitors of \u03b1V RGD-binding integrin (Hatley et al., 2018).", "line": 118, "relation": "decreases"}
a(CHEBI:tirofiban)	decreases	path(MESH:"Acute Coronary Syndrome")	{"annotations": {"Species": {"9606": true}}, "citation": {"authors": ["Bridge A", "Le Mercier P", "Sigrist CJ"], "date": "2020-03-01", "db": "PubMed", "db_id": "32130973", "db_name": "Antiviral research", "first": "Sigrist CJ", "last": "Le Mercier P", "pages": "104759", "volume": "177"}, "evidence": "Known blockers of integrin binding include the antibody natalizumab (a \u03b14\u03b21/\u03b27 integrin antagonist) for the treatment of multiple sclerosis/Crohn's disease, the small molecule tirofiban (an \u03b1IIb\u03b23 inhibitor) for the treatment of acute coronary syndrome, as well as inhibitors of \u03b1V RGD-binding integrin (Hatley et al., 2018).", "line": 119, "relation": "decreases"}
a(MESH:Integrins)	partOf	complex(a(MESH:Integrins), a(TAX:"Severe acute respiratory syndrome coronavirus 2"))	{"relation": "partOf"}
a(MESH:Integrins)	partOf	complex(a(MESH:Integrins), p(NCBIGENE:43740568, frag("403_405")))	{"relation": "partOf"}
a(MESH:Integrins)	increases	bp(GO:"cell adhesion")	{"annotations": {"Species": {"9606": true}}, "citation": {"authors": ["Bridge A", "Le Mercier P", "Sigrist CJ"], "date": "2020-03-01", "db": "PubMed", "db_id": "32130973", "db_name": "Antiviral research", "first": "Sigrist CJ", "last": "Le Mercier P", "pages": "104759", "volume": "177"}, "evidence": "Integrins are heterodimeric cell surface receptors that play roles in cell adhesion, cell migration, and cell signaling processes (Hynes, 2002).", "line": 81, "relation": "increases"}
a(MESH:Integrins)	increases	bp(GO:"cell migration")	{"annotations": {"Species": {"9606": true}}, "citation": {"authors": ["Bridge A", "Le Mercier P", "Sigrist CJ"], "date": "2020-03-01", "db": "PubMed", "db_id": "32130973", "db_name": "Antiviral research", "first": "Sigrist CJ", "last": "Le Mercier P", "pages": "104759", "volume": "177"}, "evidence": "Integrins are heterodimeric cell surface receptors that play roles in cell adhesion, cell migration, and cell signaling processes (Hynes, 2002).", "line": 82, "relation": "increases"}
a(MESH:Integrins)	increases	bp(GO:"cell-cell signaling")	{"annotations": {"Species": {"9606": true}}, "citation": {"authors": ["Bridge A", "Le Mercier P", "Sigrist CJ"], "date": "2020-03-01", "db": "PubMed", "db_id": "32130973", "db_name": "Antiviral research", "first": "Sigrist CJ", "last": "Le Mercier P", "pages": "104759", "volume": "177"}, "evidence": "Integrins are heterodimeric cell surface receptors that play roles in cell adhesion, cell migration, and cell signaling processes (Hynes, 2002).", "line": 83, "relation": "increases"}
a(PUBCHEM:135314782)	decreases	complex(GO:"integrin alpha4-beta1 complex")	{"annotations": {"Species": {"9606": true}}, "citation": {"authors": ["Bridge A", "Le Mercier P", "Sigrist CJ"], "date": "2020-03-01", "db": "PubMed", "db_id": "32130973", "db_name": "Antiviral research", "first": "Sigrist CJ", "last": "Le Mercier P", "pages": "104759", "volume": "177"}, "evidence": "Known blockers of integrin binding include the antibody natalizumab (a \u03b14\u03b21/\u03b27 integrin antagonist) for the treatment of multiple sclerosis/Crohn's disease, the small molecule tirofiban (an \u03b1IIb\u03b23 inhibitor) for the treatment of acute coronary syndrome, as well as inhibitors of \u03b1V RGD-binding integrin (Hatley et al., 2018).", "line": 113, "relation": "decreases"}
a(PUBCHEM:135314782)	decreases	complex(GO:"integrin alpha4-beta7 complex")	{"annotations": {"Species": {"9606": true}}, "citation": {"authors": ["Bridge A", "Le Mercier P", "Sigrist CJ"], "date": "2020-03-01", "db": "PubMed", "db_id": "32130973", "db_name": "Antiviral research", "first": "Sigrist CJ", "last": "Le Mercier P", "pages": "104759", "volume": "177"}, "evidence": "Known blockers of integrin binding include the antibody natalizumab (a \u03b14\u03b21/\u03b27 integrin antagonist) for the treatment of multiple sclerosis/Crohn's disease, the small molecule tirofiban (an \u03b1IIb\u03b23 inhibitor) for the treatment of acute coronary syndrome, as well as inhibitors of \u03b1V RGD-binding integrin (Hatley et al., 2018).", "line": 114, "relation": "decreases"}
a(PUBCHEM:135314782)	decreases	path(DO:"multiple sclerosis")	{"annotations": {"Species": {"9606": true}}, "citation": {"authors": ["Bridge A", "Le Mercier P", "Sigrist CJ"], "date": "2020-03-01", "db": "PubMed", "db_id": "32130973", "db_name": "Antiviral research", "first": "Sigrist CJ", "last": "Le Mercier P", "pages": "104759", "volume": "177"}, "evidence": "Known blockers of integrin binding include the antibody natalizumab (a \u03b14\u03b21/\u03b27 integrin antagonist) for the treatment of multiple sclerosis/Crohn's disease, the small molecule tirofiban (an \u03b1IIb\u03b23 inhibitor) for the treatment of acute coronary syndrome, as well as inhibitors of \u03b1V RGD-binding integrin (Hatley et al., 2018).", "line": 115, "relation": "decreases"}
a(PUBCHEM:135314782)	decreases	path(DO:"Crohn's disease")	{"annotations": {"Species": {"9606": true}}, "citation": {"authors": ["Bridge A", "Le Mercier P", "Sigrist CJ"], "date": "2020-03-01", "db": "PubMed", "db_id": "32130973", "db_name": "Antiviral research", "first": "Sigrist CJ", "last": "Le Mercier P", "pages": "104759", "volume": "177"}, "evidence": "Known blockers of integrin binding include the antibody natalizumab (a \u03b14\u03b21/\u03b27 integrin antagonist) for the treatment of multiple sclerosis/Crohn's disease, the small molecule tirofiban (an \u03b1IIb\u03b23 inhibitor) for the treatment of acute coronary syndrome, as well as inhibitors of \u03b1V RGD-binding integrin (Hatley et al., 2018).", "line": 116, "relation": "decreases"}
a(TAX:"Coxsackievirus A9")	association	complex(a(MESH:Integrins), p(NCBIGENE:43740568, frag("403_405")))	{"annotations": {"Species": {"9606": true}}, "citation": {"authors": ["Bridge A", "Le Mercier P", "Sigrist CJ"], "date": "2020-03-01", "db": "PubMed", "db_id": "32130973", "db_name": "Antiviral research", "first": "Sigrist CJ", "last": "Le Mercier P", "pages": "104759", "volume": "177"}, "evidence": "RGD motif integrin-binding is essential for human metapneumovirus (HMPV) (Chang et al., 2012; Wei et al., 2014), human Adenovirus type 2/5 (Wickham et al., 1994), human cytomegalovirus (HHV-5) (Feire et al., 2004), Kaposi's sarcoma-associated virus (HHV-8) (Hussein et al., 2015), Epstein-Barr virus (HHV-4) (Xiao et al., 2008, p. 2), Rotavirus (RV) (Z\u00e1rate et al., 2004), and Coxsackievirus A9 (Williams et al., 2004).", "line": 75, "relation": "association"}
a(TAX:"Human adenovirus 2")	association	complex(a(MESH:Integrins), p(NCBIGENE:43740568, frag("403_405")))	{"annotations": {"Species": {"9606": true}}, "citation": {"authors": ["Bridge A", "Le Mercier P", "Sigrist CJ"], "date": "2020-03-01", "db": "PubMed", "db_id": "32130973", "db_name": "Antiviral research", "first": "Sigrist CJ", "last": "Le Mercier P", "pages": "104759", "volume": "177"}, "evidence": "RGD motif integrin-binding is essential for human metapneumovirus (HMPV) (Chang et al., 2012; Wei et al., 2014), human Adenovirus type 2/5 (Wickham et al., 1994), human cytomegalovirus (HHV-5) (Feire et al., 2004), Kaposi's sarcoma-associated virus (HHV-8) (Hussein et al., 2015), Epstein-Barr virus (HHV-4) (Xiao et al., 2008, p. 2), Rotavirus (RV) (Z\u00e1rate et al., 2004), and Coxsackievirus A9 (Williams et al., 2004).", "line": 69, "relation": "association"}
a(TAX:"Human adenovirus 5")	association	complex(a(MESH:Integrins), p(NCBIGENE:43740568, frag("403_405")))	{"annotations": {"Species": {"9606": true}}, "citation": {"authors": ["Bridge A", "Le Mercier P", "Sigrist CJ"], "date": "2020-03-01", "db": "PubMed", "db_id": "32130973", "db_name": "Antiviral research", "first": "Sigrist CJ", "last": "Le Mercier P", "pages": "104759", "volume": "177"}, "evidence": "RGD motif integrin-binding is essential for human metapneumovirus (HMPV) (Chang et al., 2012; Wei et al., 2014), human Adenovirus type 2/5 (Wickham et al., 1994), human cytomegalovirus (HHV-5) (Feire et al., 2004), Kaposi's sarcoma-associated virus (HHV-8) (Hussein et al., 2015), Epstein-Barr virus (HHV-4) (Xiao et al., 2008, p. 2), Rotavirus (RV) (Z\u00e1rate et al., 2004), and Coxsackievirus A9 (Williams et al., 2004).", "line": 70, "relation": "association"}
a(TAX:"Human betaherpesvirus 5")	association	complex(a(MESH:Integrins), p(NCBIGENE:43740568, frag("403_405")))	{"annotations": {"Species": {"9606": true}}, "citation": {"authors": ["Bridge A", "Le Mercier P", "Sigrist CJ"], "date": "2020-03-01", "db": "PubMed", "db_id": "32130973", "db_name": "Antiviral research", "first": "Sigrist CJ", "last": "Le Mercier P", "pages": "104759", "volume": "177"}, "evidence": "RGD motif integrin-binding is essential for human metapneumovirus (HMPV) (Chang et al., 2012; Wei et al., 2014), human Adenovirus type 2/5 (Wickham et al., 1994), human cytomegalovirus (HHV-5) (Feire et al., 2004), Kaposi's sarcoma-associated virus (HHV-8) (Hussein et al., 2015), Epstein-Barr virus (HHV-4) (Xiao et al., 2008, p. 2), Rotavirus (RV) (Z\u00e1rate et al., 2004), and Coxsackievirus A9 (Williams et al., 2004).", "line": 71, "relation": "association"}
a(TAX:"Human gammaherpesvirus 4")	association	complex(a(MESH:Integrins), p(NCBIGENE:43740568, frag("403_405")))	{"annotations": {"Species": {"9606": true}}, "citation": {"authors": ["Bridge A", "Le Mercier P", "Sigrist CJ"], "date": "2020-03-01", "db": "PubMed", "db_id": "32130973", "db_name": "Antiviral research", "first": "Sigrist CJ", "last": "Le Mercier P", "pages": "104759", "volume": "177"}, "evidence": "RGD motif integrin-binding is essential for human metapneumovirus (HMPV) (Chang et al., 2012; Wei et al., 2014), human Adenovirus type 2/5 (Wickham et al., 1994), human cytomegalovirus (HHV-5) (Feire et al., 2004), Kaposi's sarcoma-associated virus (HHV-8) (Hussein et al., 2015), Epstein-Barr virus (HHV-4) (Xiao et al., 2008, p. 2), Rotavirus (RV) (Z\u00e1rate et al., 2004), and Coxsackievirus A9 (Williams et al., 2004).", "line": 73, "relation": "association"}
a(TAX:"Human herpesvirus 8 strain rKSHV.219")	association	complex(a(MESH:Integrins), p(NCBIGENE:43740568, frag("403_405")))	{"annotations": {"Species": {"9606": true}}, "citation": {"authors": ["Bridge A", "Le Mercier P", "Sigrist CJ"], "date": "2020-03-01", "db": "PubMed", "db_id": "32130973", "db_name": "Antiviral research", "first": "Sigrist CJ", "last": "Le Mercier P", "pages": "104759", "volume": "177"}, "evidence": "RGD motif integrin-binding is essential for human metapneumovirus (HMPV) (Chang et al., 2012; Wei et al., 2014), human Adenovirus type 2/5 (Wickham et al., 1994), human cytomegalovirus (HHV-5) (Feire et al., 2004), Kaposi's sarcoma-associated virus (HHV-8) (Hussein et al., 2015), Epstein-Barr virus (HHV-4) (Xiao et al., 2008, p. 2), Rotavirus (RV) (Z\u00e1rate et al., 2004), and Coxsackievirus A9 (Williams et al., 2004).", "line": 72, "relation": "association"}
a(TAX:"Human metapneumovirus")	association	complex(a(MESH:Integrins), p(NCBIGENE:43740568, frag("403_405")))	{"annotations": {"Species": {"9606": true}}, "citation": {"authors": ["Bridge A", "Le Mercier P", "Sigrist CJ"], "date": "2020-03-01", "db": "PubMed", "db_id": "32130973", "db_name": "Antiviral research", "first": "Sigrist CJ", "last": "Le Mercier P", "pages": "104759", "volume": "177"}, "evidence": "RGD motif integrin-binding is essential for human metapneumovirus (HMPV) (Chang et al., 2012; Wei et al., 2014), human Adenovirus type 2/5 (Wickham et al., 1994), human cytomegalovirus (HHV-5) (Feire et al., 2004), Kaposi's sarcoma-associated virus (HHV-8) (Hussein et al., 2015), Epstein-Barr virus (HHV-4) (Xiao et al., 2008, p. 2), Rotavirus (RV) (Z\u00e1rate et al., 2004), and Coxsackievirus A9 (Williams et al., 2004).", "line": 68, "relation": "association"}
a(TAX:"Severe acute respiratory syndrome coronavirus 2")	partOf	complex(a(MESH:Integrins), a(TAX:"Severe acute respiratory syndrome coronavirus 2"))	{"relation": "partOf"}
a(TAX:"Severe acute respiratory syndrome coronavirus 2")	partOf	complex(a(TAX:"Severe acute respiratory syndrome coronavirus 2"), p(HGNC:ACE2))	{"relation": "partOf"}
a(TAX:"Severe acute respiratory syndrome coronavirus 2")	increases	path(DO:"COVID-19")	{"annotations": {"Species": {"9606": true}}, "citation": {"authors": ["Bridge A", "Le Mercier P", "Sigrist CJ"], "date": "2020-03-01", "db": "PubMed", "db_id": "32130973", "db_name": "Antiviral research", "first": "Sigrist CJ", "last": "Le Mercier P", "pages": "104759", "volume": "177"}, "evidence": "This virus, named \u201cSevere Acute Respiratory Syndrome-related Coronavirus 2\u201d (SARS-CoV-2), can cause a severe and even fatal respiratory disease, called Coronavirus disease-19 (COVID-19), and lead to acute respiratory distress syndrome (ARDS).", "line": 41, "relation": "increases"}
a(TAX:"Severe acute respiratory syndrome coronavirus 2")	association	a(TAX:Chiroptera)	{"annotations": {"Species": {"9606": true}}, "citation": {"authors": ["Bridge A", "Le Mercier P", "Sigrist CJ"], "date": "2020-03-01", "db": "PubMed", "db_id": "32130973", "db_name": "Antiviral research", "first": "Sigrist CJ", "last": "Le Mercier P", "pages": "104759", "volume": "177"}, "evidence": "The SARS-CoV-2 genome has now been sequenced: its close similarity to SARS suggests that it has emerged from the same reservoir, namely bats (Zhou et al., 2020).", "line": 45, "relation": "association"}
a(TAX:"Severe acute respiratory syndrome coronavirus 2")	association	p(COVID:S)	{"annotations": {"Species": {"9606": true}}, "citation": {"authors": ["Bridge A", "Le Mercier P", "Sigrist CJ"], "date": "2020-03-01", "db": "PubMed", "db_id": "32130973", "db_name": "Antiviral research", "first": "Sigrist CJ", "last": "Le Mercier P", "pages": "104759", "volume": "177"}, "evidence": "The SARS-CoV-2 spike protein (S) is the main molecule present at the surface of the virion.", "line": 48, "relation": "association"}
a(TAX:Chiroptera)	association	a(TAX:"Severe acute respiratory syndrome coronavirus 2")	{"annotations": {"Species": {"9606": true}}, "citation": {"authors": ["Bridge A", "Le Mercier P", "Sigrist CJ"], "date": "2020-03-01", "db": "PubMed", "db_id": "32130973", "db_name": "Antiviral research", "first": "Sigrist CJ", "last": "Le Mercier P", "pages": "104759", "volume": "177"}, "evidence": "The SARS-CoV-2 genome has now been sequenced: its close similarity to SARS suggests that it has emerged from the same reservoir, namely bats (Zhou et al., 2020).", "line": 45, "relation": "association"}
a(TAX:Rotavirus)	association	complex(a(MESH:Integrins), p(NCBIGENE:43740568, frag("403_405")))	{"annotations": {"Species": {"9606": true}}, "citation": {"authors": ["Bridge A", "Le Mercier P", "Sigrist CJ"], "date": "2020-03-01", "db": "PubMed", "db_id": "32130973", "db_name": "Antiviral research", "first": "Sigrist CJ", "last": "Le Mercier P", "pages": "104759", "volume": "177"}, "evidence": "RGD motif integrin-binding is essential for human metapneumovirus (HMPV) (Chang et al., 2012; Wei et al., 2014), human Adenovirus type 2/5 (Wickham et al., 1994), human cytomegalovirus (HHV-5) (Feire et al., 2004), Kaposi's sarcoma-associated virus (HHV-8) (Hussein et al., 2015), Epstein-Barr virus (HHV-4) (Xiao et al., 2008, p. 2), Rotavirus (RV) (Z\u00e1rate et al., 2004), and Coxsackievirus A9 (Williams et al., 2004).", "line": 74, "relation": "association"}
bp(GO:"MAPK cascade")	increases	bp(GO:"viral entry into host cell")	{"annotations": {"Species": {"9606": true}}, "citation": {"authors": ["Bridge A", "Le Mercier P", "Sigrist CJ"], "date": "2020-03-01", "db": "PubMed", "db_id": "32130973", "db_name": "Antiviral research", "first": "Sigrist CJ", "last": "Le Mercier P", "pages": "104759", "volume": "177"}, "evidence": "Viral proteins with RGD motifs promote infection by binding integrin heterodimers such as \u03b1V\u03b21, \u03b1V\u03b23, \u03b1V\u03b25, \u03b1V\u03b26, \u03b1V\u03b28, \u03b15\u03b21, \u03b18\u03b21 and \u03b1IIb\u03b23 (Hussein et al., 2015), activating transducing pathways involving phosphatidylinositol-3 kinase (PI\u20133K) or mitogen-activate protein kinase (MAPK), which promote virus entry and infection of the host cell.", "line": 104, "relation": "increases"}
bp(GO:"fusion of virus membrane with host outer membrane")	increases	bp(GO:"viral genome ejection through host cell envelope")	{"annotations": {"Species": {"9606": true}}, "citation": {"authors": ["Bridge A", "Le Mercier P", "Sigrist CJ"], "date": "2020-03-01", "db": "PubMed", "db_id": "32130973", "db_name": "Antiviral research", "first": "Sigrist CJ", "last": "Le Mercier P", "pages": "104759", "volume": "177"}, "evidence": "It acts by binding host receptors on target cells, inducing endocytosis of virion particle, and then catalyzes the fusion between host and viral membranes, allowing penetration of the virus genome into host cytoplasm.", "line": 58, "relation": "increases"}
bp(GO:"phosphatidylinositol 3-kinase signaling")	increases	bp(GO:"viral entry into host cell")	{"annotations": {"Species": {"9606": true}}, "citation": {"authors": ["Bridge A", "Le Mercier P", "Sigrist CJ"], "date": "2020-03-01", "db": "PubMed", "db_id": "32130973", "db_name": "Antiviral research", "first": "Sigrist CJ", "last": "Le Mercier P", "pages": "104759", "volume": "177"}, "evidence": "Viral proteins with RGD motifs promote infection by binding integrin heterodimers such as \u03b1V\u03b21, \u03b1V\u03b23, \u03b1V\u03b25, \u03b1V\u03b26, \u03b1V\u03b28, \u03b15\u03b21, \u03b18\u03b21 and \u03b1IIb\u03b23 (Hussein et al., 2015), activating transducing pathways involving phosphatidylinositol-3 kinase (PI\u20133K) or mitogen-activate protein kinase (MAPK), which promote virus entry and infection of the host cell.", "line": 94, "relation": "increases"}
bp(GO:"receptor-mediated virion attachment to host cell")	association	p(COVID:S)	{"annotations": {"Species": {"9606": true}}, "citation": {"authors": ["Bridge A", "Le Mercier P", "Sigrist CJ"], "date": "2020-03-01", "db": "PubMed", "db_id": "32130973", "db_name": "Antiviral research", "first": "Sigrist CJ", "last": "Le Mercier P", "pages": "104759", "volume": "177"}, "evidence": "The spike protein is a multifunctional protein that contributes to host receptor binding, cell tropism and pathogenesis.", "line": 51, "relation": "association"}
bp(GO:"receptor-mediated virion attachment to host cell")	increases	bp(GO:"endocytosis involved in viral entry into host cell")	{"annotations": {"Species": {"9606": true}}, "citation": {"authors": ["Bridge A", "Le Mercier P", "Sigrist CJ"], "date": "2020-03-01", "db": "PubMed", "db_id": "32130973", "db_name": "Antiviral research", "first": "Sigrist CJ", "last": "Le Mercier P", "pages": "104759", "volume": "177"}, "evidence": "It acts by binding host receptors on target cells, inducing endocytosis of virion particle, and then catalyzes the fusion between host and viral membranes, allowing penetration of the virus genome into host cytoplasm.", "line": 56, "relation": "increases"}
bp(GO:"receptor-mediated virion attachment to host cell")	increases	bp(GO:"fusion of virus membrane with host outer membrane")	{"annotations": {"Species": {"9606": true}}, "citation": {"authors": ["Bridge A", "Le Mercier P", "Sigrist CJ"], "date": "2020-03-01", "db": "PubMed", "db_id": "32130973", "db_name": "Antiviral research", "first": "Sigrist CJ", "last": "Le Mercier P", "pages": "104759", "volume": "177"}, "evidence": "It acts by binding host receptors on target cells, inducing endocytosis of virion particle, and then catalyzes the fusion between host and viral membranes, allowing penetration of the virus genome into host cytoplasm.", "line": 57, "relation": "increases"}
bp(GO:pathogenesis)	association	p(COVID:S)	{"annotations": {"Species": {"9606": true}}, "citation": {"authors": ["Bridge A", "Le Mercier P", "Sigrist CJ"], "date": "2020-03-01", "db": "PubMed", "db_id": "32130973", "db_name": "Antiviral research", "first": "Sigrist CJ", "last": "Le Mercier P", "pages": "104759", "volume": "177"}, "evidence": "The spike protein is a multifunctional protein that contributes to host receptor binding, cell tropism and pathogenesis.", "line": 53, "relation": "association"}
bp(MESH:"Viral Tropism")	association	p(COVID:S)	{"annotations": {"Species": {"9606": true}}, "citation": {"authors": ["Bridge A", "Le Mercier P", "Sigrist CJ"], "date": "2020-03-01", "db": "PubMed", "db_id": "32130973", "db_name": "Antiviral research", "first": "Sigrist CJ", "last": "Le Mercier P", "pages": "104759", "volume": "177"}, "evidence": "The spike protein is a multifunctional protein that contributes to host receptor binding, cell tropism and pathogenesis.", "line": 52, "relation": "association"}
complex(GO:"integrin alpha5-beta1 complex")	partOf	complex(complex(GO:"integrin alpha5-beta1 complex"), p(NCBIGENE:43740568, frag("403_405")))	{"relation": "partOf"}
complex(GO:"integrin alpha8-beta1 complex")	partOf	complex(complex(GO:"integrin alpha8-beta1 complex"), p(NCBIGENE:43740568, frag("403_405")))	{"relation": "partOf"}
complex(GO:"integrin alphaIIb-beta3 complex")	partOf	complex(complex(GO:"integrin alphaIIb-beta3 complex"), p(NCBIGENE:43740568, frag("403_405")))	{"relation": "partOf"}
complex(GO:"integrin alphav-beta1 complex")	partOf	complex(complex(GO:"integrin alphav-beta1 complex"), p(NCBIGENE:43740568, frag("403_405")))	{"relation": "partOf"}
complex(GO:"integrin alphav-beta3 complex")	partOf	complex(complex(GO:"integrin alphav-beta3 complex"), p(NCBIGENE:43740568, frag("403_405")))	{"relation": "partOf"}
complex(GO:"integrin alphav-beta5 complex")	partOf	complex(complex(GO:"integrin alphav-beta5 complex"), p(NCBIGENE:43740568, frag("403_405")))	{"relation": "partOf"}
complex(GO:"integrin alphav-beta6 complex")	partOf	complex(complex(GO:"integrin alphav-beta6 complex"), p(NCBIGENE:43740568, frag("403_405")))	{"relation": "partOf"}
complex(GO:"integrin alphav-beta8 complex")	partOf	complex(complex(GO:"integrin alphav-beta8 complex"), p(NCBIGENE:43740568, frag("403_405")))	{"relation": "partOf"}
complex(a(MESH:Integrins), a(TAX:"Severe acute respiratory syndrome coronavirus 2"))	increases	bp(GO:"viral entry into host cell")	{"annotations": {"Species": {"9606": true}}, "citation": {"authors": ["Bridge A", "Le Mercier P", "Sigrist CJ"], "date": "2020-03-01", "db": "PubMed", "db_id": "32130973", "db_name": "Antiviral research", "first": "Sigrist CJ", "last": "Le Mercier P", "pages": "104759", "volume": "177"}, "evidence": "Given these apparent similarities, it is plausible that SARS-CoV-2 acquired integrin-binding to promote virus entry into host cells, but experimental proof of this is required.", "line": 107, "relation": "increases"}
complex(a(MESH:Integrins), a(TAX:"Severe acute respiratory syndrome coronavirus 2"))	increases	bp(GO:"endocytosis involved in viral entry into host cell")	{"annotations": {"Species": {"9606": true}}, "citation": {"authors": ["Bridge A", "Le Mercier P", "Sigrist CJ"], "date": "2020-03-01", "db": "PubMed", "db_id": "32130973", "db_name": "Antiviral research", "first": "Sigrist CJ", "last": "Le Mercier P", "pages": "104759", "volume": "177"}, "evidence": "Binding to integrin may play a supplemental role to ACE2 binding, like facilitating endocytosis by signaling through the integrin.", "line": 110, "relation": "increases"}
complex(a(MESH:Integrins), p(NCBIGENE:43740568, frag("403_405")))	association	a(TAX:"Human metapneumovirus")	{"annotations": {"Species": {"9606": true}}, "citation": {"authors": ["Bridge A", "Le Mercier P", "Sigrist CJ"], "date": "2020-03-01", "db": "PubMed", "db_id": "32130973", "db_name": "Antiviral research", "first": "Sigrist CJ", "last": "Le Mercier P", "pages": "104759", "volume": "177"}, "evidence": "RGD motif integrin-binding is essential for human metapneumovirus (HMPV) (Chang et al., 2012; Wei et al., 2014), human Adenovirus type 2/5 (Wickham et al., 1994), human cytomegalovirus (HHV-5) (Feire et al., 2004), Kaposi's sarcoma-associated virus (HHV-8) (Hussein et al., 2015), Epstein-Barr virus (HHV-4) (Xiao et al., 2008, p. 2), Rotavirus (RV) (Z\u00e1rate et al., 2004), and Coxsackievirus A9 (Williams et al., 2004).", "line": 68, "relation": "association"}
complex(a(MESH:Integrins), p(NCBIGENE:43740568, frag("403_405")))	association	a(TAX:"Human adenovirus 2")	{"annotations": {"Species": {"9606": true}}, "citation": {"authors": ["Bridge A", "Le Mercier P", "Sigrist CJ"], "date": "2020-03-01", "db": "PubMed", "db_id": "32130973", "db_name": "Antiviral research", "first": "Sigrist CJ", "last": "Le Mercier P", "pages": "104759", "volume": "177"}, "evidence": "RGD motif integrin-binding is essential for human metapneumovirus (HMPV) (Chang et al., 2012; Wei et al., 2014), human Adenovirus type 2/5 (Wickham et al., 1994), human cytomegalovirus (HHV-5) (Feire et al., 2004), Kaposi's sarcoma-associated virus (HHV-8) (Hussein et al., 2015), Epstein-Barr virus (HHV-4) (Xiao et al., 2008, p. 2), Rotavirus (RV) (Z\u00e1rate et al., 2004), and Coxsackievirus A9 (Williams et al., 2004).", "line": 69, "relation": "association"}
complex(a(MESH:Integrins), p(NCBIGENE:43740568, frag("403_405")))	association	a(TAX:"Human adenovirus 5")	{"annotations": {"Species": {"9606": true}}, "citation": {"authors": ["Bridge A", "Le Mercier P", "Sigrist CJ"], "date": "2020-03-01", "db": "PubMed", "db_id": "32130973", "db_name": "Antiviral research", "first": "Sigrist CJ", "last": "Le Mercier P", "pages": "104759", "volume": "177"}, "evidence": "RGD motif integrin-binding is essential for human metapneumovirus (HMPV) (Chang et al., 2012; Wei et al., 2014), human Adenovirus type 2/5 (Wickham et al., 1994), human cytomegalovirus (HHV-5) (Feire et al., 2004), Kaposi's sarcoma-associated virus (HHV-8) (Hussein et al., 2015), Epstein-Barr virus (HHV-4) (Xiao et al., 2008, p. 2), Rotavirus (RV) (Z\u00e1rate et al., 2004), and Coxsackievirus A9 (Williams et al., 2004).", "line": 70, "relation": "association"}
complex(a(MESH:Integrins), p(NCBIGENE:43740568, frag("403_405")))	association	a(TAX:"Human betaherpesvirus 5")	{"annotations": {"Species": {"9606": true}}, "citation": {"authors": ["Bridge A", "Le Mercier P", "Sigrist CJ"], "date": "2020-03-01", "db": "PubMed", "db_id": "32130973", "db_name": "Antiviral research", "first": "Sigrist CJ", "last": "Le Mercier P", "pages": "104759", "volume": "177"}, "evidence": "RGD motif integrin-binding is essential for human metapneumovirus (HMPV) (Chang et al., 2012; Wei et al., 2014), human Adenovirus type 2/5 (Wickham et al., 1994), human cytomegalovirus (HHV-5) (Feire et al., 2004), Kaposi's sarcoma-associated virus (HHV-8) (Hussein et al., 2015), Epstein-Barr virus (HHV-4) (Xiao et al., 2008, p. 2), Rotavirus (RV) (Z\u00e1rate et al., 2004), and Coxsackievirus A9 (Williams et al., 2004).", "line": 71, "relation": "association"}
complex(a(MESH:Integrins), p(NCBIGENE:43740568, frag("403_405")))	association	a(TAX:"Human herpesvirus 8 strain rKSHV.219")	{"annotations": {"Species": {"9606": true}}, "citation": {"authors": ["Bridge A", "Le Mercier P", "Sigrist CJ"], "date": "2020-03-01", "db": "PubMed", "db_id": "32130973", "db_name": "Antiviral research", "first": "Sigrist CJ", "last": "Le Mercier P", "pages": "104759", "volume": "177"}, "evidence": "RGD motif integrin-binding is essential for human metapneumovirus (HMPV) (Chang et al., 2012; Wei et al., 2014), human Adenovirus type 2/5 (Wickham et al., 1994), human cytomegalovirus (HHV-5) (Feire et al., 2004), Kaposi's sarcoma-associated virus (HHV-8) (Hussein et al., 2015), Epstein-Barr virus (HHV-4) (Xiao et al., 2008, p. 2), Rotavirus (RV) (Z\u00e1rate et al., 2004), and Coxsackievirus A9 (Williams et al., 2004).", "line": 72, "relation": "association"}
complex(a(MESH:Integrins), p(NCBIGENE:43740568, frag("403_405")))	association	a(TAX:"Human gammaherpesvirus 4")	{"annotations": {"Species": {"9606": true}}, "citation": {"authors": ["Bridge A", "Le Mercier P", "Sigrist CJ"], "date": "2020-03-01", "db": "PubMed", "db_id": "32130973", "db_name": "Antiviral research", "first": "Sigrist CJ", "last": "Le Mercier P", "pages": "104759", "volume": "177"}, "evidence": "RGD motif integrin-binding is essential for human metapneumovirus (HMPV) (Chang et al., 2012; Wei et al., 2014), human Adenovirus type 2/5 (Wickham et al., 1994), human cytomegalovirus (HHV-5) (Feire et al., 2004), Kaposi's sarcoma-associated virus (HHV-8) (Hussein et al., 2015), Epstein-Barr virus (HHV-4) (Xiao et al., 2008, p. 2), Rotavirus (RV) (Z\u00e1rate et al., 2004), and Coxsackievirus A9 (Williams et al., 2004).", "line": 73, "relation": "association"}
complex(a(MESH:Integrins), p(NCBIGENE:43740568, frag("403_405")))	association	a(TAX:Rotavirus)	{"annotations": {"Species": {"9606": true}}, "citation": {"authors": ["Bridge A", "Le Mercier P", "Sigrist CJ"], "date": "2020-03-01", "db": "PubMed", "db_id": "32130973", "db_name": "Antiviral research", "first": "Sigrist CJ", "last": "Le Mercier P", "pages": "104759", "volume": "177"}, "evidence": "RGD motif integrin-binding is essential for human metapneumovirus (HMPV) (Chang et al., 2012; Wei et al., 2014), human Adenovirus type 2/5 (Wickham et al., 1994), human cytomegalovirus (HHV-5) (Feire et al., 2004), Kaposi's sarcoma-associated virus (HHV-8) (Hussein et al., 2015), Epstein-Barr virus (HHV-4) (Xiao et al., 2008, p. 2), Rotavirus (RV) (Z\u00e1rate et al., 2004), and Coxsackievirus A9 (Williams et al., 2004).", "line": 74, "relation": "association"}
complex(a(MESH:Integrins), p(NCBIGENE:43740568, frag("403_405")))	association	a(TAX:"Coxsackievirus A9")	{"annotations": {"Species": {"9606": true}}, "citation": {"authors": ["Bridge A", "Le Mercier P", "Sigrist CJ"], "date": "2020-03-01", "db": "PubMed", "db_id": "32130973", "db_name": "Antiviral research", "first": "Sigrist CJ", "last": "Le Mercier P", "pages": "104759", "volume": "177"}, "evidence": "RGD motif integrin-binding is essential for human metapneumovirus (HMPV) (Chang et al., 2012; Wei et al., 2014), human Adenovirus type 2/5 (Wickham et al., 1994), human cytomegalovirus (HHV-5) (Feire et al., 2004), Kaposi's sarcoma-associated virus (HHV-8) (Hussein et al., 2015), Epstein-Barr virus (HHV-4) (Xiao et al., 2008, p. 2), Rotavirus (RV) (Z\u00e1rate et al., 2004), and Coxsackievirus A9 (Williams et al., 2004).", "line": 75, "relation": "association"}
p(NCBIGENE:43740568, frag("403_405"))	partOf	complex(a(MESH:Integrins), p(NCBIGENE:43740568, frag("403_405")))	{"relation": "partOf"}
p(NCBIGENE:43740568, frag("403_405"))	partOf	complex(complex(GO:"integrin alpha5-beta1 complex"), p(NCBIGENE:43740568, frag("403_405")))	{"relation": "partOf"}
p(NCBIGENE:43740568, frag("403_405"))	partOf	complex(complex(GO:"integrin alpha8-beta1 complex"), p(NCBIGENE:43740568, frag("403_405")))	{"relation": "partOf"}
p(NCBIGENE:43740568, frag("403_405"))	partOf	complex(complex(GO:"integrin alphaIIb-beta3 complex"), p(NCBIGENE:43740568, frag("403_405")))	{"relation": "partOf"}
p(NCBIGENE:43740568, frag("403_405"))	partOf	complex(complex(GO:"integrin alphav-beta1 complex"), p(NCBIGENE:43740568, frag("403_405")))	{"relation": "partOf"}
p(NCBIGENE:43740568, frag("403_405"))	partOf	complex(complex(GO:"integrin alphav-beta3 complex"), p(NCBIGENE:43740568, frag("403_405")))	{"relation": "partOf"}
p(NCBIGENE:43740568, frag("403_405"))	partOf	complex(complex(GO:"integrin alphav-beta5 complex"), p(NCBIGENE:43740568, frag("403_405")))	{"relation": "partOf"}
p(NCBIGENE:43740568, frag("403_405"))	partOf	complex(complex(GO:"integrin alphav-beta6 complex"), p(NCBIGENE:43740568, frag("403_405")))	{"relation": "partOf"}
p(NCBIGENE:43740568, frag("403_405"))	partOf	complex(complex(GO:"integrin alphav-beta8 complex"), p(NCBIGENE:43740568, frag("403_405")))	{"relation": "partOf"}
p(NCBIGENE:43740568, frag("403_405"))	partOf	complex(p(HGNC:ITGA5), p(NCBIGENE:43740568, frag("403_405")))	{"relation": "partOf"}
p(NCBIGENE:43740568, frag("403_405"))	association	p(COVID:S)	{"annotations": {"Species": {"9606": true}}, "citation": {"authors": ["Bridge A", "Le Mercier P", "Sigrist CJ"], "date": "2020-03-01", "db": "PubMed", "db_id": "32130973", "db_name": "Antiviral research", "first": "Sigrist CJ", "last": "Le Mercier P", "pages": "104759", "volume": "177"}, "evidence": "We suggest that SARS-CoV-2 may also use integrins as cell receptors in one or more host species, binding to them through a conserved RGD (403\u2013405: Arg-Gly-Asp) motif that is present in the receptor- binding domain of the spike proteins of all SARS-CoV-2 sequences analyzed to date (Fig. 2).", "line": 65, "relation": "association"}
p(NCBIGENE:43740568)	hasVariant	p(NCBIGENE:43740568, frag("403_405"))	{"relation": "hasVariant"}
p(HGNC:ACE2)	partOf	complex(a(TAX:"Severe acute respiratory syndrome coronavirus 2"), p(HGNC:ACE2))	{"relation": "partOf"}
p(HGNC:ACE2)	partOf	complex(p(COVID:S), p(HGNC:ACE2))	{"relation": "partOf"}
complex(complex(GO:"integrin alpha5-beta1 complex"), p(NCBIGENE:43740568, frag("403_405")))	increases	bp(GO:"phosphatidylinositol 3-kinase signaling")	{"annotations": {"Species": {"9606": true}}, "citation": {"authors": ["Bridge A", "Le Mercier P", "Sigrist CJ"], "date": "2020-03-01", "db": "PubMed", "db_id": "32130973", "db_name": "Antiviral research", "first": "Sigrist CJ", "last": "Le Mercier P", "pages": "104759", "volume": "177"}, "evidence": "Viral proteins with RGD motifs promote infection by binding integrin heterodimers such as \u03b1V\u03b21, \u03b1V\u03b23, \u03b1V\u03b25, \u03b1V\u03b26, \u03b1V\u03b28, \u03b15\u03b21, \u03b18\u03b21 and \u03b1IIb\u03b23 (Hussein et al., 2015), activating transducing pathways involving phosphatidylinositol-3 kinase (PI\u20133K) or mitogen-activate protein kinase (MAPK), which promote virus entry and infection of the host cell.", "line": 91, "relation": "increases"}
complex(complex(GO:"integrin alpha5-beta1 complex"), p(NCBIGENE:43740568, frag("403_405")))	increases	bp(GO:"MAPK cascade")	{"annotations": {"Species": {"9606": true}}, "citation": {"authors": ["Bridge A", "Le Mercier P", "Sigrist CJ"], "date": "2020-03-01", "db": "PubMed", "db_id": "32130973", "db_name": "Antiviral research", "first": "Sigrist CJ", "last": "Le Mercier P", "pages": "104759", "volume": "177"}, "evidence": "Viral proteins with RGD motifs promote infection by binding integrin heterodimers such as \u03b1V\u03b21, \u03b1V\u03b23, \u03b1V\u03b25, \u03b1V\u03b26, \u03b1V\u03b28, \u03b15\u03b21, \u03b18\u03b21 and \u03b1IIb\u03b23 (Hussein et al., 2015), activating transducing pathways involving phosphatidylinositol-3 kinase (PI\u20133K) or mitogen-activate protein kinase (MAPK), which promote virus entry and infection of the host cell.", "line": 101, "relation": "increases"}
complex(complex(GO:"integrin alpha8-beta1 complex"), p(NCBIGENE:43740568, frag("403_405")))	increases	bp(GO:"phosphatidylinositol 3-kinase signaling")	{"annotations": {"Species": {"9606": true}}, "citation": {"authors": ["Bridge A", "Le Mercier P", "Sigrist CJ"], "date": "2020-03-01", "db": "PubMed", "db_id": "32130973", "db_name": "Antiviral research", "first": "Sigrist CJ", "last": "Le Mercier P", "pages": "104759", "volume": "177"}, "evidence": "Viral proteins with RGD motifs promote infection by binding integrin heterodimers such as \u03b1V\u03b21, \u03b1V\u03b23, \u03b1V\u03b25, \u03b1V\u03b26, \u03b1V\u03b28, \u03b15\u03b21, \u03b18\u03b21 and \u03b1IIb\u03b23 (Hussein et al., 2015), activating transducing pathways involving phosphatidylinositol-3 kinase (PI\u20133K) or mitogen-activate protein kinase (MAPK), which promote virus entry and infection of the host cell.", "line": 92, "relation": "increases"}
complex(complex(GO:"integrin alpha8-beta1 complex"), p(NCBIGENE:43740568, frag("403_405")))	increases	bp(GO:"MAPK cascade")	{"annotations": {"Species": {"9606": true}}, "citation": {"authors": ["Bridge A", "Le Mercier P", "Sigrist CJ"], "date": "2020-03-01", "db": "PubMed", "db_id": "32130973", "db_name": "Antiviral research", "first": "Sigrist CJ", "last": "Le Mercier P", "pages": "104759", "volume": "177"}, "evidence": "Viral proteins with RGD motifs promote infection by binding integrin heterodimers such as \u03b1V\u03b21, \u03b1V\u03b23, \u03b1V\u03b25, \u03b1V\u03b26, \u03b1V\u03b28, \u03b15\u03b21, \u03b18\u03b21 and \u03b1IIb\u03b23 (Hussein et al., 2015), activating transducing pathways involving phosphatidylinositol-3 kinase (PI\u20133K) or mitogen-activate protein kinase (MAPK), which promote virus entry and infection of the host cell.", "line": 102, "relation": "increases"}
complex(complex(GO:"integrin alphaIIb-beta3 complex"), p(NCBIGENE:43740568, frag("403_405")))	increases	bp(GO:"phosphatidylinositol 3-kinase signaling")	{"annotations": {"Species": {"9606": true}}, "citation": {"authors": ["Bridge A", "Le Mercier P", "Sigrist CJ"], "date": "2020-03-01", "db": "PubMed", "db_id": "32130973", "db_name": "Antiviral research", "first": "Sigrist CJ", "last": "Le Mercier P", "pages": "104759", "volume": "177"}, "evidence": "Viral proteins with RGD motifs promote infection by binding integrin heterodimers such as \u03b1V\u03b21, \u03b1V\u03b23, \u03b1V\u03b25, \u03b1V\u03b26, \u03b1V\u03b28, \u03b15\u03b21, \u03b18\u03b21 and \u03b1IIb\u03b23 (Hussein et al., 2015), activating transducing pathways involving phosphatidylinositol-3 kinase (PI\u20133K) or mitogen-activate protein kinase (MAPK), which promote virus entry and infection of the host cell.", "line": 93, "relation": "increases"}
complex(complex(GO:"integrin alphaIIb-beta3 complex"), p(NCBIGENE:43740568, frag("403_405")))	increases	bp(GO:"MAPK cascade")	{"annotations": {"Species": {"9606": true}}, "citation": {"authors": ["Bridge A", "Le Mercier P", "Sigrist CJ"], "date": "2020-03-01", "db": "PubMed", "db_id": "32130973", "db_name": "Antiviral research", "first": "Sigrist CJ", "last": "Le Mercier P", "pages": "104759", "volume": "177"}, "evidence": "Viral proteins with RGD motifs promote infection by binding integrin heterodimers such as \u03b1V\u03b21, \u03b1V\u03b23, \u03b1V\u03b25, \u03b1V\u03b26, \u03b1V\u03b28, \u03b15\u03b21, \u03b18\u03b21 and \u03b1IIb\u03b23 (Hussein et al., 2015), activating transducing pathways involving phosphatidylinositol-3 kinase (PI\u20133K) or mitogen-activate protein kinase (MAPK), which promote virus entry and infection of the host cell.", "line": 103, "relation": "increases"}
complex(complex(GO:"integrin alphav-beta1 complex"), p(NCBIGENE:43740568, frag("403_405")))	increases	bp(GO:"phosphatidylinositol 3-kinase signaling")	{"annotations": {"Species": {"9606": true}}, "citation": {"authors": ["Bridge A", "Le Mercier P", "Sigrist CJ"], "date": "2020-03-01", "db": "PubMed", "db_id": "32130973", "db_name": "Antiviral research", "first": "Sigrist CJ", "last": "Le Mercier P", "pages": "104759", "volume": "177"}, "evidence": "Viral proteins with RGD motifs promote infection by binding integrin heterodimers such as \u03b1V\u03b21, \u03b1V\u03b23, \u03b1V\u03b25, \u03b1V\u03b26, \u03b1V\u03b28, \u03b15\u03b21, \u03b18\u03b21 and \u03b1IIb\u03b23 (Hussein et al., 2015), activating transducing pathways involving phosphatidylinositol-3 kinase (PI\u20133K) or mitogen-activate protein kinase (MAPK), which promote virus entry and infection of the host cell.", "line": 86, "relation": "increases"}
complex(complex(GO:"integrin alphav-beta1 complex"), p(NCBIGENE:43740568, frag("403_405")))	increases	bp(GO:"MAPK cascade")	{"annotations": {"Species": {"9606": true}}, "citation": {"authors": ["Bridge A", "Le Mercier P", "Sigrist CJ"], "date": "2020-03-01", "db": "PubMed", "db_id": "32130973", "db_name": "Antiviral research", "first": "Sigrist CJ", "last": "Le Mercier P", "pages": "104759", "volume": "177"}, "evidence": "Viral proteins with RGD motifs promote infection by binding integrin heterodimers such as \u03b1V\u03b21, \u03b1V\u03b23, \u03b1V\u03b25, \u03b1V\u03b26, \u03b1V\u03b28, \u03b15\u03b21, \u03b18\u03b21 and \u03b1IIb\u03b23 (Hussein et al., 2015), activating transducing pathways involving phosphatidylinositol-3 kinase (PI\u20133K) or mitogen-activate protein kinase (MAPK), which promote virus entry and infection of the host cell.", "line": 96, "relation": "increases"}
complex(complex(GO:"integrin alphav-beta3 complex"), p(NCBIGENE:43740568, frag("403_405")))	increases	bp(GO:"phosphatidylinositol 3-kinase signaling")	{"annotations": {"Species": {"9606": true}}, "citation": {"authors": ["Bridge A", "Le Mercier P", "Sigrist CJ"], "date": "2020-03-01", "db": "PubMed", "db_id": "32130973", "db_name": "Antiviral research", "first": "Sigrist CJ", "last": "Le Mercier P", "pages": "104759", "volume": "177"}, "evidence": "Viral proteins with RGD motifs promote infection by binding integrin heterodimers such as \u03b1V\u03b21, \u03b1V\u03b23, \u03b1V\u03b25, \u03b1V\u03b26, \u03b1V\u03b28, \u03b15\u03b21, \u03b18\u03b21 and \u03b1IIb\u03b23 (Hussein et al., 2015), activating transducing pathways involving phosphatidylinositol-3 kinase (PI\u20133K) or mitogen-activate protein kinase (MAPK), which promote virus entry and infection of the host cell.", "line": 87, "relation": "increases"}
complex(complex(GO:"integrin alphav-beta3 complex"), p(NCBIGENE:43740568, frag("403_405")))	increases	bp(GO:"MAPK cascade")	{"annotations": {"Species": {"9606": true}}, "citation": {"authors": ["Bridge A", "Le Mercier P", "Sigrist CJ"], "date": "2020-03-01", "db": "PubMed", "db_id": "32130973", "db_name": "Antiviral research", "first": "Sigrist CJ", "last": "Le Mercier P", "pages": "104759", "volume": "177"}, "evidence": "Viral proteins with RGD motifs promote infection by binding integrin heterodimers such as \u03b1V\u03b21, \u03b1V\u03b23, \u03b1V\u03b25, \u03b1V\u03b26, \u03b1V\u03b28, \u03b15\u03b21, \u03b18\u03b21 and \u03b1IIb\u03b23 (Hussein et al., 2015), activating transducing pathways involving phosphatidylinositol-3 kinase (PI\u20133K) or mitogen-activate protein kinase (MAPK), which promote virus entry and infection of the host cell.", "line": 97, "relation": "increases"}
complex(complex(GO:"integrin alphav-beta5 complex"), p(NCBIGENE:43740568, frag("403_405")))	increases	bp(GO:"phosphatidylinositol 3-kinase signaling")	{"annotations": {"Species": {"9606": true}}, "citation": {"authors": ["Bridge A", "Le Mercier P", "Sigrist CJ"], "date": "2020-03-01", "db": "PubMed", "db_id": "32130973", "db_name": "Antiviral research", "first": "Sigrist CJ", "last": "Le Mercier P", "pages": "104759", "volume": "177"}, "evidence": "Viral proteins with RGD motifs promote infection by binding integrin heterodimers such as \u03b1V\u03b21, \u03b1V\u03b23, \u03b1V\u03b25, \u03b1V\u03b26, \u03b1V\u03b28, \u03b15\u03b21, \u03b18\u03b21 and \u03b1IIb\u03b23 (Hussein et al., 2015), activating transducing pathways involving phosphatidylinositol-3 kinase (PI\u20133K) or mitogen-activate protein kinase (MAPK), which promote virus entry and infection of the host cell.", "line": 88, "relation": "increases"}
complex(complex(GO:"integrin alphav-beta5 complex"), p(NCBIGENE:43740568, frag("403_405")))	increases	bp(GO:"MAPK cascade")	{"annotations": {"Species": {"9606": true}}, "citation": {"authors": ["Bridge A", "Le Mercier P", "Sigrist CJ"], "date": "2020-03-01", "db": "PubMed", "db_id": "32130973", "db_name": "Antiviral research", "first": "Sigrist CJ", "last": "Le Mercier P", "pages": "104759", "volume": "177"}, "evidence": "Viral proteins with RGD motifs promote infection by binding integrin heterodimers such as \u03b1V\u03b21, \u03b1V\u03b23, \u03b1V\u03b25, \u03b1V\u03b26, \u03b1V\u03b28, \u03b15\u03b21, \u03b18\u03b21 and \u03b1IIb\u03b23 (Hussein et al., 2015), activating transducing pathways involving phosphatidylinositol-3 kinase (PI\u20133K) or mitogen-activate protein kinase (MAPK), which promote virus entry and infection of the host cell.", "line": 98, "relation": "increases"}
complex(complex(GO:"integrin alphav-beta6 complex"), p(NCBIGENE:43740568, frag("403_405")))	increases	bp(GO:"phosphatidylinositol 3-kinase signaling")	{"annotations": {"Species": {"9606": true}}, "citation": {"authors": ["Bridge A", "Le Mercier P", "Sigrist CJ"], "date": "2020-03-01", "db": "PubMed", "db_id": "32130973", "db_name": "Antiviral research", "first": "Sigrist CJ", "last": "Le Mercier P", "pages": "104759", "volume": "177"}, "evidence": "Viral proteins with RGD motifs promote infection by binding integrin heterodimers such as \u03b1V\u03b21, \u03b1V\u03b23, \u03b1V\u03b25, \u03b1V\u03b26, \u03b1V\u03b28, \u03b15\u03b21, \u03b18\u03b21 and \u03b1IIb\u03b23 (Hussein et al., 2015), activating transducing pathways involving phosphatidylinositol-3 kinase (PI\u20133K) or mitogen-activate protein kinase (MAPK), which promote virus entry and infection of the host cell.", "line": 89, "relation": "increases"}
complex(complex(GO:"integrin alphav-beta6 complex"), p(NCBIGENE:43740568, frag("403_405")))	increases	bp(GO:"MAPK cascade")	{"annotations": {"Species": {"9606": true}}, "citation": {"authors": ["Bridge A", "Le Mercier P", "Sigrist CJ"], "date": "2020-03-01", "db": "PubMed", "db_id": "32130973", "db_name": "Antiviral research", "first": "Sigrist CJ", "last": "Le Mercier P", "pages": "104759", "volume": "177"}, "evidence": "Viral proteins with RGD motifs promote infection by binding integrin heterodimers such as \u03b1V\u03b21, \u03b1V\u03b23, \u03b1V\u03b25, \u03b1V\u03b26, \u03b1V\u03b28, \u03b15\u03b21, \u03b18\u03b21 and \u03b1IIb\u03b23 (Hussein et al., 2015), activating transducing pathways involving phosphatidylinositol-3 kinase (PI\u20133K) or mitogen-activate protein kinase (MAPK), which promote virus entry and infection of the host cell.", "line": 99, "relation": "increases"}
complex(complex(GO:"integrin alphav-beta8 complex"), p(NCBIGENE:43740568, frag("403_405")))	increases	bp(GO:"phosphatidylinositol 3-kinase signaling")	{"annotations": {"Species": {"9606": true}}, "citation": {"authors": ["Bridge A", "Le Mercier P", "Sigrist CJ"], "date": "2020-03-01", "db": "PubMed", "db_id": "32130973", "db_name": "Antiviral research", "first": "Sigrist CJ", "last": "Le Mercier P", "pages": "104759", "volume": "177"}, "evidence": "Viral proteins with RGD motifs promote infection by binding integrin heterodimers such as \u03b1V\u03b21, \u03b1V\u03b23, \u03b1V\u03b25, \u03b1V\u03b26, \u03b1V\u03b28, \u03b15\u03b21, \u03b18\u03b21 and \u03b1IIb\u03b23 (Hussein et al., 2015), activating transducing pathways involving phosphatidylinositol-3 kinase (PI\u20133K) or mitogen-activate protein kinase (MAPK), which promote virus entry and infection of the host cell.", "line": 90, "relation": "increases"}
complex(complex(GO:"integrin alphav-beta8 complex"), p(NCBIGENE:43740568, frag("403_405")))	increases	bp(GO:"MAPK cascade")	{"annotations": {"Species": {"9606": true}}, "citation": {"authors": ["Bridge A", "Le Mercier P", "Sigrist CJ"], "date": "2020-03-01", "db": "PubMed", "db_id": "32130973", "db_name": "Antiviral research", "first": "Sigrist CJ", "last": "Le Mercier P", "pages": "104759", "volume": "177"}, "evidence": "Viral proteins with RGD motifs promote infection by binding integrin heterodimers such as \u03b1V\u03b21, \u03b1V\u03b23, \u03b1V\u03b25, \u03b1V\u03b26, \u03b1V\u03b28, \u03b15\u03b21, \u03b18\u03b21 and \u03b1IIb\u03b23 (Hussein et al., 2015), activating transducing pathways involving phosphatidylinositol-3 kinase (PI\u20133K) or mitogen-activate protein kinase (MAPK), which promote virus entry and infection of the host cell.", "line": 100, "relation": "increases"}
p(COVID:S)	partOf	complex(p(COVID:S), p(HGNC:ACE2))	{"relation": "partOf"}
p(COVID:S)	association	a(TAX:"Severe acute respiratory syndrome coronavirus 2")	{"annotations": {"Species": {"9606": true}}, "citation": {"authors": ["Bridge A", "Le Mercier P", "Sigrist CJ"], "date": "2020-03-01", "db": "PubMed", "db_id": "32130973", "db_name": "Antiviral research", "first": "Sigrist CJ", "last": "Le Mercier P", "pages": "104759", "volume": "177"}, "evidence": "The SARS-CoV-2 spike protein (S) is the main molecule present at the surface of the virion.", "line": 48, "relation": "association"}
p(COVID:S)	association	bp(GO:"receptor-mediated virion attachment to host cell")	{"annotations": {"Species": {"9606": true}}, "citation": {"authors": ["Bridge A", "Le Mercier P", "Sigrist CJ"], "date": "2020-03-01", "db": "PubMed", "db_id": "32130973", "db_name": "Antiviral research", "first": "Sigrist CJ", "last": "Le Mercier P", "pages": "104759", "volume": "177"}, "evidence": "The spike protein is a multifunctional protein that contributes to host receptor binding, cell tropism and pathogenesis.", "line": 51, "relation": "association"}
p(COVID:S)	association	bp(MESH:"Viral Tropism")	{"annotations": {"Species": {"9606": true}}, "citation": {"authors": ["Bridge A", "Le Mercier P", "Sigrist CJ"], "date": "2020-03-01", "db": "PubMed", "db_id": "32130973", "db_name": "Antiviral research", "first": "Sigrist CJ", "last": "Le Mercier P", "pages": "104759", "volume": "177"}, "evidence": "The spike protein is a multifunctional protein that contributes to host receptor binding, cell tropism and pathogenesis.", "line": 52, "relation": "association"}
p(COVID:S)	association	bp(GO:pathogenesis)	{"annotations": {"Species": {"9606": true}}, "citation": {"authors": ["Bridge A", "Le Mercier P", "Sigrist CJ"], "date": "2020-03-01", "db": "PubMed", "db_id": "32130973", "db_name": "Antiviral research", "first": "Sigrist CJ", "last": "Le Mercier P", "pages": "104759", "volume": "177"}, "evidence": "The spike protein is a multifunctional protein that contributes to host receptor binding, cell tropism and pathogenesis.", "line": 53, "relation": "association"}
p(COVID:S)	association	p(NCBIGENE:43740568, frag("403_405"))	{"annotations": {"Species": {"9606": true}}, "citation": {"authors": ["Bridge A", "Le Mercier P", "Sigrist CJ"], "date": "2020-03-01", "db": "PubMed", "db_id": "32130973", "db_name": "Antiviral research", "first": "Sigrist CJ", "last": "Le Mercier P", "pages": "104759", "volume": "177"}, "evidence": "We suggest that SARS-CoV-2 may also use integrins as cell receptors in one or more host species, binding to them through a conserved RGD (403\u2013405: Arg-Gly-Asp) motif that is present in the receptor- binding domain of the spike proteins of all SARS-CoV-2 sequences analyzed to date (Fig. 2).", "line": 65, "relation": "association"}
p(HGNC:ITGA5)	partOf	complex(p(HGNC:ITGA5), p(NCBIGENE:43740568, frag("403_405")))	{"relation": "partOf"}
path(DO:"COVID-19")	association	path(DO:"adult respiratory distress syndrome")	{"annotations": {"Species": {"9606": true}}, "citation": {"authors": ["Bridge A", "Le Mercier P", "Sigrist CJ"], "date": "2020-03-01", "db": "PubMed", "db_id": "32130973", "db_name": "Antiviral research", "first": "Sigrist CJ", "last": "Le Mercier P", "pages": "104759", "volume": "177"}, "evidence": "This virus, named \u201cSevere Acute Respiratory Syndrome-related Coronavirus 2\u201d (SARS-CoV-2), can cause a severe and even fatal respiratory disease, called Coronavirus disease-19 (COVID-19), and lead to acute respiratory distress syndrome (ARDS).", "line": 42, "relation": "association"}
path(DO:"adult respiratory distress syndrome")	association	path(DO:"COVID-19")	{"annotations": {"Species": {"9606": true}}, "citation": {"authors": ["Bridge A", "Le Mercier P", "Sigrist CJ"], "date": "2020-03-01", "db": "PubMed", "db_id": "32130973", "db_name": "Antiviral research", "first": "Sigrist CJ", "last": "Le Mercier P", "pages": "104759", "volume": "177"}, "evidence": "This virus, named \u201cSevere Acute Respiratory Syndrome-related Coronavirus 2\u201d (SARS-CoV-2), can cause a severe and even fatal respiratory disease, called Coronavirus disease-19 (COVID-19), and lead to acute respiratory distress syndrome (ARDS).", "line": 42, "relation": "association"}
