path(DO:"COVID-19")	increases	a(MESH:Lymphocytes)	{"annotations": {"Anatomy": {"esophagus squamous epithelium": true}, "Custom_Disease": {"COVID-19": true}, "PublicationStatus": {"Preprint": true}, "PublicationType": {"Research": true}, "Section": {"Results": true}, "Species": {"9606": true}}, "citation": {"authors": ["Li X", "Liu Y", "Shan H", "Tang M", "Xiao F", "Zheng X"], "date": "2020-03-03", "db": "PubMed", "db_id": "32142773", "db_name": "Gastroenterology", "first": "Xiao F", "last": "Shan H"}, "evidence": "Infiltrate of occasional lymphocytes was observed in esophageal squamous epithelium.", "line": 51, "relation": "increases"}
path(DO:"COVID-19")	increases	a(MESH:Lymphocytes)	{"annotations": {"Anatomy": {"duodenum lamina propria": true}, "Custom_Anatomy": {"rectum lamina propria": true, "stomach lamina propria": true}, "Custom_Disease": {"COVID-19": true}, "PublicationStatus": {"Preprint": true}, "PublicationType": {"Research": true}, "Section": {"Results": true}, "Species": {"9606": true}}, "citation": {"authors": ["Li X", "Liu Y", "Shan H", "Tang M", "Xiao F", "Zheng X"], "date": "2020-03-03", "db": "PubMed", "db_id": "32142773", "db_name": "Gastroenterology", "first": "Xiao F", "last": "Shan H"}, "evidence": "In lamina propria of the stomach, duodenum, and rectum, numerous infiltrating plasma cells and lymphocytes with interstitial edema were seen.", "line": 60, "relation": "increases"}
path(DO:"COVID-19")	increases	path(MESH:"Plasma Cells")	{"annotations": {"Anatomy": {"duodenum lamina propria": true}, "Custom_Anatomy": {"rectum lamina propria": true, "stomach lamina propria": true}, "Custom_Disease": {"COVID-19": true}, "PublicationStatus": {"Preprint": true}, "PublicationType": {"Research": true}, "Section": {"Results": true}, "Species": {"9606": true}}, "citation": {"authors": ["Li X", "Liu Y", "Shan H", "Tang M", "Xiao F", "Zheng X"], "date": "2020-03-03", "db": "PubMed", "db_id": "32142773", "db_name": "Gastroenterology", "first": "Xiao F", "last": "Shan H"}, "evidence": "In lamina propria of the stomach, duodenum, and rectum, numerous infiltrating plasma cells and lymphocytes with interstitial edema were seen.", "line": 61, "relation": "increases"}
path(DO:"COVID-19")	increases	path(MESH:Edema)	{"annotations": {"Anatomy": {"duodenum lamina propria": true}, "Custom_Anatomy": {"rectum lamina propria": true, "stomach lamina propria": true}, "Custom_Disease": {"COVID-19": true}, "MeSHAnatomy": {"Intestines": true}, "PublicationStatus": {"Preprint": true}, "PublicationType": {"Research": true}, "Section": {"Results": true}, "Species": {"9606": true}}, "citation": {"authors": ["Li X", "Liu Y", "Shan H", "Tang M", "Xiao F", "Zheng X"], "date": "2020-03-03", "db": "PubMed", "db_id": "32142773", "db_name": "Gastroenterology", "first": "Xiao F", "last": "Shan H"}, "evidence": "In lamina propria of the stomach, duodenum, and rectum, numerous infiltrating plasma cells and lymphocytes with interstitial edema were seen.", "line": 63, "relation": "increases"}
path(DO:"COVID-19")	increases	a(FIXME:"SARS-CoV-2 RNA")	{"annotations": {"Custom_Disease": {"COVID-19": true}, "MeSHAnatomy": {"Feces": true}, "PublicationStatus": {"Preprint": true}, "PublicationType": {"Research": true}, "Section": {"Results": true}, "Species": {"9606": true}}, "citation": {"authors": ["Li X", "Liu Y", "Shan H", "Tang M", "Xiao F", "Zheng X"], "date": "2020-03-03", "db": "PubMed", "db_id": "32142773", "db_name": "Gastroenterology", "first": "Xiao F", "last": "Shan H"}, "evidence": "we observed that the test result for viral RNA remained positive in feces, even after test results for viral RNA in the respiratory tract converted to negative, indicating that the viral gastrointestinal infection and potential fecal-oral transmission can last even after viral clearance in the respiratory tract.", "line": 76, "relation": "increases"}
