a(TAX:"Severe acute respiratory syndrome coronavirus 2")	association	bp(GO:"viral entry into host cell")	{"annotations": {"CellLine": {"VERO C1008 cell": true}, "Method": {"murine leukemia virus pseudotyping": true}, "PublicationStatus": {"Published": true}, "PublicationType": {"Research": true}, "Section": {"Results": true}}, "citation": {"authors": ["McGuire AT", "Park YJ", "Tortorici MA", "Veesler D", "Wall A", "Walls AC"], "date": "2020-03-06", "db": "PubMed", "db_id": "32155444", "db_name": "Cell", "first": "Walls AC", "last": "Veesler D"}, "evidence": "Both pseudoviruses entered cells equally well (Figure 1A), suggesting that SARS-CoV-2 S-MLV could use African green monkey ACE2 as entry receptor.", "line": 52, "relation": "association"}
a(TAX:"Severe acute respiratory syndrome coronavirus 2")	association	bp(GO:"viral entry into host cell")	{"annotations": {"CellLine": {"BHK-21 cell": true}, "Method": {"murine leukemia virus pseudotyping": true}, "PublicationStatus": {"Published": true}, "PublicationType": {"Research": true}, "Section": {"Results": true}}, "citation": {"authors": ["McGuire AT", "Park YJ", "Tortorici MA", "Veesler D", "Wall A", "Walls AC"], "date": "2020-03-06", "db": "PubMed", "db_id": "32155444", "db_name": "Cell", "first": "Walls AC", "last": "Veesler D"}, "evidence": "To confirm these results, we evaluated entry into BHK cells and observed that transient transfection with hACE2 rendered them susceptible to transduction with SARS-CoV-2 S-MLV (Figure 1B). These results demonstrate hACE2 is a functional receptor for SARS-CoV-2, in agreement with recently reported findings (Hoffmann et al., 2020; Letko et al., 2020; Zhouet al., 2020).", "line": 60, "relation": "association"}
a(TAX:"Severe acute respiratory syndrome coronavirus 2")	association	bp(GO:"viral entry into host cell")	{"annotations": {"Method": {"murine leukemia virus pseudotyping": true}, "PublicationStatus": {"Published": true}, "PublicationType": {"Research": true}, "Section": {"Results": true}, "Species": {"10090": true}}, "citation": {"authors": ["McGuire AT", "Park YJ", "Tortorici MA", "Veesler D", "Wall A", "Walls AC"], "date": "2020-03-06", "db": "PubMed", "db_id": "32155444", "db_name": "Cell", "first": "Walls AC", "last": "Veesler D"}, "evidence": "We therefore investigated the ability of plasma from four mice immunized with a stabilized SARS-CoV S to inhibit SARS-CoV-2 S- and SARS-CoV S-mediated entry into target cells. All sera tested completely inhibited transduction of SARS-CoV S-MLV and reduced SARS-CoV-2 S-MLV transduction to \u000110% of control in VeroE6 cells (Figure 5C) ", "line": 69, "relation": "association"}
bp(GO:"viral entry into host cell")	association	a(TAX:"Severe acute respiratory syndrome coronavirus 2")	{"annotations": {"CellLine": {"VERO C1008 cell": true}, "Method": {"murine leukemia virus pseudotyping": true}, "PublicationStatus": {"Published": true}, "PublicationType": {"Research": true}, "Section": {"Results": true}}, "citation": {"authors": ["McGuire AT", "Park YJ", "Tortorici MA", "Veesler D", "Wall A", "Walls AC"], "date": "2020-03-06", "db": "PubMed", "db_id": "32155444", "db_name": "Cell", "first": "Walls AC", "last": "Veesler D"}, "evidence": "Both pseudoviruses entered cells equally well (Figure 1A), suggesting that SARS-CoV-2 S-MLV could use African green monkey ACE2 as entry receptor.", "line": 52, "relation": "association"}
bp(GO:"viral entry into host cell")	association	a(TAX:"Severe acute respiratory syndrome coronavirus 2")	{"annotations": {"CellLine": {"BHK-21 cell": true}, "Method": {"murine leukemia virus pseudotyping": true}, "PublicationStatus": {"Published": true}, "PublicationType": {"Research": true}, "Section": {"Results": true}}, "citation": {"authors": ["McGuire AT", "Park YJ", "Tortorici MA", "Veesler D", "Wall A", "Walls AC"], "date": "2020-03-06", "db": "PubMed", "db_id": "32155444", "db_name": "Cell", "first": "Walls AC", "last": "Veesler D"}, "evidence": "To confirm these results, we evaluated entry into BHK cells and observed that transient transfection with hACE2 rendered them susceptible to transduction with SARS-CoV-2 S-MLV (Figure 1B). These results demonstrate hACE2 is a functional receptor for SARS-CoV-2, in agreement with recently reported findings (Hoffmann et al., 2020; Letko et al., 2020; Zhouet al., 2020).", "line": 60, "relation": "association"}
bp(GO:"viral entry into host cell")	association	a(TAX:"Severe acute respiratory syndrome coronavirus 2")	{"annotations": {"Method": {"murine leukemia virus pseudotyping": true}, "PublicationStatus": {"Published": true}, "PublicationType": {"Research": true}, "Section": {"Results": true}, "Species": {"10090": true}}, "citation": {"authors": ["McGuire AT", "Park YJ", "Tortorici MA", "Veesler D", "Wall A", "Walls AC"], "date": "2020-03-06", "db": "PubMed", "db_id": "32155444", "db_name": "Cell", "first": "Walls AC", "last": "Veesler D"}, "evidence": "We therefore investigated the ability of plasma from four mice immunized with a stabilized SARS-CoV S to inhibit SARS-CoV-2 S- and SARS-CoV S-mediated entry into target cells. All sera tested completely inhibited transduction of SARS-CoV S-MLV and reduced SARS-CoV-2 S-MLV transduction to \u000110% of control in VeroE6 cells (Figure 5C) ", "line": 69, "relation": "association"}
complex(p(COVID:S), p(HGNC:ACE2))	increases	bp(GO:"viral entry into host cell")	{"annotations": {"CellLine": {"BHK-21 cell": true}, "Method": {"murine leukemia virus pseudotyping": true}, "PublicationStatus": {"Published": true}, "PublicationType": {"Research": true}, "Section": {"Results": true}}, "citation": {"authors": ["McGuire AT", "Park YJ", "Tortorici MA", "Veesler D", "Wall A", "Walls AC"], "date": "2020-03-06", "db": "PubMed", "db_id": "32155444", "db_name": "Cell", "first": "Walls AC", "last": "Veesler D"}, "evidence": "To confirm these results, we evaluated entry into BHK cells and observed that transient transfection with hACE2 rendered them susceptible to transduction with SARS-CoV-2 S-MLV (Figure 1B). These results demonstrate hACE2 is a functional receptor for SARS-CoV-2, in agreement with recently reported findings (Hoffmann et al., 2020; Letko et al., 2020; Zhouet al., 2020).", "line": 59, "relation": "increases"}
p(COVID:S)	partOf	complex(p(COVID:S), p(HGNC:ACE2))	{"relation": "partOf"}
p(COVID:S)	partOf	complex(p(COVID:S), p(UNIPROT:A0A0D9RQZ0))	{"relation": "partOf"}
p(HGNC:ACE2)	partOf	complex(p(COVID:S), p(HGNC:ACE2))	{"relation": "partOf"}
complex(p(COVID:S), p(UNIPROT:A0A0D9RQZ0))	increases	bp(GO:"viral entry into host cell")	{"annotations": {"CellLine": {"VERO C1008 cell": true}, "Method": {"murine leukemia virus pseudotyping": true}, "PublicationStatus": {"Published": true}, "PublicationType": {"Research": true}, "Section": {"Results": true}}, "citation": {"authors": ["McGuire AT", "Park YJ", "Tortorici MA", "Veesler D", "Wall A", "Walls AC"], "date": "2020-03-06", "db": "PubMed", "db_id": "32155444", "db_name": "Cell", "first": "Walls AC", "last": "Veesler D"}, "evidence": "Both pseudoviruses entered cells equally well (Figure 1A), suggesting that SARS-CoV-2 S-MLV could use African green monkey ACE2 as entry receptor.", "line": 51, "relation": "increases"}
p(UNIPROT:A0A0D9RQZ0)	partOf	complex(p(COVID:S), p(UNIPROT:A0A0D9RQZ0))	{"relation": "partOf"}
p(UNIPROT:P59594)	decreases	p(COVID:S)	{"annotations": {"Method": {"murine leukemia virus pseudotyping": true}, "PublicationStatus": {"Published": true}, "PublicationType": {"Research": true}, "Section": {"Results": true}, "Species": {"10090": true}}, "citation": {"authors": ["McGuire AT", "Park YJ", "Tortorici MA", "Veesler D", "Wall A", "Walls AC"], "date": "2020-03-06", "db": "PubMed", "db_id": "32155444", "db_name": "Cell", "first": "Walls AC", "last": "Veesler D"}, "evidence": "We therefore investigated the ability of plasma from four mice immunized with a stabilized SARS-CoV S to inhibit SARS-CoV-2 S- and SARS-CoV S-mediated entry into target cells. All sera tested completely inhibited transduction of SARS-CoV S-MLV and reduced SARS-CoV-2 S-MLV transduction to \u000110% of control in VeroE6 cells (Figure 5C) ", "line": 67, "relation": "decreases"}
p(UNIPROT:P59594)	decreases	bp(GO:"viral entry into host cell")	{"annotations": {"Method": {"murine leukemia virus pseudotyping": true}, "PublicationStatus": {"Published": true}, "PublicationType": {"Research": true}, "Section": {"Results": true}, "Species": {"10090": true}}, "citation": {"authors": ["McGuire AT", "Park YJ", "Tortorici MA", "Veesler D", "Wall A", "Walls AC"], "date": "2020-03-06", "db": "PubMed", "db_id": "32155444", "db_name": "Cell", "first": "Walls AC", "last": "Veesler D"}, "evidence": "We therefore investigated the ability of plasma from four mice immunized with a stabilized SARS-CoV S to inhibit SARS-CoV-2 S- and SARS-CoV S-mediated entry into target cells. All sera tested completely inhibited transduction of SARS-CoV S-MLV and reduced SARS-CoV-2 S-MLV transduction to \u000110% of control in VeroE6 cells (Figure 5C) ", "line": 68, "relation": "decreases"}
