a(TAX:"Severe acute respiratory syndrome coronavirus 2")	increases	path(DO:"COVID-19")	{"annotations": {"BioAssay": {"computational phylogenetic analysis": true}, "PublicationStatus": {"Preprint": true}, "PublicationType": {"Short Communication": true}, "Section": {"Results": true}, "Species": {"9606": true}}, "citation": {"authors": ["Centeno-Leija S", "C\u00e1rdenas-Conejo Y", "Garc\u00eda-Rodr\u00edguez DA", "Li\u00f1an-Rico A", "Serrano-Posada H"], "date": "2020-03-13", "db": "PubMed", "db_id": "32167166", "db_name": "Journal of medical virology", "first": "C\u00e1rdenas-Conejo Y", "last": "Serrano-Posada H"}, "evidence": "One of these mutations(L3606F), placed in the position 37 of nsp6 protein (L37F), is shared by ten sequences from viruses isolated in China, USA,France, Hong Kong, Italy, and Singapore (Table S2).", "line": 55, "relation": "increases"}
a(TAX:"Severe acute respiratory syndrome coronavirus 2")	isA	a(TAX:"recombinant coronavirus")	{"annotations": {"BioAssay": {"computational phylogenetic analysis": true}, "PublicationStatus": {"Preprint": true}, "PublicationType": {"Short Communication": true}, "Section": {"Results": true}}, "citation": {"authors": ["Centeno-Leija S", "C\u00e1rdenas-Conejo Y", "Garc\u00eda-Rodr\u00edguez DA", "Li\u00f1an-Rico A", "Serrano-Posada H"], "date": "2020-03-13", "db": "PubMed", "db_id": "32167166", "db_name": "Journal of medical virology", "first": "C\u00e1rdenas-Conejo Y", "last": "Serrano-Posada H"}, "evidence": "First reports focused on the genetic characterization of SARS-CoV-2 suggested that this virus has a recombinant origin.2", "line": 76, "relation": "isA"}
p(COVID:ORF1ab)	hasVariant	p(COVID:ORF1ab, frag("1_180"))	{"relation": "hasVariant"}
p(COVID:ORF1ab)	association	p(COVID:ORF1ab, frag("1_180"))	{"annotations": {"BioAssay": {"computational phylogenetic analysis": true}, "PublicationStatus": {"Preprint": true}, "PublicationType": {"Short Communication": true}, "Section": {"Results": true}, "Species": {"9606": true}}, "citation": {"authors": ["Centeno-Leija S", "C\u00e1rdenas-Conejo Y", "Garc\u00eda-Rodr\u00edguez DA", "Li\u00f1an-Rico A", "Serrano-Posada H"], "date": "2020-03-13", "db": "PubMed", "db_id": "32167166", "db_name": "Journal of medical virology", "first": "C\u00e1rdenas-Conejo Y", "last": "Serrano-Posada H"}, "evidence": "Interestingly, a virus isolated from a Japanese male (GISAID:EPI_ISL_407084), with no critical pneumonia (patient status described in GISAID database), has eight deleted amino acids at position 32 to 39 aa of pp1ab (nsp1) (Table S2).", "line": 69, "relation": "association"}
p(COVID:ORF1ab)	hasVariant	p(COVID:ORF1ab, frag("2764_3263"))	{"relation": "hasVariant"}
p(COVID:ORF1ab)	hasVariant	p(COVID:ORF1ab, frag("3570_3859"))	{"relation": "hasVariant"}
p(COVID:ORF1ab)	association	p(COVID:ORF1ab, frag("3570_3859"))	{"annotations": {"BioAssay": {"computational phylogenetic analysis": true}, "PublicationStatus": {"Preprint": true}, "PublicationType": {"Short Communication": true}, "Section": {"Results": true}, "Species": {"9606": true}}, "citation": {"authors": ["Centeno-Leija S", "C\u00e1rdenas-Conejo Y", "Garc\u00eda-Rodr\u00edguez DA", "Li\u00f1an-Rico A", "Serrano-Posada H"], "date": "2020-03-13", "db": "PubMed", "db_id": "32167166", "db_name": "Journal of medical virology", "first": "C\u00e1rdenas-Conejo Y", "last": "Serrano-Posada H"}, "evidence": "One of these mutations(L3606F), placed in the position 37 of nsp6 protein (L37F), is shared by ten sequences from viruses isolated in China, USA,France, Hong Kong, Italy, and Singapore (Table S2).", "line": 57, "relation": "association"}
p(COVID:ORF1ab)	hasVariant	p(COVID:ORF1ab, frag("819_2763"))	{"relation": "hasVariant"}
p(COVID:ORF1ab)	hasVariant	p(COVID:ORF1ab, var("?"))	{"relation": "hasVariant"}
p(COVID:ORF1ab)	hasVariant	p(COVID:ORF1ab, var("p.32_39del"))	{"relation": "hasVariant"}
p(COVID:ORF1ab)	hasVariant	p(COVID:ORF1ab, var("p.Leu3606Phe"))	{"relation": "hasVariant"}
p(COVID:ORF1ab, frag("1_180"))	association	p(COVID:ORF1ab)	{"annotations": {"BioAssay": {"computational phylogenetic analysis": true}, "PublicationStatus": {"Preprint": true}, "PublicationType": {"Short Communication": true}, "Section": {"Results": true}, "Species": {"9606": true}}, "citation": {"authors": ["Centeno-Leija S", "C\u00e1rdenas-Conejo Y", "Garc\u00eda-Rodr\u00edguez DA", "Li\u00f1an-Rico A", "Serrano-Posada H"], "date": "2020-03-13", "db": "PubMed", "db_id": "32167166", "db_name": "Journal of medical virology", "first": "C\u00e1rdenas-Conejo Y", "last": "Serrano-Posada H"}, "evidence": "Interestingly, a virus isolated from a Japanese male (GISAID:EPI_ISL_407084), with no critical pneumonia (patient status described in GISAID database), has eight deleted amino acids at position 32 to 39 aa of pp1ab (nsp1) (Table S2).", "line": 69, "relation": "association"}
p(COVID:ORF1ab, frag("1_180"))	increases	bp(GO:"suppression by virus of host gene expression")	{"annotations": {"BioAssay": {"computational phylogenetic analysis": true}, "PublicationStatus": {"Preprint": true}, "PublicationType": {"Short Communication": true}, "Section": {"Results": true}}, "citation": {"authors": ["Centeno-Leija S", "C\u00e1rdenas-Conejo Y", "Garc\u00eda-Rodr\u00edguez DA", "Li\u00f1an-Rico A", "Serrano-Posada H"], "date": "2020-03-13", "db": "PubMed", "db_id": "32167166", "db_name": "Journal of medical virology", "first": "C\u00e1rdenas-Conejo Y", "last": "Serrano-Posada H"}, "evidence": "Since nsp1 is avirulence factor that inhibits host gene expression,10 the implications of this deletion are worth to be addressed.", "line": 74, "relation": "increases"}
p(COVID:ORF1ab, frag("2764_3263"))	association	p(COVID:ORF1ab, frag("3570_3859"))	{"annotations": {"BioAssay": {"computational phylogenetic analysis": true}, "PublicationStatus": {"Preprint": true}, "PublicationType": {"Short Communication": true}, "Section": {"Results": true}}, "citation": {"authors": ["Centeno-Leija S", "C\u00e1rdenas-Conejo Y", "Garc\u00eda-Rodr\u00edguez DA", "Li\u00f1an-Rico A", "Serrano-Posada H"], "date": "2020-03-13", "db": "PubMed", "db_id": "32167166", "db_name": "Journal of medical virology", "first": "C\u00e1rdenas-Conejo Y", "last": "Serrano-Posada H"}, "evidence": "Coronavirus nsp6 is a transmembrane protein that is associated with nsp3 and nsp4 proteins to form the organelle-like replicative structures(double -membrane vesicles).", "line": 64, "relation": "association"}
p(COVID:ORF1ab, frag("3570_3859"))	association	p(COVID:ORF1ab)	{"annotations": {"BioAssay": {"computational phylogenetic analysis": true}, "PublicationStatus": {"Preprint": true}, "PublicationType": {"Short Communication": true}, "Section": {"Results": true}, "Species": {"9606": true}}, "citation": {"authors": ["Centeno-Leija S", "C\u00e1rdenas-Conejo Y", "Garc\u00eda-Rodr\u00edguez DA", "Li\u00f1an-Rico A", "Serrano-Posada H"], "date": "2020-03-13", "db": "PubMed", "db_id": "32167166", "db_name": "Journal of medical virology", "first": "C\u00e1rdenas-Conejo Y", "last": "Serrano-Posada H"}, "evidence": "One of these mutations(L3606F), placed in the position 37 of nsp6 protein (L37F), is shared by ten sequences from viruses isolated in China, USA,France, Hong Kong, Italy, and Singapore (Table S2).", "line": 57, "relation": "association"}
p(COVID:ORF1ab, frag("3570_3859"))	isA	a(MESH:"Membrane Proteins")	{"annotations": {"BioAssay": {"computational phylogenetic analysis": true}, "PublicationStatus": {"Preprint": true}, "PublicationType": {"Short Communication": true}, "Section": {"Results": true}}, "citation": {"authors": ["Centeno-Leija S", "C\u00e1rdenas-Conejo Y", "Garc\u00eda-Rodr\u00edguez DA", "Li\u00f1an-Rico A", "Serrano-Posada H"], "date": "2020-03-13", "db": "PubMed", "db_id": "32167166", "db_name": "Journal of medical virology", "first": "C\u00e1rdenas-Conejo Y", "last": "Serrano-Posada H"}, "evidence": "Coronavirus nsp6 is a transmembrane protein that is associated with nsp3 and nsp4 proteins to form the organelle-like replicative structures(double -membrane vesicles).", "line": 62, "relation": "isA"}
p(COVID:ORF1ab, frag("3570_3859"))	association	p(COVID:ORF1ab, frag("819_2763"))	{"annotations": {"BioAssay": {"computational phylogenetic analysis": true}, "PublicationStatus": {"Preprint": true}, "PublicationType": {"Short Communication": true}, "Section": {"Results": true}}, "citation": {"authors": ["Centeno-Leija S", "C\u00e1rdenas-Conejo Y", "Garc\u00eda-Rodr\u00edguez DA", "Li\u00f1an-Rico A", "Serrano-Posada H"], "date": "2020-03-13", "db": "PubMed", "db_id": "32167166", "db_name": "Journal of medical virology", "first": "C\u00e1rdenas-Conejo Y", "last": "Serrano-Posada H"}, "evidence": "Coronavirus nsp6 is a transmembrane protein that is associated with nsp3 and nsp4 proteins to form the organelle-like replicative structures(double -membrane vesicles).", "line": 63, "relation": "association"}
p(COVID:ORF1ab, frag("3570_3859"))	association	p(COVID:ORF1ab, frag("2764_3263"))	{"annotations": {"BioAssay": {"computational phylogenetic analysis": true}, "PublicationStatus": {"Preprint": true}, "PublicationType": {"Short Communication": true}, "Section": {"Results": true}}, "citation": {"authors": ["Centeno-Leija S", "C\u00e1rdenas-Conejo Y", "Garc\u00eda-Rodr\u00edguez DA", "Li\u00f1an-Rico A", "Serrano-Posada H"], "date": "2020-03-13", "db": "PubMed", "db_id": "32167166", "db_name": "Journal of medical virology", "first": "C\u00e1rdenas-Conejo Y", "last": "Serrano-Posada H"}, "evidence": "Coronavirus nsp6 is a transmembrane protein that is associated with nsp3 and nsp4 proteins to form the organelle-like replicative structures(double -membrane vesicles).", "line": 64, "relation": "association"}
p(COVID:ORF1ab, frag("819_2763"))	association	p(COVID:ORF1ab, frag("3570_3859"))	{"annotations": {"BioAssay": {"computational phylogenetic analysis": true}, "PublicationStatus": {"Preprint": true}, "PublicationType": {"Short Communication": true}, "Section": {"Results": true}}, "citation": {"authors": ["Centeno-Leija S", "C\u00e1rdenas-Conejo Y", "Garc\u00eda-Rodr\u00edguez DA", "Li\u00f1an-Rico A", "Serrano-Posada H"], "date": "2020-03-13", "db": "PubMed", "db_id": "32167166", "db_name": "Journal of medical virology", "first": "C\u00e1rdenas-Conejo Y", "last": "Serrano-Posada H"}, "evidence": "Coronavirus nsp6 is a transmembrane protein that is associated with nsp3 and nsp4 proteins to form the organelle-like replicative structures(double -membrane vesicles).", "line": 63, "relation": "association"}
p(COVID:ORF1ab, var("?"))	association	path(DO:"COVID-19")	{"annotations": {"BioAssay": {"computational phylogenetic analysis": true}, "Custom_Species": {"2697049": true}, "PublicationStatus": {"Preprint": true}, "PublicationType": {"Short Communication": true}, "Section": {"Results": true}}, "citation": {"authors": ["Centeno-Leija S", "C\u00e1rdenas-Conejo Y", "Garc\u00eda-Rodr\u00edguez DA", "Li\u00f1an-Rico A", "Serrano-Posada H"], "date": "2020-03-13", "db": "PubMed", "db_id": "32167166", "db_name": "Journal of medical virology", "first": "C\u00e1rdenas-Conejo Y", "last": "Serrano-Posada H"}, "evidence": "The analysis displayed that most pp1ab proteins have not changed; only six amino acid changes were detected (Table S2).", "line": 50, "relation": "association"}
p(COVID:ORF1ab, var("p.32_39del"))	association	path(DO:"COVID-19")	{"annotations": {"BioAssay": {"computational phylogenetic analysis": true}, "PublicationStatus": {"Preprint": true}, "PublicationType": {"Short Communication": true}, "Section": {"Results": true}, "Species": {"9606": true}}, "citation": {"authors": ["Centeno-Leija S", "C\u00e1rdenas-Conejo Y", "Garc\u00eda-Rodr\u00edguez DA", "Li\u00f1an-Rico A", "Serrano-Posada H"], "date": "2020-03-13", "db": "PubMed", "db_id": "32167166", "db_name": "Journal of medical virology", "first": "C\u00e1rdenas-Conejo Y", "last": "Serrano-Posada H"}, "evidence": "Interestingly, a virus isolated from a Japanese male (GISAID:EPI_ISL_407084), with no critical pneumonia (patient status described in GISAID database), has eight deleted amino acids at position 32 to 39 aa of pp1ab (nsp1) (Table S2).", "line": 68, "relation": "association"}
p(COVID:ORF1ab, var("p.Leu3606Phe"))	association	path(DO:"COVID-19")	{"annotations": {"BioAssay": {"computational phylogenetic analysis": true}, "PublicationStatus": {"Preprint": true}, "PublicationType": {"Short Communication": true}, "Section": {"Results": true}, "Species": {"9606": true}}, "citation": {"authors": ["Centeno-Leija S", "C\u00e1rdenas-Conejo Y", "Garc\u00eda-Rodr\u00edguez DA", "Li\u00f1an-Rico A", "Serrano-Posada H"], "date": "2020-03-13", "db": "PubMed", "db_id": "32167166", "db_name": "Journal of medical virology", "first": "C\u00e1rdenas-Conejo Y", "last": "Serrano-Posada H"}, "evidence": "One of these mutations(L3606F), placed in the position 37 of nsp6 protein (L37F), is shared by ten sequences from viruses isolated in China, USA,France, Hong Kong, Italy, and Singapore (Table S2).", "line": 56, "relation": "association"}
path(DO:"COVID-19")	association	p(COVID:ORF1ab, var("?"))	{"annotations": {"BioAssay": {"computational phylogenetic analysis": true}, "Custom_Species": {"2697049": true}, "PublicationStatus": {"Preprint": true}, "PublicationType": {"Short Communication": true}, "Section": {"Results": true}}, "citation": {"authors": ["Centeno-Leija S", "C\u00e1rdenas-Conejo Y", "Garc\u00eda-Rodr\u00edguez DA", "Li\u00f1an-Rico A", "Serrano-Posada H"], "date": "2020-03-13", "db": "PubMed", "db_id": "32167166", "db_name": "Journal of medical virology", "first": "C\u00e1rdenas-Conejo Y", "last": "Serrano-Posada H"}, "evidence": "The analysis displayed that most pp1ab proteins have not changed; only six amino acid changes were detected (Table S2).", "line": 50, "relation": "association"}
path(DO:"COVID-19")	association	p(COVID:ORF1ab, var("p.Leu3606Phe"))	{"annotations": {"BioAssay": {"computational phylogenetic analysis": true}, "PublicationStatus": {"Preprint": true}, "PublicationType": {"Short Communication": true}, "Section": {"Results": true}, "Species": {"9606": true}}, "citation": {"authors": ["Centeno-Leija S", "C\u00e1rdenas-Conejo Y", "Garc\u00eda-Rodr\u00edguez DA", "Li\u00f1an-Rico A", "Serrano-Posada H"], "date": "2020-03-13", "db": "PubMed", "db_id": "32167166", "db_name": "Journal of medical virology", "first": "C\u00e1rdenas-Conejo Y", "last": "Serrano-Posada H"}, "evidence": "One of these mutations(L3606F), placed in the position 37 of nsp6 protein (L37F), is shared by ten sequences from viruses isolated in China, USA,France, Hong Kong, Italy, and Singapore (Table S2).", "line": 56, "relation": "association"}
path(DO:"COVID-19")	association	p(COVID:ORF1ab, var("p.32_39del"))	{"annotations": {"BioAssay": {"computational phylogenetic analysis": true}, "PublicationStatus": {"Preprint": true}, "PublicationType": {"Short Communication": true}, "Section": {"Results": true}, "Species": {"9606": true}}, "citation": {"authors": ["Centeno-Leija S", "C\u00e1rdenas-Conejo Y", "Garc\u00eda-Rodr\u00edguez DA", "Li\u00f1an-Rico A", "Serrano-Posada H"], "date": "2020-03-13", "db": "PubMed", "db_id": "32167166", "db_name": "Journal of medical virology", "first": "C\u00e1rdenas-Conejo Y", "last": "Serrano-Posada H"}, "evidence": "Interestingly, a virus isolated from a Japanese male (GISAID:EPI_ISL_407084), with no critical pneumonia (patient status described in GISAID database), has eight deleted amino acids at position 32 to 39 aa of pp1ab (nsp1) (Table S2).", "line": 68, "relation": "association"}
