a(TAX:"Severe acute respiratory syndrome coronavirus 2")	association	p(COVID:S)	{"annotations": {"Analysis": {"Molecular docking": true}, "MeSHAnatomy": {"Respiratory System": true}, "PublicationStatus": {"Published": true}, "PublicationType": {"Research": true}, "Section": {"Results": true}}, "citation": {"authors": ["Abdelmalek DH", "Elfiky AA", "Elshahat ME", "Ibrahim IM"], "date": "2020-03-10", "db": "PubMed", "db_id": "32169481", "db_name": "The Journal of infection", "first": "Ibrahim IM", "last": "Elfiky AA"}, "evidence": "Fig. 5B shows a hypothetical binding model showing the homotrimer spike (red surface) protein of the COVID-19 bound to a respiratory system cell exposing the GRP78 protein (green surface).", "line": 54, "relation": "association"}
bp(GO:"cellular response to stress")	increases	p(HGNC:HSPA5)	{"annotations": {"Analysis": {"Molecular docking": true}, "PublicationStatus": {"Published": true}, "PublicationType": {"Research": true}, "Section": {"Results": true}}, "citation": {"authors": ["Abdelmalek DH", "Elfiky AA", "Elshahat ME", "Ibrahim IM"], "date": "2020-03-10", "db": "PubMed", "db_id": "32169481", "db_name": "The Journal of infection", "first": "Ibrahim IM", "last": "Elfiky AA"}, "evidence": "This scenario could occur in stressed cells when GRP78 is overexpressed and translocated from the Endoplasmic Reticulum (ER) to the cell membrane (M).", "line": 61, "relation": "increases"}
bp(GO:"cellular response to stress")	increases	tloc(p(HGNC:HSPA5), fromLoc(GO:"endoplasmic reticulum"), toLoc(GO:"plasma membrane"))	{"annotations": {"Analysis": {"Molecular docking": true}, "PublicationStatus": {"Published": true}, "PublicationType": {"Research": true}, "Section": {"Results": true}}, "citation": {"authors": ["Abdelmalek DH", "Elfiky AA", "Elshahat ME", "Ibrahim IM"], "date": "2020-03-10", "db": "PubMed", "db_id": "32169481", "db_name": "The Journal of infection", "first": "Ibrahim IM", "last": "Elfiky AA"}, "evidence": "This scenario could occur in stressed cells when GRP78 is overexpressed and translocated from the Endoplasmic Reticulum (ER) to the cell membrane (M).", "line": 62, "object": {"effect": {"fromLoc": {"namespace": "GO", "name": "endoplasmic reticulum"}, "toLoc": {"namespace": "GO", "name": "plasma membrane"}}, "modifier": "Translocation"}, "relation": "increases"}
p(COVID:S)	partOf	complex(p(COVID:S), p(HGNC:HSPA5))	{"relation": "partOf"}
p(COVID:S)	association	a(TAX:"Severe acute respiratory syndrome coronavirus 2")	{"annotations": {"Analysis": {"Molecular docking": true}, "MeSHAnatomy": {"Respiratory System": true}, "PublicationStatus": {"Published": true}, "PublicationType": {"Research": true}, "Section": {"Results": true}}, "citation": {"authors": ["Abdelmalek DH", "Elfiky AA", "Elshahat ME", "Ibrahim IM"], "date": "2020-03-10", "db": "PubMed", "db_id": "32169481", "db_name": "The Journal of infection", "first": "Ibrahim IM", "last": "Elfiky AA"}, "evidence": "Fig. 5B shows a hypothetical binding model showing the homotrimer spike (red surface) protein of the COVID-19 bound to a respiratory system cell exposing the GRP78 protein (green surface).", "line": 54, "relation": "association"}
p(HGNC:HSPA5)	partOf	complex(p(COVID:S), p(HGNC:HSPA5))	{"relation": "partOf"}
