a(CHEBI:"6-methylprednisolone")	negativeCorrelation	path(MESH:Death)	{"annotations": {"Cohort_Median_Age": {"51 years": true}, "Custom_Disease": {"COVID-19": true}, "Disease": {"adult respiratory distress syndrome": true}, "PublicationStatus": {"Preprint": true}, "PublicationType": {"Research": true}, "Section": {"Results": true}, "Species": {"9606": true}}, "citation": {"authors": ["Bai C", "Cai Y", "Chao Y", "Chen D", "Chen X", "Du C", "Huang H", "Jiang J", "Song J", "Song Y", "Wang S", "Wu C", "Xia J", "Xiong W", "Xu J", "Xu L", "Xu S", "Yang Z", "Zhang L", "Zhang Y", "Zheng J", "Zhou F", "Zhou X"], "date": "2020-03-13", "db": "PubMed", "db_id": "32167524", "db_name": "JAMA internal medicine", "first": "Wu C", "last": "Song Y"}, "evidence": "The administration of methylprednisolone appears to have reduced the risk of death in patients with ARDS (HR, 0.38; 95% CI, 0.20-0.72; P = .003) (Figure).", "line": 149, "relation": "negativeCorrelation"}
a(CHEBI:creatinine)	positiveCorrelation	path(DO:"COVID-19")	{"annotations": {"Cohort_Median_Age": {"51 years": true}, "Custom_Disease": {"COVID-19": true}, "MeSHAnatomy": {"Serum": true}, "PublicationStatus": {"Preprint": true}, "PublicationType": {"Research": true}, "Section": {"Results": true}, "Species": {"9606": true}}, "citation": {"authors": ["Bai C", "Cai Y", "Chao Y", "Chen D", "Chen X", "Du C", "Huang H", "Jiang J", "Song J", "Song Y", "Wang S", "Wu C", "Xia J", "Xiong W", "Xu J", "Xu L", "Xu S", "Yang Z", "Zhang L", "Zhang Y", "Zheng J", "Zhou F", "Zhou X"], "date": "2020-03-13", "db": "PubMed", "db_id": "32167524", "db_name": "JAMA internal medicine", "first": "Wu C", "last": "Song Y"}, "evidence": "Few patients had kidney injury indicated by elevated plasma urea (9 of 198 [4.5%]) and serum creatinine (9 of 198 [4.5%]).", "line": 105, "relation": "positiveCorrelation"}
a(MESH:"CD8-Positive T-Lymphocytes")	negativeCorrelation	path(DO:"adult respiratory distress syndrome")	{"annotations": {"Cohort_Median_Age": {"51 years": true}, "Custom_Disease": {"COVID-19": true}, "MeSHAnatomy": {"Blood": true}, "PublicationStatus": {"Preprint": true}, "PublicationType": {"Research": true}, "Section": {"Results": true}, "Species": {"9606": true}}, "citation": {"authors": ["Bai C", "Cai Y", "Chao Y", "Chen D", "Chen X", "Du C", "Huang H", "Jiang J", "Song J", "Song Y", "Wang S", "Wu C", "Xia J", "Xiong W", "Xu J", "Xu L", "Xu S", "Yang Z", "Zhang L", "Zhang Y", "Zheng J", "Zhou F", "Zhou X"], "date": "2020-03-13", "db": "PubMed", "db_id": "32167524", "db_name": "JAMA internal medicine", "first": "Wu C", "last": "Song Y"}, "evidence": "However, lymphocyte counts (difference,\u2212 0.34\u00d7109/mL;95%CI,\u22120.47 to\u22120.22\u00d7109/mL;P < .001) and CD8 T cells (difference, \u221266.00 cells/\u03bcL; 95%CI, \u2212129.00 to \u22127.00 cells/\u03bcL; P = .03) were significantly decreased.", "line": 133, "relation": "negativeCorrelation"}
a(MESH:Bilirubin)	positiveCorrelation	path(DO:"adult respiratory distress syndrome")	{"annotations": {"Cohort_Median_Age": {"51 years": true}, "Custom_Disease": {"COVID-19": true}, "MeSHAnatomy": {"Serum": true}, "PublicationStatus": {"Preprint": true}, "PublicationType": {"Research": true}, "Section": {"Results": true}, "Species": {"9606": true}}, "citation": {"authors": ["Bai C", "Cai Y", "Chao Y", "Chen D", "Chen X", "Du C", "Huang H", "Jiang J", "Song J", "Song Y", "Wang S", "Wu C", "Xia J", "Xiong W", "Xu J", "Xu L", "Xu S", "Yang Z", "Zhang L", "Zhang Y", "Zheng J", "Zhou F", "Zhou X"], "date": "2020-03-13", "db": "PubMed", "db_id": "32167524", "db_name": "JAMA internal medicine", "first": "Wu C", "last": "Song Y"}, "evidence": "Compared with patients without ARDS, for patients with ARDS, the value of liver damage indices (total bilirubin [difference, 1.90mg/dL; 95%CI, 0.60-3.30 mg/dL; P = .004]), renal dysfunction indices (urea [difference, 1.69 mM; 95% CI, 1.10-2.29mM;P < .001]), inflammation-related indices (interleukin- 6 [IL-6] [difference, 0.93 pg/L; 95%CI, 0.07-1.98 pg/L; P = .03]), and coagulation function indices (D-dimer [difference, 0.52 \u03bcg/mL; 95% CI, 0.21-0.94 \u03bcg/mL; P < .001]) were significantly elevated.", "line": 124, "relation": "positiveCorrelation"}
a(MESH:Bilirubin)	positiveCorrelation	path(DO:"adult respiratory distress syndrome")	{"annotations": {"Cohort_Median_Age": {"51 years": true}, "Custom_Disease": {"COVID-19": true}, "MeSHAnatomy": {"Blood": true}, "Patient_Condition": {"died": true}, "PublicationStatus": {"Preprint": true}, "PublicationType": {"Research": true}, "Section": {"Results": true}, "Species": {"9606": true}}, "citation": {"authors": ["Bai C", "Cai Y", "Chao Y", "Chen D", "Chen X", "Du C", "Huang H", "Jiang J", "Song J", "Song Y", "Wang S", "Wu C", "Xia J", "Xiong W", "Xu J", "Xu L", "Xu S", "Yang Z", "Zhang L", "Zhang Y", "Zheng J", "Zhou F", "Zhou X"], "date": "2020-03-13", "db": "PubMed", "db_id": "32167524", "db_name": "JAMA internal medicine", "first": "Wu C", "last": "Song Y"}, "evidence": "For patients with ARDS who died, the value of liver damage indices (total bilirubin [difference, 2.60 mg/dL; 95% CI, 0.30-5.20mg/dL;P = .03]), renal dysfunction indices (urea [difference, 1.50 mM; 95%CI, 0.50-2.70 mM; P = .004]), inflammation- related indices (IL-6 [difference, 3.88 pg/L; 95% CI, 2.20-6.13pg/L;P < .001]), and coagulation function indices (Ddimer [difference, 2.10 \u03bcg/mL; 95% CI, 0.89-5.27 \u03bcg/mL; P = .001]) were significantly elevated compared with patients with ARDS who survived.", "line": 137, "relation": "positiveCorrelation"}
bp(MESH:"Lymphocyte Count")	negativeCorrelation	path(DO:"COVID-19")	{"annotations": {"Cohort_Median_Age": {"51 years": true}, "Custom_Disease": {"COVID-19": true}, "MeSHAnatomy": {"Blood": true}, "PublicationStatus": {"Preprint": true}, "PublicationType": {"Research": true}, "Section": {"Results": true}, "Species": {"9606": true}}, "citation": {"authors": ["Bai C", "Cai Y", "Chao Y", "Chen D", "Chen X", "Du C", "Huang H", "Jiang J", "Song J", "Song Y", "Wang S", "Wu C", "Xia J", "Xiong W", "Xu J", "Xu L", "Xu S", "Yang Z", "Zhang L", "Zhang Y", "Zheng J", "Zhou F", "Zhou X"], "date": "2020-03-13", "db": "PubMed", "db_id": "32167524", "db_name": "JAMA internal medicine", "first": "Wu C", "last": "Song Y"}, "evidence": "More than half (126of197[64.0%]) of this cohort had lymphocytopenia.", "line": 81, "relation": "negativeCorrelation"}
bp(MESH:"Lymphocyte Count")	negativeCorrelation	path(DO:"adult respiratory distress syndrome")	{"annotations": {"Cohort_Median_Age": {"51 years": true}, "Custom_Disease": {"COVID-19": true}, "MeSHAnatomy": {"Blood": true}, "PublicationStatus": {"Preprint": true}, "PublicationType": {"Research": true}, "Section": {"Results": true}, "Species": {"9606": true}}, "citation": {"authors": ["Bai C", "Cai Y", "Chao Y", "Chen D", "Chen X", "Du C", "Huang H", "Jiang J", "Song J", "Song Y", "Wang S", "Wu C", "Xia J", "Xiong W", "Xu J", "Xu L", "Xu S", "Yang Z", "Zhang L", "Zhang Y", "Zheng J", "Zhou F", "Zhou X"], "date": "2020-03-13", "db": "PubMed", "db_id": "32167524", "db_name": "JAMA internal medicine", "first": "Wu C", "last": "Song Y"}, "evidence": "However, lymphocyte counts (difference,\u2212 0.34\u00d7109/mL;95%CI,\u22120.47 to\u22120.22\u00d7109/mL;P < .001) and CD8 T cells (difference, \u221266.00 cells/\u03bcL; 95%CI, \u2212129.00 to \u22127.00 cells/\u03bcL; P = .03) were significantly decreased.", "line": 132, "relation": "negativeCorrelation"}
p(HGNC:CKB)	positiveCorrelation	path(DO:"COVID-19")	{"annotations": {"Cohort_Median_Age": {"51 years": true}, "Custom_Disease": {"COVID-19": true}, "MeSHAnatomy": {"Serum": true}, "PublicationStatus": {"Preprint": true}, "PublicationType": {"Research": true}, "Section": {"Results": true}, "Species": {"9606": true}}, "citation": {"authors": ["Bai C", "Cai Y", "Chao Y", "Chen D", "Chen X", "Du C", "Huang H", "Jiang J", "Song J", "Song Y", "Wang S", "Wu C", "Xia J", "Xiong W", "Xu J", "Xu L", "Xu S", "Yang Z", "Zhang L", "Zhang Y", "Zheng J", "Zhou F", "Zhou X"], "date": "2020-03-13", "db": "PubMed", "db_id": "32167524", "db_name": "JAMA internal medicine", "first": "Wu C", "last": "Song Y"}, "evidence": "Most patients presented with an elevated myocardial indices: 194 of 198 (98.0%) had elevated lactate dehydrogenase (LDH),and 9 of 198 (4.5%) had an elevated creatinekinase muscle-brain isoform.", "line": 102, "relation": "positiveCorrelation"}
p(HGNC:CKM)	positiveCorrelation	path(DO:"COVID-19")	{"annotations": {"Cohort_Median_Age": {"51 years": true}, "Custom_Disease": {"COVID-19": true}, "MeSHAnatomy": {"Serum": true}, "PublicationStatus": {"Preprint": true}, "PublicationType": {"Research": true}, "Section": {"Results": true}, "Species": {"9606": true}}, "citation": {"authors": ["Bai C", "Cai Y", "Chao Y", "Chen D", "Chen X", "Du C", "Huang H", "Jiang J", "Song J", "Song Y", "Wang S", "Wu C", "Xia J", "Xiong W", "Xu J", "Xu L", "Xu S", "Yang Z", "Zhang L", "Zhang Y", "Zheng J", "Zhou F", "Zhou X"], "date": "2020-03-13", "db": "PubMed", "db_id": "32167524", "db_name": "JAMA internal medicine", "first": "Wu C", "last": "Song Y"}, "evidence": "Most patients presented with an elevated myocardial indices: 194 of 198 (98.0%) had elevated lactate dehydrogenase (LDH),and 9 of 198 (4.5%) had an elevated creatinekinase muscle-brain isoform.", "line": 101, "relation": "positiveCorrelation"}
p(HGNC:CRP)	positiveCorrelation	path(DO:"COVID-19")	{"annotations": {"Cohort_Median_Age": {"51 years": true}, "Custom_Disease": {"COVID-19": true}, "MeSHAnatomy": {"Blood": true}, "PublicationStatus": {"Preprint": true}, "PublicationType": {"Research": true}, "Section": {"Results": true}, "Species": {"9606": true}}, "citation": {"authors": ["Bai C", "Cai Y", "Chao Y", "Chen D", "Chen X", "Du C", "Huang H", "Jiang J", "Song J", "Song Y", "Wang S", "Wu C", "Xia J", "Xiong W", "Xu J", "Xu L", "Xu S", "Yang Z", "Zhang L", "Zhang Y", "Zheng J", "Zhou F", "Zhou X"], "date": "2020-03-13", "db": "PubMed", "db_id": "32167524", "db_name": "JAMA internal medicine", "first": "Wu C", "last": "Song Y"}, "evidence": "Of 194 patients,166(85.6%)demonstrated increased high sensitivity C- reactive protein.", "line": 78, "relation": "positiveCorrelation"}
p(HGNC:GOT1)	positiveCorrelation	path(DO:"COVID-19")	{"annotations": {"Cohort_Median_Age": {"51 years": true}, "Custom_Disease": {"COVID-19": true}, "MeSHAnatomy": {"Serum": true}, "PublicationStatus": {"Preprint": true}, "PublicationType": {"Research": true}, "Section": {"Results": true}, "Species": {"9606": true}}, "citation": {"authors": ["Bai C", "Cai Y", "Chao Y", "Chen D", "Chen X", "Du C", "Huang H", "Jiang J", "Song J", "Song Y", "Wang S", "Wu C", "Xia J", "Xiong W", "Xu J", "Xu L", "Xu S", "Yang Z", "Zhang L", "Zhang Y", "Zheng J", "Zhou F", "Zhou X"], "date": "2020-03-13", "db": "PubMed", "db_id": "32167524", "db_name": "JAMA internal medicine", "first": "Wu C", "last": "Song Y"}, "evidence": "Some patients demonstrated liver injury with elevated aspartate aminotransferase(AST;59 of 198[29.8%])and alanine aminotransferase(ALT; 43of198[21.7%])", "line": 93, "relation": "positiveCorrelation"}
p(HGNC:GOT2)	positiveCorrelation	path(DO:"COVID-19")	{"annotations": {"Cohort_Median_Age": {"51 years": true}, "Custom_Disease": {"COVID-19": true}, "MeSHAnatomy": {"Serum": true}, "PublicationStatus": {"Preprint": true}, "PublicationType": {"Research": true}, "Section": {"Results": true}, "Species": {"9606": true}}, "citation": {"authors": ["Bai C", "Cai Y", "Chao Y", "Chen D", "Chen X", "Du C", "Huang H", "Jiang J", "Song J", "Song Y", "Wang S", "Wu C", "Xia J", "Xiong W", "Xu J", "Xu L", "Xu S", "Yang Z", "Zhang L", "Zhang Y", "Zheng J", "Zhou F", "Zhou X"], "date": "2020-03-13", "db": "PubMed", "db_id": "32167524", "db_name": "JAMA internal medicine", "first": "Wu C", "last": "Song Y"}, "evidence": "Some patients demonstrated liver injury with elevated aspartate aminotransferase(AST;59 of 198[29.8%])and alanine aminotransferase(ALT; 43of198[21.7%])", "line": 94, "relation": "positiveCorrelation"}
p(HGNC:GPT)	positiveCorrelation	path(DO:"COVID-19")	{"annotations": {"Cohort_Median_Age": {"51 years": true}, "Custom_Disease": {"COVID-19": true}, "MeSHAnatomy": {"Serum": true}, "PublicationStatus": {"Preprint": true}, "PublicationType": {"Research": true}, "Section": {"Results": true}, "Species": {"9606": true}}, "citation": {"authors": ["Bai C", "Cai Y", "Chao Y", "Chen D", "Chen X", "Du C", "Huang H", "Jiang J", "Song J", "Song Y", "Wang S", "Wu C", "Xia J", "Xiong W", "Xu J", "Xu L", "Xu S", "Yang Z", "Zhang L", "Zhang Y", "Zheng J", "Zhou F", "Zhou X"], "date": "2020-03-13", "db": "PubMed", "db_id": "32167524", "db_name": "JAMA internal medicine", "first": "Wu C", "last": "Song Y"}, "evidence": "Some patients demonstrated liver injury with elevated aspartate aminotransferase(AST;59 of 198[29.8%])and alanine aminotransferase(ALT; 43of198[21.7%])", "line": 92, "relation": "positiveCorrelation"}
p(HGNC:IL6)	positiveCorrelation	path(DO:"adult respiratory distress syndrome")	{"annotations": {"Cohort_Median_Age": {"51 years": true}, "Custom_Disease": {"COVID-19": true}, "MeSHAnatomy": {"Serum": true}, "PublicationStatus": {"Preprint": true}, "PublicationType": {"Research": true}, "Section": {"Results": true}, "Species": {"9606": true}}, "citation": {"authors": ["Bai C", "Cai Y", "Chao Y", "Chen D", "Chen X", "Du C", "Huang H", "Jiang J", "Song J", "Song Y", "Wang S", "Wu C", "Xia J", "Xiong W", "Xu J", "Xu L", "Xu S", "Yang Z", "Zhang L", "Zhang Y", "Zheng J", "Zhou F", "Zhou X"], "date": "2020-03-13", "db": "PubMed", "db_id": "32167524", "db_name": "JAMA internal medicine", "first": "Wu C", "last": "Song Y"}, "evidence": "Compared with patients without ARDS, for patients with ARDS, the value of liver damage indices (total bilirubin [difference, 1.90mg/dL; 95%CI, 0.60-3.30 mg/dL; P = .004]), renal dysfunction indices (urea [difference, 1.69 mM; 95% CI, 1.10-2.29mM;P < .001]), inflammation-related indices (interleukin- 6 [IL-6] [difference, 0.93 pg/L; 95%CI, 0.07-1.98 pg/L; P = .03]), and coagulation function indices (D-dimer [difference, 0.52 \u03bcg/mL; 95% CI, 0.21-0.94 \u03bcg/mL; P < .001]) were significantly elevated.", "line": 126, "relation": "positiveCorrelation"}
p(HGNC:IL6)	positiveCorrelation	path(DO:"adult respiratory distress syndrome")	{"annotations": {"Cohort_Median_Age": {"51 years": true}, "Custom_Disease": {"COVID-19": true}, "MeSHAnatomy": {"Blood": true}, "Patient_Condition": {"died": true}, "PublicationStatus": {"Preprint": true}, "PublicationType": {"Research": true}, "Section": {"Results": true}, "Species": {"9606": true}}, "citation": {"authors": ["Bai C", "Cai Y", "Chao Y", "Chen D", "Chen X", "Du C", "Huang H", "Jiang J", "Song J", "Song Y", "Wang S", "Wu C", "Xia J", "Xiong W", "Xu J", "Xu L", "Xu S", "Yang Z", "Zhang L", "Zhang Y", "Zheng J", "Zhou F", "Zhou X"], "date": "2020-03-13", "db": "PubMed", "db_id": "32167524", "db_name": "JAMA internal medicine", "first": "Wu C", "last": "Song Y"}, "evidence": "For patients with ARDS who died, the value of liver damage indices (total bilirubin [difference, 2.60 mg/dL; 95% CI, 0.30-5.20mg/dL;P = .03]), renal dysfunction indices (urea [difference, 1.50 mM; 95%CI, 0.50-2.70 mM; P = .004]), inflammation- related indices (IL-6 [difference, 3.88 pg/L; 95% CI, 2.20-6.13pg/L;P < .001]), and coagulation function indices (Ddimer [difference, 2.10 \u03bcg/mL; 95% CI, 0.89-5.27 \u03bcg/mL; P = .001]) were significantly elevated compared with patients with ARDS who survived.", "line": 139, "relation": "positiveCorrelation"}
p(HGNC:IL6)	association	path(MESH:Death)	{"annotations": {"Cohort_Median_Age": {"51 years": true}, "Custom_Disease": {"COVID-19": true}, "PublicationStatus": {"Preprint": true}, "PublicationType": {"Research": true}, "Section": {"Results": true}, "Species": {"9606": true}}, "citation": {"authors": ["Bai C", "Cai Y", "Chao Y", "Chen D", "Chen X", "Du C", "Huang H", "Jiang J", "Song J", "Song Y", "Wang S", "Wu C", "Xia J", "Xiong W", "Xu J", "Xu L", "Xu S", "Yang Z", "Zhang L", "Zhang Y", "Zheng J", "Zhou F", "Zhou X"], "date": "2020-03-13", "db": "PubMed", "db_id": "32167524", "db_name": "JAMA internal medicine", "first": "Wu C", "last": "Song Y"}, "evidence": "However, IL-6 was statistically significantly associated with death (Table 4).", "line": 145, "relation": "association"}
p(HGNC:LDHA)	positiveCorrelation	path(DO:"COVID-19")	{"annotations": {"Cohort_Median_Age": {"51 years": true}, "Custom_Disease": {"COVID-19": true}, "MeSHAnatomy": {"Serum": true}, "PublicationStatus": {"Preprint": true}, "PublicationType": {"Research": true}, "Section": {"Results": true}, "Species": {"9606": true}}, "citation": {"authors": ["Bai C", "Cai Y", "Chao Y", "Chen D", "Chen X", "Du C", "Huang H", "Jiang J", "Song J", "Song Y", "Wang S", "Wu C", "Xia J", "Xiong W", "Xu J", "Xu L", "Xu S", "Yang Z", "Zhang L", "Zhang Y", "Zheng J", "Zhou F", "Zhou X"], "date": "2020-03-13", "db": "PubMed", "db_id": "32167524", "db_name": "JAMA internal medicine", "first": "Wu C", "last": "Song Y"}, "evidence": "Most patients presented with an elevated myocardial indices: 194 of 198 (98.0%) had elevated lactate dehydrogenase (LDH),and 9 of 198 (4.5%) had an elevated creatinekinase muscle-brain isoform.", "line": 97, "relation": "positiveCorrelation"}
p(HGNC:LDHB)	positiveCorrelation	path(DO:"COVID-19")	{"annotations": {"Cohort_Median_Age": {"51 years": true}, "Custom_Disease": {"COVID-19": true}, "MeSHAnatomy": {"Serum": true}, "PublicationStatus": {"Preprint": true}, "PublicationType": {"Research": true}, "Section": {"Results": true}, "Species": {"9606": true}}, "citation": {"authors": ["Bai C", "Cai Y", "Chao Y", "Chen D", "Chen X", "Du C", "Huang H", "Jiang J", "Song J", "Song Y", "Wang S", "Wu C", "Xia J", "Xiong W", "Xu J", "Xu L", "Xu S", "Yang Z", "Zhang L", "Zhang Y", "Zheng J", "Zhou F", "Zhou X"], "date": "2020-03-13", "db": "PubMed", "db_id": "32167524", "db_name": "JAMA internal medicine", "first": "Wu C", "last": "Song Y"}, "evidence": "Most patients presented with an elevated myocardial indices: 194 of 198 (98.0%) had elevated lactate dehydrogenase (LDH),and 9 of 198 (4.5%) had an elevated creatinekinase muscle-brain isoform.", "line": 98, "relation": "positiveCorrelation"}
p(HGNC:LDHC)	positiveCorrelation	path(DO:"COVID-19")	{"annotations": {"Cohort_Median_Age": {"51 years": true}, "Custom_Disease": {"COVID-19": true}, "MeSHAnatomy": {"Serum": true}, "PublicationStatus": {"Preprint": true}, "PublicationType": {"Research": true}, "Section": {"Results": true}, "Species": {"9606": true}}, "citation": {"authors": ["Bai C", "Cai Y", "Chao Y", "Chen D", "Chen X", "Du C", "Huang H", "Jiang J", "Song J", "Song Y", "Wang S", "Wu C", "Xia J", "Xiong W", "Xu J", "Xu L", "Xu S", "Yang Z", "Zhang L", "Zhang Y", "Zheng J", "Zhou F", "Zhou X"], "date": "2020-03-13", "db": "PubMed", "db_id": "32167524", "db_name": "JAMA internal medicine", "first": "Wu C", "last": "Song Y"}, "evidence": "Most patients presented with an elevated myocardial indices: 194 of 198 (98.0%) had elevated lactate dehydrogenase (LDH),and 9 of 198 (4.5%) had an elevated creatinekinase muscle-brain isoform.", "line": 99, "relation": "positiveCorrelation"}
p(HGNC:LDHD)	positiveCorrelation	path(DO:"COVID-19")	{"annotations": {"Cohort_Median_Age": {"51 years": true}, "Custom_Disease": {"COVID-19": true}, "MeSHAnatomy": {"Serum": true}, "PublicationStatus": {"Preprint": true}, "PublicationType": {"Research": true}, "Section": {"Results": true}, "Species": {"9606": true}}, "citation": {"authors": ["Bai C", "Cai Y", "Chao Y", "Chen D", "Chen X", "Du C", "Huang H", "Jiang J", "Song J", "Song Y", "Wang S", "Wu C", "Xia J", "Xiong W", "Xu J", "Xu L", "Xu S", "Yang Z", "Zhang L", "Zhang Y", "Zheng J", "Zhou F", "Zhou X"], "date": "2020-03-13", "db": "PubMed", "db_id": "32167524", "db_name": "JAMA internal medicine", "first": "Wu C", "last": "Song Y"}, "evidence": "Most patients presented with an elevated myocardial indices: 194 of 198 (98.0%) had elevated lactate dehydrogenase (LDH),and 9 of 198 (4.5%) had an elevated creatinekinase muscle-brain isoform.", "line": 100, "relation": "positiveCorrelation"}
p(MESH:"fibrin fragment D")	positiveCorrelation	path(DO:"adult respiratory distress syndrome")	{"annotations": {"Cohort_Median_Age": {"51 years": true}, "Custom_Disease": {"COVID-19": true}, "MeSHAnatomy": {"Serum": true}, "PublicationStatus": {"Preprint": true}, "PublicationType": {"Research": true}, "Section": {"Results": true}, "Species": {"9606": true}}, "citation": {"authors": ["Bai C", "Cai Y", "Chao Y", "Chen D", "Chen X", "Du C", "Huang H", "Jiang J", "Song J", "Song Y", "Wang S", "Wu C", "Xia J", "Xiong W", "Xu J", "Xu L", "Xu S", "Yang Z", "Zhang L", "Zhang Y", "Zheng J", "Zhou F", "Zhou X"], "date": "2020-03-13", "db": "PubMed", "db_id": "32167524", "db_name": "JAMA internal medicine", "first": "Wu C", "last": "Song Y"}, "evidence": "Compared with patients without ARDS, for patients with ARDS, the value of liver damage indices (total bilirubin [difference, 1.90mg/dL; 95%CI, 0.60-3.30 mg/dL; P = .004]), renal dysfunction indices (urea [difference, 1.69 mM; 95% CI, 1.10-2.29mM;P < .001]), inflammation-related indices (interleukin- 6 [IL-6] [difference, 0.93 pg/L; 95%CI, 0.07-1.98 pg/L; P = .03]), and coagulation function indices (D-dimer [difference, 0.52 \u03bcg/mL; 95% CI, 0.21-0.94 \u03bcg/mL; P < .001]) were significantly elevated.", "line": 127, "relation": "positiveCorrelation"}
p(MESH:"fibrin fragment D")	positiveCorrelation	path(DO:"adult respiratory distress syndrome")	{"annotations": {"Cohort_Median_Age": {"51 years": true}, "Custom_Disease": {"COVID-19": true}, "MeSHAnatomy": {"Blood": true}, "Patient_Condition": {"died": true}, "PublicationStatus": {"Preprint": true}, "PublicationType": {"Research": true}, "Section": {"Results": true}, "Species": {"9606": true}}, "citation": {"authors": ["Bai C", "Cai Y", "Chao Y", "Chen D", "Chen X", "Du C", "Huang H", "Jiang J", "Song J", "Song Y", "Wang S", "Wu C", "Xia J", "Xiong W", "Xu J", "Xu L", "Xu S", "Yang Z", "Zhang L", "Zhang Y", "Zheng J", "Zhou F", "Zhou X"], "date": "2020-03-13", "db": "PubMed", "db_id": "32167524", "db_name": "JAMA internal medicine", "first": "Wu C", "last": "Song Y"}, "evidence": "For patients with ARDS who died, the value of liver damage indices (total bilirubin [difference, 2.60 mg/dL; 95% CI, 0.30-5.20mg/dL;P = .03]), renal dysfunction indices (urea [difference, 1.50 mM; 95%CI, 0.50-2.70 mM; P = .004]), inflammation- related indices (IL-6 [difference, 3.88 pg/L; 95% CI, 2.20-6.13pg/L;P < .001]), and coagulation function indices (Ddimer [difference, 2.10 \u03bcg/mL; 95% CI, 0.89-5.27 \u03bcg/mL; P = .001]) were significantly elevated compared with patients with ARDS who survived.", "line": 140, "relation": "positiveCorrelation"}
path(DO:"COVID-19")	association	path(HP:Fever)	{"annotations": {"Cohort_Median_Age": {"51 years": true}, "Custom_Disease": {"COVID-19": true}, "PublicationStatus": {"Preprint": true}, "PublicationType": {"Research": true}, "Section": {"Results": true}, "Species": {"9606": true}}, "citation": {"authors": ["Bai C", "Cai Y", "Chao Y", "Chen D", "Chen X", "Du C", "Huang H", "Jiang J", "Song J", "Song Y", "Wang S", "Wu C", "Xia J", "Xiong W", "Xu J", "Xu L", "Xu S", "Yang Z", "Zhang L", "Zhang Y", "Zheng J", "Zhou F", "Zhou X"], "date": "2020-03-13", "db": "PubMed", "db_id": "32167524", "db_name": "JAMA internal medicine", "first": "Wu C", "last": "Song Y"}, "evidence": "The majority (n = 154 [76.6%]) of patients had fever with cough; 74 (36.8%) had feverwith dyspnea; 66 (32.8%) had feverwith fatigue, myalgia, or headache; and only 13 (6.5%) presentedwith fever alone (eTable 1 in the Supplement).", "line": 58, "relation": "association"}
path(DO:"COVID-19")	association	path(HP:Cough)	{"annotations": {"Cohort_Median_Age": {"51 years": true}, "Custom_Disease": {"COVID-19": true}, "PublicationStatus": {"Preprint": true}, "PublicationType": {"Research": true}, "Section": {"Results": true}, "Species": {"9606": true}}, "citation": {"authors": ["Bai C", "Cai Y", "Chao Y", "Chen D", "Chen X", "Du C", "Huang H", "Jiang J", "Song J", "Song Y", "Wang S", "Wu C", "Xia J", "Xiong W", "Xu J", "Xu L", "Xu S", "Yang Z", "Zhang L", "Zhang Y", "Zheng J", "Zhou F", "Zhou X"], "date": "2020-03-13", "db": "PubMed", "db_id": "32167524", "db_name": "JAMA internal medicine", "first": "Wu C", "last": "Song Y"}, "evidence": "The majority (n = 154 [76.6%]) of patients had fever with cough; 74 (36.8%) had feverwith dyspnea; 66 (32.8%) had feverwith fatigue, myalgia, or headache; and only 13 (6.5%) presentedwith fever alone (eTable 1 in the Supplement).", "line": 59, "relation": "association"}
path(DO:"COVID-19")	association	path(HP:Dyspnea)	{"annotations": {"Cohort_Median_Age": {"51 years": true}, "Custom_Disease": {"COVID-19": true}, "PublicationStatus": {"Preprint": true}, "PublicationType": {"Research": true}, "Section": {"Results": true}, "Species": {"9606": true}}, "citation": {"authors": ["Bai C", "Cai Y", "Chao Y", "Chen D", "Chen X", "Du C", "Huang H", "Jiang J", "Song J", "Song Y", "Wang S", "Wu C", "Xia J", "Xiong W", "Xu J", "Xu L", "Xu S", "Yang Z", "Zhang L", "Zhang Y", "Zheng J", "Zhou F", "Zhou X"], "date": "2020-03-13", "db": "PubMed", "db_id": "32167524", "db_name": "JAMA internal medicine", "first": "Wu C", "last": "Song Y"}, "evidence": "The majority (n = 154 [76.6%]) of patients had fever with cough; 74 (36.8%) had feverwith dyspnea; 66 (32.8%) had feverwith fatigue, myalgia, or headache; and only 13 (6.5%) presentedwith fever alone (eTable 1 in the Supplement).", "line": 60, "relation": "association"}
path(DO:"COVID-19")	association	path(HP:Fatigue)	{"annotations": {"Cohort_Median_Age": {"51 years": true}, "Custom_Disease": {"COVID-19": true}, "PublicationStatus": {"Preprint": true}, "PublicationType": {"Research": true}, "Section": {"Results": true}, "Species": {"9606": true}}, "citation": {"authors": ["Bai C", "Cai Y", "Chao Y", "Chen D", "Chen X", "Du C", "Huang H", "Jiang J", "Song J", "Song Y", "Wang S", "Wu C", "Xia J", "Xiong W", "Xu J", "Xu L", "Xu S", "Yang Z", "Zhang L", "Zhang Y", "Zheng J", "Zhou F", "Zhou X"], "date": "2020-03-13", "db": "PubMed", "db_id": "32167524", "db_name": "JAMA internal medicine", "first": "Wu C", "last": "Song Y"}, "evidence": "The majority (n = 154 [76.6%]) of patients had fever with cough; 74 (36.8%) had feverwith dyspnea; 66 (32.8%) had feverwith fatigue, myalgia, or headache; and only 13 (6.5%) presentedwith fever alone (eTable 1 in the Supplement).", "line": 61, "relation": "association"}
path(DO:"COVID-19")	association	path(HP:Myalgia)	{"annotations": {"Cohort_Median_Age": {"51 years": true}, "Custom_Disease": {"COVID-19": true}, "PublicationStatus": {"Preprint": true}, "PublicationType": {"Research": true}, "Section": {"Results": true}, "Species": {"9606": true}}, "citation": {"authors": ["Bai C", "Cai Y", "Chao Y", "Chen D", "Chen X", "Du C", "Huang H", "Jiang J", "Song J", "Song Y", "Wang S", "Wu C", "Xia J", "Xiong W", "Xu J", "Xu L", "Xu S", "Yang Z", "Zhang L", "Zhang Y", "Zheng J", "Zhou F", "Zhou X"], "date": "2020-03-13", "db": "PubMed", "db_id": "32167524", "db_name": "JAMA internal medicine", "first": "Wu C", "last": "Song Y"}, "evidence": "The majority (n = 154 [76.6%]) of patients had fever with cough; 74 (36.8%) had feverwith dyspnea; 66 (32.8%) had feverwith fatigue, myalgia, or headache; and only 13 (6.5%) presentedwith fever alone (eTable 1 in the Supplement).", "line": 62, "relation": "association"}
path(DO:"COVID-19")	association	path(HP:Headache)	{"annotations": {"Cohort_Median_Age": {"51 years": true}, "Custom_Disease": {"COVID-19": true}, "PublicationStatus": {"Preprint": true}, "PublicationType": {"Research": true}, "Section": {"Results": true}, "Species": {"9606": true}}, "citation": {"authors": ["Bai C", "Cai Y", "Chao Y", "Chen D", "Chen X", "Du C", "Huang H", "Jiang J", "Song J", "Song Y", "Wang S", "Wu C", "Xia J", "Xiong W", "Xu J", "Xu L", "Xu S", "Yang Z", "Zhang L", "Zhang Y", "Zheng J", "Zhou F", "Zhou X"], "date": "2020-03-13", "db": "PubMed", "db_id": "32167524", "db_name": "JAMA internal medicine", "first": "Wu C", "last": "Song Y"}, "evidence": "The majority (n = 154 [76.6%]) of patients had fever with cough; 74 (36.8%) had feverwith dyspnea; 66 (32.8%) had feverwith fatigue, myalgia, or headache; and only 13 (6.5%) presentedwith fever alone (eTable 1 in the Supplement).", "line": 63, "relation": "association"}
path(DO:"COVID-19")	association	path(DO:hypertension)	{"annotations": {"Cohort_Median_Age": {"51 years": true}, "Custom_Disease": {"COVID-19": true}, "PublicationStatus": {"Preprint": true}, "PublicationType": {"Research": true}, "Section": {"Results": true}, "Species": {"9606": true}}, "citation": {"authors": ["Bai C", "Cai Y", "Chao Y", "Chen D", "Chen X", "Du C", "Huang H", "Jiang J", "Song J", "Song Y", "Wang S", "Wu C", "Xia J", "Xiong W", "Xu J", "Xu L", "Xu S", "Yang Z", "Zhang L", "Zhang Y", "Zheng J", "Zhou F", "Zhou X"], "date": "2020-03-13", "db": "PubMed", "db_id": "32167524", "db_name": "JAMA internal medicine", "first": "Wu C", "last": "Song Y"}, "evidence": "Sixty-six (32.8%) patients had comorbidities, including hypertension (n = 39 [19.4%]), diabetes (n = 22 [10.9%]), liver disease (n = 7 [3.5%]), nervous system disease (n = 7 [3.5%]), chronic lung disease (n = 5 [2.5%]), chronic kidney disease (n = 2 [1.0%]), endocrine system diseases not including diabetes (n = 2 [1.0%]), and tumors (n = 1 [0.5%]).", "line": 67, "relation": "association"}
path(DO:"COVID-19")	association	path(DO:"diabetes mellitus")	{"annotations": {"Cohort_Median_Age": {"51 years": true}, "Custom_Disease": {"COVID-19": true}, "PublicationStatus": {"Preprint": true}, "PublicationType": {"Research": true}, "Section": {"Results": true}, "Species": {"9606": true}}, "citation": {"authors": ["Bai C", "Cai Y", "Chao Y", "Chen D", "Chen X", "Du C", "Huang H", "Jiang J", "Song J", "Song Y", "Wang S", "Wu C", "Xia J", "Xiong W", "Xu J", "Xu L", "Xu S", "Yang Z", "Zhang L", "Zhang Y", "Zheng J", "Zhou F", "Zhou X"], "date": "2020-03-13", "db": "PubMed", "db_id": "32167524", "db_name": "JAMA internal medicine", "first": "Wu C", "last": "Song Y"}, "evidence": "Sixty-six (32.8%) patients had comorbidities, including hypertension (n = 39 [19.4%]), diabetes (n = 22 [10.9%]), liver disease (n = 7 [3.5%]), nervous system disease (n = 7 [3.5%]), chronic lung disease (n = 5 [2.5%]), chronic kidney disease (n = 2 [1.0%]), endocrine system diseases not including diabetes (n = 2 [1.0%]), and tumors (n = 1 [0.5%]).", "line": 68, "relation": "association"}
path(DO:"COVID-19")	association	path(DO:"liver disease")	{"annotations": {"Cohort_Median_Age": {"51 years": true}, "Custom_Disease": {"COVID-19": true}, "PublicationStatus": {"Preprint": true}, "PublicationType": {"Research": true}, "Section": {"Results": true}, "Species": {"9606": true}}, "citation": {"authors": ["Bai C", "Cai Y", "Chao Y", "Chen D", "Chen X", "Du C", "Huang H", "Jiang J", "Song J", "Song Y", "Wang S", "Wu C", "Xia J", "Xiong W", "Xu J", "Xu L", "Xu S", "Yang Z", "Zhang L", "Zhang Y", "Zheng J", "Zhou F", "Zhou X"], "date": "2020-03-13", "db": "PubMed", "db_id": "32167524", "db_name": "JAMA internal medicine", "first": "Wu C", "last": "Song Y"}, "evidence": "Sixty-six (32.8%) patients had comorbidities, including hypertension (n = 39 [19.4%]), diabetes (n = 22 [10.9%]), liver disease (n = 7 [3.5%]), nervous system disease (n = 7 [3.5%]), chronic lung disease (n = 5 [2.5%]), chronic kidney disease (n = 2 [1.0%]), endocrine system diseases not including diabetes (n = 2 [1.0%]), and tumors (n = 1 [0.5%]).", "line": 69, "relation": "association"}
path(DO:"COVID-19")	association	path(DO:"nervous system disease")	{"annotations": {"Cohort_Median_Age": {"51 years": true}, "Custom_Disease": {"COVID-19": true}, "PublicationStatus": {"Preprint": true}, "PublicationType": {"Research": true}, "Section": {"Results": true}, "Species": {"9606": true}}, "citation": {"authors": ["Bai C", "Cai Y", "Chao Y", "Chen D", "Chen X", "Du C", "Huang H", "Jiang J", "Song J", "Song Y", "Wang S", "Wu C", "Xia J", "Xiong W", "Xu J", "Xu L", "Xu S", "Yang Z", "Zhang L", "Zhang Y", "Zheng J", "Zhou F", "Zhou X"], "date": "2020-03-13", "db": "PubMed", "db_id": "32167524", "db_name": "JAMA internal medicine", "first": "Wu C", "last": "Song Y"}, "evidence": "Sixty-six (32.8%) patients had comorbidities, including hypertension (n = 39 [19.4%]), diabetes (n = 22 [10.9%]), liver disease (n = 7 [3.5%]), nervous system disease (n = 7 [3.5%]), chronic lung disease (n = 5 [2.5%]), chronic kidney disease (n = 2 [1.0%]), endocrine system diseases not including diabetes (n = 2 [1.0%]), and tumors (n = 1 [0.5%]).", "line": 70, "relation": "association"}
path(DO:"COVID-19")	association	path(HP:"Chronic lung disease")	{"annotations": {"Cohort_Median_Age": {"51 years": true}, "Custom_Disease": {"COVID-19": true}, "PublicationStatus": {"Preprint": true}, "PublicationType": {"Research": true}, "Section": {"Results": true}, "Species": {"9606": true}}, "citation": {"authors": ["Bai C", "Cai Y", "Chao Y", "Chen D", "Chen X", "Du C", "Huang H", "Jiang J", "Song J", "Song Y", "Wang S", "Wu C", "Xia J", "Xiong W", "Xu J", "Xu L", "Xu S", "Yang Z", "Zhang L", "Zhang Y", "Zheng J", "Zhou F", "Zhou X"], "date": "2020-03-13", "db": "PubMed", "db_id": "32167524", "db_name": "JAMA internal medicine", "first": "Wu C", "last": "Song Y"}, "evidence": "Sixty-six (32.8%) patients had comorbidities, including hypertension (n = 39 [19.4%]), diabetes (n = 22 [10.9%]), liver disease (n = 7 [3.5%]), nervous system disease (n = 7 [3.5%]), chronic lung disease (n = 5 [2.5%]), chronic kidney disease (n = 2 [1.0%]), endocrine system diseases not including diabetes (n = 2 [1.0%]), and tumors (n = 1 [0.5%]).", "line": 71, "relation": "association"}
path(DO:"COVID-19")	association	path(DO:"chronic kidney disease")	{"annotations": {"Cohort_Median_Age": {"51 years": true}, "Custom_Disease": {"COVID-19": true}, "PublicationStatus": {"Preprint": true}, "PublicationType": {"Research": true}, "Section": {"Results": true}, "Species": {"9606": true}}, "citation": {"authors": ["Bai C", "Cai Y", "Chao Y", "Chen D", "Chen X", "Du C", "Huang H", "Jiang J", "Song J", "Song Y", "Wang S", "Wu C", "Xia J", "Xiong W", "Xu J", "Xu L", "Xu S", "Yang Z", "Zhang L", "Zhang Y", "Zheng J", "Zhou F", "Zhou X"], "date": "2020-03-13", "db": "PubMed", "db_id": "32167524", "db_name": "JAMA internal medicine", "first": "Wu C", "last": "Song Y"}, "evidence": "Sixty-six (32.8%) patients had comorbidities, including hypertension (n = 39 [19.4%]), diabetes (n = 22 [10.9%]), liver disease (n = 7 [3.5%]), nervous system disease (n = 7 [3.5%]), chronic lung disease (n = 5 [2.5%]), chronic kidney disease (n = 2 [1.0%]), endocrine system diseases not including diabetes (n = 2 [1.0%]), and tumors (n = 1 [0.5%]).", "line": 72, "relation": "association"}
path(DO:"COVID-19")	association	path(DO:"endocrine system disease")	{"annotations": {"Cohort_Median_Age": {"51 years": true}, "Custom_Disease": {"COVID-19": true}, "PublicationStatus": {"Preprint": true}, "PublicationType": {"Research": true}, "Section": {"Results": true}, "Species": {"9606": true}}, "citation": {"authors": ["Bai C", "Cai Y", "Chao Y", "Chen D", "Chen X", "Du C", "Huang H", "Jiang J", "Song J", "Song Y", "Wang S", "Wu C", "Xia J", "Xiong W", "Xu J", "Xu L", "Xu S", "Yang Z", "Zhang L", "Zhang Y", "Zheng J", "Zhou F", "Zhou X"], "date": "2020-03-13", "db": "PubMed", "db_id": "32167524", "db_name": "JAMA internal medicine", "first": "Wu C", "last": "Song Y"}, "evidence": "Sixty-six (32.8%) patients had comorbidities, including hypertension (n = 39 [19.4%]), diabetes (n = 22 [10.9%]), liver disease (n = 7 [3.5%]), nervous system disease (n = 7 [3.5%]), chronic lung disease (n = 5 [2.5%]), chronic kidney disease (n = 2 [1.0%]), endocrine system diseases not including diabetes (n = 2 [1.0%]), and tumors (n = 1 [0.5%]).", "line": 73, "relation": "association"}
path(DO:"COVID-19")	association	path(HP:Neoplasm)	{"annotations": {"Cohort_Median_Age": {"51 years": true}, "Custom_Disease": {"COVID-19": true}, "PublicationStatus": {"Preprint": true}, "PublicationType": {"Research": true}, "Section": {"Results": true}, "Species": {"9606": true}}, "citation": {"authors": ["Bai C", "Cai Y", "Chao Y", "Chen D", "Chen X", "Du C", "Huang H", "Jiang J", "Song J", "Song Y", "Wang S", "Wu C", "Xia J", "Xiong W", "Xu J", "Xu L", "Xu S", "Yang Z", "Zhang L", "Zhang Y", "Zheng J", "Zhou F", "Zhou X"], "date": "2020-03-13", "db": "PubMed", "db_id": "32167524", "db_name": "JAMA internal medicine", "first": "Wu C", "last": "Song Y"}, "evidence": "Sixty-six (32.8%) patients had comorbidities, including hypertension (n = 39 [19.4%]), diabetes (n = 22 [10.9%]), liver disease (n = 7 [3.5%]), nervous system disease (n = 7 [3.5%]), chronic lung disease (n = 5 [2.5%]), chronic kidney disease (n = 2 [1.0%]), endocrine system diseases not including diabetes (n = 2 [1.0%]), and tumors (n = 1 [0.5%]).", "line": 74, "relation": "association"}
path(DO:"COVID-19")	positiveCorrelation	p(HGNC:CRP)	{"annotations": {"Cohort_Median_Age": {"51 years": true}, "Custom_Disease": {"COVID-19": true}, "MeSHAnatomy": {"Blood": true}, "PublicationStatus": {"Preprint": true}, "PublicationType": {"Research": true}, "Section": {"Results": true}, "Species": {"9606": true}}, "citation": {"authors": ["Bai C", "Cai Y", "Chao Y", "Chen D", "Chen X", "Du C", "Huang H", "Jiang J", "Song J", "Song Y", "Wang S", "Wu C", "Xia J", "Xiong W", "Xu J", "Xu L", "Xu S", "Yang Z", "Zhang L", "Zhang Y", "Zheng J", "Zhou F", "Zhou X"], "date": "2020-03-13", "db": "PubMed", "db_id": "32167524", "db_name": "JAMA internal medicine", "first": "Wu C", "last": "Song Y"}, "evidence": "Of 194 patients,166(85.6%)demonstrated increased high sensitivity C- reactive protein.", "line": 78, "relation": "positiveCorrelation"}
path(DO:"COVID-19")	negativeCorrelation	bp(MESH:"Lymphocyte Count")	{"annotations": {"Cohort_Median_Age": {"51 years": true}, "Custom_Disease": {"COVID-19": true}, "MeSHAnatomy": {"Blood": true}, "PublicationStatus": {"Preprint": true}, "PublicationType": {"Research": true}, "Section": {"Results": true}, "Species": {"9606": true}}, "citation": {"authors": ["Bai C", "Cai Y", "Chao Y", "Chen D", "Chen X", "Du C", "Huang H", "Jiang J", "Song J", "Song Y", "Wang S", "Wu C", "Xia J", "Xiong W", "Xu J", "Xu L", "Xu S", "Yang Z", "Zhang L", "Zhang Y", "Zheng J", "Zhou F", "Zhou X"], "date": "2020-03-13", "db": "PubMed", "db_id": "32167524", "db_name": "JAMA internal medicine", "first": "Wu C", "last": "Song Y"}, "evidence": "More than half (126of197[64.0%]) of this cohort had lymphocytopenia.", "line": 81, "relation": "negativeCorrelation"}
path(DO:"COVID-19")	association	path(HP:Neutrophilia)	{"annotations": {"Cohort_Median_Age": {"51 years": true}, "Custom_Disease": {"COVID-19": true}, "MeSHAnatomy": {"Blood": true}, "PublicationStatus": {"Preprint": true}, "PublicationType": {"Research": true}, "Section": {"Results": true}, "Species": {"9606": true}}, "citation": {"authors": ["Bai C", "Cai Y", "Chao Y", "Chen D", "Chen X", "Du C", "Huang H", "Jiang J", "Song J", "Song Y", "Wang S", "Wu C", "Xia J", "Xiong W", "Xu J", "Xu L", "Xu S", "Yang Z", "Zhang L", "Zhang Y", "Zheng J", "Zhou F", "Zhou X"], "date": "2020-03-13", "db": "PubMed", "db_id": "32167524", "db_name": "JAMA internal medicine", "first": "Wu C", "last": "Song Y"}, "evidence": "About one-third (68of 197[34.5%]) of patients had neutrophilia.", "line": 84, "relation": "association"}
path(DO:"COVID-19")	association	path(HP:Leukocytosis)	{"annotations": {"Cohort_Median_Age": {"51 years": true}, "Custom_Disease": {"COVID-19": true}, "MeSHAnatomy": {"Blood": true}, "PublicationStatus": {"Preprint": true}, "PublicationType": {"Research": true}, "Section": {"Results": true}, "Species": {"9606": true}}, "citation": {"authors": ["Bai C", "Cai Y", "Chao Y", "Chen D", "Chen X", "Du C", "Huang H", "Jiang J", "Song J", "Song Y", "Wang S", "Wu C", "Xia J", "Xiong W", "Xu J", "Xu L", "Xu S", "Yang Z", "Zhang L", "Zhang Y", "Zheng J", "Zhou F", "Zhou X"], "date": "2020-03-13", "db": "PubMed", "db_id": "32167524", "db_name": "JAMA internal medicine", "first": "Wu C", "last": "Song Y"}, "evidence": "Approximately one-quarter (46 of 197 [23.4%]) of patients had leukocytosis.", "line": 87, "relation": "association"}
path(DO:"COVID-19")	positiveCorrelation	p(HGNC:GPT)	{"annotations": {"Cohort_Median_Age": {"51 years": true}, "Custom_Disease": {"COVID-19": true}, "MeSHAnatomy": {"Serum": true}, "PublicationStatus": {"Preprint": true}, "PublicationType": {"Research": true}, "Section": {"Results": true}, "Species": {"9606": true}}, "citation": {"authors": ["Bai C", "Cai Y", "Chao Y", "Chen D", "Chen X", "Du C", "Huang H", "Jiang J", "Song J", "Song Y", "Wang S", "Wu C", "Xia J", "Xiong W", "Xu J", "Xu L", "Xu S", "Yang Z", "Zhang L", "Zhang Y", "Zheng J", "Zhou F", "Zhou X"], "date": "2020-03-13", "db": "PubMed", "db_id": "32167524", "db_name": "JAMA internal medicine", "first": "Wu C", "last": "Song Y"}, "evidence": "Some patients demonstrated liver injury with elevated aspartate aminotransferase(AST;59 of 198[29.8%])and alanine aminotransferase(ALT; 43of198[21.7%])", "line": 92, "relation": "positiveCorrelation"}
path(DO:"COVID-19")	positiveCorrelation	p(HGNC:GOT1)	{"annotations": {"Cohort_Median_Age": {"51 years": true}, "Custom_Disease": {"COVID-19": true}, "MeSHAnatomy": {"Serum": true}, "PublicationStatus": {"Preprint": true}, "PublicationType": {"Research": true}, "Section": {"Results": true}, "Species": {"9606": true}}, "citation": {"authors": ["Bai C", "Cai Y", "Chao Y", "Chen D", "Chen X", "Du C", "Huang H", "Jiang J", "Song J", "Song Y", "Wang S", "Wu C", "Xia J", "Xiong W", "Xu J", "Xu L", "Xu S", "Yang Z", "Zhang L", "Zhang Y", "Zheng J", "Zhou F", "Zhou X"], "date": "2020-03-13", "db": "PubMed", "db_id": "32167524", "db_name": "JAMA internal medicine", "first": "Wu C", "last": "Song Y"}, "evidence": "Some patients demonstrated liver injury with elevated aspartate aminotransferase(AST;59 of 198[29.8%])and alanine aminotransferase(ALT; 43of198[21.7%])", "line": 93, "relation": "positiveCorrelation"}
path(DO:"COVID-19")	positiveCorrelation	p(HGNC:GOT2)	{"annotations": {"Cohort_Median_Age": {"51 years": true}, "Custom_Disease": {"COVID-19": true}, "MeSHAnatomy": {"Serum": true}, "PublicationStatus": {"Preprint": true}, "PublicationType": {"Research": true}, "Section": {"Results": true}, "Species": {"9606": true}}, "citation": {"authors": ["Bai C", "Cai Y", "Chao Y", "Chen D", "Chen X", "Du C", "Huang H", "Jiang J", "Song J", "Song Y", "Wang S", "Wu C", "Xia J", "Xiong W", "Xu J", "Xu L", "Xu S", "Yang Z", "Zhang L", "Zhang Y", "Zheng J", "Zhou F", "Zhou X"], "date": "2020-03-13", "db": "PubMed", "db_id": "32167524", "db_name": "JAMA internal medicine", "first": "Wu C", "last": "Song Y"}, "evidence": "Some patients demonstrated liver injury with elevated aspartate aminotransferase(AST;59 of 198[29.8%])and alanine aminotransferase(ALT; 43of198[21.7%])", "line": 94, "relation": "positiveCorrelation"}
path(DO:"COVID-19")	positiveCorrelation	p(HGNC:LDHA)	{"annotations": {"Cohort_Median_Age": {"51 years": true}, "Custom_Disease": {"COVID-19": true}, "MeSHAnatomy": {"Serum": true}, "PublicationStatus": {"Preprint": true}, "PublicationType": {"Research": true}, "Section": {"Results": true}, "Species": {"9606": true}}, "citation": {"authors": ["Bai C", "Cai Y", "Chao Y", "Chen D", "Chen X", "Du C", "Huang H", "Jiang J", "Song J", "Song Y", "Wang S", "Wu C", "Xia J", "Xiong W", "Xu J", "Xu L", "Xu S", "Yang Z", "Zhang L", "Zhang Y", "Zheng J", "Zhou F", "Zhou X"], "date": "2020-03-13", "db": "PubMed", "db_id": "32167524", "db_name": "JAMA internal medicine", "first": "Wu C", "last": "Song Y"}, "evidence": "Most patients presented with an elevated myocardial indices: 194 of 198 (98.0%) had elevated lactate dehydrogenase (LDH),and 9 of 198 (4.5%) had an elevated creatinekinase muscle-brain isoform.", "line": 97, "relation": "positiveCorrelation"}
path(DO:"COVID-19")	positiveCorrelation	p(HGNC:LDHB)	{"annotations": {"Cohort_Median_Age": {"51 years": true}, "Custom_Disease": {"COVID-19": true}, "MeSHAnatomy": {"Serum": true}, "PublicationStatus": {"Preprint": true}, "PublicationType": {"Research": true}, "Section": {"Results": true}, "Species": {"9606": true}}, "citation": {"authors": ["Bai C", "Cai Y", "Chao Y", "Chen D", "Chen X", "Du C", "Huang H", "Jiang J", "Song J", "Song Y", "Wang S", "Wu C", "Xia J", "Xiong W", "Xu J", "Xu L", "Xu S", "Yang Z", "Zhang L", "Zhang Y", "Zheng J", "Zhou F", "Zhou X"], "date": "2020-03-13", "db": "PubMed", "db_id": "32167524", "db_name": "JAMA internal medicine", "first": "Wu C", "last": "Song Y"}, "evidence": "Most patients presented with an elevated myocardial indices: 194 of 198 (98.0%) had elevated lactate dehydrogenase (LDH),and 9 of 198 (4.5%) had an elevated creatinekinase muscle-brain isoform.", "line": 98, "relation": "positiveCorrelation"}
path(DO:"COVID-19")	positiveCorrelation	p(HGNC:LDHC)	{"annotations": {"Cohort_Median_Age": {"51 years": true}, "Custom_Disease": {"COVID-19": true}, "MeSHAnatomy": {"Serum": true}, "PublicationStatus": {"Preprint": true}, "PublicationType": {"Research": true}, "Section": {"Results": true}, "Species": {"9606": true}}, "citation": {"authors": ["Bai C", "Cai Y", "Chao Y", "Chen D", "Chen X", "Du C", "Huang H", "Jiang J", "Song J", "Song Y", "Wang S", "Wu C", "Xia J", "Xiong W", "Xu J", "Xu L", "Xu S", "Yang Z", "Zhang L", "Zhang Y", "Zheng J", "Zhou F", "Zhou X"], "date": "2020-03-13", "db": "PubMed", "db_id": "32167524", "db_name": "JAMA internal medicine", "first": "Wu C", "last": "Song Y"}, "evidence": "Most patients presented with an elevated myocardial indices: 194 of 198 (98.0%) had elevated lactate dehydrogenase (LDH),and 9 of 198 (4.5%) had an elevated creatinekinase muscle-brain isoform.", "line": 99, "relation": "positiveCorrelation"}
path(DO:"COVID-19")	positiveCorrelation	p(HGNC:LDHD)	{"annotations": {"Cohort_Median_Age": {"51 years": true}, "Custom_Disease": {"COVID-19": true}, "MeSHAnatomy": {"Serum": true}, "PublicationStatus": {"Preprint": true}, "PublicationType": {"Research": true}, "Section": {"Results": true}, "Species": {"9606": true}}, "citation": {"authors": ["Bai C", "Cai Y", "Chao Y", "Chen D", "Chen X", "Du C", "Huang H", "Jiang J", "Song J", "Song Y", "Wang S", "Wu C", "Xia J", "Xiong W", "Xu J", "Xu L", "Xu S", "Yang Z", "Zhang L", "Zhang Y", "Zheng J", "Zhou F", "Zhou X"], "date": "2020-03-13", "db": "PubMed", "db_id": "32167524", "db_name": "JAMA internal medicine", "first": "Wu C", "last": "Song Y"}, "evidence": "Most patients presented with an elevated myocardial indices: 194 of 198 (98.0%) had elevated lactate dehydrogenase (LDH),and 9 of 198 (4.5%) had an elevated creatinekinase muscle-brain isoform.", "line": 100, "relation": "positiveCorrelation"}
path(DO:"COVID-19")	positiveCorrelation	p(HGNC:CKM)	{"annotations": {"Cohort_Median_Age": {"51 years": true}, "Custom_Disease": {"COVID-19": true}, "MeSHAnatomy": {"Serum": true}, "PublicationStatus": {"Preprint": true}, "PublicationType": {"Research": true}, "Section": {"Results": true}, "Species": {"9606": true}}, "citation": {"authors": ["Bai C", "Cai Y", "Chao Y", "Chen D", "Chen X", "Du C", "Huang H", "Jiang J", "Song J", "Song Y", "Wang S", "Wu C", "Xia J", "Xiong W", "Xu J", "Xu L", "Xu S", "Yang Z", "Zhang L", "Zhang Y", "Zheng J", "Zhou F", "Zhou X"], "date": "2020-03-13", "db": "PubMed", "db_id": "32167524", "db_name": "JAMA internal medicine", "first": "Wu C", "last": "Song Y"}, "evidence": "Most patients presented with an elevated myocardial indices: 194 of 198 (98.0%) had elevated lactate dehydrogenase (LDH),and 9 of 198 (4.5%) had an elevated creatinekinase muscle-brain isoform.", "line": 101, "relation": "positiveCorrelation"}
path(DO:"COVID-19")	positiveCorrelation	p(HGNC:CKB)	{"annotations": {"Cohort_Median_Age": {"51 years": true}, "Custom_Disease": {"COVID-19": true}, "MeSHAnatomy": {"Serum": true}, "PublicationStatus": {"Preprint": true}, "PublicationType": {"Research": true}, "Section": {"Results": true}, "Species": {"9606": true}}, "citation": {"authors": ["Bai C", "Cai Y", "Chao Y", "Chen D", "Chen X", "Du C", "Huang H", "Jiang J", "Song J", "Song Y", "Wang S", "Wu C", "Xia J", "Xiong W", "Xu J", "Xu L", "Xu S", "Yang Z", "Zhang L", "Zhang Y", "Zheng J", "Zhou F", "Zhou X"], "date": "2020-03-13", "db": "PubMed", "db_id": "32167524", "db_name": "JAMA internal medicine", "first": "Wu C", "last": "Song Y"}, "evidence": "Most patients presented with an elevated myocardial indices: 194 of 198 (98.0%) had elevated lactate dehydrogenase (LDH),and 9 of 198 (4.5%) had an elevated creatinekinase muscle-brain isoform.", "line": 102, "relation": "positiveCorrelation"}
path(DO:"COVID-19")	positiveCorrelation	a(CHEBI:creatinine)	{"annotations": {"Cohort_Median_Age": {"51 years": true}, "Custom_Disease": {"COVID-19": true}, "MeSHAnatomy": {"Serum": true}, "PublicationStatus": {"Preprint": true}, "PublicationType": {"Research": true}, "Section": {"Results": true}, "Species": {"9606": true}}, "citation": {"authors": ["Bai C", "Cai Y", "Chao Y", "Chen D", "Chen X", "Du C", "Huang H", "Jiang J", "Song J", "Song Y", "Wang S", "Wu C", "Xia J", "Xiong W", "Xu J", "Xu L", "Xu S", "Yang Z", "Zhang L", "Zhang Y", "Zheng J", "Zhou F", "Zhou X"], "date": "2020-03-13", "db": "PubMed", "db_id": "32167524", "db_name": "JAMA internal medicine", "first": "Wu C", "last": "Song Y"}, "evidence": "Few patients had kidney injury indicated by elevated plasma urea (9 of 198 [4.5%]) and serum creatinine (9 of 198 [4.5%]).", "line": 105, "relation": "positiveCorrelation"}
path(DO:"COVID-19")	association	path(HP:"Increased blood urea nitrogen")	{"annotations": {"Cohort_Median_Age": {"51 years": true}, "Custom_Disease": {"COVID-19": true}, "MeSHAnatomy": {"Plasma": true}, "PublicationStatus": {"Preprint": true}, "PublicationType": {"Research": true}, "Section": {"Results": true}, "Species": {"9606": true}}, "citation": {"authors": ["Bai C", "Cai Y", "Chao Y", "Chen D", "Chen X", "Du C", "Huang H", "Jiang J", "Song J", "Song Y", "Wang S", "Wu C", "Xia J", "Xiong W", "Xu J", "Xu L", "Xu S", "Yang Z", "Zhang L", "Zhang Y", "Zheng J", "Zhou F", "Zhou X"], "date": "2020-03-13", "db": "PubMed", "db_id": "32167524", "db_name": "JAMA internal medicine", "first": "Wu C", "last": "Song Y"}, "evidence": "Few patients had kidney injury indicated by elevated plasma urea (9 of 198 [4.5%]) and serum creatinine (9 of 198 [4.5%]).", "line": 108, "relation": "association"}
path(DO:"COVID-19")	association	path(HP:"Prolonged prothrombin time")	{"annotations": {"Cohort_Median_Age": {"51 years": true}, "Custom_Disease": {"COVID-19": true}, "PublicationStatus": {"Preprint": true}, "PublicationType": {"Research": true}, "Section": {"Results": true}, "Species": {"9606": true}}, "citation": {"authors": ["Bai C", "Cai Y", "Chao Y", "Chen D", "Chen X", "Du C", "Huang H", "Jiang J", "Song J", "Song Y", "Wang S", "Wu C", "Xia J", "Xiong W", "Xu J", "Xu L", "Xu S", "Yang Z", "Zhang L", "Zhang Y", "Zheng J", "Zhou F", "Zhou X"], "date": "2020-03-13", "db": "PubMed", "db_id": "32167524", "db_name": "JAMA internal medicine", "first": "Wu C", "last": "Song Y"}, "evidence": "Of 195 patients, 4 (2.1%) presented with prolonged prothrombin times (PTs).", "line": 112, "relation": "association"}
path(DO:"COVID-19")	association	path(DO:"adult respiratory distress syndrome")	{"annotations": {"Cohort_Median_Age": {"51 years": true}, "Custom_Disease": {"COVID-19": true}, "PublicationStatus": {"Preprint": true}, "PublicationType": {"Research": true}, "Section": {"Results": true}, "Species": {"9606": true}}, "citation": {"authors": ["Bai C", "Cai Y", "Chao Y", "Chen D", "Chen X", "Du C", "Huang H", "Jiang J", "Song J", "Song Y", "Wang S", "Wu C", "Xia J", "Xiong W", "Xu J", "Xu L", "Xu S", "Yang Z", "Zhang L", "Zhang Y", "Zheng J", "Zhou F", "Zhou X"], "date": "2020-03-13", "db": "PubMed", "db_id": "32167524", "db_name": "JAMA internal medicine", "first": "Wu C", "last": "Song Y"}, "evidence": "More patients with ARDS presented with initial symptoms of dyspnea compared with those without ARDS (difference, 33.9%;95%CI, 19.7%-48.1%;P < .001)", "line": 115, "relation": "association"}
path(DO:"adult respiratory distress syndrome")	association	path(DO:"COVID-19")	{"annotations": {"Cohort_Median_Age": {"51 years": true}, "Custom_Disease": {"COVID-19": true}, "PublicationStatus": {"Preprint": true}, "PublicationType": {"Research": true}, "Section": {"Results": true}, "Species": {"9606": true}}, "citation": {"authors": ["Bai C", "Cai Y", "Chao Y", "Chen D", "Chen X", "Du C", "Huang H", "Jiang J", "Song J", "Song Y", "Wang S", "Wu C", "Xia J", "Xiong W", "Xu J", "Xu L", "Xu S", "Yang Z", "Zhang L", "Zhang Y", "Zheng J", "Zhou F", "Zhou X"], "date": "2020-03-13", "db": "PubMed", "db_id": "32167524", "db_name": "JAMA internal medicine", "first": "Wu C", "last": "Song Y"}, "evidence": "More patients with ARDS presented with initial symptoms of dyspnea compared with those without ARDS (difference, 33.9%;95%CI, 19.7%-48.1%;P < .001)", "line": 115, "relation": "association"}
path(DO:"adult respiratory distress syndrome")	association	path(HP:Dyspnea)	{"annotations": {"Cohort_Median_Age": {"51 years": true}, "Custom_Disease": {"COVID-19": true}, "PublicationStatus": {"Preprint": true}, "PublicationType": {"Research": true}, "Section": {"Results": true}, "Species": {"9606": true}}, "citation": {"authors": ["Bai C", "Cai Y", "Chao Y", "Chen D", "Chen X", "Du C", "Huang H", "Jiang J", "Song J", "Song Y", "Wang S", "Wu C", "Xia J", "Xiong W", "Xu J", "Xu L", "Xu S", "Yang Z", "Zhang L", "Zhang Y", "Zheng J", "Zhou F", "Zhou X"], "date": "2020-03-13", "db": "PubMed", "db_id": "32167524", "db_name": "JAMA internal medicine", "first": "Wu C", "last": "Song Y"}, "evidence": "More patients with ARDS presented with initial symptoms of dyspnea compared with those without ARDS (difference, 33.9%;95%CI, 19.7%-48.1%;P < .001)", "line": 116, "relation": "association"}
path(DO:"adult respiratory distress syndrome")	association	path(DO:hypertension)	{"annotations": {"Cohort_Median_Age": {"51 years": true}, "Custom_Disease": {"COVID-19": true}, "PublicationStatus": {"Preprint": true}, "PublicationType": {"Research": true}, "Section": {"Results": true}, "Species": {"9606": true}}, "citation": {"authors": ["Bai C", "Cai Y", "Chao Y", "Chen D", "Chen X", "Du C", "Huang H", "Jiang J", "Song J", "Song Y", "Wang S", "Wu C", "Xia J", "Xiong W", "Xu J", "Xu L", "Xu S", "Yang Z", "Zhang L", "Zhang Y", "Zheng J", "Zhou F", "Zhou X"], "date": "2020-03-13", "db": "PubMed", "db_id": "32167524", "db_name": "JAMA internal medicine", "first": "Wu C", "last": "Song Y"}, "evidence": "Compared with patients without ARDS, patients with ARDS had a higher proportion of comorbidities, including hypertension (difference, 13.7%; 95%CI, 1.3%-26.1%; P = .02) and diabetes (difference, 13.9%; 95% CI, 3.6%-24.2%; P = .002).", "line": 119, "relation": "association"}
path(DO:"adult respiratory distress syndrome")	association	path(DO:"diabetes mellitus")	{"annotations": {"Cohort_Median_Age": {"51 years": true}, "Custom_Disease": {"COVID-19": true}, "PublicationStatus": {"Preprint": true}, "PublicationType": {"Research": true}, "Section": {"Results": true}, "Species": {"9606": true}}, "citation": {"authors": ["Bai C", "Cai Y", "Chao Y", "Chen D", "Chen X", "Du C", "Huang H", "Jiang J", "Song J", "Song Y", "Wang S", "Wu C", "Xia J", "Xiong W", "Xu J", "Xu L", "Xu S", "Yang Z", "Zhang L", "Zhang Y", "Zheng J", "Zhou F", "Zhou X"], "date": "2020-03-13", "db": "PubMed", "db_id": "32167524", "db_name": "JAMA internal medicine", "first": "Wu C", "last": "Song Y"}, "evidence": "Compared with patients without ARDS, patients with ARDS had a higher proportion of comorbidities, including hypertension (difference, 13.7%; 95%CI, 1.3%-26.1%; P = .02) and diabetes (difference, 13.9%; 95% CI, 3.6%-24.2%; P = .002).", "line": 120, "relation": "association"}
path(DO:"adult respiratory distress syndrome")	positiveCorrelation	a(MESH:Bilirubin)	{"annotations": {"Cohort_Median_Age": {"51 years": true}, "Custom_Disease": {"COVID-19": true}, "MeSHAnatomy": {"Serum": true}, "PublicationStatus": {"Preprint": true}, "PublicationType": {"Research": true}, "Section": {"Results": true}, "Species": {"9606": true}}, "citation": {"authors": ["Bai C", "Cai Y", "Chao Y", "Chen D", "Chen X", "Du C", "Huang H", "Jiang J", "Song J", "Song Y", "Wang S", "Wu C", "Xia J", "Xiong W", "Xu J", "Xu L", "Xu S", "Yang Z", "Zhang L", "Zhang Y", "Zheng J", "Zhou F", "Zhou X"], "date": "2020-03-13", "db": "PubMed", "db_id": "32167524", "db_name": "JAMA internal medicine", "first": "Wu C", "last": "Song Y"}, "evidence": "Compared with patients without ARDS, for patients with ARDS, the value of liver damage indices (total bilirubin [difference, 1.90mg/dL; 95%CI, 0.60-3.30 mg/dL; P = .004]), renal dysfunction indices (urea [difference, 1.69 mM; 95% CI, 1.10-2.29mM;P < .001]), inflammation-related indices (interleukin- 6 [IL-6] [difference, 0.93 pg/L; 95%CI, 0.07-1.98 pg/L; P = .03]), and coagulation function indices (D-dimer [difference, 0.52 \u03bcg/mL; 95% CI, 0.21-0.94 \u03bcg/mL; P < .001]) were significantly elevated.", "line": 124, "relation": "positiveCorrelation"}
path(DO:"adult respiratory distress syndrome")	positiveCorrelation	a(MESH:Bilirubin)	{"annotations": {"Cohort_Median_Age": {"51 years": true}, "Custom_Disease": {"COVID-19": true}, "MeSHAnatomy": {"Blood": true}, "Patient_Condition": {"died": true}, "PublicationStatus": {"Preprint": true}, "PublicationType": {"Research": true}, "Section": {"Results": true}, "Species": {"9606": true}}, "citation": {"authors": ["Bai C", "Cai Y", "Chao Y", "Chen D", "Chen X", "Du C", "Huang H", "Jiang J", "Song J", "Song Y", "Wang S", "Wu C", "Xia J", "Xiong W", "Xu J", "Xu L", "Xu S", "Yang Z", "Zhang L", "Zhang Y", "Zheng J", "Zhou F", "Zhou X"], "date": "2020-03-13", "db": "PubMed", "db_id": "32167524", "db_name": "JAMA internal medicine", "first": "Wu C", "last": "Song Y"}, "evidence": "For patients with ARDS who died, the value of liver damage indices (total bilirubin [difference, 2.60 mg/dL; 95% CI, 0.30-5.20mg/dL;P = .03]), renal dysfunction indices (urea [difference, 1.50 mM; 95%CI, 0.50-2.70 mM; P = .004]), inflammation- related indices (IL-6 [difference, 3.88 pg/L; 95% CI, 2.20-6.13pg/L;P < .001]), and coagulation function indices (Ddimer [difference, 2.10 \u03bcg/mL; 95% CI, 0.89-5.27 \u03bcg/mL; P = .001]) were significantly elevated compared with patients with ARDS who survived.", "line": 137, "relation": "positiveCorrelation"}
path(DO:"adult respiratory distress syndrome")	association	path(HP:"Increased blood urea nitrogen")	{"annotations": {"Cohort_Median_Age": {"51 years": true}, "Custom_Disease": {"COVID-19": true}, "MeSHAnatomy": {"Serum": true}, "PublicationStatus": {"Preprint": true}, "PublicationType": {"Research": true}, "Section": {"Results": true}, "Species": {"9606": true}}, "citation": {"authors": ["Bai C", "Cai Y", "Chao Y", "Chen D", "Chen X", "Du C", "Huang H", "Jiang J", "Song J", "Song Y", "Wang S", "Wu C", "Xia J", "Xiong W", "Xu J", "Xu L", "Xu S", "Yang Z", "Zhang L", "Zhang Y", "Zheng J", "Zhou F", "Zhou X"], "date": "2020-03-13", "db": "PubMed", "db_id": "32167524", "db_name": "JAMA internal medicine", "first": "Wu C", "last": "Song Y"}, "evidence": "Compared with patients without ARDS, for patients with ARDS, the value of liver damage indices (total bilirubin [difference, 1.90mg/dL; 95%CI, 0.60-3.30 mg/dL; P = .004]), renal dysfunction indices (urea [difference, 1.69 mM; 95% CI, 1.10-2.29mM;P < .001]), inflammation-related indices (interleukin- 6 [IL-6] [difference, 0.93 pg/L; 95%CI, 0.07-1.98 pg/L; P = .03]), and coagulation function indices (D-dimer [difference, 0.52 \u03bcg/mL; 95% CI, 0.21-0.94 \u03bcg/mL; P < .001]) were significantly elevated.", "line": 125, "relation": "association"}
path(DO:"adult respiratory distress syndrome")	association	path(HP:"Increased blood urea nitrogen")	{"annotations": {"Cohort_Median_Age": {"51 years": true}, "Custom_Disease": {"COVID-19": true}, "MeSHAnatomy": {"Blood": true}, "Patient_Condition": {"died": true}, "PublicationStatus": {"Preprint": true}, "PublicationType": {"Research": true}, "Section": {"Results": true}, "Species": {"9606": true}}, "citation": {"authors": ["Bai C", "Cai Y", "Chao Y", "Chen D", "Chen X", "Du C", "Huang H", "Jiang J", "Song J", "Song Y", "Wang S", "Wu C", "Xia J", "Xiong W", "Xu J", "Xu L", "Xu S", "Yang Z", "Zhang L", "Zhang Y", "Zheng J", "Zhou F", "Zhou X"], "date": "2020-03-13", "db": "PubMed", "db_id": "32167524", "db_name": "JAMA internal medicine", "first": "Wu C", "last": "Song Y"}, "evidence": "For patients with ARDS who died, the value of liver damage indices (total bilirubin [difference, 2.60 mg/dL; 95% CI, 0.30-5.20mg/dL;P = .03]), renal dysfunction indices (urea [difference, 1.50 mM; 95%CI, 0.50-2.70 mM; P = .004]), inflammation- related indices (IL-6 [difference, 3.88 pg/L; 95% CI, 2.20-6.13pg/L;P < .001]), and coagulation function indices (Ddimer [difference, 2.10 \u03bcg/mL; 95% CI, 0.89-5.27 \u03bcg/mL; P = .001]) were significantly elevated compared with patients with ARDS who survived.", "line": 138, "relation": "association"}
path(DO:"adult respiratory distress syndrome")	positiveCorrelation	p(HGNC:IL6)	{"annotations": {"Cohort_Median_Age": {"51 years": true}, "Custom_Disease": {"COVID-19": true}, "MeSHAnatomy": {"Serum": true}, "PublicationStatus": {"Preprint": true}, "PublicationType": {"Research": true}, "Section": {"Results": true}, "Species": {"9606": true}}, "citation": {"authors": ["Bai C", "Cai Y", "Chao Y", "Chen D", "Chen X", "Du C", "Huang H", "Jiang J", "Song J", "Song Y", "Wang S", "Wu C", "Xia J", "Xiong W", "Xu J", "Xu L", "Xu S", "Yang Z", "Zhang L", "Zhang Y", "Zheng J", "Zhou F", "Zhou X"], "date": "2020-03-13", "db": "PubMed", "db_id": "32167524", "db_name": "JAMA internal medicine", "first": "Wu C", "last": "Song Y"}, "evidence": "Compared with patients without ARDS, for patients with ARDS, the value of liver damage indices (total bilirubin [difference, 1.90mg/dL; 95%CI, 0.60-3.30 mg/dL; P = .004]), renal dysfunction indices (urea [difference, 1.69 mM; 95% CI, 1.10-2.29mM;P < .001]), inflammation-related indices (interleukin- 6 [IL-6] [difference, 0.93 pg/L; 95%CI, 0.07-1.98 pg/L; P = .03]), and coagulation function indices (D-dimer [difference, 0.52 \u03bcg/mL; 95% CI, 0.21-0.94 \u03bcg/mL; P < .001]) were significantly elevated.", "line": 126, "relation": "positiveCorrelation"}
path(DO:"adult respiratory distress syndrome")	positiveCorrelation	p(HGNC:IL6)	{"annotations": {"Cohort_Median_Age": {"51 years": true}, "Custom_Disease": {"COVID-19": true}, "MeSHAnatomy": {"Blood": true}, "Patient_Condition": {"died": true}, "PublicationStatus": {"Preprint": true}, "PublicationType": {"Research": true}, "Section": {"Results": true}, "Species": {"9606": true}}, "citation": {"authors": ["Bai C", "Cai Y", "Chao Y", "Chen D", "Chen X", "Du C", "Huang H", "Jiang J", "Song J", "Song Y", "Wang S", "Wu C", "Xia J", "Xiong W", "Xu J", "Xu L", "Xu S", "Yang Z", "Zhang L", "Zhang Y", "Zheng J", "Zhou F", "Zhou X"], "date": "2020-03-13", "db": "PubMed", "db_id": "32167524", "db_name": "JAMA internal medicine", "first": "Wu C", "last": "Song Y"}, "evidence": "For patients with ARDS who died, the value of liver damage indices (total bilirubin [difference, 2.60 mg/dL; 95% CI, 0.30-5.20mg/dL;P = .03]), renal dysfunction indices (urea [difference, 1.50 mM; 95%CI, 0.50-2.70 mM; P = .004]), inflammation- related indices (IL-6 [difference, 3.88 pg/L; 95% CI, 2.20-6.13pg/L;P < .001]), and coagulation function indices (Ddimer [difference, 2.10 \u03bcg/mL; 95% CI, 0.89-5.27 \u03bcg/mL; P = .001]) were significantly elevated compared with patients with ARDS who survived.", "line": 139, "relation": "positiveCorrelation"}
path(DO:"adult respiratory distress syndrome")	positiveCorrelation	p(MESH:"fibrin fragment D")	{"annotations": {"Cohort_Median_Age": {"51 years": true}, "Custom_Disease": {"COVID-19": true}, "MeSHAnatomy": {"Serum": true}, "PublicationStatus": {"Preprint": true}, "PublicationType": {"Research": true}, "Section": {"Results": true}, "Species": {"9606": true}}, "citation": {"authors": ["Bai C", "Cai Y", "Chao Y", "Chen D", "Chen X", "Du C", "Huang H", "Jiang J", "Song J", "Song Y", "Wang S", "Wu C", "Xia J", "Xiong W", "Xu J", "Xu L", "Xu S", "Yang Z", "Zhang L", "Zhang Y", "Zheng J", "Zhou F", "Zhou X"], "date": "2020-03-13", "db": "PubMed", "db_id": "32167524", "db_name": "JAMA internal medicine", "first": "Wu C", "last": "Song Y"}, "evidence": "Compared with patients without ARDS, for patients with ARDS, the value of liver damage indices (total bilirubin [difference, 1.90mg/dL; 95%CI, 0.60-3.30 mg/dL; P = .004]), renal dysfunction indices (urea [difference, 1.69 mM; 95% CI, 1.10-2.29mM;P < .001]), inflammation-related indices (interleukin- 6 [IL-6] [difference, 0.93 pg/L; 95%CI, 0.07-1.98 pg/L; P = .03]), and coagulation function indices (D-dimer [difference, 0.52 \u03bcg/mL; 95% CI, 0.21-0.94 \u03bcg/mL; P < .001]) were significantly elevated.", "line": 127, "relation": "positiveCorrelation"}
path(DO:"adult respiratory distress syndrome")	positiveCorrelation	p(MESH:"fibrin fragment D")	{"annotations": {"Cohort_Median_Age": {"51 years": true}, "Custom_Disease": {"COVID-19": true}, "MeSHAnatomy": {"Blood": true}, "Patient_Condition": {"died": true}, "PublicationStatus": {"Preprint": true}, "PublicationType": {"Research": true}, "Section": {"Results": true}, "Species": {"9606": true}}, "citation": {"authors": ["Bai C", "Cai Y", "Chao Y", "Chen D", "Chen X", "Du C", "Huang H", "Jiang J", "Song J", "Song Y", "Wang S", "Wu C", "Xia J", "Xiong W", "Xu J", "Xu L", "Xu S", "Yang Z", "Zhang L", "Zhang Y", "Zheng J", "Zhou F", "Zhou X"], "date": "2020-03-13", "db": "PubMed", "db_id": "32167524", "db_name": "JAMA internal medicine", "first": "Wu C", "last": "Song Y"}, "evidence": "For patients with ARDS who died, the value of liver damage indices (total bilirubin [difference, 2.60 mg/dL; 95% CI, 0.30-5.20mg/dL;P = .03]), renal dysfunction indices (urea [difference, 1.50 mM; 95%CI, 0.50-2.70 mM; P = .004]), inflammation- related indices (IL-6 [difference, 3.88 pg/L; 95% CI, 2.20-6.13pg/L;P < .001]), and coagulation function indices (Ddimer [difference, 2.10 \u03bcg/mL; 95% CI, 0.89-5.27 \u03bcg/mL; P = .001]) were significantly elevated compared with patients with ARDS who survived.", "line": 140, "relation": "positiveCorrelation"}
path(DO:"adult respiratory distress syndrome")	negativeCorrelation	bp(MESH:"Lymphocyte Count")	{"annotations": {"Cohort_Median_Age": {"51 years": true}, "Custom_Disease": {"COVID-19": true}, "MeSHAnatomy": {"Blood": true}, "PublicationStatus": {"Preprint": true}, "PublicationType": {"Research": true}, "Section": {"Results": true}, "Species": {"9606": true}}, "citation": {"authors": ["Bai C", "Cai Y", "Chao Y", "Chen D", "Chen X", "Du C", "Huang H", "Jiang J", "Song J", "Song Y", "Wang S", "Wu C", "Xia J", "Xiong W", "Xu J", "Xu L", "Xu S", "Yang Z", "Zhang L", "Zhang Y", "Zheng J", "Zhou F", "Zhou X"], "date": "2020-03-13", "db": "PubMed", "db_id": "32167524", "db_name": "JAMA internal medicine", "first": "Wu C", "last": "Song Y"}, "evidence": "However, lymphocyte counts (difference,\u2212 0.34\u00d7109/mL;95%CI,\u22120.47 to\u22120.22\u00d7109/mL;P < .001) and CD8 T cells (difference, \u221266.00 cells/\u03bcL; 95%CI, \u2212129.00 to \u22127.00 cells/\u03bcL; P = .03) were significantly decreased.", "line": 132, "relation": "negativeCorrelation"}
path(DO:"adult respiratory distress syndrome")	negativeCorrelation	a(MESH:"CD8-Positive T-Lymphocytes")	{"annotations": {"Cohort_Median_Age": {"51 years": true}, "Custom_Disease": {"COVID-19": true}, "MeSHAnatomy": {"Blood": true}, "PublicationStatus": {"Preprint": true}, "PublicationType": {"Research": true}, "Section": {"Results": true}, "Species": {"9606": true}}, "citation": {"authors": ["Bai C", "Cai Y", "Chao Y", "Chen D", "Chen X", "Du C", "Huang H", "Jiang J", "Song J", "Song Y", "Wang S", "Wu C", "Xia J", "Xiong W", "Xu J", "Xu L", "Xu S", "Yang Z", "Zhang L", "Zhang Y", "Zheng J", "Zhou F", "Zhou X"], "date": "2020-03-13", "db": "PubMed", "db_id": "32167524", "db_name": "JAMA internal medicine", "first": "Wu C", "last": "Song Y"}, "evidence": "However, lymphocyte counts (difference,\u2212 0.34\u00d7109/mL;95%CI,\u22120.47 to\u22120.22\u00d7109/mL;P < .001) and CD8 T cells (difference, \u221266.00 cells/\u03bcL; 95%CI, \u2212129.00 to \u22127.00 cells/\u03bcL; P = .03) were significantly decreased.", "line": 133, "relation": "negativeCorrelation"}
path(DO:"chronic kidney disease")	association	path(DO:"COVID-19")	{"annotations": {"Cohort_Median_Age": {"51 years": true}, "Custom_Disease": {"COVID-19": true}, "PublicationStatus": {"Preprint": true}, "PublicationType": {"Research": true}, "Section": {"Results": true}, "Species": {"9606": true}}, "citation": {"authors": ["Bai C", "Cai Y", "Chao Y", "Chen D", "Chen X", "Du C", "Huang H", "Jiang J", "Song J", "Song Y", "Wang S", "Wu C", "Xia J", "Xiong W", "Xu J", "Xu L", "Xu S", "Yang Z", "Zhang L", "Zhang Y", "Zheng J", "Zhou F", "Zhou X"], "date": "2020-03-13", "db": "PubMed", "db_id": "32167524", "db_name": "JAMA internal medicine", "first": "Wu C", "last": "Song Y"}, "evidence": "Sixty-six (32.8%) patients had comorbidities, including hypertension (n = 39 [19.4%]), diabetes (n = 22 [10.9%]), liver disease (n = 7 [3.5%]), nervous system disease (n = 7 [3.5%]), chronic lung disease (n = 5 [2.5%]), chronic kidney disease (n = 2 [1.0%]), endocrine system diseases not including diabetes (n = 2 [1.0%]), and tumors (n = 1 [0.5%]).", "line": 72, "relation": "association"}
path(DO:"diabetes mellitus")	association	path(DO:"COVID-19")	{"annotations": {"Cohort_Median_Age": {"51 years": true}, "Custom_Disease": {"COVID-19": true}, "PublicationStatus": {"Preprint": true}, "PublicationType": {"Research": true}, "Section": {"Results": true}, "Species": {"9606": true}}, "citation": {"authors": ["Bai C", "Cai Y", "Chao Y", "Chen D", "Chen X", "Du C", "Huang H", "Jiang J", "Song J", "Song Y", "Wang S", "Wu C", "Xia J", "Xiong W", "Xu J", "Xu L", "Xu S", "Yang Z", "Zhang L", "Zhang Y", "Zheng J", "Zhou F", "Zhou X"], "date": "2020-03-13", "db": "PubMed", "db_id": "32167524", "db_name": "JAMA internal medicine", "first": "Wu C", "last": "Song Y"}, "evidence": "Sixty-six (32.8%) patients had comorbidities, including hypertension (n = 39 [19.4%]), diabetes (n = 22 [10.9%]), liver disease (n = 7 [3.5%]), nervous system disease (n = 7 [3.5%]), chronic lung disease (n = 5 [2.5%]), chronic kidney disease (n = 2 [1.0%]), endocrine system diseases not including diabetes (n = 2 [1.0%]), and tumors (n = 1 [0.5%]).", "line": 68, "relation": "association"}
path(DO:"diabetes mellitus")	association	path(DO:"adult respiratory distress syndrome")	{"annotations": {"Cohort_Median_Age": {"51 years": true}, "Custom_Disease": {"COVID-19": true}, "PublicationStatus": {"Preprint": true}, "PublicationType": {"Research": true}, "Section": {"Results": true}, "Species": {"9606": true}}, "citation": {"authors": ["Bai C", "Cai Y", "Chao Y", "Chen D", "Chen X", "Du C", "Huang H", "Jiang J", "Song J", "Song Y", "Wang S", "Wu C", "Xia J", "Xiong W", "Xu J", "Xu L", "Xu S", "Yang Z", "Zhang L", "Zhang Y", "Zheng J", "Zhou F", "Zhou X"], "date": "2020-03-13", "db": "PubMed", "db_id": "32167524", "db_name": "JAMA internal medicine", "first": "Wu C", "last": "Song Y"}, "evidence": "Compared with patients without ARDS, patients with ARDS had a higher proportion of comorbidities, including hypertension (difference, 13.7%; 95%CI, 1.3%-26.1%; P = .02) and diabetes (difference, 13.9%; 95% CI, 3.6%-24.2%; P = .002).", "line": 120, "relation": "association"}
path(DO:"endocrine system disease")	association	path(DO:"COVID-19")	{"annotations": {"Cohort_Median_Age": {"51 years": true}, "Custom_Disease": {"COVID-19": true}, "PublicationStatus": {"Preprint": true}, "PublicationType": {"Research": true}, "Section": {"Results": true}, "Species": {"9606": true}}, "citation": {"authors": ["Bai C", "Cai Y", "Chao Y", "Chen D", "Chen X", "Du C", "Huang H", "Jiang J", "Song J", "Song Y", "Wang S", "Wu C", "Xia J", "Xiong W", "Xu J", "Xu L", "Xu S", "Yang Z", "Zhang L", "Zhang Y", "Zheng J", "Zhou F", "Zhou X"], "date": "2020-03-13", "db": "PubMed", "db_id": "32167524", "db_name": "JAMA internal medicine", "first": "Wu C", "last": "Song Y"}, "evidence": "Sixty-six (32.8%) patients had comorbidities, including hypertension (n = 39 [19.4%]), diabetes (n = 22 [10.9%]), liver disease (n = 7 [3.5%]), nervous system disease (n = 7 [3.5%]), chronic lung disease (n = 5 [2.5%]), chronic kidney disease (n = 2 [1.0%]), endocrine system diseases not including diabetes (n = 2 [1.0%]), and tumors (n = 1 [0.5%]).", "line": 73, "relation": "association"}
path(DO:"liver disease")	association	path(DO:"COVID-19")	{"annotations": {"Cohort_Median_Age": {"51 years": true}, "Custom_Disease": {"COVID-19": true}, "PublicationStatus": {"Preprint": true}, "PublicationType": {"Research": true}, "Section": {"Results": true}, "Species": {"9606": true}}, "citation": {"authors": ["Bai C", "Cai Y", "Chao Y", "Chen D", "Chen X", "Du C", "Huang H", "Jiang J", "Song J", "Song Y", "Wang S", "Wu C", "Xia J", "Xiong W", "Xu J", "Xu L", "Xu S", "Yang Z", "Zhang L", "Zhang Y", "Zheng J", "Zhou F", "Zhou X"], "date": "2020-03-13", "db": "PubMed", "db_id": "32167524", "db_name": "JAMA internal medicine", "first": "Wu C", "last": "Song Y"}, "evidence": "Sixty-six (32.8%) patients had comorbidities, including hypertension (n = 39 [19.4%]), diabetes (n = 22 [10.9%]), liver disease (n = 7 [3.5%]), nervous system disease (n = 7 [3.5%]), chronic lung disease (n = 5 [2.5%]), chronic kidney disease (n = 2 [1.0%]), endocrine system diseases not including diabetes (n = 2 [1.0%]), and tumors (n = 1 [0.5%]).", "line": 69, "relation": "association"}
path(DO:"nervous system disease")	association	path(DO:"COVID-19")	{"annotations": {"Cohort_Median_Age": {"51 years": true}, "Custom_Disease": {"COVID-19": true}, "PublicationStatus": {"Preprint": true}, "PublicationType": {"Research": true}, "Section": {"Results": true}, "Species": {"9606": true}}, "citation": {"authors": ["Bai C", "Cai Y", "Chao Y", "Chen D", "Chen X", "Du C", "Huang H", "Jiang J", "Song J", "Song Y", "Wang S", "Wu C", "Xia J", "Xiong W", "Xu J", "Xu L", "Xu S", "Yang Z", "Zhang L", "Zhang Y", "Zheng J", "Zhou F", "Zhou X"], "date": "2020-03-13", "db": "PubMed", "db_id": "32167524", "db_name": "JAMA internal medicine", "first": "Wu C", "last": "Song Y"}, "evidence": "Sixty-six (32.8%) patients had comorbidities, including hypertension (n = 39 [19.4%]), diabetes (n = 22 [10.9%]), liver disease (n = 7 [3.5%]), nervous system disease (n = 7 [3.5%]), chronic lung disease (n = 5 [2.5%]), chronic kidney disease (n = 2 [1.0%]), endocrine system diseases not including diabetes (n = 2 [1.0%]), and tumors (n = 1 [0.5%]).", "line": 70, "relation": "association"}
path(DO:hypertension)	association	path(DO:"COVID-19")	{"annotations": {"Cohort_Median_Age": {"51 years": true}, "Custom_Disease": {"COVID-19": true}, "PublicationStatus": {"Preprint": true}, "PublicationType": {"Research": true}, "Section": {"Results": true}, "Species": {"9606": true}}, "citation": {"authors": ["Bai C", "Cai Y", "Chao Y", "Chen D", "Chen X", "Du C", "Huang H", "Jiang J", "Song J", "Song Y", "Wang S", "Wu C", "Xia J", "Xiong W", "Xu J", "Xu L", "Xu S", "Yang Z", "Zhang L", "Zhang Y", "Zheng J", "Zhou F", "Zhou X"], "date": "2020-03-13", "db": "PubMed", "db_id": "32167524", "db_name": "JAMA internal medicine", "first": "Wu C", "last": "Song Y"}, "evidence": "Sixty-six (32.8%) patients had comorbidities, including hypertension (n = 39 [19.4%]), diabetes (n = 22 [10.9%]), liver disease (n = 7 [3.5%]), nervous system disease (n = 7 [3.5%]), chronic lung disease (n = 5 [2.5%]), chronic kidney disease (n = 2 [1.0%]), endocrine system diseases not including diabetes (n = 2 [1.0%]), and tumors (n = 1 [0.5%]).", "line": 67, "relation": "association"}
path(DO:hypertension)	association	path(DO:"adult respiratory distress syndrome")	{"annotations": {"Cohort_Median_Age": {"51 years": true}, "Custom_Disease": {"COVID-19": true}, "PublicationStatus": {"Preprint": true}, "PublicationType": {"Research": true}, "Section": {"Results": true}, "Species": {"9606": true}}, "citation": {"authors": ["Bai C", "Cai Y", "Chao Y", "Chen D", "Chen X", "Du C", "Huang H", "Jiang J", "Song J", "Song Y", "Wang S", "Wu C", "Xia J", "Xiong W", "Xu J", "Xu L", "Xu S", "Yang Z", "Zhang L", "Zhang Y", "Zheng J", "Zhou F", "Zhou X"], "date": "2020-03-13", "db": "PubMed", "db_id": "32167524", "db_name": "JAMA internal medicine", "first": "Wu C", "last": "Song Y"}, "evidence": "Compared with patients without ARDS, patients with ARDS had a higher proportion of comorbidities, including hypertension (difference, 13.7%; 95%CI, 1.3%-26.1%; P = .02) and diabetes (difference, 13.9%; 95% CI, 3.6%-24.2%; P = .002).", "line": 119, "relation": "association"}
path(HP:"Chronic lung disease")	association	path(DO:"COVID-19")	{"annotations": {"Cohort_Median_Age": {"51 years": true}, "Custom_Disease": {"COVID-19": true}, "PublicationStatus": {"Preprint": true}, "PublicationType": {"Research": true}, "Section": {"Results": true}, "Species": {"9606": true}}, "citation": {"authors": ["Bai C", "Cai Y", "Chao Y", "Chen D", "Chen X", "Du C", "Huang H", "Jiang J", "Song J", "Song Y", "Wang S", "Wu C", "Xia J", "Xiong W", "Xu J", "Xu L", "Xu S", "Yang Z", "Zhang L", "Zhang Y", "Zheng J", "Zhou F", "Zhou X"], "date": "2020-03-13", "db": "PubMed", "db_id": "32167524", "db_name": "JAMA internal medicine", "first": "Wu C", "last": "Song Y"}, "evidence": "Sixty-six (32.8%) patients had comorbidities, including hypertension (n = 39 [19.4%]), diabetes (n = 22 [10.9%]), liver disease (n = 7 [3.5%]), nervous system disease (n = 7 [3.5%]), chronic lung disease (n = 5 [2.5%]), chronic kidney disease (n = 2 [1.0%]), endocrine system diseases not including diabetes (n = 2 [1.0%]), and tumors (n = 1 [0.5%]).", "line": 71, "relation": "association"}
path(HP:"Increased blood urea nitrogen")	association	path(DO:"COVID-19")	{"annotations": {"Cohort_Median_Age": {"51 years": true}, "Custom_Disease": {"COVID-19": true}, "MeSHAnatomy": {"Plasma": true}, "PublicationStatus": {"Preprint": true}, "PublicationType": {"Research": true}, "Section": {"Results": true}, "Species": {"9606": true}}, "citation": {"authors": ["Bai C", "Cai Y", "Chao Y", "Chen D", "Chen X", "Du C", "Huang H", "Jiang J", "Song J", "Song Y", "Wang S", "Wu C", "Xia J", "Xiong W", "Xu J", "Xu L", "Xu S", "Yang Z", "Zhang L", "Zhang Y", "Zheng J", "Zhou F", "Zhou X"], "date": "2020-03-13", "db": "PubMed", "db_id": "32167524", "db_name": "JAMA internal medicine", "first": "Wu C", "last": "Song Y"}, "evidence": "Few patients had kidney injury indicated by elevated plasma urea (9 of 198 [4.5%]) and serum creatinine (9 of 198 [4.5%]).", "line": 108, "relation": "association"}
path(HP:"Increased blood urea nitrogen")	association	path(DO:"adult respiratory distress syndrome")	{"annotations": {"Cohort_Median_Age": {"51 years": true}, "Custom_Disease": {"COVID-19": true}, "MeSHAnatomy": {"Serum": true}, "PublicationStatus": {"Preprint": true}, "PublicationType": {"Research": true}, "Section": {"Results": true}, "Species": {"9606": true}}, "citation": {"authors": ["Bai C", "Cai Y", "Chao Y", "Chen D", "Chen X", "Du C", "Huang H", "Jiang J", "Song J", "Song Y", "Wang S", "Wu C", "Xia J", "Xiong W", "Xu J", "Xu L", "Xu S", "Yang Z", "Zhang L", "Zhang Y", "Zheng J", "Zhou F", "Zhou X"], "date": "2020-03-13", "db": "PubMed", "db_id": "32167524", "db_name": "JAMA internal medicine", "first": "Wu C", "last": "Song Y"}, "evidence": "Compared with patients without ARDS, for patients with ARDS, the value of liver damage indices (total bilirubin [difference, 1.90mg/dL; 95%CI, 0.60-3.30 mg/dL; P = .004]), renal dysfunction indices (urea [difference, 1.69 mM; 95% CI, 1.10-2.29mM;P < .001]), inflammation-related indices (interleukin- 6 [IL-6] [difference, 0.93 pg/L; 95%CI, 0.07-1.98 pg/L; P = .03]), and coagulation function indices (D-dimer [difference, 0.52 \u03bcg/mL; 95% CI, 0.21-0.94 \u03bcg/mL; P < .001]) were significantly elevated.", "line": 125, "relation": "association"}
path(HP:"Increased blood urea nitrogen")	association	path(DO:"adult respiratory distress syndrome")	{"annotations": {"Cohort_Median_Age": {"51 years": true}, "Custom_Disease": {"COVID-19": true}, "MeSHAnatomy": {"Blood": true}, "Patient_Condition": {"died": true}, "PublicationStatus": {"Preprint": true}, "PublicationType": {"Research": true}, "Section": {"Results": true}, "Species": {"9606": true}}, "citation": {"authors": ["Bai C", "Cai Y", "Chao Y", "Chen D", "Chen X", "Du C", "Huang H", "Jiang J", "Song J", "Song Y", "Wang S", "Wu C", "Xia J", "Xiong W", "Xu J", "Xu L", "Xu S", "Yang Z", "Zhang L", "Zhang Y", "Zheng J", "Zhou F", "Zhou X"], "date": "2020-03-13", "db": "PubMed", "db_id": "32167524", "db_name": "JAMA internal medicine", "first": "Wu C", "last": "Song Y"}, "evidence": "For patients with ARDS who died, the value of liver damage indices (total bilirubin [difference, 2.60 mg/dL; 95% CI, 0.30-5.20mg/dL;P = .03]), renal dysfunction indices (urea [difference, 1.50 mM; 95%CI, 0.50-2.70 mM; P = .004]), inflammation- related indices (IL-6 [difference, 3.88 pg/L; 95% CI, 2.20-6.13pg/L;P < .001]), and coagulation function indices (Ddimer [difference, 2.10 \u03bcg/mL; 95% CI, 0.89-5.27 \u03bcg/mL; P = .001]) were significantly elevated compared with patients with ARDS who survived.", "line": 138, "relation": "association"}
path(HP:"Prolonged prothrombin time")	association	path(DO:"COVID-19")	{"annotations": {"Cohort_Median_Age": {"51 years": true}, "Custom_Disease": {"COVID-19": true}, "PublicationStatus": {"Preprint": true}, "PublicationType": {"Research": true}, "Section": {"Results": true}, "Species": {"9606": true}}, "citation": {"authors": ["Bai C", "Cai Y", "Chao Y", "Chen D", "Chen X", "Du C", "Huang H", "Jiang J", "Song J", "Song Y", "Wang S", "Wu C", "Xia J", "Xiong W", "Xu J", "Xu L", "Xu S", "Yang Z", "Zhang L", "Zhang Y", "Zheng J", "Zhou F", "Zhou X"], "date": "2020-03-13", "db": "PubMed", "db_id": "32167524", "db_name": "JAMA internal medicine", "first": "Wu C", "last": "Song Y"}, "evidence": "Of 195 patients, 4 (2.1%) presented with prolonged prothrombin times (PTs).", "line": 112, "relation": "association"}
path(HP:Cough)	association	path(DO:"COVID-19")	{"annotations": {"Cohort_Median_Age": {"51 years": true}, "Custom_Disease": {"COVID-19": true}, "PublicationStatus": {"Preprint": true}, "PublicationType": {"Research": true}, "Section": {"Results": true}, "Species": {"9606": true}}, "citation": {"authors": ["Bai C", "Cai Y", "Chao Y", "Chen D", "Chen X", "Du C", "Huang H", "Jiang J", "Song J", "Song Y", "Wang S", "Wu C", "Xia J", "Xiong W", "Xu J", "Xu L", "Xu S", "Yang Z", "Zhang L", "Zhang Y", "Zheng J", "Zhou F", "Zhou X"], "date": "2020-03-13", "db": "PubMed", "db_id": "32167524", "db_name": "JAMA internal medicine", "first": "Wu C", "last": "Song Y"}, "evidence": "The majority (n = 154 [76.6%]) of patients had fever with cough; 74 (36.8%) had feverwith dyspnea; 66 (32.8%) had feverwith fatigue, myalgia, or headache; and only 13 (6.5%) presentedwith fever alone (eTable 1 in the Supplement).", "line": 59, "relation": "association"}
path(HP:Dyspnea)	association	path(DO:"COVID-19")	{"annotations": {"Cohort_Median_Age": {"51 years": true}, "Custom_Disease": {"COVID-19": true}, "PublicationStatus": {"Preprint": true}, "PublicationType": {"Research": true}, "Section": {"Results": true}, "Species": {"9606": true}}, "citation": {"authors": ["Bai C", "Cai Y", "Chao Y", "Chen D", "Chen X", "Du C", "Huang H", "Jiang J", "Song J", "Song Y", "Wang S", "Wu C", "Xia J", "Xiong W", "Xu J", "Xu L", "Xu S", "Yang Z", "Zhang L", "Zhang Y", "Zheng J", "Zhou F", "Zhou X"], "date": "2020-03-13", "db": "PubMed", "db_id": "32167524", "db_name": "JAMA internal medicine", "first": "Wu C", "last": "Song Y"}, "evidence": "The majority (n = 154 [76.6%]) of patients had fever with cough; 74 (36.8%) had feverwith dyspnea; 66 (32.8%) had feverwith fatigue, myalgia, or headache; and only 13 (6.5%) presentedwith fever alone (eTable 1 in the Supplement).", "line": 60, "relation": "association"}
path(HP:Dyspnea)	association	path(DO:"adult respiratory distress syndrome")	{"annotations": {"Cohort_Median_Age": {"51 years": true}, "Custom_Disease": {"COVID-19": true}, "PublicationStatus": {"Preprint": true}, "PublicationType": {"Research": true}, "Section": {"Results": true}, "Species": {"9606": true}}, "citation": {"authors": ["Bai C", "Cai Y", "Chao Y", "Chen D", "Chen X", "Du C", "Huang H", "Jiang J", "Song J", "Song Y", "Wang S", "Wu C", "Xia J", "Xiong W", "Xu J", "Xu L", "Xu S", "Yang Z", "Zhang L", "Zhang Y", "Zheng J", "Zhou F", "Zhou X"], "date": "2020-03-13", "db": "PubMed", "db_id": "32167524", "db_name": "JAMA internal medicine", "first": "Wu C", "last": "Song Y"}, "evidence": "More patients with ARDS presented with initial symptoms of dyspnea compared with those without ARDS (difference, 33.9%;95%CI, 19.7%-48.1%;P < .001)", "line": 116, "relation": "association"}
path(HP:Fatigue)	association	path(DO:"COVID-19")	{"annotations": {"Cohort_Median_Age": {"51 years": true}, "Custom_Disease": {"COVID-19": true}, "PublicationStatus": {"Preprint": true}, "PublicationType": {"Research": true}, "Section": {"Results": true}, "Species": {"9606": true}}, "citation": {"authors": ["Bai C", "Cai Y", "Chao Y", "Chen D", "Chen X", "Du C", "Huang H", "Jiang J", "Song J", "Song Y", "Wang S", "Wu C", "Xia J", "Xiong W", "Xu J", "Xu L", "Xu S", "Yang Z", "Zhang L", "Zhang Y", "Zheng J", "Zhou F", "Zhou X"], "date": "2020-03-13", "db": "PubMed", "db_id": "32167524", "db_name": "JAMA internal medicine", "first": "Wu C", "last": "Song Y"}, "evidence": "The majority (n = 154 [76.6%]) of patients had fever with cough; 74 (36.8%) had feverwith dyspnea; 66 (32.8%) had feverwith fatigue, myalgia, or headache; and only 13 (6.5%) presentedwith fever alone (eTable 1 in the Supplement).", "line": 61, "relation": "association"}
path(HP:Fever)	association	path(DO:"COVID-19")	{"annotations": {"Cohort_Median_Age": {"51 years": true}, "Custom_Disease": {"COVID-19": true}, "PublicationStatus": {"Preprint": true}, "PublicationType": {"Research": true}, "Section": {"Results": true}, "Species": {"9606": true}}, "citation": {"authors": ["Bai C", "Cai Y", "Chao Y", "Chen D", "Chen X", "Du C", "Huang H", "Jiang J", "Song J", "Song Y", "Wang S", "Wu C", "Xia J", "Xiong W", "Xu J", "Xu L", "Xu S", "Yang Z", "Zhang L", "Zhang Y", "Zheng J", "Zhou F", "Zhou X"], "date": "2020-03-13", "db": "PubMed", "db_id": "32167524", "db_name": "JAMA internal medicine", "first": "Wu C", "last": "Song Y"}, "evidence": "The majority (n = 154 [76.6%]) of patients had fever with cough; 74 (36.8%) had feverwith dyspnea; 66 (32.8%) had feverwith fatigue, myalgia, or headache; and only 13 (6.5%) presentedwith fever alone (eTable 1 in the Supplement).", "line": 58, "relation": "association"}
path(HP:Headache)	association	path(DO:"COVID-19")	{"annotations": {"Cohort_Median_Age": {"51 years": true}, "Custom_Disease": {"COVID-19": true}, "PublicationStatus": {"Preprint": true}, "PublicationType": {"Research": true}, "Section": {"Results": true}, "Species": {"9606": true}}, "citation": {"authors": ["Bai C", "Cai Y", "Chao Y", "Chen D", "Chen X", "Du C", "Huang H", "Jiang J", "Song J", "Song Y", "Wang S", "Wu C", "Xia J", "Xiong W", "Xu J", "Xu L", "Xu S", "Yang Z", "Zhang L", "Zhang Y", "Zheng J", "Zhou F", "Zhou X"], "date": "2020-03-13", "db": "PubMed", "db_id": "32167524", "db_name": "JAMA internal medicine", "first": "Wu C", "last": "Song Y"}, "evidence": "The majority (n = 154 [76.6%]) of patients had fever with cough; 74 (36.8%) had feverwith dyspnea; 66 (32.8%) had feverwith fatigue, myalgia, or headache; and only 13 (6.5%) presentedwith fever alone (eTable 1 in the Supplement).", "line": 63, "relation": "association"}
path(HP:Leukocytosis)	association	path(DO:"COVID-19")	{"annotations": {"Cohort_Median_Age": {"51 years": true}, "Custom_Disease": {"COVID-19": true}, "MeSHAnatomy": {"Blood": true}, "PublicationStatus": {"Preprint": true}, "PublicationType": {"Research": true}, "Section": {"Results": true}, "Species": {"9606": true}}, "citation": {"authors": ["Bai C", "Cai Y", "Chao Y", "Chen D", "Chen X", "Du C", "Huang H", "Jiang J", "Song J", "Song Y", "Wang S", "Wu C", "Xia J", "Xiong W", "Xu J", "Xu L", "Xu S", "Yang Z", "Zhang L", "Zhang Y", "Zheng J", "Zhou F", "Zhou X"], "date": "2020-03-13", "db": "PubMed", "db_id": "32167524", "db_name": "JAMA internal medicine", "first": "Wu C", "last": "Song Y"}, "evidence": "Approximately one-quarter (46 of 197 [23.4%]) of patients had leukocytosis.", "line": 87, "relation": "association"}
path(HP:Myalgia)	association	path(DO:"COVID-19")	{"annotations": {"Cohort_Median_Age": {"51 years": true}, "Custom_Disease": {"COVID-19": true}, "PublicationStatus": {"Preprint": true}, "PublicationType": {"Research": true}, "Section": {"Results": true}, "Species": {"9606": true}}, "citation": {"authors": ["Bai C", "Cai Y", "Chao Y", "Chen D", "Chen X", "Du C", "Huang H", "Jiang J", "Song J", "Song Y", "Wang S", "Wu C", "Xia J", "Xiong W", "Xu J", "Xu L", "Xu S", "Yang Z", "Zhang L", "Zhang Y", "Zheng J", "Zhou F", "Zhou X"], "date": "2020-03-13", "db": "PubMed", "db_id": "32167524", "db_name": "JAMA internal medicine", "first": "Wu C", "last": "Song Y"}, "evidence": "The majority (n = 154 [76.6%]) of patients had fever with cough; 74 (36.8%) had feverwith dyspnea; 66 (32.8%) had feverwith fatigue, myalgia, or headache; and only 13 (6.5%) presentedwith fever alone (eTable 1 in the Supplement).", "line": 62, "relation": "association"}
path(HP:Neoplasm)	association	path(DO:"COVID-19")	{"annotations": {"Cohort_Median_Age": {"51 years": true}, "Custom_Disease": {"COVID-19": true}, "PublicationStatus": {"Preprint": true}, "PublicationType": {"Research": true}, "Section": {"Results": true}, "Species": {"9606": true}}, "citation": {"authors": ["Bai C", "Cai Y", "Chao Y", "Chen D", "Chen X", "Du C", "Huang H", "Jiang J", "Song J", "Song Y", "Wang S", "Wu C", "Xia J", "Xiong W", "Xu J", "Xu L", "Xu S", "Yang Z", "Zhang L", "Zhang Y", "Zheng J", "Zhou F", "Zhou X"], "date": "2020-03-13", "db": "PubMed", "db_id": "32167524", "db_name": "JAMA internal medicine", "first": "Wu C", "last": "Song Y"}, "evidence": "Sixty-six (32.8%) patients had comorbidities, including hypertension (n = 39 [19.4%]), diabetes (n = 22 [10.9%]), liver disease (n = 7 [3.5%]), nervous system disease (n = 7 [3.5%]), chronic lung disease (n = 5 [2.5%]), chronic kidney disease (n = 2 [1.0%]), endocrine system diseases not including diabetes (n = 2 [1.0%]), and tumors (n = 1 [0.5%]).", "line": 74, "relation": "association"}
path(HP:Neutrophilia)	association	path(DO:"COVID-19")	{"annotations": {"Cohort_Median_Age": {"51 years": true}, "Custom_Disease": {"COVID-19": true}, "MeSHAnatomy": {"Blood": true}, "PublicationStatus": {"Preprint": true}, "PublicationType": {"Research": true}, "Section": {"Results": true}, "Species": {"9606": true}}, "citation": {"authors": ["Bai C", "Cai Y", "Chao Y", "Chen D", "Chen X", "Du C", "Huang H", "Jiang J", "Song J", "Song Y", "Wang S", "Wu C", "Xia J", "Xiong W", "Xu J", "Xu L", "Xu S", "Yang Z", "Zhang L", "Zhang Y", "Zheng J", "Zhou F", "Zhou X"], "date": "2020-03-13", "db": "PubMed", "db_id": "32167524", "db_name": "JAMA internal medicine", "first": "Wu C", "last": "Song Y"}, "evidence": "About one-third (68of 197[34.5%]) of patients had neutrophilia.", "line": 84, "relation": "association"}
path(MESH:Death)	association	p(HGNC:IL6)	{"annotations": {"Cohort_Median_Age": {"51 years": true}, "Custom_Disease": {"COVID-19": true}, "PublicationStatus": {"Preprint": true}, "PublicationType": {"Research": true}, "Section": {"Results": true}, "Species": {"9606": true}}, "citation": {"authors": ["Bai C", "Cai Y", "Chao Y", "Chen D", "Chen X", "Du C", "Huang H", "Jiang J", "Song J", "Song Y", "Wang S", "Wu C", "Xia J", "Xiong W", "Xu J", "Xu L", "Xu S", "Yang Z", "Zhang L", "Zhang Y", "Zheng J", "Zhou F", "Zhou X"], "date": "2020-03-13", "db": "PubMed", "db_id": "32167524", "db_name": "JAMA internal medicine", "first": "Wu C", "last": "Song Y"}, "evidence": "However, IL-6 was statistically significantly associated with death (Table 4).", "line": 145, "relation": "association"}
path(MESH:Death)	negativeCorrelation	a(CHEBI:"6-methylprednisolone")	{"annotations": {"Cohort_Median_Age": {"51 years": true}, "Custom_Disease": {"COVID-19": true}, "Disease": {"adult respiratory distress syndrome": true}, "PublicationStatus": {"Preprint": true}, "PublicationType": {"Research": true}, "Section": {"Results": true}, "Species": {"9606": true}}, "citation": {"authors": ["Bai C", "Cai Y", "Chao Y", "Chen D", "Chen X", "Du C", "Huang H", "Jiang J", "Song J", "Song Y", "Wang S", "Wu C", "Xia J", "Xiong W", "Xu J", "Xu L", "Xu S", "Yang Z", "Zhang L", "Zhang Y", "Zheng J", "Zhou F", "Zhou X"], "date": "2020-03-13", "db": "PubMed", "db_id": "32167524", "db_name": "JAMA internal medicine", "first": "Wu C", "last": "Song Y"}, "evidence": "The administration of methylprednisolone appears to have reduced the risk of death in patients with ARDS (HR, 0.38; 95% CI, 0.20-0.72; P = .003) (Figure).", "line": 149, "relation": "negativeCorrelation"}
