a(TAX:"Severe acute respiratory syndrome coronavirus 2")	partOf	complex(a(TAX:"Severe acute respiratory syndrome coronavirus 2"), p(HGNC:ACE2))	{"relation": "partOf"}
bp(GO:"viral entry into host cell")	increases	path(MESH:Virulence)	{"annotations": {"Anatomy": {"respiratory tract": true}, "Custom_Disease": {"COVID-19": true}, "PublicationStatus": {"Published": true}, "PublicationType": {"Research": true}, "Section": {"Results": true}, "Species": {"9606": true}}, "citation": {"authors": ["Chen K", "Han P", "Han Z", "Hao J", "Zou J", "Zou X"], "date": "2020-03-12", "db": "PubMed", "db_id": "32170560", "db_name": "Frontiers of medicine", "first": "Zou X", "last": "Han Z"}, "evidence": "Interestingly, the respiratory epithelial cells from the respiratory track sample contained approximately 2% ACE2 positive cells, and the respiratory track is thus regarded as high risk (Fig. 1).", "line": 86, "relation": "increases"}
bp(GO:"viral entry into host cell")	increases	path(MESH:Virulence)	{"annotations": {"Anatomy": {"heart": true, "myocardium": true}, "Custom_Disease": {"COVID-19": true}, "PublicationStatus": {"Published": true}, "PublicationType": {"Research": true}, "Section": {"Results": true}, "Species": {"9606": true}}, "citation": {"authors": ["Chen K", "Han P", "Han Z", "Hao J", "Zou J", "Zou X"], "date": "2020-03-12", "db": "PubMed", "db_id": "32170560", "db_name": "Frontiers of medicine", "first": "Zou X", "last": "Han Z"}, "evidence": "The scRNA-seq data from human heart showed that more than 7.5% myocardial cells have positive ACE2 expression (Fig. 2), thereby implying that heart could be in high risk of 2019-nCoV infection, especially in the presence of the virus in blood or viremia.", "line": 97, "relation": "increases"}
bp(GO:"viral entry into host cell")	increases	path(MESH:Virulence)	{"annotations": {"Anatomy": {"ilium": true}, "Custom_Disease": {"COVID-19": true}, "PublicationStatus": {"Published": true}, "PublicationType": {"Research": true}, "Section": {"Results": true}, "Species": {"9606": true}}, "citation": {"authors": ["Chen K", "Han P", "Han Z", "Hao J", "Zou J", "Zou X"], "date": "2020-03-12", "db": "PubMed", "db_id": "32170560", "db_name": "Frontiers of medicine", "first": "Zou X", "last": "Han Z"}, "evidence": "Interestingly, extremely high ACE2 expression was found in ileal epithelial cells (~30% ACE2-positive cells, Fig. 3); thus, ileum could be at high risk.", "line": 107, "relation": "increases"}
bp(GO:"viral entry into host cell")	increases	path(MESH:Virulence)	{"annotations": {"Custom_Disease": {"COVID-19": true}, "MeSHAnatomy": {"Esophagus": true}, "PublicationStatus": {"Published": true}, "PublicationType": {"Research": true}, "Section": {"Results": true}, "Species": {"9606": true}}, "citation": {"authors": ["Chen K", "Han P", "Han Z", "Hao J", "Zou J", "Zou X"], "date": "2020-03-12", "db": "PubMed", "db_id": "32170560", "db_name": "Frontiers of medicine", "first": "Zou X", "last": "Han Z"}, "evidence": "More than 1% ACE2 positive esophagus epithelial cells were found, and esophagus can thus be regarded as high risk (Fig. 4).", "line": 116, "relation": "increases"}
bp(GO:"viral entry into host cell")	increases	path(MESH:Virulence)	{"annotations": {"Anatomy": {"bladder organ": true}, "Custom_Disease": {"COVID-19": true}, "MeSHAnatomy": {"Kidney Tubules, Proximal": true}, "PublicationStatus": {"Published": true}, "PublicationType": {"Research": true}, "Section": {"Results": true}, "Species": {"9606": true}}, "citation": {"authors": ["Chen K", "Han P", "Han Z", "Hao J", "Zou J", "Zou X"], "date": "2020-03-12", "db": "PubMed", "db_id": "32170560", "db_name": "Frontiers of medicine", "first": "Zou X", "last": "Han Z"}, "evidence": "Significantly high ACE2 expression was found in kidney proximal tubule (PT) cells with the proportion of ACE2-positive cells at approximately 4% (Fig. 5). Furthermore, the proportion of ACE2-positive cells in the bladder urothelial cells was 2.4% (Fig. 6).Therefore, kidney and bladder were considered high risk, especially in viremia.", "line": 129, "relation": "increases"}
bp(GO:"viral entry into host cell")	increases	path(EFO:pathogenicity)	{"annotations": {"Anatomy": {"respiratory tract": true}, "Custom_Disease": {"COVID-19": true}, "PublicationStatus": {"Published": true}, "PublicationType": {"Research": true}, "Section": {"Results": true}, "Species": {"9606": true}}, "citation": {"authors": ["Chen K", "Han P", "Han Z", "Hao J", "Zou J", "Zou X"], "date": "2020-03-12", "db": "PubMed", "db_id": "32170560", "db_name": "Frontiers of medicine", "first": "Zou X", "last": "Han Z"}, "evidence": "Interestingly, the respiratory epithelial cells from the respiratory track sample contained approximately 2% ACE2 positive cells, and the respiratory track is thus regarded as high risk (Fig. 1).", "line": 87, "relation": "increases"}
bp(GO:"viral entry into host cell")	increases	path(EFO:pathogenicity)	{"annotations": {"Anatomy": {"heart": true, "myocardium": true}, "Custom_Disease": {"COVID-19": true}, "PublicationStatus": {"Published": true}, "PublicationType": {"Research": true}, "Section": {"Results": true}, "Species": {"9606": true}}, "citation": {"authors": ["Chen K", "Han P", "Han Z", "Hao J", "Zou J", "Zou X"], "date": "2020-03-12", "db": "PubMed", "db_id": "32170560", "db_name": "Frontiers of medicine", "first": "Zou X", "last": "Han Z"}, "evidence": "The scRNA-seq data from human heart showed that more than 7.5% myocardial cells have positive ACE2 expression (Fig. 2), thereby implying that heart could be in high risk of 2019-nCoV infection, especially in the presence of the virus in blood or viremia.", "line": 98, "relation": "increases"}
bp(GO:"viral entry into host cell")	increases	path(EFO:pathogenicity)	{"annotations": {"Anatomy": {"ilium": true}, "Custom_Disease": {"COVID-19": true}, "PublicationStatus": {"Published": true}, "PublicationType": {"Research": true}, "Section": {"Results": true}, "Species": {"9606": true}}, "citation": {"authors": ["Chen K", "Han P", "Han Z", "Hao J", "Zou J", "Zou X"], "date": "2020-03-12", "db": "PubMed", "db_id": "32170560", "db_name": "Frontiers of medicine", "first": "Zou X", "last": "Han Z"}, "evidence": "Interestingly, extremely high ACE2 expression was found in ileal epithelial cells (~30% ACE2-positive cells, Fig. 3); thus, ileum could be at high risk.", "line": 108, "relation": "increases"}
bp(GO:"viral entry into host cell")	increases	path(EFO:pathogenicity)	{"annotations": {"Custom_Disease": {"COVID-19": true}, "MeSHAnatomy": {"Esophagus": true}, "PublicationStatus": {"Published": true}, "PublicationType": {"Research": true}, "Section": {"Results": true}, "Species": {"9606": true}}, "citation": {"authors": ["Chen K", "Han P", "Han Z", "Hao J", "Zou J", "Zou X"], "date": "2020-03-12", "db": "PubMed", "db_id": "32170560", "db_name": "Frontiers of medicine", "first": "Zou X", "last": "Han Z"}, "evidence": "More than 1% ACE2 positive esophagus epithelial cells were found, and esophagus can thus be regarded as high risk (Fig. 4).", "line": 117, "relation": "increases"}
bp(GO:"viral entry into host cell")	increases	path(EFO:pathogenicity)	{"annotations": {"Anatomy": {"bladder organ": true}, "Custom_Disease": {"COVID-19": true}, "MeSHAnatomy": {"Kidney Tubules, Proximal": true}, "PublicationStatus": {"Published": true}, "PublicationType": {"Research": true}, "Section": {"Results": true}, "Species": {"9606": true}}, "citation": {"authors": ["Chen K", "Han P", "Han Z", "Hao J", "Zou J", "Zou X"], "date": "2020-03-12", "db": "PubMed", "db_id": "32170560", "db_name": "Frontiers of medicine", "first": "Zou X", "last": "Han Z"}, "evidence": "Significantly high ACE2 expression was found in kidney proximal tubule (PT) cells with the proportion of ACE2-positive cells at approximately 4% (Fig. 5). Furthermore, the proportion of ACE2-positive cells in the bladder urothelial cells was 2.4% (Fig. 6).Therefore, kidney and bladder were considered high risk, especially in viremia.", "line": 130, "relation": "increases"}
complex(a(TAX:"Severe acute respiratory syndrome coronavirus 2"), p(HGNC:ACE2))	increases	bp(GO:"viral entry into host cell")	{"annotations": {"Anatomy": {"respiratory tract": true}, "Custom_Disease": {"COVID-19": true}, "PublicationStatus": {"Published": true}, "PublicationType": {"Research": true}, "Section": {"Results": true}, "Species": {"9606": true}}, "citation": {"authors": ["Chen K", "Han P", "Han Z", "Hao J", "Zou J", "Zou X"], "date": "2020-03-12", "db": "PubMed", "db_id": "32170560", "db_name": "Frontiers of medicine", "first": "Zou X", "last": "Han Z"}, "evidence": "Interestingly, the respiratory epithelial cells from the respiratory track sample contained approximately 2% ACE2 positive cells, and the respiratory track is thus regarded as high risk (Fig. 1).", "line": 85, "relation": "increases"}
complex(a(TAX:"Severe acute respiratory syndrome coronavirus 2"), p(HGNC:ACE2))	increases	bp(GO:"viral entry into host cell")	{"annotations": {"Anatomy": {"heart": true, "myocardium": true}, "Custom_Disease": {"COVID-19": true}, "PublicationStatus": {"Published": true}, "PublicationType": {"Research": true}, "Section": {"Results": true}, "Species": {"9606": true}}, "citation": {"authors": ["Chen K", "Han P", "Han Z", "Hao J", "Zou J", "Zou X"], "date": "2020-03-12", "db": "PubMed", "db_id": "32170560", "db_name": "Frontiers of medicine", "first": "Zou X", "last": "Han Z"}, "evidence": "The scRNA-seq data from human heart showed that more than 7.5% myocardial cells have positive ACE2 expression (Fig. 2), thereby implying that heart could be in high risk of 2019-nCoV infection, especially in the presence of the virus in blood or viremia.", "line": 96, "relation": "increases"}
complex(a(TAX:"Severe acute respiratory syndrome coronavirus 2"), p(HGNC:ACE2))	increases	bp(GO:"viral entry into host cell")	{"annotations": {"Anatomy": {"ilium": true}, "Custom_Disease": {"COVID-19": true}, "PublicationStatus": {"Published": true}, "PublicationType": {"Research": true}, "Section": {"Results": true}, "Species": {"9606": true}}, "citation": {"authors": ["Chen K", "Han P", "Han Z", "Hao J", "Zou J", "Zou X"], "date": "2020-03-12", "db": "PubMed", "db_id": "32170560", "db_name": "Frontiers of medicine", "first": "Zou X", "last": "Han Z"}, "evidence": "Interestingly, extremely high ACE2 expression was found in ileal epithelial cells (~30% ACE2-positive cells, Fig. 3); thus, ileum could be at high risk.", "line": 106, "relation": "increases"}
complex(a(TAX:"Severe acute respiratory syndrome coronavirus 2"), p(HGNC:ACE2))	increases	bp(GO:"viral entry into host cell")	{"annotations": {"Custom_Disease": {"COVID-19": true}, "MeSHAnatomy": {"Esophagus": true}, "PublicationStatus": {"Published": true}, "PublicationType": {"Research": true}, "Section": {"Results": true}, "Species": {"9606": true}}, "citation": {"authors": ["Chen K", "Han P", "Han Z", "Hao J", "Zou J", "Zou X"], "date": "2020-03-12", "db": "PubMed", "db_id": "32170560", "db_name": "Frontiers of medicine", "first": "Zou X", "last": "Han Z"}, "evidence": "More than 1% ACE2 positive esophagus epithelial cells were found, and esophagus can thus be regarded as high risk (Fig. 4).", "line": 115, "relation": "increases"}
complex(a(TAX:"Severe acute respiratory syndrome coronavirus 2"), p(HGNC:ACE2))	increases	bp(GO:"viral entry into host cell")	{"annotations": {"Anatomy": {"bladder organ": true}, "Custom_Disease": {"COVID-19": true}, "MeSHAnatomy": {"Kidney Tubules, Proximal": true}, "PublicationStatus": {"Published": true}, "PublicationType": {"Research": true}, "Section": {"Results": true}, "Species": {"9606": true}}, "citation": {"authors": ["Chen K", "Han P", "Han Z", "Hao J", "Zou J", "Zou X"], "date": "2020-03-12", "db": "PubMed", "db_id": "32170560", "db_name": "Frontiers of medicine", "first": "Zou X", "last": "Han Z"}, "evidence": "Significantly high ACE2 expression was found in kidney proximal tubule (PT) cells with the proportion of ACE2-positive cells at approximately 4% (Fig. 5). Furthermore, the proportion of ACE2-positive cells in the bladder urothelial cells was 2.4% (Fig. 6).Therefore, kidney and bladder were considered high risk, especially in viremia.", "line": 128, "relation": "increases"}
p(HGNC:ACE2)	partOf	complex(a(TAX:"Severe acute respiratory syndrome coronavirus 2"), p(HGNC:ACE2))	{"relation": "partOf"}
