a(CHEBI:"6alpha-methylprednisolone")	decreases	path(DO:"COVID-19")	{"annotations": {"Custom_Disease": {"COVID-19": true}, "Dose": {"40-80 mg per day": true}, "PublicationStatus": {"Published": true}, "PublicationType": {"Review": true}, "Section": {"Full Text": true}, "Severity": {"Severe": true}, "Species": {"9606": true}, "Timeline": {"5 days": true}}, "citation": {"authors": ["Li T"], "date": "2020-01-01", "db": "PubMed", "db_id": "32172669", "db_name": "Emerging microbes &amp; infections", "first": "Li T", "last": "Li T", "pages": "582-585", "volume": "9"}, "evidence": "Severe patients could receive glucocorticoid at early stage, e.g. intravenous methylprednisolone 40\u201380 mg, once daily for 5 days, and the course of treatment can be prolonged according to the clinical condition and radiological manifestations.", "line": 120, "relation": "decreases"}
a(CHEBI:"fluoroquinolone antibiotic")	decreases	path(DO:pneumonia)	{"annotations": {"Custom_Disease": {"COVID-19": true}, "PublicationStatus": {"Published": true}, "PublicationType": {"Review": true}, "Section": {"Full Text": true}, "Species": {"9606": true}}, "citation": {"authors": ["Li T"], "date": "2020-01-01", "db": "PubMed", "db_id": "32172669", "db_name": "Emerging microbes &amp; infections", "first": "Li T", "last": "Li T", "pages": "582-585", "volume": "9"}, "evidence": "If bacterial infection is suspected according to the patient\u2019s clinical and imaging findings, patients of mild type can take oral antibiotics for community-acquired pneumonia, such as second- generation cephalosporins or fluoroquinolones.", "line": 142, "relation": "decreases"}
a(CHEBI:cephalosporin)	decreases	path(DO:pneumonia)	{"annotations": {"Custom_Disease": {"COVID-19": true}, "PublicationStatus": {"Published": true}, "PublicationType": {"Review": true}, "Section": {"Full Text": true}, "Species": {"9606": true}}, "citation": {"authors": ["Li T"], "date": "2020-01-01", "db": "PubMed", "db_id": "32172669", "db_name": "Emerging microbes &amp; infections", "first": "Li T", "last": "Li T", "pages": "582-585", "volume": "9"}, "evidence": "If bacterial infection is suspected according to the patient\u2019s clinical and imaging findings, patients of mild type can take oral antibiotics for community-acquired pneumonia, such as second- generation cephalosporins or fluoroquinolones.", "line": 141, "relation": "decreases"}
a(CHEBI:lopinavir)	decreases	path(DO:"COVID-19")	{"annotations": {"Custom_Disease": {"COVID-19": true}, "Dose": {"2 tablets twice per day": true}, "PublicationStatus": {"Published": true}, "PublicationType": {"Review": true}, "Section": {"Full Text": true}, "Species": {"9606": true}, "Timeline": {"14 days": true}}, "citation": {"authors": ["Li T"], "date": "2020-01-01", "db": "PubMed", "db_id": "32172669", "db_name": "Emerging microbes &amp; infections", "first": "Li T", "last": "Li T", "pages": "582-585", "volume": "9"}, "evidence": "Lopinavir/ritonavir can be used when appropriate, 2 tablets, twice daily for 14 days.", "line": 107, "relation": "decreases"}
a(CHEBI:ritonavir)	decreases	path(DO:"COVID-19")	{"annotations": {"Custom_Disease": {"COVID-19": true}, "Dose": {"2 tablets twice per day": true}, "PublicationStatus": {"Published": true}, "PublicationType": {"Review": true}, "Section": {"Full Text": true}, "Species": {"9606": true}, "Timeline": {"14 days": true}}, "citation": {"authors": ["Li T"], "date": "2020-01-01", "db": "PubMed", "db_id": "32172669", "db_name": "Emerging microbes &amp; infections", "first": "Li T", "last": "Li T", "pages": "582-585", "volume": "9"}, "evidence": "Lopinavir/ritonavir can be used when appropriate, 2 tablets, twice daily for 14 days.", "line": 108, "relation": "decreases"}
a(MESH:"Extracorporeal Membrane Oxygenation")	decreases	path(DO:"adult respiratory distress syndrome")	{"annotations": {"Custom_Disease": {"COVID-19": true}, "PublicationStatus": {"Published": true}, "PublicationType": {"Review": true}, "Section": {"Full Text": true}, "Species": {"9606": true}}, "citation": {"authors": ["Li T"], "date": "2020-01-01", "db": "PubMed", "db_id": "32172669", "db_name": "Emerging microbes &amp; infections", "first": "Li T", "last": "Li T", "pages": "582-585", "volume": "9"}, "evidence": "For those patients with most severe ARDS, extracorporeal membrane oxygenation or prone position is recommended.", "line": 99, "relation": "decreases"}
a(MESH:"Immunoglobulins, Intravenous")	decreases	path(DO:"COVID-19")	{"annotations": {"Custom_Disease": {"COVID-19": true}, "Dose": {"0.25-0.5 g/kg per day": true}, "PublicationStatus": {"Published": true}, "PublicationType": {"Review": true}, "Section": {"Full Text": true}, "Species": {"9606": true}, "Timeline": {"3-5 days": true}}, "citation": {"authors": ["Li T"], "date": "2020-01-01", "db": "PubMed", "db_id": "32172669", "db_name": "Emerging microbes &amp; infections", "first": "Li T", "last": "Li T", "pages": "582-585", "volume": "9"}, "evidence": "Early intravenous infusion of human immunoglobulin is recommended for critically ill patients, based on their clinical condition, at 0.25\u20130.5 g/(kg\u00b7d), for 3\u20135 days [6\u20137].", "line": 131, "relation": "decreases"}
a(MESH:"Oxygen Inhalation Therapy")	decreases	path(HP:Hypoxemia)	{"annotations": {"Custom_Disease": {"COVID-19": true}, "PublicationStatus": {"Published": true}, "PublicationType": {"Review": true}, "Section": {"Full Text": true}, "Species": {"9606": true}}, "citation": {"authors": ["Li T"], "date": "2020-01-01", "db": "PubMed", "db_id": "32172669", "db_name": "Emerging microbes &amp; infections", "first": "Li T", "last": "Li T", "pages": "582-585", "volume": "9"}, "evidence": "Patients with hypoxemia should be given oxygen therapy immediately and maintain a blood oxygen saturation level to no less than 90% in man and non-pregnant women, and between 92% and 95% in pregnant women.", "line": 93, "relation": "decreases"}
a(MESH:"RNA, Viral")	association	a(TAX:"Severe acute respiratory syndrome coronavirus 2")	{"annotations": {"BioAssay": {"quantitative reverse transcription PCR": true}, "Custom_Disease": {"COVID-19": true}, "MeSHAnatomy": {"Sputum": true}, "PublicationStatus": {"Published": true}, "PublicationType": {"Review": true}, "Sample": {"Pharynx swab": true}, "Section": {"Full Text": true}, "Species": {"9606": true}}, "citation": {"authors": ["Li T"], "date": "2020-01-01", "db": "PubMed", "db_id": "32172669", "db_name": "Emerging microbes &amp; infections", "first": "Li T", "last": "Li T", "pages": "582-585", "volume": "9"}, "evidence": "SARS-CoV-2 nucleic acid positive in samples of sputum, pharynx swabs, and secretions of lower respiratory tract tested by real-time reverse- transcriptase\u2013polymerase-chain reaction (rRT-PCR) assay.", "line": 83, "relation": "association"}
a(TAX:"Severe acute respiratory syndrome coronavirus 2")	association	a(MESH:"RNA, Viral")	{"annotations": {"BioAssay": {"quantitative reverse transcription PCR": true}, "Custom_Disease": {"COVID-19": true}, "MeSHAnatomy": {"Sputum": true}, "PublicationStatus": {"Published": true}, "PublicationType": {"Review": true}, "Sample": {"Pharynx swab": true}, "Section": {"Full Text": true}, "Species": {"9606": true}}, "citation": {"authors": ["Li T"], "date": "2020-01-01", "db": "PubMed", "db_id": "32172669", "db_name": "Emerging microbes &amp; infections", "first": "Li T", "last": "Li T", "pages": "582-585", "volume": "9"}, "evidence": "SARS-CoV-2 nucleic acid positive in samples of sputum, pharynx swabs, and secretions of lower respiratory tract tested by real-time reverse- transcriptase\u2013polymerase-chain reaction (rRT-PCR) assay.", "line": 83, "relation": "association"}
bp(GO:"inflammatory response")	positiveCorrelation	path(DO:"COVID-19")	{"annotations": {"Custom_Disease": {"COVID-19": true}, "MeSHAnatomy": {"Lung": true}, "PublicationStatus": {"Published": true}, "PublicationType": {"Review": true}, "Section": {"Full Text": true}, "Species": {"9606": true}}, "citation": {"authors": ["Li T"], "date": "2020-01-01", "db": "PubMed", "db_id": "32172669", "db_name": "Emerging microbes &amp; infections", "first": "Li T", "last": "Li T", "pages": "582-585", "volume": "9"}, "evidence": "The clinical features include fever, dry cough, shortness of breath, normal or low levels of peripheral white blood cells, and inflammatory changes on chest X-ray.", "line": 62, "relation": "positiveCorrelation"}
bp(MESH:"Prone Position")	decreases	path(DO:"adult respiratory distress syndrome")	{"annotations": {"Custom_Disease": {"COVID-19": true}, "PublicationStatus": {"Published": true}, "PublicationType": {"Review": true}, "Section": {"Full Text": true}, "Species": {"9606": true}}, "citation": {"authors": ["Li T"], "date": "2020-01-01", "db": "PubMed", "db_id": "32172669", "db_name": "Emerging microbes &amp; infections", "first": "Li T", "last": "Li T", "pages": "582-585", "volume": "9"}, "evidence": "For those patients with most severe ARDS, extracorporeal membrane oxygenation or prone position is recommended.", "line": 100, "relation": "decreases"}
path(DO:"COVID-19")	positiveCorrelation	path(MESH:Fever)	{"annotations": {"Custom_Disease": {"COVID-19": true}, "PublicationStatus": {"Published": true}, "PublicationType": {"Review": true}, "Section": {"Full Text": true}, "Species": {"9606": true}}, "citation": {"authors": ["Li T"], "date": "2020-01-01", "db": "PubMed", "db_id": "32172669", "db_name": "Emerging microbes &amp; infections", "first": "Li T", "last": "Li T", "pages": "582-585", "volume": "9"}, "evidence": "The clinical features include fever, dry cough, shortness of breath, normal or low levels of peripheral white blood cells, and inflammatory changes on chest X-ray.", "line": 56, "relation": "positiveCorrelation"}
path(DO:"COVID-19")	positiveCorrelation	path(MESH:Cough)	{"annotations": {"Custom_Disease": {"COVID-19": true}, "PublicationStatus": {"Published": true}, "PublicationType": {"Review": true}, "Section": {"Full Text": true}, "Species": {"9606": true}}, "citation": {"authors": ["Li T"], "date": "2020-01-01", "db": "PubMed", "db_id": "32172669", "db_name": "Emerging microbes &amp; infections", "first": "Li T", "last": "Li T", "pages": "582-585", "volume": "9"}, "evidence": "The clinical features include fever, dry cough, shortness of breath, normal or low levels of peripheral white blood cells, and inflammatory changes on chest X-ray.", "line": 57, "relation": "positiveCorrelation"}
path(DO:"COVID-19")	positiveCorrelation	path(MESH:Dyspnea)	{"annotations": {"Custom_Disease": {"COVID-19": true}, "PublicationStatus": {"Published": true}, "PublicationType": {"Review": true}, "Section": {"Full Text": true}, "Species": {"9606": true}}, "citation": {"authors": ["Li T"], "date": "2020-01-01", "db": "PubMed", "db_id": "32172669", "db_name": "Emerging microbes &amp; infections", "first": "Li T", "last": "Li T", "pages": "582-585", "volume": "9"}, "evidence": "The clinical features include fever, dry cough, shortness of breath, normal or low levels of peripheral white blood cells, and inflammatory changes on chest X-ray.", "line": 58, "relation": "positiveCorrelation"}
path(DO:"COVID-19")	positiveCorrelation	path(DO:lymphopenia)	{"annotations": {"Custom_Disease": {"COVID-19": true}, "PublicationStatus": {"Published": true}, "PublicationType": {"Review": true}, "Section": {"Full Text": true}, "Species": {"9606": true}}, "citation": {"authors": ["Li T"], "date": "2020-01-01", "db": "PubMed", "db_id": "32172669", "db_name": "Emerging microbes &amp; infections", "first": "Li T", "last": "Li T", "pages": "582-585", "volume": "9"}, "evidence": "The clinical features include fever, dry cough, shortness of breath, normal or low levels of peripheral white blood cells, and inflammatory changes on chest X-ray.", "line": 59, "relation": "positiveCorrelation"}
path(DO:"COVID-19")	positiveCorrelation	bp(GO:"inflammatory response")	{"annotations": {"Custom_Disease": {"COVID-19": true}, "MeSHAnatomy": {"Lung": true}, "PublicationStatus": {"Published": true}, "PublicationType": {"Review": true}, "Section": {"Full Text": true}, "Species": {"9606": true}}, "citation": {"authors": ["Li T"], "date": "2020-01-01", "db": "PubMed", "db_id": "32172669", "db_name": "Emerging microbes &amp; infections", "first": "Li T", "last": "Li T", "pages": "582-585", "volume": "9"}, "evidence": "The clinical features include fever, dry cough, shortness of breath, normal or low levels of peripheral white blood cells, and inflammatory changes on chest X-ray.", "line": 62, "relation": "positiveCorrelation"}
path(DO:"COVID-19")	positiveCorrelation	path(HP:"Ground-glass opacification on pulmonary HRCT")	{"annotations": {"Custom_Disease": {"COVID-19": true}, "PublicationStatus": {"Published": true}, "PublicationType": {"Review": true}, "Section": {"Full Text": true}, "Species": {"9606": true}, "Technique": {"computed tomography": true}}, "citation": {"authors": ["Li T"], "date": "2020-01-01", "db": "PubMed", "db_id": "32172669", "db_name": "Emerging microbes &amp; infections", "first": "Li T", "last": "Li T", "pages": "582-585", "volume": "9"}, "evidence": "Chest radiology at early stage is characteristic of multiple small patchy shadows and interstitial changes, more prominent in the extrapulmonary bands. Multiple ground-glass opacities and infiltrations may develop bilaterally with disease progression, with possible consolidation in severe cases.", "line": 72, "relation": "positiveCorrelation"}
path(DO:"COVID-19")	increases	a(MESH:"RNA, Viral")	{"annotations": {"BioAssay": {"quantitative reverse transcription PCR": true}, "Custom_Disease": {"COVID-19": true}, "MeSHAnatomy": {"Sputum": true}, "PublicationStatus": {"Published": true}, "PublicationType": {"Review": true}, "Sample": {"Pharynx swab": true}, "Section": {"Full Text": true}, "Species": {"9606": true}}, "citation": {"authors": ["Li T"], "date": "2020-01-01", "db": "PubMed", "db_id": "32172669", "db_name": "Emerging microbes &amp; infections", "first": "Li T", "last": "Li T", "pages": "582-585", "volume": "9"}, "evidence": "SARS-CoV-2 nucleic acid positive in samples of sputum, pharynx swabs, and secretions of lower respiratory tract tested by real-time reverse- transcriptase\u2013polymerase-chain reaction (rRT-PCR) assay.", "line": 82, "relation": "increases"}
path(DO:"COVID-19")	positiveCorrelation	path(HP:Hypoxemia)	{"annotations": {"Custom_Disease": {"COVID-19": true}, "PublicationStatus": {"Published": true}, "PublicationType": {"Review": true}, "Section": {"Full Text": true}, "Species": {"9606": true}}, "citation": {"authors": ["Li T"], "date": "2020-01-01", "db": "PubMed", "db_id": "32172669", "db_name": "Emerging microbes &amp; infections", "first": "Li T", "last": "Li T", "pages": "582-585", "volume": "9"}, "evidence": "Patients with hypoxemia should be given oxygen therapy immediately and maintain a blood oxygen saturation level to no less than 90% in man and non-pregnant women, and between 92% and 95% in pregnant women.", "line": 92, "relation": "positiveCorrelation"}
path(DO:"COVID-19")	positiveCorrelation	path(DO:"adult respiratory distress syndrome")	{"annotations": {"Custom_Disease": {"COVID-19": true}, "PublicationStatus": {"Published": true}, "PublicationType": {"Review": true}, "Section": {"Full Text": true}, "Species": {"9606": true}}, "citation": {"authors": ["Li T"], "date": "2020-01-01", "db": "PubMed", "db_id": "32172669", "db_name": "Emerging microbes &amp; infections", "first": "Li T", "last": "Li T", "pages": "582-585", "volume": "9"}, "evidence": "For those patients with most severe ARDS, extracorporeal membrane oxygenation or prone position is recommended.", "line": 98, "relation": "positiveCorrelation"}
path(DO:"COVID-19")	positiveCorrelation	path(DO:pneumonia)	{"annotations": {"Custom_Disease": {"COVID-19": true}, "PublicationStatus": {"Published": true}, "PublicationType": {"Review": true}, "Section": {"Full Text": true}, "Species": {"9606": true}}, "citation": {"authors": ["Li T"], "date": "2020-01-01", "db": "PubMed", "db_id": "32172669", "db_name": "Emerging microbes &amp; infections", "first": "Li T", "last": "Li T", "pages": "582-585", "volume": "9"}, "evidence": "If bacterial infection is suspected according to the patient\u2019s clinical and imaging findings, patients of mild type can take oral antibiotics for community-acquired pneumonia, such as second- generation cephalosporins or fluoroquinolones.", "line": 140, "relation": "positiveCorrelation"}
path(DO:"adult respiratory distress syndrome")	positiveCorrelation	path(DO:"COVID-19")	{"annotations": {"Custom_Disease": {"COVID-19": true}, "PublicationStatus": {"Published": true}, "PublicationType": {"Review": true}, "Section": {"Full Text": true}, "Species": {"9606": true}}, "citation": {"authors": ["Li T"], "date": "2020-01-01", "db": "PubMed", "db_id": "32172669", "db_name": "Emerging microbes &amp; infections", "first": "Li T", "last": "Li T", "pages": "582-585", "volume": "9"}, "evidence": "For those patients with most severe ARDS, extracorporeal membrane oxygenation or prone position is recommended.", "line": 98, "relation": "positiveCorrelation"}
path(DO:lymphopenia)	positiveCorrelation	path(DO:"COVID-19")	{"annotations": {"Custom_Disease": {"COVID-19": true}, "PublicationStatus": {"Published": true}, "PublicationType": {"Review": true}, "Section": {"Full Text": true}, "Species": {"9606": true}}, "citation": {"authors": ["Li T"], "date": "2020-01-01", "db": "PubMed", "db_id": "32172669", "db_name": "Emerging microbes &amp; infections", "first": "Li T", "last": "Li T", "pages": "582-585", "volume": "9"}, "evidence": "The clinical features include fever, dry cough, shortness of breath, normal or low levels of peripheral white blood cells, and inflammatory changes on chest X-ray.", "line": 59, "relation": "positiveCorrelation"}
path(DO:pneumonia)	positiveCorrelation	path(DO:"COVID-19")	{"annotations": {"Custom_Disease": {"COVID-19": true}, "PublicationStatus": {"Published": true}, "PublicationType": {"Review": true}, "Section": {"Full Text": true}, "Species": {"9606": true}}, "citation": {"authors": ["Li T"], "date": "2020-01-01", "db": "PubMed", "db_id": "32172669", "db_name": "Emerging microbes &amp; infections", "first": "Li T", "last": "Li T", "pages": "582-585", "volume": "9"}, "evidence": "If bacterial infection is suspected according to the patient\u2019s clinical and imaging findings, patients of mild type can take oral antibiotics for community-acquired pneumonia, such as second- generation cephalosporins or fluoroquinolones.", "line": 140, "relation": "positiveCorrelation"}
path(HP:"Ground-glass opacification on pulmonary HRCT")	positiveCorrelation	path(DO:"COVID-19")	{"annotations": {"Custom_Disease": {"COVID-19": true}, "PublicationStatus": {"Published": true}, "PublicationType": {"Review": true}, "Section": {"Full Text": true}, "Species": {"9606": true}, "Technique": {"computed tomography": true}}, "citation": {"authors": ["Li T"], "date": "2020-01-01", "db": "PubMed", "db_id": "32172669", "db_name": "Emerging microbes &amp; infections", "first": "Li T", "last": "Li T", "pages": "582-585", "volume": "9"}, "evidence": "Chest radiology at early stage is characteristic of multiple small patchy shadows and interstitial changes, more prominent in the extrapulmonary bands. Multiple ground-glass opacities and infiltrations may develop bilaterally with disease progression, with possible consolidation in severe cases.", "line": 72, "relation": "positiveCorrelation"}
path(HP:Hypoxemia)	positiveCorrelation	path(DO:"COVID-19")	{"annotations": {"Custom_Disease": {"COVID-19": true}, "PublicationStatus": {"Published": true}, "PublicationType": {"Review": true}, "Section": {"Full Text": true}, "Species": {"9606": true}}, "citation": {"authors": ["Li T"], "date": "2020-01-01", "db": "PubMed", "db_id": "32172669", "db_name": "Emerging microbes &amp; infections", "first": "Li T", "last": "Li T", "pages": "582-585", "volume": "9"}, "evidence": "Patients with hypoxemia should be given oxygen therapy immediately and maintain a blood oxygen saturation level to no less than 90% in man and non-pregnant women, and between 92% and 95% in pregnant women.", "line": 92, "relation": "positiveCorrelation"}
path(MESH:Cough)	positiveCorrelation	path(DO:"COVID-19")	{"annotations": {"Custom_Disease": {"COVID-19": true}, "PublicationStatus": {"Published": true}, "PublicationType": {"Review": true}, "Section": {"Full Text": true}, "Species": {"9606": true}}, "citation": {"authors": ["Li T"], "date": "2020-01-01", "db": "PubMed", "db_id": "32172669", "db_name": "Emerging microbes &amp; infections", "first": "Li T", "last": "Li T", "pages": "582-585", "volume": "9"}, "evidence": "The clinical features include fever, dry cough, shortness of breath, normal or low levels of peripheral white blood cells, and inflammatory changes on chest X-ray.", "line": 57, "relation": "positiveCorrelation"}
path(MESH:Dyspnea)	positiveCorrelation	path(DO:"COVID-19")	{"annotations": {"Custom_Disease": {"COVID-19": true}, "PublicationStatus": {"Published": true}, "PublicationType": {"Review": true}, "Section": {"Full Text": true}, "Species": {"9606": true}}, "citation": {"authors": ["Li T"], "date": "2020-01-01", "db": "PubMed", "db_id": "32172669", "db_name": "Emerging microbes &amp; infections", "first": "Li T", "last": "Li T", "pages": "582-585", "volume": "9"}, "evidence": "The clinical features include fever, dry cough, shortness of breath, normal or low levels of peripheral white blood cells, and inflammatory changes on chest X-ray.", "line": 58, "relation": "positiveCorrelation"}
path(MESH:Fever)	positiveCorrelation	path(DO:"COVID-19")	{"annotations": {"Custom_Disease": {"COVID-19": true}, "PublicationStatus": {"Published": true}, "PublicationType": {"Review": true}, "Section": {"Full Text": true}, "Species": {"9606": true}}, "citation": {"authors": ["Li T"], "date": "2020-01-01", "db": "PubMed", "db_id": "32172669", "db_name": "Emerging microbes &amp; infections", "first": "Li T", "last": "Li T", "pages": "582-585", "volume": "9"}, "evidence": "The clinical features include fever, dry cough, shortness of breath, normal or low levels of peripheral white blood cells, and inflammatory changes on chest X-ray.", "line": 56, "relation": "positiveCorrelation"}
