a(CHEBI:"sialic acid")	partOf	composite(a(CHEBI:"sialic acid"), a(MESH:Orthomyxoviridae))	{"relation": "partOf"}
a(CHEBI:"sialic acid")	association	bp(GO:"entry receptor-mediated virion attachment to host cell")	{"annotations": {"CellCulture": {"HCoV-O43": true}}, "citation": {"authors": ["Colson P", "Devaux CA", "Raoult D", "Rolain JM"], "date": "2020-03-12", "db": "PubMed", "db_id": "32171740", "db_name": "International journal of antimicrobial agents", "first": "Devaux CA", "last": "Raoult D", "pages": "105938"}, "evidence": "Chloroquine was shown to inhibit quinone reductase 2 [56], a structural neighbour of UDP-N-acetylglucosamine 2-epimerases [57] that are involved in the biosynthesis of sialic acids. The sialic acids are acidic monosaccharides found at the extremity of sugar chains present on cell transmembrane proteins and are critical components of ligand recognition. The possible interference of chloroquine with sialic acid biosynthesis could account for the broad antiviral spectrum of that drug since viruses such as the human coronavirus HCoV-O43 and the orthomyxoviruses use sialic acid moieties as receptors [58].", "line": 127, "relation": "association"}
act(a(CHEBI:chloroquine))	decreases	a(MESH:"Rabies virus")	{"citation": {"authors": ["Colson P", "Devaux CA", "Raoult D", "Rolain JM"], "date": "2020-03-12", "db": "PubMed", "db_id": "32171740", "db_name": "International journal of antimicrobial agents", "first": "Devaux CA", "last": "Raoult D", "pages": "105938"}, "evidence": "In vitro, chloroquine appears as a versatile bioactive agent reported to possess antiviral activity against RNA viruses as diverse as rabies virus [16], poliovirus [17], HIV [12,[18], [19], [20], hepatitis A virus [21,22], hepatitis C virus [23], influenza A and B viruses [24], [25], [26], [27], influenza A H5N1 virus [28], Chikungunya virus [29], [30], [31], Dengue virus [32,33], Zika virus [34], Lassa virus [35], Hendra and Nipah viruses [36,37], Crimean\u2013Congo hemorrhagic fever virus [38] and Ebola virus [39], as well as various DNA viruses such as hepatitis B virus [40] and herpes simplex virus [41].", "line": 96, "relation": "decreases", "subject": {"modifier": "Activity"}}
act(a(CHEBI:chloroquine))	decreases	a(MESH:Poliovirus)	{"citation": {"authors": ["Colson P", "Devaux CA", "Raoult D", "Rolain JM"], "date": "2020-03-12", "db": "PubMed", "db_id": "32171740", "db_name": "International journal of antimicrobial agents", "first": "Devaux CA", "last": "Raoult D", "pages": "105938"}, "evidence": "In vitro, chloroquine appears as a versatile bioactive agent reported to possess antiviral activity against RNA viruses as diverse as rabies virus [16], poliovirus [17], HIV [12,[18], [19], [20], hepatitis A virus [21,22], hepatitis C virus [23], influenza A and B viruses [24], [25], [26], [27], influenza A H5N1 virus [28], Chikungunya virus [29], [30], [31], Dengue virus [32,33], Zika virus [34], Lassa virus [35], Hendra and Nipah viruses [36,37], Crimean\u2013Congo hemorrhagic fever virus [38] and Ebola virus [39], as well as various DNA viruses such as hepatitis B virus [40] and herpes simplex virus [41].", "line": 97, "relation": "decreases", "subject": {"modifier": "Activity"}}
act(a(CHEBI:chloroquine))	decreases	a(MESH:HIV)	{"citation": {"authors": ["Colson P", "Devaux CA", "Raoult D", "Rolain JM"], "date": "2020-03-12", "db": "PubMed", "db_id": "32171740", "db_name": "International journal of antimicrobial agents", "first": "Devaux CA", "last": "Raoult D", "pages": "105938"}, "evidence": "In vitro, chloroquine appears as a versatile bioactive agent reported to possess antiviral activity against RNA viruses as diverse as rabies virus [16], poliovirus [17], HIV [12,[18], [19], [20], hepatitis A virus [21,22], hepatitis C virus [23], influenza A and B viruses [24], [25], [26], [27], influenza A H5N1 virus [28], Chikungunya virus [29], [30], [31], Dengue virus [32,33], Zika virus [34], Lassa virus [35], Hendra and Nipah viruses [36,37], Crimean\u2013Congo hemorrhagic fever virus [38] and Ebola virus [39], as well as various DNA viruses such as hepatitis B virus [40] and herpes simplex virus [41].", "line": 98, "relation": "decreases", "subject": {"modifier": "Activity"}}
act(a(CHEBI:chloroquine))	decreases	a(MESH:"Hepatitis A Virus, Human")	{"citation": {"authors": ["Colson P", "Devaux CA", "Raoult D", "Rolain JM"], "date": "2020-03-12", "db": "PubMed", "db_id": "32171740", "db_name": "International journal of antimicrobial agents", "first": "Devaux CA", "last": "Raoult D", "pages": "105938"}, "evidence": "In vitro, chloroquine appears as a versatile bioactive agent reported to possess antiviral activity against RNA viruses as diverse as rabies virus [16], poliovirus [17], HIV [12,[18], [19], [20], hepatitis A virus [21,22], hepatitis C virus [23], influenza A and B viruses [24], [25], [26], [27], influenza A H5N1 virus [28], Chikungunya virus [29], [30], [31], Dengue virus [32,33], Zika virus [34], Lassa virus [35], Hendra and Nipah viruses [36,37], Crimean\u2013Congo hemorrhagic fever virus [38] and Ebola virus [39], as well as various DNA viruses such as hepatitis B virus [40] and herpes simplex virus [41].", "line": 99, "relation": "decreases", "subject": {"modifier": "Activity"}}
act(a(CHEBI:chloroquine))	decreases	a(MESH:Hepacivirus)	{"citation": {"authors": ["Colson P", "Devaux CA", "Raoult D", "Rolain JM"], "date": "2020-03-12", "db": "PubMed", "db_id": "32171740", "db_name": "International journal of antimicrobial agents", "first": "Devaux CA", "last": "Raoult D", "pages": "105938"}, "evidence": "In vitro, chloroquine appears as a versatile bioactive agent reported to possess antiviral activity against RNA viruses as diverse as rabies virus [16], poliovirus [17], HIV [12,[18], [19], [20], hepatitis A virus [21,22], hepatitis C virus [23], influenza A and B viruses [24], [25], [26], [27], influenza A H5N1 virus [28], Chikungunya virus [29], [30], [31], Dengue virus [32,33], Zika virus [34], Lassa virus [35], Hendra and Nipah viruses [36,37], Crimean\u2013Congo hemorrhagic fever virus [38] and Ebola virus [39], as well as various DNA viruses such as hepatitis B virus [40] and herpes simplex virus [41].", "line": 100, "relation": "decreases", "subject": {"modifier": "Activity"}}
act(a(CHEBI:chloroquine))	decreases	path(MESH:"Influenza, Human")	{"citation": {"authors": ["Colson P", "Devaux CA", "Raoult D", "Rolain JM"], "date": "2020-03-12", "db": "PubMed", "db_id": "32171740", "db_name": "International journal of antimicrobial agents", "first": "Devaux CA", "last": "Raoult D", "pages": "105938"}, "evidence": "In vitro, chloroquine appears as a versatile bioactive agent reported to possess antiviral activity against RNA viruses as diverse as rabies virus [16], poliovirus [17], HIV [12,[18], [19], [20], hepatitis A virus [21,22], hepatitis C virus [23], influenza A and B viruses [24], [25], [26], [27], influenza A H5N1 virus [28], Chikungunya virus [29], [30], [31], Dengue virus [32,33], Zika virus [34], Lassa virus [35], Hendra and Nipah viruses [36,37], Crimean\u2013Congo hemorrhagic fever virus [38] and Ebola virus [39], as well as various DNA viruses such as hepatitis B virus [40] and herpes simplex virus [41].", "line": 101, "relation": "decreases", "subject": {"modifier": "Activity"}}
act(a(CHEBI:chloroquine))	decreases	a(MESH:"Influenza B virus")	{"citation": {"authors": ["Colson P", "Devaux CA", "Raoult D", "Rolain JM"], "date": "2020-03-12", "db": "PubMed", "db_id": "32171740", "db_name": "International journal of antimicrobial agents", "first": "Devaux CA", "last": "Raoult D", "pages": "105938"}, "evidence": "In vitro, chloroquine appears as a versatile bioactive agent reported to possess antiviral activity against RNA viruses as diverse as rabies virus [16], poliovirus [17], HIV [12,[18], [19], [20], hepatitis A virus [21,22], hepatitis C virus [23], influenza A and B viruses [24], [25], [26], [27], influenza A H5N1 virus [28], Chikungunya virus [29], [30], [31], Dengue virus [32,33], Zika virus [34], Lassa virus [35], Hendra and Nipah viruses [36,37], Crimean\u2013Congo hemorrhagic fever virus [38] and Ebola virus [39], as well as various DNA viruses such as hepatitis B virus [40] and herpes simplex virus [41].", "line": 102, "relation": "decreases", "subject": {"modifier": "Activity"}}
act(a(CHEBI:chloroquine))	decreases	a(MESH:"Influenza A Virus, H5N1 Subtype")	{"citation": {"authors": ["Colson P", "Devaux CA", "Raoult D", "Rolain JM"], "date": "2020-03-12", "db": "PubMed", "db_id": "32171740", "db_name": "International journal of antimicrobial agents", "first": "Devaux CA", "last": "Raoult D", "pages": "105938"}, "evidence": "In vitro, chloroquine appears as a versatile bioactive agent reported to possess antiviral activity against RNA viruses as diverse as rabies virus [16], poliovirus [17], HIV [12,[18], [19], [20], hepatitis A virus [21,22], hepatitis C virus [23], influenza A and B viruses [24], [25], [26], [27], influenza A H5N1 virus [28], Chikungunya virus [29], [30], [31], Dengue virus [32,33], Zika virus [34], Lassa virus [35], Hendra and Nipah viruses [36,37], Crimean\u2013Congo hemorrhagic fever virus [38] and Ebola virus [39], as well as various DNA viruses such as hepatitis B virus [40] and herpes simplex virus [41].", "line": 103, "relation": "decreases", "subject": {"modifier": "Activity"}}
act(a(CHEBI:chloroquine))	decreases	a(MESH:"Chikungunya virus")	{"citation": {"authors": ["Colson P", "Devaux CA", "Raoult D", "Rolain JM"], "date": "2020-03-12", "db": "PubMed", "db_id": "32171740", "db_name": "International journal of antimicrobial agents", "first": "Devaux CA", "last": "Raoult D", "pages": "105938"}, "evidence": "In vitro, chloroquine appears as a versatile bioactive agent reported to possess antiviral activity against RNA viruses as diverse as rabies virus [16], poliovirus [17], HIV [12,[18], [19], [20], hepatitis A virus [21,22], hepatitis C virus [23], influenza A and B viruses [24], [25], [26], [27], influenza A H5N1 virus [28], Chikungunya virus [29], [30], [31], Dengue virus [32,33], Zika virus [34], Lassa virus [35], Hendra and Nipah viruses [36,37], Crimean\u2013Congo hemorrhagic fever virus [38] and Ebola virus [39], as well as various DNA viruses such as hepatitis B virus [40] and herpes simplex virus [41].", "line": 104, "relation": "decreases", "subject": {"modifier": "Activity"}}
a(CHEBI:chloroquine)	decreases	a(MESH:"Chikungunya virus")	{"annotations": {"CellLine": {"Vero cell": true}, "MeSHAnatomy": {"Endosomes": true}}, "citation": {"authors": ["Colson P", "Devaux CA", "Raoult D", "Rolain JM"], "date": "2020-03-12", "db": "PubMed", "db_id": "32171740", "db_name": "International journal of antimicrobial agents", "first": "Devaux CA", "last": "Raoult D", "pages": "105938"}, "evidence": "Due to the alkalisation of endosomes, chloroquine was an effective in vitro treatment against Chikungunya virus when added to Vero cells prior to virus exposure [30].", "line": 148, "relation": "decreases"}
act(a(CHEBI:chloroquine))	decreases	a(MESH:"Dengue Virus")	{"citation": {"authors": ["Colson P", "Devaux CA", "Raoult D", "Rolain JM"], "date": "2020-03-12", "db": "PubMed", "db_id": "32171740", "db_name": "International journal of antimicrobial agents", "first": "Devaux CA", "last": "Raoult D", "pages": "105938"}, "evidence": "In vitro, chloroquine appears as a versatile bioactive agent reported to possess antiviral activity against RNA viruses as diverse as rabies virus [16], poliovirus [17], HIV [12,[18], [19], [20], hepatitis A virus [21,22], hepatitis C virus [23], influenza A and B viruses [24], [25], [26], [27], influenza A H5N1 virus [28], Chikungunya virus [29], [30], [31], Dengue virus [32,33], Zika virus [34], Lassa virus [35], Hendra and Nipah viruses [36,37], Crimean\u2013Congo hemorrhagic fever virus [38] and Ebola virus [39], as well as various DNA viruses such as hepatitis B virus [40] and herpes simplex virus [41].", "line": 105, "relation": "decreases", "subject": {"modifier": "Activity"}}
act(a(CHEBI:chloroquine))	decreases	a(MESH:"Zika Virus")	{"citation": {"authors": ["Colson P", "Devaux CA", "Raoult D", "Rolain JM"], "date": "2020-03-12", "db": "PubMed", "db_id": "32171740", "db_name": "International journal of antimicrobial agents", "first": "Devaux CA", "last": "Raoult D", "pages": "105938"}, "evidence": "In vitro, chloroquine appears as a versatile bioactive agent reported to possess antiviral activity against RNA viruses as diverse as rabies virus [16], poliovirus [17], HIV [12,[18], [19], [20], hepatitis A virus [21,22], hepatitis C virus [23], influenza A and B viruses [24], [25], [26], [27], influenza A H5N1 virus [28], Chikungunya virus [29], [30], [31], Dengue virus [32,33], Zika virus [34], Lassa virus [35], Hendra and Nipah viruses [36,37], Crimean\u2013Congo hemorrhagic fever virus [38] and Ebola virus [39], as well as various DNA viruses such as hepatitis B virus [40] and herpes simplex virus [41].", "line": 106, "relation": "decreases", "subject": {"modifier": "Activity"}}
act(a(CHEBI:chloroquine))	decreases	a(MESH:"Lassa virus")	{"citation": {"authors": ["Colson P", "Devaux CA", "Raoult D", "Rolain JM"], "date": "2020-03-12", "db": "PubMed", "db_id": "32171740", "db_name": "International journal of antimicrobial agents", "first": "Devaux CA", "last": "Raoult D", "pages": "105938"}, "evidence": "In vitro, chloroquine appears as a versatile bioactive agent reported to possess antiviral activity against RNA viruses as diverse as rabies virus [16], poliovirus [17], HIV [12,[18], [19], [20], hepatitis A virus [21,22], hepatitis C virus [23], influenza A and B viruses [24], [25], [26], [27], influenza A H5N1 virus [28], Chikungunya virus [29], [30], [31], Dengue virus [32,33], Zika virus [34], Lassa virus [35], Hendra and Nipah viruses [36,37], Crimean\u2013Congo hemorrhagic fever virus [38] and Ebola virus [39], as well as various DNA viruses such as hepatitis B virus [40] and herpes simplex virus [41].", "line": 107, "relation": "decreases", "subject": {"modifier": "Activity"}}
act(a(CHEBI:chloroquine))	decreases	a(MESH:"Hendra Virus")	{"citation": {"authors": ["Colson P", "Devaux CA", "Raoult D", "Rolain JM"], "date": "2020-03-12", "db": "PubMed", "db_id": "32171740", "db_name": "International journal of antimicrobial agents", "first": "Devaux CA", "last": "Raoult D", "pages": "105938"}, "evidence": "In vitro, chloroquine appears as a versatile bioactive agent reported to possess antiviral activity against RNA viruses as diverse as rabies virus [16], poliovirus [17], HIV [12,[18], [19], [20], hepatitis A virus [21,22], hepatitis C virus [23], influenza A and B viruses [24], [25], [26], [27], influenza A H5N1 virus [28], Chikungunya virus [29], [30], [31], Dengue virus [32,33], Zika virus [34], Lassa virus [35], Hendra and Nipah viruses [36,37], Crimean\u2013Congo hemorrhagic fever virus [38] and Ebola virus [39], as well as various DNA viruses such as hepatitis B virus [40] and herpes simplex virus [41].", "line": 108, "relation": "decreases", "subject": {"modifier": "Activity"}}
act(a(CHEBI:chloroquine))	decreases	a(MESH:"Nipah Virus")	{"citation": {"authors": ["Colson P", "Devaux CA", "Raoult D", "Rolain JM"], "date": "2020-03-12", "db": "PubMed", "db_id": "32171740", "db_name": "International journal of antimicrobial agents", "first": "Devaux CA", "last": "Raoult D", "pages": "105938"}, "evidence": "In vitro, chloroquine appears as a versatile bioactive agent reported to possess antiviral activity against RNA viruses as diverse as rabies virus [16], poliovirus [17], HIV [12,[18], [19], [20], hepatitis A virus [21,22], hepatitis C virus [23], influenza A and B viruses [24], [25], [26], [27], influenza A H5N1 virus [28], Chikungunya virus [29], [30], [31], Dengue virus [32,33], Zika virus [34], Lassa virus [35], Hendra and Nipah viruses [36,37], Crimean\u2013Congo hemorrhagic fever virus [38] and Ebola virus [39], as well as various DNA viruses such as hepatitis B virus [40] and herpes simplex virus [41].", "line": 109, "relation": "decreases", "subject": {"modifier": "Activity"}}
act(a(CHEBI:chloroquine))	decreases	a(MESH:"Hemorrhagic Fever Virus, Crimean-Congo")	{"citation": {"authors": ["Colson P", "Devaux CA", "Raoult D", "Rolain JM"], "date": "2020-03-12", "db": "PubMed", "db_id": "32171740", "db_name": "International journal of antimicrobial agents", "first": "Devaux CA", "last": "Raoult D", "pages": "105938"}, "evidence": "In vitro, chloroquine appears as a versatile bioactive agent reported to possess antiviral activity against RNA viruses as diverse as rabies virus [16], poliovirus [17], HIV [12,[18], [19], [20], hepatitis A virus [21,22], hepatitis C virus [23], influenza A and B viruses [24], [25], [26], [27], influenza A H5N1 virus [28], Chikungunya virus [29], [30], [31], Dengue virus [32,33], Zika virus [34], Lassa virus [35], Hendra and Nipah viruses [36,37], Crimean\u2013Congo hemorrhagic fever virus [38] and Ebola virus [39], as well as various DNA viruses such as hepatitis B virus [40] and herpes simplex virus [41].", "line": 110, "relation": "decreases", "subject": {"modifier": "Activity"}}
act(a(CHEBI:chloroquine))	decreases	a(MESH:Ebolavirus)	{"citation": {"authors": ["Colson P", "Devaux CA", "Raoult D", "Rolain JM"], "date": "2020-03-12", "db": "PubMed", "db_id": "32171740", "db_name": "International journal of antimicrobial agents", "first": "Devaux CA", "last": "Raoult D", "pages": "105938"}, "evidence": "In vitro, chloroquine appears as a versatile bioactive agent reported to possess antiviral activity against RNA viruses as diverse as rabies virus [16], poliovirus [17], HIV [12,[18], [19], [20], hepatitis A virus [21,22], hepatitis C virus [23], influenza A and B viruses [24], [25], [26], [27], influenza A H5N1 virus [28], Chikungunya virus [29], [30], [31], Dengue virus [32,33], Zika virus [34], Lassa virus [35], Hendra and Nipah viruses [36,37], Crimean\u2013Congo hemorrhagic fever virus [38] and Ebola virus [39], as well as various DNA viruses such as hepatitis B virus [40] and herpes simplex virus [41].", "line": 111, "relation": "decreases", "subject": {"modifier": "Activity"}}
act(a(CHEBI:chloroquine))	decreases	a(MESH:"Hepatitis B virus")	{"citation": {"authors": ["Colson P", "Devaux CA", "Raoult D", "Rolain JM"], "date": "2020-03-12", "db": "PubMed", "db_id": "32171740", "db_name": "International journal of antimicrobial agents", "first": "Devaux CA", "last": "Raoult D", "pages": "105938"}, "evidence": "In vitro, chloroquine appears as a versatile bioactive agent reported to possess antiviral activity against RNA viruses as diverse as rabies virus [16], poliovirus [17], HIV [12,[18], [19], [20], hepatitis A virus [21,22], hepatitis C virus [23], influenza A and B viruses [24], [25], [26], [27], influenza A H5N1 virus [28], Chikungunya virus [29], [30], [31], Dengue virus [32,33], Zika virus [34], Lassa virus [35], Hendra and Nipah viruses [36,37], Crimean\u2013Congo hemorrhagic fever virus [38] and Ebola virus [39], as well as various DNA viruses such as hepatitis B virus [40] and herpes simplex virus [41].", "line": 112, "relation": "decreases", "subject": {"modifier": "Activity"}}
act(a(CHEBI:chloroquine))	decreases	a(MESH:Simplexvirus)	{"citation": {"authors": ["Colson P", "Devaux CA", "Raoult D", "Rolain JM"], "date": "2020-03-12", "db": "PubMed", "db_id": "32171740", "db_name": "International journal of antimicrobial agents", "first": "Devaux CA", "last": "Raoult D", "pages": "105938"}, "evidence": "In vitro, chloroquine appears as a versatile bioactive agent reported to possess antiviral activity against RNA viruses as diverse as rabies virus [16], poliovirus [17], HIV [12,[18], [19], [20], hepatitis A virus [21,22], hepatitis C virus [23], influenza A and B viruses [24], [25], [26], [27], influenza A H5N1 virus [28], Chikungunya virus [29], [30], [31], Dengue virus [32,33], Zika virus [34], Lassa virus [35], Hendra and Nipah viruses [36,37], Crimean\u2013Congo hemorrhagic fever virus [38] and Ebola virus [39], as well as various DNA viruses such as hepatitis B virus [40] and herpes simplex virus [41].", "line": 113, "relation": "decreases", "subject": {"modifier": "Activity"}}
a(CHEBI:chloroquine)	increases	path(DO:"macular retinal edema")	{"citation": {"authors": ["Colson P", "Devaux CA", "Raoult D", "Rolain JM"], "date": "2020-03-12", "db": "PubMed", "db_id": "32171740", "db_name": "International journal of antimicrobial agents", "first": "Devaux CA", "last": "Raoult D", "pages": "105938"}, "evidence": "Although the long use of this drug in malaria therapy demonstrates the safety of acute chloroquine administration to humans, one cannot ignore the minor risk of macular retinopathy, which depends on the cumulative dose [52], and the existence of some reports on cardiomyopathy as a severe adverse effect caused by chloroquine [53,54].", "line": 116, "relation": "increases"}
a(CHEBI:chloroquine)	increases	path(DO:cardiomyopathy)	{"citation": {"authors": ["Colson P", "Devaux CA", "Raoult D", "Rolain JM"], "date": "2020-03-12", "db": "PubMed", "db_id": "32171740", "db_name": "International journal of antimicrobial agents", "first": "Devaux CA", "last": "Raoult D", "pages": "105938"}, "evidence": "Although the long use of this drug in malaria therapy demonstrates the safety of acute chloroquine administration to humans, one cannot ignore the minor risk of macular retinopathy, which depends on the cumulative dose [52], and the existence of some reports on cardiomyopathy as a severe adverse effect caused by chloroquine [53,54].", "line": 117, "relation": "increases"}
a(CHEBI:chloroquine)	decreases	bp(GOBP:"viral entry into host cell")	{"citation": {"authors": ["Colson P", "Devaux CA", "Raoult D", "Rolain JM"], "date": "2020-03-12", "db": "PubMed", "db_id": "32171740", "db_name": "International journal of antimicrobial agents", "first": "Devaux CA", "last": "Raoult D", "pages": "105938"}, "evidence": "Chloroquine can inhibit a pre-entry step of the viral cycle by interfering with viral particles binding to their cellular cell surface receptor.", "line": 120, "relation": "decreases"}
a(CHEBI:chloroquine)	decreases	p(HGNC:NQO2)	{"annotations": {"CellCulture": {"HCoV-O43": true}}, "citation": {"authors": ["Colson P", "Devaux CA", "Raoult D", "Rolain JM"], "date": "2020-03-12", "db": "PubMed", "db_id": "32171740", "db_name": "International journal of antimicrobial agents", "first": "Devaux CA", "last": "Raoult D", "pages": "105938"}, "evidence": "Chloroquine was shown to inhibit quinone reductase 2 [56], a structural neighbour of UDP-N-acetylglucosamine 2-epimerases [57] that are involved in the biosynthesis of sialic acids. The sialic acids are acidic monosaccharides found at the extremity of sugar chains present on cell transmembrane proteins and are critical components of ligand recognition. The possible interference of chloroquine with sialic acid biosynthesis could account for the broad antiviral spectrum of that drug since viruses such as the human coronavirus HCoV-O43 and the orthomyxoviruses use sialic acid moieties as receptors [58].", "line": 125, "relation": "decreases"}
a(CHEBI:chloroquine)	decreases	p(HGNC:ACE2, pmod(Glyco))	{"annotations": {"CellLine": {"Vero cell": true}}, "citation": {"authors": ["Colson P", "Devaux CA", "Raoult D", "Rolain JM"], "date": "2020-03-12", "db": "PubMed", "db_id": "32171740", "db_name": "International journal of antimicrobial agents", "first": "Devaux CA", "last": "Raoult D", "pages": "105938"}, "evidence": "The potent anti-SARS-CoV-1 effects of chloroquine in vitro were considered attributable to a deficit in the glycosylation of a virus cell surface receptor, the angiotensin-converting enzyme 2 (ACE2) on Vero cells [59].", "line": 133, "relation": "decreases"}
a(CHEBI:chloroquine)	regulates	bp(GOBP:"regulation of pH")	{"citation": {"authors": ["Colson P", "Devaux CA", "Raoult D", "Rolain JM"], "date": "2020-03-12", "db": "PubMed", "db_id": "32171740", "db_name": "International journal of antimicrobial agents", "first": "Devaux CA", "last": "Raoult D", "pages": "105938"}, "evidence": "Chloroquine can also impair another early stage of virus replication by interfering with the pH-dependent endosome-mediated viral entry of enveloped viruses such as Dengue virus or Chikungunya virus [60,61].", "line": 140, "relation": "regulates"}
a(CHEBI:chloroquine)	regulates	bp(GOBP:"viral genome replication")	{"citation": {"authors": ["Colson P", "Devaux CA", "Raoult D", "Rolain JM"], "date": "2020-03-12", "db": "PubMed", "db_id": "32171740", "db_name": "International journal of antimicrobial agents", "first": "Devaux CA", "last": "Raoult D", "pages": "105938"}, "evidence": "Chloroquine can also impair another early stage of virus replication by interfering with the pH-dependent endosome-mediated viral entry of enveloped viruses such as Dengue virus or Chikungunya virus [60,61].", "line": 141, "relation": "regulates"}
a(CHEBI:chloroquine)	increases	bp(GOBP:"pH elevation")	{"annotations": {"CellLine": {"Vero cell": true}, "MeSHAnatomy": {"Endosomes": true}}, "citation": {"authors": ["Colson P", "Devaux CA", "Raoult D", "Rolain JM"], "date": "2020-03-12", "db": "PubMed", "db_id": "32171740", "db_name": "International journal of antimicrobial agents", "first": "Devaux CA", "last": "Raoult D", "pages": "105938"}, "evidence": "Due to the alkalisation of endosomes, chloroquine was an effective in vitro treatment against Chikungunya virus when added to Vero cells prior to virus exposure [30].", "line": 146, "relation": "increases"}
a(CHEBI:chloroquine)	decreases	bp(GOBP:"clathrin-dependent endocytosis of virus by host cell")	{"citation": {"authors": ["Colson P", "Devaux CA", "Raoult D", "Rolain JM"], "date": "2020-03-12", "db": "PubMed", "db_id": "32171740", "db_name": "International journal of antimicrobial agents", "first": "Devaux CA", "last": "Raoult D", "pages": "105938"}, "evidence": "The mechanism of inhibition likely involved the prevention of endocytosis and/or rapid elevation of the endosomal pH and abrogation of virus\u2013endosome fusion.", "line": 153, "relation": "decreases"}
a(CHEBI:chloroquine)	decreases	bp(GOBP:"fusion of virus membrane with host endosome membrane")	{"citation": {"authors": ["Colson P", "Devaux CA", "Raoult D", "Rolain JM"], "date": "2020-03-12", "db": "PubMed", "db_id": "32171740", "db_name": "International journal of antimicrobial agents", "first": "Devaux CA", "last": "Raoult D", "pages": "105938"}, "evidence": "The mechanism of inhibition likely involved the prevention of endocytosis and/or rapid elevation of the endosomal pH and abrogation of virus\u2013endosome fusion.", "line": 154, "relation": "decreases"}
a(CHEBI:chloroquine)	association	bp(GOBP:"uncoating of virus")	{"citation": {"authors": ["Colson P", "Devaux CA", "Raoult D", "Rolain JM"], "date": "2020-03-12", "db": "PubMed", "db_id": "32171740", "db_name": "International journal of antimicrobial agents", "first": "Devaux CA", "last": "Raoult D", "pages": "105938"}, "evidence": "Chloroquine-mediated inhibition of hepatitis A virus was found to be associated with uncoating, thus blocking its entire replication cycle [22].", "line": 170, "relation": "association"}
a(CHEBI:chloroquine)	decreases	p(NCBIGENE:155971, pmod(Glyco))	{"annotations": {"Disease": {"human immunodeficiency virus infectious disease": true}}, "citation": {"authors": ["Colson P", "Devaux CA", "Raoult D", "Rolain JM"], "date": "2020-03-12", "db": "PubMed", "db_id": "32171740", "db_name": "International journal of antimicrobial agents", "first": "Devaux CA", "last": "Raoult D", "pages": "105938"}, "evidence": "For HIV, the antiretroviral effect of chloroquine is attributable to a post-transcriptional inhibition of glycosylation of the gp120 envelope glycoprotein, and the neosynthesised virus particles are non-infectious [19,65].", "line": 175, "relation": "decreases"}
a(CHEBI:chloroquine)	decreases	p(MESH:"Viral Matrix Proteins")	{"annotations": {"MeSHDisease": {"Dengue": true}}, "citation": {"authors": ["Colson P", "Devaux CA", "Raoult D", "Rolain JM"], "date": "2020-03-12", "db": "PubMed", "db_id": "32171740", "db_name": "International journal of antimicrobial agents", "first": "Devaux CA", "last": "Raoult D", "pages": "105938"}, "evidence": "Chloroquine also inhibits the replication Dengue-2 virus by affecting the normal proteolytic processing of the flavivirus prM protein to M protein [32].", "line": 182, "relation": "decreases"}
a(CHEBI:chloroquine)	decreases	a(MESH:"Herpesvirus 1, Human", loc(GOCC:vesicle))	{"annotations": {"MeSHDisease": {"Herpesviridae Infections": true}}, "citation": {"authors": ["Colson P", "Devaux CA", "Raoult D", "Rolain JM"], "date": "2020-03-12", "db": "PubMed", "db_id": "32171740", "db_name": "International journal of antimicrobial agents", "first": "Devaux CA", "last": "Raoult D", "pages": "105938"}, "evidence": "In the herpes simplex virus (HSV) model, chloroquine inhibited budding with accumulation of non-infectious HSV-1 particles in the trans-Golgi network [66].", "line": 187, "object": {"location": {"namespace": "GOCC", "name": "vesicle"}}, "relation": "decreases"}
a(CHEBI:chloroquine)	decreases	a(MESH:"Herpesvirus 1, Human", loc(GOCC:"trans-Golgi network"))	{"annotations": {"MeSHDisease": {"Herpesviridae Infections": true}}, "citation": {"authors": ["Colson P", "Devaux CA", "Raoult D", "Rolain JM"], "date": "2020-03-12", "db": "PubMed", "db_id": "32171740", "db_name": "International journal of antimicrobial agents", "first": "Devaux CA", "last": "Raoult D", "pages": "105938"}, "evidence": "In the herpes simplex virus (HSV) model, chloroquine inhibited budding with accumulation of non-infectious HSV-1 particles in the trans-Golgi network [66].", "line": 189, "object": {"location": {"namespace": "GOCC", "name": "trans-Golgi network"}}, "relation": "decreases"}
a(CHEBI:chloroquine)	increases	bp(GOBP:"detection of virus")	{"citation": {"authors": ["Colson P", "Devaux CA", "Raoult D", "Rolain JM"], "date": "2020-03-12", "db": "PubMed", "db_id": "32171740", "db_name": "International journal of antimicrobial agents", "first": "Devaux CA", "last": "Raoult D", "pages": "105938"}, "evidence": "Beside affecting the virus maturation process, pH modulation by chloroquine can impair the proper maturation of viral protein [32] and the recognition of viral antigen by dendritic cells, which occurs through a Toll-like receptor-dependent pathway that requires endosomal acidification [69].", "line": 197, "relation": "increases"}
a(CHEBI:chloroquine)	increases	a(MESH:Antigens, loc(GOCC:cytosol))	{"annotations": {"MeSHAnatomy": {"Dendritic Cells": true}}, "citation": {"authors": ["Colson P", "Devaux CA", "Raoult D", "Rolain JM"], "date": "2020-03-12", "db": "PubMed", "db_id": "32171740", "db_name": "International journal of antimicrobial agents", "first": "Devaux CA", "last": "Raoult D", "pages": "105938"}, "evidence": "On the contrary, other proposed effects of chloroquine on the immune system include increasing the export of soluble antigens into the cytosol of dendritic cells and the enhancement of human cytotoxic CD8+ T-cell responses against viral antigens [70].", "line": 201, "object": {"location": {"namespace": "GOCC", "name": "cytosol"}}, "relation": "increases"}
a(CHEBI:chloroquine)	positiveCorrelation	bp(GOBP:"dendritic cell antigen processing and presentation")	{"annotations": {"MeSHDisease": {"Influenza, Human": true}}, "citation": {"authors": ["Colson P", "Devaux CA", "Raoult D", "Rolain JM"], "date": "2020-03-12", "db": "PubMed", "db_id": "32171740", "db_name": "International journal of antimicrobial agents", "first": "Devaux CA", "last": "Raoult D", "pages": "105938"}, "evidence": "In the influenza virus model, it was reported that chloroquine improve the cross-presentation of non-replicating virus antigen by dendritic cells to CD8+ T-cells recruited to lymph nodes draining the site of infection, eliciting a broadly protective immune response [71].", "line": 207, "relation": "positiveCorrelation"}
a(CHEBI:chloroquine)	decreases	p(HGNC:MAPK14, pmod(Ph))	{"annotations": {"CellLine": {"THP-1 cell": true}}, "citation": {"authors": ["Colson P", "Devaux CA", "Raoult D", "Rolain JM"], "date": "2020-03-12", "db": "PubMed", "db_id": "32171740", "db_name": "International journal of antimicrobial agents", "first": "Devaux CA", "last": "Raoult D", "pages": "105938"}, "evidence": "Chloroquine is known to inhibit phosphorylation (activation) of the p38 mitogen-activated protein kinase (MAPK) in THP-1 cells as well as caspase-1 [72]. Activation of cells via MAPK signalling is frequently required by viruses to achieve their replication cycle [73]. In the model of HCoV-229 coronavirus, chloroquine-induced virus inhibition occurs through inhibition of p38 MAPK [44].", "line": 212, "relation": "decreases"}
a(CHEBI:chloroquine)	decreases	p(HGNC:CASP1, pmod(Ph))	{"annotations": {"CellLine": {"THP-1 cell": true}}, "citation": {"authors": ["Colson P", "Devaux CA", "Raoult D", "Rolain JM"], "date": "2020-03-12", "db": "PubMed", "db_id": "32171740", "db_name": "International journal of antimicrobial agents", "first": "Devaux CA", "last": "Raoult D", "pages": "105938"}, "evidence": "Chloroquine is known to inhibit phosphorylation (activation) of the p38 mitogen-activated protein kinase (MAPK) in THP-1 cells as well as caspase-1 [72]. Activation of cells via MAPK signalling is frequently required by viruses to achieve their replication cycle [73]. In the model of HCoV-229 coronavirus, chloroquine-induced virus inhibition occurs through inhibition of p38 MAPK [44].", "line": 213, "relation": "decreases"}
a(CHEBI:chloroquine)	decreases	r(HGNC:IL1B)	{"annotations": {"CellLine": {"THP-1 cell": true}}, "citation": {"authors": ["Colson P", "Devaux CA", "Raoult D", "Rolain JM"], "date": "2020-03-12", "db": "PubMed", "db_id": "32171740", "db_name": "International journal of antimicrobial agents", "first": "Devaux CA", "last": "Raoult D", "pages": "105938"}, "evidence": "Chloroquine inhibits interleukin-1 beta (IL-1\u03b2) mRNA expression in THP-1 cells and reduces IL-1\u03b2 release [72].", "line": 223, "relation": "decreases"}
a(CHEBI:chloroquine)	decreases	p(HGNC:IL1B)	{"annotations": {"CellLine": {"THP-1 cell": true}}, "citation": {"authors": ["Colson P", "Devaux CA", "Raoult D", "Rolain JM"], "date": "2020-03-12", "db": "PubMed", "db_id": "32171740", "db_name": "International journal of antimicrobial agents", "first": "Devaux CA", "last": "Raoult D", "pages": "105938"}, "evidence": "Chloroquine inhibits interleukin-1 beta (IL-1\u03b2) mRNA expression in THP-1 cells and reduces IL-1\u03b2 release [72].", "line": 224, "relation": "decreases"}
a(CHEBI:chloroquine)	decreases	p(HGNC:IL1A)	{"annotations": {"MeSHAnatomy": {"Macrophages": true}}, "citation": {"authors": ["Colson P", "Devaux CA", "Raoult D", "Rolain JM"], "date": "2020-03-12", "db": "PubMed", "db_id": "32171740", "db_name": "International journal of antimicrobial agents", "first": "Devaux CA", "last": "Raoult D", "pages": "105938"}, "evidence": "Chloroquine-induced reduction of IL-1 and IL-6 cytokines was also found in monocytes/macrophages [79].", "line": 229, "relation": "decreases"}
a(CHEBI:chloroquine)	decreases	p(HGNC:IL6)	{"annotations": {"MeSHAnatomy": {"Macrophages": true}}, "citation": {"authors": ["Colson P", "Devaux CA", "Raoult D", "Rolain JM"], "date": "2020-03-12", "db": "PubMed", "db_id": "32171740", "db_name": "International journal of antimicrobial agents", "first": "Devaux CA", "last": "Raoult D", "pages": "105938"}, "evidence": "Chloroquine-induced reduction of IL-1 and IL-6 cytokines was also found in monocytes/macrophages [79].", "line": 230, "relation": "decreases"}
a(CHEBI:chloroquine)	decreases	p(HGNC:TNF)	{"citation": {"authors": ["Colson P", "Devaux CA", "Raoult D", "Rolain JM"], "date": "2020-03-12", "db": "PubMed", "db_id": "32171740", "db_name": "International journal of antimicrobial agents", "first": "Devaux CA", "last": "Raoult D", "pages": "105938"}, "evidence": "Chloroquine-induced inhibition of tumour necrosis factor-alpha (TNF\u03b1) production by immune cells was reported to occur either through disruption of cellular iron metabolism [80], blockade of the conversion of pro-TNF into soluble mature TNF\u03b1 molecules [81] and/or inhibition of TNF\u03b1 mRNA expression [72,82,83].", "line": 235, "relation": "decreases"}
a(CHEBI:chloroquine)	negativeCorrelation	bp(GOBP:"cellular iron ion homeostasis")	{"citation": {"authors": ["Colson P", "Devaux CA", "Raoult D", "Rolain JM"], "date": "2020-03-12", "db": "PubMed", "db_id": "32171740", "db_name": "International journal of antimicrobial agents", "first": "Devaux CA", "last": "Raoult D", "pages": "105938"}, "evidence": "Chloroquine-induced inhibition of tumour necrosis factor-alpha (TNF\u03b1) production by immune cells was reported to occur either through disruption of cellular iron metabolism [80], blockade of the conversion of pro-TNF into soluble mature TNF\u03b1 molecules [81] and/or inhibition of TNF\u03b1 mRNA expression [72,82,83].", "line": 237, "relation": "negativeCorrelation"}
a(CHEBI:chloroquine)	decreases	r(HGNC:TNF)	{"citation": {"authors": ["Colson P", "Devaux CA", "Raoult D", "Rolain JM"], "date": "2020-03-12", "db": "PubMed", "db_id": "32171740", "db_name": "International journal of antimicrobial agents", "first": "Devaux CA", "last": "Raoult D", "pages": "105938"}, "evidence": "Chloroquine-induced inhibition of tumour necrosis factor-alpha (TNF\u03b1) production by immune cells was reported to occur either through disruption of cellular iron metabolism [80], blockade of the conversion of pro-TNF into soluble mature TNF\u03b1 molecules [81] and/or inhibition of TNF\u03b1 mRNA expression [72,82,83].", "line": 238, "relation": "decreases"}
a(CHEBI:chloroquine)	decreases	p(GFAM:"Tumor necrosis factor receptor superfamily")	{"annotations": {"CellCulture": {"U937": true}}, "citation": {"authors": ["Colson P", "Devaux CA", "Raoult D", "Rolain JM"], "date": "2020-03-12", "db": "PubMed", "db_id": "32171740", "db_name": "International journal of antimicrobial agents", "first": "Devaux CA", "last": "Raoult D", "pages": "105938"}, "evidence": "Inhibition of the TNF\u03b1 receptor was also reported in U937 monocytic cells treated with chloroquine [84]. In the Dengue virus model, chloroquine was found to inhibit interferon-alpha (IFN\u03b1), IFN\u03b2, IFN\u03b3, TNF\u03b1, IL-6 and IL-12 gene expression in U937 cells infected with Dengue-2 virus [33].", "line": 242, "relation": "decreases"}
a(CHEBI:chloroquine)	decreases	g(MESH:"Interferon-alpha")	{"annotations": {"CellCulture": {"U937": true}, "MeSHDisease": {"Dengue": true}}, "citation": {"authors": ["Colson P", "Devaux CA", "Raoult D", "Rolain JM"], "date": "2020-03-12", "db": "PubMed", "db_id": "32171740", "db_name": "International journal of antimicrobial agents", "first": "Devaux CA", "last": "Raoult D", "pages": "105938"}, "evidence": "Inhibition of the TNF\u03b1 receptor was also reported in U937 monocytic cells treated with chloroquine [84]. In the Dengue virus model, chloroquine was found to inhibit interferon-alpha (IFN\u03b1), IFN\u03b2, IFN\u03b3, TNF\u03b1, IL-6 and IL-12 gene expression in U937 cells infected with Dengue-2 virus [33].", "line": 244, "relation": "decreases"}
a(CHEBI:chloroquine)	decreases	g(HGNC:IFNB1)	{"annotations": {"CellCulture": {"U937": true}, "MeSHDisease": {"Dengue": true}}, "citation": {"authors": ["Colson P", "Devaux CA", "Raoult D", "Rolain JM"], "date": "2020-03-12", "db": "PubMed", "db_id": "32171740", "db_name": "International journal of antimicrobial agents", "first": "Devaux CA", "last": "Raoult D", "pages": "105938"}, "evidence": "Inhibition of the TNF\u03b1 receptor was also reported in U937 monocytic cells treated with chloroquine [84]. In the Dengue virus model, chloroquine was found to inhibit interferon-alpha (IFN\u03b1), IFN\u03b2, IFN\u03b3, TNF\u03b1, IL-6 and IL-12 gene expression in U937 cells infected with Dengue-2 virus [33].", "line": 245, "relation": "decreases"}
a(CHEBI:chloroquine)	decreases	g(HGNC:IFNG)	{"annotations": {"CellCulture": {"U937": true}, "MeSHDisease": {"Dengue": true}}, "citation": {"authors": ["Colson P", "Devaux CA", "Raoult D", "Rolain JM"], "date": "2020-03-12", "db": "PubMed", "db_id": "32171740", "db_name": "International journal of antimicrobial agents", "first": "Devaux CA", "last": "Raoult D", "pages": "105938"}, "evidence": "Inhibition of the TNF\u03b1 receptor was also reported in U937 monocytic cells treated with chloroquine [84]. In the Dengue virus model, chloroquine was found to inhibit interferon-alpha (IFN\u03b1), IFN\u03b2, IFN\u03b3, TNF\u03b1, IL-6 and IL-12 gene expression in U937 cells infected with Dengue-2 virus [33].", "line": 246, "relation": "decreases"}
a(CHEBI:chloroquine)	decreases	g(HGNC:TNF)	{"annotations": {"CellCulture": {"U937": true}, "MeSHDisease": {"Dengue": true}}, "citation": {"authors": ["Colson P", "Devaux CA", "Raoult D", "Rolain JM"], "date": "2020-03-12", "db": "PubMed", "db_id": "32171740", "db_name": "International journal of antimicrobial agents", "first": "Devaux CA", "last": "Raoult D", "pages": "105938"}, "evidence": "Inhibition of the TNF\u03b1 receptor was also reported in U937 monocytic cells treated with chloroquine [84]. In the Dengue virus model, chloroquine was found to inhibit interferon-alpha (IFN\u03b1), IFN\u03b2, IFN\u03b3, TNF\u03b1, IL-6 and IL-12 gene expression in U937 cells infected with Dengue-2 virus [33].", "line": 247, "relation": "decreases"}
a(CHEBI:chloroquine)	decreases	g(HGNC:IL6)	{"annotations": {"CellCulture": {"U937": true}, "MeSHDisease": {"Dengue": true}}, "citation": {"authors": ["Colson P", "Devaux CA", "Raoult D", "Rolain JM"], "date": "2020-03-12", "db": "PubMed", "db_id": "32171740", "db_name": "International journal of antimicrobial agents", "first": "Devaux CA", "last": "Raoult D", "pages": "105938"}, "evidence": "Inhibition of the TNF\u03b1 receptor was also reported in U937 monocytic cells treated with chloroquine [84]. In the Dengue virus model, chloroquine was found to inhibit interferon-alpha (IFN\u03b1), IFN\u03b2, IFN\u03b3, TNF\u03b1, IL-6 and IL-12 gene expression in U937 cells infected with Dengue-2 virus [33].", "line": 248, "relation": "decreases"}
a(CHEBI:chloroquine)	decreases	g(HGNC:IL12B)	{"annotations": {"CellCulture": {"U937": true}, "MeSHDisease": {"Dengue": true}}, "citation": {"authors": ["Colson P", "Devaux CA", "Raoult D", "Rolain JM"], "date": "2020-03-12", "db": "PubMed", "db_id": "32171740", "db_name": "International journal of antimicrobial agents", "first": "Devaux CA", "last": "Raoult D", "pages": "105938"}, "evidence": "Inhibition of the TNF\u03b1 receptor was also reported in U937 monocytic cells treated with chloroquine [84]. In the Dengue virus model, chloroquine was found to inhibit interferon-alpha (IFN\u03b1), IFN\u03b2, IFN\u03b3, TNF\u03b1, IL-6 and IL-12 gene expression in U937 cells infected with Dengue-2 virus [33].", "line": 249, "relation": "decreases"}
act(a(MESH:"Dendritic Cells"))	increases	bp(GOBP:"detection of virus")	{"citation": {"authors": ["Colson P", "Devaux CA", "Raoult D", "Rolain JM"], "date": "2020-03-12", "db": "PubMed", "db_id": "32171740", "db_name": "International journal of antimicrobial agents", "first": "Devaux CA", "last": "Raoult D", "pages": "105938"}, "evidence": "Beside affecting the virus maturation process, pH modulation by chloroquine can impair the proper maturation of viral protein [32] and the recognition of viral antigen by dendritic cells, which occurs through a Toll-like receptor-dependent pathway that requires endosomal acidification [69].", "line": 196, "relation": "increases", "subject": {"modifier": "Activity"}}
a(MESH:"Herpesvirus 1, Human", loc(GOCC:vesicle))	increases	a(MESH:"Herpesvirus 1, Human", loc(GOCC:"trans-Golgi network"))	{"annotations": {"MeSHDisease": {"Herpesviridae Infections": true}}, "citation": {"authors": ["Colson P", "Devaux CA", "Raoult D", "Rolain JM"], "date": "2020-03-12", "db": "PubMed", "db_id": "32171740", "db_name": "International journal of antimicrobial agents", "first": "Devaux CA", "last": "Raoult D", "pages": "105938"}, "evidence": "In the herpes simplex virus (HSV) model, chloroquine inhibited budding with accumulation of non-infectious HSV-1 particles in the trans-Golgi network [66].", "line": 188, "object": {"location": {"namespace": "GOCC", "name": "trans-Golgi network"}}, "relation": "increases", "subject": {"location": {"namespace": "GOCC", "name": "vesicle"}}}
a(MESH:"SARS Virus")	partOf	composite(a(MESH:"SARS Virus"), p(HGNC:CD209))	{"relation": "partOf"}
a(MESH:Antigens, loc(GOCC:cytosol))	increases	bp(GOBP:"CD8-positive, alpha-beta T cell activation")	{"annotations": {"MeSHAnatomy": {"Dendritic Cells": true}}, "citation": {"authors": ["Colson P", "Devaux CA", "Raoult D", "Rolain JM"], "date": "2020-03-12", "db": "PubMed", "db_id": "32171740", "db_name": "International journal of antimicrobial agents", "first": "Devaux CA", "last": "Raoult D", "pages": "105938"}, "evidence": "On the contrary, other proposed effects of chloroquine on the immune system include increasing the export of soluble antigens into the cytosol of dendritic cells and the enhancement of human cytotoxic CD8+ T-cell responses against viral antigens [70].", "line": 202, "relation": "increases", "subject": {"location": {"namespace": "GOCC", "name": "cytosol"}}}
a(MESH:Orthomyxoviridae)	partOf	composite(a(CHEBI:"sialic acid"), a(MESH:Orthomyxoviridae))	{"relation": "partOf"}
a(MESH:Viruses)	increases	path(MESH:"Virus Diseases")	{"annotations": {"Disease": {"human immunodeficiency virus infectious disease": true}}, "citation": {"authors": ["Colson P", "Devaux CA", "Raoult D", "Rolain JM"], "date": "2020-03-12", "db": "PubMed", "db_id": "32171740", "db_name": "International journal of antimicrobial agents", "first": "Devaux CA", "last": "Raoult D", "pages": "105938"}, "evidence": "For HIV, the antiretroviral effect of chloroquine is attributable to a post-transcriptional inhibition of glycosylation of the gp120 envelope glycoprotein, and the neosynthesised virus particles are non-infectious [19,65].", "line": 177, "relation": "increases"}
bp(GO:"entry receptor-mediated virion attachment to host cell")	association	a(CHEBI:"sialic acid")	{"annotations": {"CellCulture": {"HCoV-O43": true}}, "citation": {"authors": ["Colson P", "Devaux CA", "Raoult D", "Rolain JM"], "date": "2020-03-12", "db": "PubMed", "db_id": "32171740", "db_name": "International journal of antimicrobial agents", "first": "Devaux CA", "last": "Raoult D", "pages": "105938"}, "evidence": "Chloroquine was shown to inhibit quinone reductase 2 [56], a structural neighbour of UDP-N-acetylglucosamine 2-epimerases [57] that are involved in the biosynthesis of sialic acids. The sialic acids are acidic monosaccharides found at the extremity of sugar chains present on cell transmembrane proteins and are critical components of ligand recognition. The possible interference of chloroquine with sialic acid biosynthesis could account for the broad antiviral spectrum of that drug since viruses such as the human coronavirus HCoV-O43 and the orthomyxoviruses use sialic acid moieties as receptors [58].", "line": 127, "relation": "association"}
bp(GOBP:"MAPK cascade")	increases	bp(MESH:"Virus Replication")	{"annotations": {"CellLine": {"THP-1 cell": true}}, "citation": {"authors": ["Colson P", "Devaux CA", "Raoult D", "Rolain JM"], "date": "2020-03-12", "db": "PubMed", "db_id": "32171740", "db_name": "International journal of antimicrobial agents", "first": "Devaux CA", "last": "Raoult D", "pages": "105938"}, "evidence": "Chloroquine is known to inhibit phosphorylation (activation) of the p38 mitogen-activated protein kinase (MAPK) in THP-1 cells as well as caspase-1 [72]. Activation of cells via MAPK signalling is frequently required by viruses to achieve their replication cycle [73]. In the model of HCoV-229 coronavirus, chloroquine-induced virus inhibition occurs through inhibition of p38 MAPK [44].", "line": 215, "relation": "increases"}
bp(GOBP:"cellular iron ion homeostasis")	regulates	p(HGNC:TNF)	{"citation": {"authors": ["Colson P", "Devaux CA", "Raoult D", "Rolain JM"], "date": "2020-03-12", "db": "PubMed", "db_id": "32171740", "db_name": "International journal of antimicrobial agents", "first": "Devaux CA", "last": "Raoult D", "pages": "105938"}, "evidence": "Chloroquine-induced inhibition of tumour necrosis factor-alpha (TNF\u03b1) production by immune cells was reported to occur either through disruption of cellular iron metabolism [80], blockade of the conversion of pro-TNF into soluble mature TNF\u03b1 molecules [81] and/or inhibition of TNF\u03b1 mRNA expression [72,82,83].", "line": 236, "relation": "regulates"}
bp(GOBP:"cellular iron ion homeostasis")	negativeCorrelation	a(CHEBI:chloroquine)	{"citation": {"authors": ["Colson P", "Devaux CA", "Raoult D", "Rolain JM"], "date": "2020-03-12", "db": "PubMed", "db_id": "32171740", "db_name": "International journal of antimicrobial agents", "first": "Devaux CA", "last": "Raoult D", "pages": "105938"}, "evidence": "Chloroquine-induced inhibition of tumour necrosis factor-alpha (TNF\u03b1) production by immune cells was reported to occur either through disruption of cellular iron metabolism [80], blockade of the conversion of pro-TNF into soluble mature TNF\u03b1 molecules [81] and/or inhibition of TNF\u03b1 mRNA expression [72,82,83].", "line": 237, "relation": "negativeCorrelation"}
bp(GOBP:"dendritic cell antigen processing and presentation")	positiveCorrelation	a(CHEBI:chloroquine)	{"annotations": {"MeSHDisease": {"Influenza, Human": true}}, "citation": {"authors": ["Colson P", "Devaux CA", "Raoult D", "Rolain JM"], "date": "2020-03-12", "db": "PubMed", "db_id": "32171740", "db_name": "International journal of antimicrobial agents", "first": "Devaux CA", "last": "Raoult D", "pages": "105938"}, "evidence": "In the influenza virus model, it was reported that chloroquine improve the cross-presentation of non-replicating virus antigen by dendritic cells to CD8+ T-cells recruited to lymph nodes draining the site of infection, eliciting a broadly protective immune response [71].", "line": 207, "relation": "positiveCorrelation"}
bp(GOBP:"endosomal lumen acidification")	increases	act(p(GFAM:"Toll like receptors"))	{"citation": {"authors": ["Colson P", "Devaux CA", "Raoult D", "Rolain JM"], "date": "2020-03-12", "db": "PubMed", "db_id": "32171740", "db_name": "International journal of antimicrobial agents", "first": "Devaux CA", "last": "Raoult D", "pages": "105938"}, "evidence": "Beside affecting the virus maturation process, pH modulation by chloroquine can impair the proper maturation of viral protein [32] and the recognition of viral antigen by dendritic cells, which occurs through a Toll-like receptor-dependent pathway that requires endosomal acidification [69].", "line": 194, "object": {"modifier": "Activity"}, "relation": "increases"}
bp(GOBP:"endosome membrane permeabilization involved in viral entry into host cell")	increases	bp(GOBP:"viral genome replication")	{"citation": {"authors": ["Colson P", "Devaux CA", "Raoult D", "Rolain JM"], "date": "2020-03-12", "db": "PubMed", "db_id": "32171740", "db_name": "International journal of antimicrobial agents", "first": "Devaux CA", "last": "Raoult D", "pages": "105938"}, "evidence": "Chloroquine can also impair another early stage of virus replication by interfering with the pH-dependent endosome-mediated viral entry of enveloped viruses such as Dengue virus or Chikungunya virus [60,61].", "line": 139, "relation": "increases"}
bp(GOBP:"endosome membrane permeabilization involved in viral entry into host cell")	increases	path(MESH:"Genome, Viral")	{"annotations": {"MeSHAnatomy": {"Cytoplasm": true}, "MeSHDisease": {"Coronavirus Infections": true}}, "citation": {"authors": ["Colson P", "Devaux CA", "Raoult D", "Rolain JM"], "date": "2020-03-12", "db": "PubMed", "db_id": "32171740", "db_name": "International journal of antimicrobial agents", "first": "Devaux CA", "last": "Raoult D", "pages": "105938"}, "evidence": "A pH-dependant mechanism of entry of coronavirus into target cells was also reported for SARS-CoV-1 after binding of the DC-SIGN receptor [62]. The activation step that occurs in endosomes at acidic pH results in fusion of the viral and endosomal membranes leading to the release of the viral SARS-CoV-1 genome into the cytosol [63].In the absence of antiviral drug, the virus is targeted to the lysosomal compartment where the low pH, along with the action of enzymes, disrupts the viral particle, thus liberating the infectious nucleic acid and, in several cases, enzymes necessary for its replication [64].", "line": 163, "relation": "increases"}
bp(GOBP:"immune response")	increases	p(HGNC:TNF)	{"citation": {"authors": ["Colson P", "Devaux CA", "Raoult D", "Rolain JM"], "date": "2020-03-12", "db": "PubMed", "db_id": "32171740", "db_name": "International journal of antimicrobial agents", "first": "Devaux CA", "last": "Raoult D", "pages": "105938"}, "evidence": "Chloroquine-induced inhibition of tumour necrosis factor-alpha (TNF\u03b1) production by immune cells was reported to occur either through disruption of cellular iron metabolism [80], blockade of the conversion of pro-TNF into soluble mature TNF\u03b1 molecules [81] and/or inhibition of TNF\u03b1 mRNA expression [72,82,83].", "line": 234, "relation": "increases"}
bp(GOBP:"lysosomal lumen acidification")	increases	p(MESH:"Viral Regulatory and Accessory Proteins")	{"annotations": {"MeSHAnatomy": {"Cytoplasm": true}, "MeSHDisease": {"Coronavirus Infections": true}}, "citation": {"authors": ["Colson P", "Devaux CA", "Raoult D", "Rolain JM"], "date": "2020-03-12", "db": "PubMed", "db_id": "32171740", "db_name": "International journal of antimicrobial agents", "first": "Devaux CA", "last": "Raoult D", "pages": "105938"}, "evidence": "A pH-dependant mechanism of entry of coronavirus into target cells was also reported for SARS-CoV-1 after binding of the DC-SIGN receptor [62]. The activation step that occurs in endosomes at acidic pH results in fusion of the viral and endosomal membranes leading to the release of the viral SARS-CoV-1 genome into the cytosol [63].In the absence of antiviral drug, the virus is targeted to the lysosomal compartment where the low pH, along with the action of enzymes, disrupts the viral particle, thus liberating the infectious nucleic acid and, in several cases, enzymes necessary for its replication [64].", "line": 164, "relation": "increases"}
bp(GOBP:"pH elevation")	decreases	bp(GOBP:"viral genome replication")	{"annotations": {"CellLine": {"Vero cell": true}, "MeSHAnatomy": {"Endosomes": true}}, "citation": {"authors": ["Colson P", "Devaux CA", "Raoult D", "Rolain JM"], "date": "2020-03-12", "db": "PubMed", "db_id": "32171740", "db_name": "International journal of antimicrobial agents", "first": "Devaux CA", "last": "Raoult D", "pages": "105938"}, "evidence": "Due to the alkalisation of endosomes, chloroquine was an effective in vitro treatment against Chikungunya virus when added to Vero cells prior to virus exposure [30].", "line": 147, "relation": "decreases"}
bp(GOBP:"pH reduction")	increases	bp(GOBP:"endosome membrane permeabilization involved in viral entry into host cell")	{"annotations": {"MeSHAnatomy": {"Endosomes": true}, "MeSHDisease": {"Coronavirus Infections": true}}, "citation": {"authors": ["Colson P", "Devaux CA", "Raoult D", "Rolain JM"], "date": "2020-03-12", "db": "PubMed", "db_id": "32171740", "db_name": "International journal of antimicrobial agents", "first": "Devaux CA", "last": "Raoult D", "pages": "105938"}, "evidence": "A pH-dependant mechanism of entry of coronavirus into target cells was also reported for SARS-CoV-1 after binding of the DC-SIGN receptor [62]. The activation step that occurs in endosomes at acidic pH results in fusion of the viral and endosomal membranes leading to the release of the viral SARS-CoV-1 genome into the cytosol [63].In the absence of antiviral drug, the virus is targeted to the lysosomal compartment where the low pH, along with the action of enzymes, disrupts the viral particle, thus liberating the infectious nucleic acid and, in several cases, enzymes necessary for its replication [64].", "line": 161, "relation": "increases"}
bp(GOBP:"regulation of pH")	regulates	bp(GOBP:"endosome membrane permeabilization involved in viral entry into host cell")	{"citation": {"authors": ["Colson P", "Devaux CA", "Raoult D", "Rolain JM"], "date": "2020-03-12", "db": "PubMed", "db_id": "32171740", "db_name": "International journal of antimicrobial agents", "first": "Devaux CA", "last": "Raoult D", "pages": "105938"}, "evidence": "Chloroquine can also impair another early stage of virus replication by interfering with the pH-dependent endosome-mediated viral entry of enveloped viruses such as Dengue virus or Chikungunya virus [60,61].", "line": 138, "relation": "regulates"}
bp(GOBP:"regulation of pH")	positiveCorrelation	bp(GOBP:"virus maturation")	{"citation": {"authors": ["Colson P", "Devaux CA", "Raoult D", "Rolain JM"], "date": "2020-03-12", "db": "PubMed", "db_id": "32171740", "db_name": "International journal of antimicrobial agents", "first": "Devaux CA", "last": "Raoult D", "pages": "105938"}, "evidence": "Beside affecting the virus maturation process, pH modulation by chloroquine can impair the proper maturation of viral protein [32] and the recognition of viral antigen by dendritic cells, which occurs through a Toll-like receptor-dependent pathway that requires endosomal acidification [69].", "line": 193, "relation": "positiveCorrelation"}
bp(GOBP:"uncoating of virus")	association	a(CHEBI:chloroquine)	{"citation": {"authors": ["Colson P", "Devaux CA", "Raoult D", "Rolain JM"], "date": "2020-03-12", "db": "PubMed", "db_id": "32171740", "db_name": "International journal of antimicrobial agents", "first": "Devaux CA", "last": "Raoult D", "pages": "105938"}, "evidence": "Chloroquine-mediated inhibition of hepatitis A virus was found to be associated with uncoating, thus blocking its entire replication cycle [22].", "line": 170, "relation": "association"}
bp(GOBP:"viral entry into host cell")	association	p(HGNC:ACE2, pmod(Glyco))	{"annotations": {"CellLine": {"Vero cell": true}}, "citation": {"authors": ["Colson P", "Devaux CA", "Raoult D", "Rolain JM"], "date": "2020-03-12", "db": "PubMed", "db_id": "32171740", "db_name": "International journal of antimicrobial agents", "first": "Devaux CA", "last": "Raoult D", "pages": "105938"}, "evidence": "The potent anti-SARS-CoV-1 effects of chloroquine in vitro were considered attributable to a deficit in the glycosylation of a virus cell surface receptor, the angiotensin-converting enzyme 2 (ACE2) on Vero cells [59].", "line": 134, "relation": "association"}
bp(GOBP:"virus maturation")	positiveCorrelation	bp(GOBP:"regulation of pH")	{"citation": {"authors": ["Colson P", "Devaux CA", "Raoult D", "Rolain JM"], "date": "2020-03-12", "db": "PubMed", "db_id": "32171740", "db_name": "International journal of antimicrobial agents", "first": "Devaux CA", "last": "Raoult D", "pages": "105938"}, "evidence": "Beside affecting the virus maturation process, pH modulation by chloroquine can impair the proper maturation of viral protein [32] and the recognition of viral antigen by dendritic cells, which occurs through a Toll-like receptor-dependent pathway that requires endosomal acidification [69].", "line": 193, "relation": "positiveCorrelation"}
composite(a(CHEBI:"sialic acid"), a(MESH:Orthomyxoviridae))	increases	bp(GOBP:"viral entry into host cell")	{"annotations": {"CellCulture": {"HCoV-O43": true}}, "citation": {"authors": ["Colson P", "Devaux CA", "Raoult D", "Rolain JM"], "date": "2020-03-12", "db": "PubMed", "db_id": "32171740", "db_name": "International journal of antimicrobial agents", "first": "Devaux CA", "last": "Raoult D", "pages": "105938"}, "evidence": "Chloroquine was shown to inhibit quinone reductase 2 [56], a structural neighbour of UDP-N-acetylglucosamine 2-epimerases [57] that are involved in the biosynthesis of sialic acids. The sialic acids are acidic monosaccharides found at the extremity of sugar chains present on cell transmembrane proteins and are critical components of ligand recognition. The possible interference of chloroquine with sialic acid biosynthesis could account for the broad antiviral spectrum of that drug since viruses such as the human coronavirus HCoV-O43 and the orthomyxoviruses use sialic acid moieties as receptors [58].", "line": 128, "relation": "increases"}
composite(a(MESH:"SARS Virus"), p(HGNC:CD209))	increases	bp(GOBP:"pH reduction")	{"annotations": {"MeSHAnatomy": {"Endosomes": true}, "MeSHDisease": {"Coronavirus Infections": true}}, "citation": {"authors": ["Colson P", "Devaux CA", "Raoult D", "Rolain JM"], "date": "2020-03-12", "db": "PubMed", "db_id": "32171740", "db_name": "International journal of antimicrobial agents", "first": "Devaux CA", "last": "Raoult D", "pages": "105938"}, "evidence": "A pH-dependant mechanism of entry of coronavirus into target cells was also reported for SARS-CoV-1 after binding of the DC-SIGN receptor [62]. The activation step that occurs in endosomes at acidic pH results in fusion of the viral and endosomal membranes leading to the release of the viral SARS-CoV-1 genome into the cytosol [63].In the absence of antiviral drug, the virus is targeted to the lysosomal compartment where the low pH, along with the action of enzymes, disrupts the viral particle, thus liberating the infectious nucleic acid and, in several cases, enzymes necessary for its replication [64].", "line": 160, "relation": "increases"}
p(HGNC:CD209)	partOf	composite(a(MESH:"SARS Virus"), p(HGNC:CD209))	{"relation": "partOf"}
act(p(GFAM:"Toll like receptors"))	increases	act(a(MESH:"Dendritic Cells"))	{"citation": {"authors": ["Colson P", "Devaux CA", "Raoult D", "Rolain JM"], "date": "2020-03-12", "db": "PubMed", "db_id": "32171740", "db_name": "International journal of antimicrobial agents", "first": "Devaux CA", "last": "Raoult D", "pages": "105938"}, "evidence": "Beside affecting the virus maturation process, pH modulation by chloroquine can impair the proper maturation of viral protein [32] and the recognition of viral antigen by dendritic cells, which occurs through a Toll-like receptor-dependent pathway that requires endosomal acidification [69].", "line": 195, "object": {"modifier": "Activity"}, "relation": "increases", "subject": {"modifier": "Activity"}}
p(HGNC:ACE2)	hasVariant	p(HGNC:ACE2, pmod(Glyco))	{"relation": "hasVariant"}
p(HGNC:ACE2, pmod(Glyco))	association	bp(GOBP:"viral entry into host cell")	{"annotations": {"CellLine": {"Vero cell": true}}, "citation": {"authors": ["Colson P", "Devaux CA", "Raoult D", "Rolain JM"], "date": "2020-03-12", "db": "PubMed", "db_id": "32171740", "db_name": "International journal of antimicrobial agents", "first": "Devaux CA", "last": "Raoult D", "pages": "105938"}, "evidence": "The potent anti-SARS-CoV-1 effects of chloroquine in vitro were considered attributable to a deficit in the glycosylation of a virus cell surface receptor, the angiotensin-converting enzyme 2 (ACE2) on Vero cells [59].", "line": 134, "relation": "association"}
p(HGNC:CASP1)	hasVariant	p(HGNC:CASP1, pmod(Ph))	{"relation": "hasVariant"}
p(HGNC:MAPK14)	hasVariant	p(HGNC:MAPK14, pmod(Ph))	{"relation": "hasVariant"}
p(HGNC:MAPK14, pmod(Ph))	increases	bp(GOBP:"MAPK cascade")	{"annotations": {"CellLine": {"THP-1 cell": true}}, "citation": {"authors": ["Colson P", "Devaux CA", "Raoult D", "Rolain JM"], "date": "2020-03-12", "db": "PubMed", "db_id": "32171740", "db_name": "International journal of antimicrobial agents", "first": "Devaux CA", "last": "Raoult D", "pages": "105938"}, "evidence": "Chloroquine is known to inhibit phosphorylation (activation) of the p38 mitogen-activated protein kinase (MAPK) in THP-1 cells as well as caspase-1 [72]. Activation of cells via MAPK signalling is frequently required by viruses to achieve their replication cycle [73]. In the model of HCoV-229 coronavirus, chloroquine-induced virus inhibition occurs through inhibition of p38 MAPK [44].", "line": 214, "relation": "increases"}
p(HGNC:NQO2)	increases	a(CHEBI:"sialic acid")	{"annotations": {"CellCulture": {"HCoV-O43": true}}, "citation": {"authors": ["Colson P", "Devaux CA", "Raoult D", "Rolain JM"], "date": "2020-03-12", "db": "PubMed", "db_id": "32171740", "db_name": "International journal of antimicrobial agents", "first": "Devaux CA", "last": "Raoult D", "pages": "105938"}, "evidence": "Chloroquine was shown to inhibit quinone reductase 2 [56], a structural neighbour of UDP-N-acetylglucosamine 2-epimerases [57] that are involved in the biosynthesis of sialic acids. The sialic acids are acidic monosaccharides found at the extremity of sugar chains present on cell transmembrane proteins and are critical components of ligand recognition. The possible interference of chloroquine with sialic acid biosynthesis could account for the broad antiviral spectrum of that drug since viruses such as the human coronavirus HCoV-O43 and the orthomyxoviruses use sialic acid moieties as receptors [58].", "line": 126, "relation": "increases"}
p(MESH:"Viral Regulatory and Accessory Proteins")	increases	bp(GOBP:"viral genome replication")	{"annotations": {"MeSHAnatomy": {"Cytoplasm": true}, "MeSHDisease": {"Coronavirus Infections": true}}, "citation": {"authors": ["Colson P", "Devaux CA", "Raoult D", "Rolain JM"], "date": "2020-03-12", "db": "PubMed", "db_id": "32171740", "db_name": "International journal of antimicrobial agents", "first": "Devaux CA", "last": "Raoult D", "pages": "105938"}, "evidence": "A pH-dependant mechanism of entry of coronavirus into target cells was also reported for SARS-CoV-1 after binding of the DC-SIGN receptor [62]. The activation step that occurs in endosomes at acidic pH results in fusion of the viral and endosomal membranes leading to the release of the viral SARS-CoV-1 genome into the cytosol [63].In the absence of antiviral drug, the virus is targeted to the lysosomal compartment where the low pH, along with the action of enzymes, disrupts the viral particle, thus liberating the infectious nucleic acid and, in several cases, enzymes necessary for its replication [64].", "line": 165, "relation": "increases"}
p(NCBIGENE:155971)	hasVariant	p(NCBIGENE:155971, pmod(Glyco))	{"relation": "hasVariant"}
p(NCBIGENE:155971, pmod(Glyco))	increases	a(MESH:Viruses)	{"annotations": {"Disease": {"human immunodeficiency virus infectious disease": true}}, "citation": {"authors": ["Colson P", "Devaux CA", "Raoult D", "Rolain JM"], "date": "2020-03-12", "db": "PubMed", "db_id": "32171740", "db_name": "International journal of antimicrobial agents", "first": "Devaux CA", "last": "Raoult D", "pages": "105938"}, "evidence": "For HIV, the antiretroviral effect of chloroquine is attributable to a post-transcriptional inhibition of glycosylation of the gp120 envelope glycoprotein, and the neosynthesised virus particles are non-infectious [19,65].", "line": 176, "relation": "increases"}
