a(CHEBI:lopinavir)	partOf	composite(a(CHEBI:lopinavir), a(MESH:"interferon alfa-2b"))	{"relation": "partOf"}
a(MESH:"interferon alfa-2b")	partOf	composite(a(CHEBI:lopinavir), a(MESH:"interferon alfa-2b"))	{"relation": "partOf"}
a(MESH:Eosinophils)	negativeCorrelation	path(DO:"COVID-19")	{"annotations": {"Custom_Disease": {"COVID-19": true}, "PublicationStatus": {"Published": true}, "PublicationType": {"Research": true}, "Section": {"Results": true}, "Species": {"9606": true}}, "citation": {"authors": ["Liu F", "Pan K", "Xu A", "Xuan W", "Yan T", "Yu W", "Zhang J", "Zhang Y"], "date": "2020-03-12", "db": "PubMed", "db_id": "32173576", "db_name": "International journal of infectious diseases : IJID : official publication of the International Society for Infectious Diseases", "first": "Liu F", "last": "Zhang J"}, "evidence": "The eosinophil values of patients 1, 2 and 3 were all less than the lower bound of normal range before they were transferred to the First Affiliated Hospital of Zhejiang University (Figure 4).", "line": 84, "relation": "negativeCorrelation"}
a(MESH:Eosinophils)	negativeCorrelation	a(TAX:"Severe acute respiratory syndrome coronavirus 2")	{"annotations": {"Custom_Disease": {"COVID-19": true}, "PublicationStatus": {"Published": true}, "PublicationType": {"Research": true}, "Section": {"Results": true}, "Species": {"9606": true}}, "citation": {"authors": ["Liu F", "Pan K", "Xu A", "Xuan W", "Yan T", "Yu W", "Zhang J", "Zhang Y"], "date": "2020-03-12", "db": "PubMed", "db_id": "32173576", "db_name": "International journal of infectious diseases : IJID : official publication of the International Society for Infectious Diseases", "first": "Liu F", "last": "Zhang J"}, "evidence": "During the period of lower eosinophil, SARS-CoV-2-RNA presented positive, and after eosinophil increased to normal, SARS-CoV-2- RNA turned to negative within 5 days, except for patient 6 (11 days).", "line": 90, "relation": "negativeCorrelation"}
a(TAX:"Severe acute respiratory syndrome coronavirus 2")	negativeCorrelation	a(MESH:Eosinophils)	{"annotations": {"Custom_Disease": {"COVID-19": true}, "PublicationStatus": {"Published": true}, "PublicationType": {"Research": true}, "Section": {"Results": true}, "Species": {"9606": true}}, "citation": {"authors": ["Liu F", "Pan K", "Xu A", "Xuan W", "Yan T", "Yu W", "Zhang J", "Zhang Y"], "date": "2020-03-12", "db": "PubMed", "db_id": "32173576", "db_name": "International journal of infectious diseases : IJID : official publication of the International Society for Infectious Diseases", "first": "Liu F", "last": "Zhang J"}, "evidence": "During the period of lower eosinophil, SARS-CoV-2-RNA presented positive, and after eosinophil increased to normal, SARS-CoV-2- RNA turned to negative within 5 days, except for patient 6 (11 days).", "line": 90, "relation": "negativeCorrelation"}
a(TAX:"Severe acute respiratory syndrome coronavirus 2")	association	path(DO:"COVID-19")	{"annotations": {"Custom_Disease": {"COVID-19": true}, "PublicationStatus": {"Published": true}, "PublicationType": {"Research": true}, "Section": {"Results": true}, "Species": {"9606": true}}, "citation": {"authors": ["Liu F", "Pan K", "Xu A", "Xuan W", "Yan T", "Yu W", "Zhang J", "Zhang Y"], "date": "2020-03-12", "db": "PubMed", "db_id": "32173576", "db_name": "International journal of infectious diseases : IJID : official publication of the International Society for Infectious Diseases", "first": "Liu F", "last": "Zhang J"}, "evidence": "During the period of lower eosinophil, SARS-CoV-2-RNA presented positive, and after eosinophil increased to normal, SARS-CoV-2- RNA turned to negative within 5 days, except for patient 6 (11 days).", "line": 91, "relation": "association"}
composite(a(CHEBI:lopinavir), a(MESH:"interferon alfa-2b"))	positiveCorrelation	path(DO:diarrhea)	{"annotations": {"Custom_Disease": {"COVID-19": true}, "PublicationStatus": {"Published": true}, "PublicationType": {"Research": true}, "Section": {"Results": true}, "Species": {"9606": true}}, "citation": {"authors": ["Liu F", "Pan K", "Xu A", "Xuan W", "Yan T", "Yu W", "Zhang J", "Zhang Y"], "date": "2020-03-12", "db": "PubMed", "db_id": "32173576", "db_name": "International journal of infectious diseases : IJID : official publication of the International Society for Infectious Diseases", "first": "Liu F", "last": "Zhang J"}, "evidence": "Patients 1 and 2 had severe digestive adverse effect (diarrhea and emesis) and hypokalemia within four days of treatment (LPV + interferon \u03b12b).", "line": 104, "relation": "positiveCorrelation"}
composite(a(CHEBI:lopinavir), a(MESH:"interferon alfa-2b"))	positiveCorrelation	path(MESH:Vomiting)	{"annotations": {"Custom_Disease": {"COVID-19": true}, "PublicationStatus": {"Published": true}, "PublicationType": {"Research": true}, "Section": {"Results": true}, "Species": {"9606": true}}, "citation": {"authors": ["Liu F", "Pan K", "Xu A", "Xuan W", "Yan T", "Yu W", "Zhang J", "Zhang Y"], "date": "2020-03-12", "db": "PubMed", "db_id": "32173576", "db_name": "International journal of infectious diseases : IJID : official publication of the International Society for Infectious Diseases", "first": "Liu F", "last": "Zhang J"}, "evidence": "Patients 1 and 2 had severe digestive adverse effect (diarrhea and emesis) and hypokalemia within four days of treatment (LPV + interferon \u03b12b).", "line": 105, "relation": "positiveCorrelation"}
composite(a(CHEBI:lopinavir), a(MESH:"interferon alfa-2b"))	positiveCorrelation	path(DO:hypokalemia)	{"annotations": {"Custom_Disease": {"COVID-19": true}, "PublicationStatus": {"Published": true}, "PublicationType": {"Research": true}, "Section": {"Results": true}, "Species": {"9606": true}}, "citation": {"authors": ["Liu F", "Pan K", "Xu A", "Xuan W", "Yan T", "Yu W", "Zhang J", "Zhang Y"], "date": "2020-03-12", "db": "PubMed", "db_id": "32173576", "db_name": "International journal of infectious diseases : IJID : official publication of the International Society for Infectious Diseases", "first": "Liu F", "last": "Zhang J"}, "evidence": "Patients 1 and 2 had severe digestive adverse effect (diarrhea and emesis) and hypokalemia within four days of treatment (LPV + interferon \u03b12b).", "line": 106, "relation": "positiveCorrelation"}
composite(a(CHEBI:lopinavir), a(MESH:"interferon alfa-2b"))	decreases	path(HP:"Ground-glass opacification on pulmonary HRCT")	{"annotations": {"Custom_Disease": {"COVID-19": true}, "PublicationStatus": {"Published": true}, "PublicationType": {"Research": true}, "Section": {"Results": true}, "Species": {"9606": true}, "Technique": {"computed tomography": true}}, "citation": {"authors": ["Liu F", "Pan K", "Xu A", "Xuan W", "Yan T", "Yu W", "Zhang J", "Zhang Y"], "date": "2020-03-12", "db": "PubMed", "db_id": "32173576", "db_name": "International journal of infectious diseases : IJID : official publication of the International Society for Infectious Diseases", "first": "Liu F", "last": "Zhang J"}, "evidence": "The opacities on CT images of patients 4, 5, 9 and 10 improved persistently after eight, seven, six and seven days of LPV-combined regimen exposure, respectively.", "line": 113, "relation": "decreases"}
p(HGNC:CRP)	positiveCorrelation	path(DO:"COVID-19")	{"annotations": {"Custom_Disease": {"COVID-19": true}, "PublicationStatus": {"Published": true}, "PublicationType": {"Research": true}, "Section": {"Results": true}, "Species": {"9606": true}}, "citation": {"authors": ["Liu F", "Pan K", "Xu A", "Xuan W", "Yan T", "Yu W", "Zhang J", "Zhang Y"], "date": "2020-03-12", "db": "PubMed", "db_id": "32173576", "db_name": "International journal of infectious diseases : IJID : official publication of the International Society for Infectious Diseases", "first": "Liu F", "last": "Zhang J"}, "evidence": "Most values of C-reactive protein (CRP, normal range: 0\u201310 mg/L) were above the upper bound of normal range, and over half of the fibrinogen levels (FIB, normal range: 1.8\u20133.5 g/L) were high during the observed period (Figure 3).", "line": 98, "relation": "positiveCorrelation"}
path(DO:"COVID-19")	positiveCorrelation	path(MESH:Cough)	{"annotations": {"Custom_Disease": {"COVID-19": true}, "PublicationStatus": {"Published": true}, "PublicationType": {"Research": true}, "Section": {"Results": true}, "Species": {"9606": true}}, "citation": {"authors": ["Liu F", "Pan K", "Xu A", "Xuan W", "Yan T", "Yu W", "Zhang J", "Zhang Y"], "date": "2020-03-12", "db": "PubMed", "db_id": "32173576", "db_name": "International journal of infectious diseases : IJID : official publication of the International Society for Infectious Diseases", "first": "Liu F", "last": "Zhang J"}, "evidence": "Most patients presented cough and fever (mainly low fever, temperature ranges from 37.3 to 38.0) (Table 1). Four patients had the symptom of productive cough (white phlegm) and sore throat. Three patients reported headache and nausea. One patient only existed chest congestion (patient 7).", "line": 51, "relation": "positiveCorrelation"}
path(DO:"COVID-19")	positiveCorrelation	path(MESH:Fever)	{"annotations": {"Custom_Disease": {"COVID-19": true}, "PublicationStatus": {"Published": true}, "PublicationType": {"Research": true}, "Section": {"Results": true}, "Species": {"9606": true}}, "citation": {"authors": ["Liu F", "Pan K", "Xu A", "Xuan W", "Yan T", "Yu W", "Zhang J", "Zhang Y"], "date": "2020-03-12", "db": "PubMed", "db_id": "32173576", "db_name": "International journal of infectious diseases : IJID : official publication of the International Society for Infectious Diseases", "first": "Liu F", "last": "Zhang J"}, "evidence": "Most patients presented cough and fever (mainly low fever, temperature ranges from 37.3 to 38.0) (Table 1). Four patients had the symptom of productive cough (white phlegm) and sore throat. Three patients reported headache and nausea. One patient only existed chest congestion (patient 7).", "line": 52, "relation": "positiveCorrelation"}
path(DO:"COVID-19")	positiveCorrelation	path(HP:phlegm)	{"annotations": {"Custom_Disease": {"COVID-19": true}, "PublicationStatus": {"Published": true}, "PublicationType": {"Research": true}, "Section": {"Results": true}, "Species": {"9606": true}}, "citation": {"authors": ["Liu F", "Pan K", "Xu A", "Xuan W", "Yan T", "Yu W", "Zhang J", "Zhang Y"], "date": "2020-03-12", "db": "PubMed", "db_id": "32173576", "db_name": "International journal of infectious diseases : IJID : official publication of the International Society for Infectious Diseases", "first": "Liu F", "last": "Zhang J"}, "evidence": "Most patients presented cough and fever (mainly low fever, temperature ranges from 37.3 to 38.0) (Table 1). Four patients had the symptom of productive cough (white phlegm) and sore throat. Three patients reported headache and nausea. One patient only existed chest congestion (patient 7).", "line": 53, "relation": "positiveCorrelation"}
path(DO:"COVID-19")	positiveCorrelation	path(MESH:Headache)	{"annotations": {"Custom_Disease": {"COVID-19": true}, "PublicationStatus": {"Published": true}, "PublicationType": {"Research": true}, "Section": {"Results": true}, "Species": {"9606": true}}, "citation": {"authors": ["Liu F", "Pan K", "Xu A", "Xuan W", "Yan T", "Yu W", "Zhang J", "Zhang Y"], "date": "2020-03-12", "db": "PubMed", "db_id": "32173576", "db_name": "International journal of infectious diseases : IJID : official publication of the International Society for Infectious Diseases", "first": "Liu F", "last": "Zhang J"}, "evidence": "Most patients presented cough and fever (mainly low fever, temperature ranges from 37.3 to 38.0) (Table 1). Four patients had the symptom of productive cough (white phlegm) and sore throat. Three patients reported headache and nausea. One patient only existed chest congestion (patient 7).", "line": 54, "relation": "positiveCorrelation"}
path(DO:"COVID-19")	positiveCorrelation	path(MESH:Nausea)	{"annotations": {"Custom_Disease": {"COVID-19": true}, "PublicationStatus": {"Published": true}, "PublicationType": {"Research": true}, "Section": {"Results": true}, "Species": {"9606": true}}, "citation": {"authors": ["Liu F", "Pan K", "Xu A", "Xuan W", "Yan T", "Yu W", "Zhang J", "Zhang Y"], "date": "2020-03-12", "db": "PubMed", "db_id": "32173576", "db_name": "International journal of infectious diseases : IJID : official publication of the International Society for Infectious Diseases", "first": "Liu F", "last": "Zhang J"}, "evidence": "Most patients presented cough and fever (mainly low fever, temperature ranges from 37.3 to 38.0) (Table 1). Four patients had the symptom of productive cough (white phlegm) and sore throat. Three patients reported headache and nausea. One patient only existed chest congestion (patient 7).", "line": 55, "relation": "positiveCorrelation"}
path(DO:"COVID-19")	positiveCorrelation	path(MESH:Leukopenia)	{"annotations": {"Custom_Disease": {"COVID-19": true}, "PublicationStatus": {"Published": true}, "PublicationType": {"Research": true}, "Section": {"Results": true}, "Species": {"9606": true}}, "citation": {"authors": ["Liu F", "Pan K", "Xu A", "Xuan W", "Yan T", "Yu W", "Zhang J", "Zhang Y"], "date": "2020-03-12", "db": "PubMed", "db_id": "32173576", "db_name": "International journal of infectious diseases : IJID : official publication of the International Society for Infectious Diseases", "first": "Liu F", "last": "Zhang J"}, "evidence": "Leukopenia (less than 3.5\u00d710 9 leucocytes per liter) and lymphopenia (less than 1.1\u00d710 9 lymphocytes per liter) were observed in two patients, respectively.", "line": 61, "relation": "positiveCorrelation"}
path(DO:"COVID-19")	positiveCorrelation	path(MESH:Lymphopenia)	{"annotations": {"Custom_Disease": {"COVID-19": true}, "PublicationStatus": {"Published": true}, "PublicationType": {"Research": true}, "Section": {"Results": true}, "Species": {"9606": true}}, "citation": {"authors": ["Liu F", "Pan K", "Xu A", "Xuan W", "Yan T", "Yu W", "Zhang J", "Zhang Y"], "date": "2020-03-12", "db": "PubMed", "db_id": "32173576", "db_name": "International journal of infectious diseases : IJID : official publication of the International Society for Infectious Diseases", "first": "Liu F", "last": "Zhang J"}, "evidence": "Leukopenia (less than 3.5\u00d710 9 leucocytes per liter) and lymphopenia (less than 1.1\u00d710 9 lymphocytes per liter) were observed in two patients, respectively.", "line": 62, "relation": "positiveCorrelation"}
path(DO:"COVID-19")	positiveCorrelation	path(HP:"Ground-glass opacification on pulmonary HRCT")	{"annotations": {"Custom_Disease": {"COVID-19": true}, "PublicationStatus": {"Published": true}, "PublicationType": {"Research": true}, "Section": {"Results": true}, "Species": {"9606": true}, "Technique": {"computed tomography": true}}, "citation": {"authors": ["Liu F", "Pan K", "Xu A", "Xuan W", "Yan T", "Yu W", "Zhang J", "Zhang Y"], "date": "2020-03-12", "db": "PubMed", "db_id": "32173576", "db_name": "International journal of infectious diseases : IJID : official publication of the International Society for Infectious Diseases", "first": "Liu F", "last": "Zhang J"}, "evidence": "The main abnormalities in chest CT images were air-space shadowing: patchy ground-glass opacities (in patients 2, 3, 6 and 9) (Figure 2A) or patchy hyperdense areas (patients 1, 4, 5, 8 and 10) (Figure 2B) on the initial chest radiograph. The radiographic opacities were mostly in the lower lung zones (patients 1, 2, 3, 4, 5, 6, 8 and 9).", "line": 71, "relation": "positiveCorrelation"}
path(DO:"COVID-19")	positiveCorrelation	path(MESH:"Pleural Effusion")	{"annotations": {"Custom_Disease": {"COVID-19": true}, "MeSHAnatomy": {"Lung": true}, "PublicationStatus": {"Published": true}, "PublicationType": {"Research": true}, "Section": {"Results": true}, "Species": {"9606": true}}, "citation": {"authors": ["Liu F", "Pan K", "Xu A", "Xuan W", "Yan T", "Yu W", "Zhang J", "Zhang Y"], "date": "2020-03-12", "db": "PubMed", "db_id": "32173576", "db_name": "International journal of infectious diseases : IJID : official publication of the International Society for Infectious Diseases", "first": "Liu F", "last": "Zhang J"}, "evidence": "Patient 6 presented with pleural effusions.", "line": 77, "relation": "positiveCorrelation"}
path(DO:"COVID-19")	negativeCorrelation	a(MESH:Eosinophils)	{"annotations": {"Custom_Disease": {"COVID-19": true}, "PublicationStatus": {"Published": true}, "PublicationType": {"Research": true}, "Section": {"Results": true}, "Species": {"9606": true}}, "citation": {"authors": ["Liu F", "Pan K", "Xu A", "Xuan W", "Yan T", "Yu W", "Zhang J", "Zhang Y"], "date": "2020-03-12", "db": "PubMed", "db_id": "32173576", "db_name": "International journal of infectious diseases : IJID : official publication of the International Society for Infectious Diseases", "first": "Liu F", "last": "Zhang J"}, "evidence": "The eosinophil values of patients 1, 2 and 3 were all less than the lower bound of normal range before they were transferred to the First Affiliated Hospital of Zhejiang University (Figure 4).", "line": 84, "relation": "negativeCorrelation"}
path(DO:"COVID-19")	association	a(TAX:"Severe acute respiratory syndrome coronavirus 2")	{"annotations": {"Custom_Disease": {"COVID-19": true}, "PublicationStatus": {"Published": true}, "PublicationType": {"Research": true}, "Section": {"Results": true}, "Species": {"9606": true}}, "citation": {"authors": ["Liu F", "Pan K", "Xu A", "Xuan W", "Yan T", "Yu W", "Zhang J", "Zhang Y"], "date": "2020-03-12", "db": "PubMed", "db_id": "32173576", "db_name": "International journal of infectious diseases : IJID : official publication of the International Society for Infectious Diseases", "first": "Liu F", "last": "Zhang J"}, "evidence": "During the period of lower eosinophil, SARS-CoV-2-RNA presented positive, and after eosinophil increased to normal, SARS-CoV-2- RNA turned to negative within 5 days, except for patient 6 (11 days).", "line": 91, "relation": "association"}
path(DO:"COVID-19")	positiveCorrelation	p(HGNC:CRP)	{"annotations": {"Custom_Disease": {"COVID-19": true}, "PublicationStatus": {"Published": true}, "PublicationType": {"Research": true}, "Section": {"Results": true}, "Species": {"9606": true}}, "citation": {"authors": ["Liu F", "Pan K", "Xu A", "Xuan W", "Yan T", "Yu W", "Zhang J", "Zhang Y"], "date": "2020-03-12", "db": "PubMed", "db_id": "32173576", "db_name": "International journal of infectious diseases : IJID : official publication of the International Society for Infectious Diseases", "first": "Liu F", "last": "Zhang J"}, "evidence": "Most values of C-reactive protein (CRP, normal range: 0\u201310 mg/L) were above the upper bound of normal range, and over half of the fibrinogen levels (FIB, normal range: 1.8\u20133.5 g/L) were high during the observed period (Figure 3).", "line": 98, "relation": "positiveCorrelation"}
path(DO:diarrhea)	positiveCorrelation	composite(a(CHEBI:lopinavir), a(MESH:"interferon alfa-2b"))	{"annotations": {"Custom_Disease": {"COVID-19": true}, "PublicationStatus": {"Published": true}, "PublicationType": {"Research": true}, "Section": {"Results": true}, "Species": {"9606": true}}, "citation": {"authors": ["Liu F", "Pan K", "Xu A", "Xuan W", "Yan T", "Yu W", "Zhang J", "Zhang Y"], "date": "2020-03-12", "db": "PubMed", "db_id": "32173576", "db_name": "International journal of infectious diseases : IJID : official publication of the International Society for Infectious Diseases", "first": "Liu F", "last": "Zhang J"}, "evidence": "Patients 1 and 2 had severe digestive adverse effect (diarrhea and emesis) and hypokalemia within four days of treatment (LPV + interferon \u03b12b).", "line": 104, "relation": "positiveCorrelation"}
path(DO:hypokalemia)	positiveCorrelation	composite(a(CHEBI:lopinavir), a(MESH:"interferon alfa-2b"))	{"annotations": {"Custom_Disease": {"COVID-19": true}, "PublicationStatus": {"Published": true}, "PublicationType": {"Research": true}, "Section": {"Results": true}, "Species": {"9606": true}}, "citation": {"authors": ["Liu F", "Pan K", "Xu A", "Xuan W", "Yan T", "Yu W", "Zhang J", "Zhang Y"], "date": "2020-03-12", "db": "PubMed", "db_id": "32173576", "db_name": "International journal of infectious diseases : IJID : official publication of the International Society for Infectious Diseases", "first": "Liu F", "last": "Zhang J"}, "evidence": "Patients 1 and 2 had severe digestive adverse effect (diarrhea and emesis) and hypokalemia within four days of treatment (LPV + interferon \u03b12b).", "line": 106, "relation": "positiveCorrelation"}
path(HP:"Ground-glass opacification on pulmonary HRCT")	positiveCorrelation	path(DO:"COVID-19")	{"annotations": {"Custom_Disease": {"COVID-19": true}, "PublicationStatus": {"Published": true}, "PublicationType": {"Research": true}, "Section": {"Results": true}, "Species": {"9606": true}, "Technique": {"computed tomography": true}}, "citation": {"authors": ["Liu F", "Pan K", "Xu A", "Xuan W", "Yan T", "Yu W", "Zhang J", "Zhang Y"], "date": "2020-03-12", "db": "PubMed", "db_id": "32173576", "db_name": "International journal of infectious diseases : IJID : official publication of the International Society for Infectious Diseases", "first": "Liu F", "last": "Zhang J"}, "evidence": "The main abnormalities in chest CT images were air-space shadowing: patchy ground-glass opacities (in patients 2, 3, 6 and 9) (Figure 2A) or patchy hyperdense areas (patients 1, 4, 5, 8 and 10) (Figure 2B) on the initial chest radiograph. The radiographic opacities were mostly in the lower lung zones (patients 1, 2, 3, 4, 5, 6, 8 and 9).", "line": 71, "relation": "positiveCorrelation"}
path(HP:phlegm)	positiveCorrelation	path(DO:"COVID-19")	{"annotations": {"Custom_Disease": {"COVID-19": true}, "PublicationStatus": {"Published": true}, "PublicationType": {"Research": true}, "Section": {"Results": true}, "Species": {"9606": true}}, "citation": {"authors": ["Liu F", "Pan K", "Xu A", "Xuan W", "Yan T", "Yu W", "Zhang J", "Zhang Y"], "date": "2020-03-12", "db": "PubMed", "db_id": "32173576", "db_name": "International journal of infectious diseases : IJID : official publication of the International Society for Infectious Diseases", "first": "Liu F", "last": "Zhang J"}, "evidence": "Most patients presented cough and fever (mainly low fever, temperature ranges from 37.3 to 38.0) (Table 1). Four patients had the symptom of productive cough (white phlegm) and sore throat. Three patients reported headache and nausea. One patient only existed chest congestion (patient 7).", "line": 53, "relation": "positiveCorrelation"}
path(MESH:"Pleural Effusion")	positiveCorrelation	path(DO:"COVID-19")	{"annotations": {"Custom_Disease": {"COVID-19": true}, "MeSHAnatomy": {"Lung": true}, "PublicationStatus": {"Published": true}, "PublicationType": {"Research": true}, "Section": {"Results": true}, "Species": {"9606": true}}, "citation": {"authors": ["Liu F", "Pan K", "Xu A", "Xuan W", "Yan T", "Yu W", "Zhang J", "Zhang Y"], "date": "2020-03-12", "db": "PubMed", "db_id": "32173576", "db_name": "International journal of infectious diseases : IJID : official publication of the International Society for Infectious Diseases", "first": "Liu F", "last": "Zhang J"}, "evidence": "Patient 6 presented with pleural effusions.", "line": 77, "relation": "positiveCorrelation"}
path(MESH:Cough)	positiveCorrelation	path(DO:"COVID-19")	{"annotations": {"Custom_Disease": {"COVID-19": true}, "PublicationStatus": {"Published": true}, "PublicationType": {"Research": true}, "Section": {"Results": true}, "Species": {"9606": true}}, "citation": {"authors": ["Liu F", "Pan K", "Xu A", "Xuan W", "Yan T", "Yu W", "Zhang J", "Zhang Y"], "date": "2020-03-12", "db": "PubMed", "db_id": "32173576", "db_name": "International journal of infectious diseases : IJID : official publication of the International Society for Infectious Diseases", "first": "Liu F", "last": "Zhang J"}, "evidence": "Most patients presented cough and fever (mainly low fever, temperature ranges from 37.3 to 38.0) (Table 1). Four patients had the symptom of productive cough (white phlegm) and sore throat. Three patients reported headache and nausea. One patient only existed chest congestion (patient 7).", "line": 51, "relation": "positiveCorrelation"}
path(MESH:Fever)	positiveCorrelation	path(DO:"COVID-19")	{"annotations": {"Custom_Disease": {"COVID-19": true}, "PublicationStatus": {"Published": true}, "PublicationType": {"Research": true}, "Section": {"Results": true}, "Species": {"9606": true}}, "citation": {"authors": ["Liu F", "Pan K", "Xu A", "Xuan W", "Yan T", "Yu W", "Zhang J", "Zhang Y"], "date": "2020-03-12", "db": "PubMed", "db_id": "32173576", "db_name": "International journal of infectious diseases : IJID : official publication of the International Society for Infectious Diseases", "first": "Liu F", "last": "Zhang J"}, "evidence": "Most patients presented cough and fever (mainly low fever, temperature ranges from 37.3 to 38.0) (Table 1). Four patients had the symptom of productive cough (white phlegm) and sore throat. Three patients reported headache and nausea. One patient only existed chest congestion (patient 7).", "line": 52, "relation": "positiveCorrelation"}
path(MESH:Headache)	positiveCorrelation	path(DO:"COVID-19")	{"annotations": {"Custom_Disease": {"COVID-19": true}, "PublicationStatus": {"Published": true}, "PublicationType": {"Research": true}, "Section": {"Results": true}, "Species": {"9606": true}}, "citation": {"authors": ["Liu F", "Pan K", "Xu A", "Xuan W", "Yan T", "Yu W", "Zhang J", "Zhang Y"], "date": "2020-03-12", "db": "PubMed", "db_id": "32173576", "db_name": "International journal of infectious diseases : IJID : official publication of the International Society for Infectious Diseases", "first": "Liu F", "last": "Zhang J"}, "evidence": "Most patients presented cough and fever (mainly low fever, temperature ranges from 37.3 to 38.0) (Table 1). Four patients had the symptom of productive cough (white phlegm) and sore throat. Three patients reported headache and nausea. One patient only existed chest congestion (patient 7).", "line": 54, "relation": "positiveCorrelation"}
path(MESH:Leukopenia)	positiveCorrelation	path(DO:"COVID-19")	{"annotations": {"Custom_Disease": {"COVID-19": true}, "PublicationStatus": {"Published": true}, "PublicationType": {"Research": true}, "Section": {"Results": true}, "Species": {"9606": true}}, "citation": {"authors": ["Liu F", "Pan K", "Xu A", "Xuan W", "Yan T", "Yu W", "Zhang J", "Zhang Y"], "date": "2020-03-12", "db": "PubMed", "db_id": "32173576", "db_name": "International journal of infectious diseases : IJID : official publication of the International Society for Infectious Diseases", "first": "Liu F", "last": "Zhang J"}, "evidence": "Leukopenia (less than 3.5\u00d710 9 leucocytes per liter) and lymphopenia (less than 1.1\u00d710 9 lymphocytes per liter) were observed in two patients, respectively.", "line": 61, "relation": "positiveCorrelation"}
path(MESH:Lymphopenia)	positiveCorrelation	path(DO:"COVID-19")	{"annotations": {"Custom_Disease": {"COVID-19": true}, "PublicationStatus": {"Published": true}, "PublicationType": {"Research": true}, "Section": {"Results": true}, "Species": {"9606": true}}, "citation": {"authors": ["Liu F", "Pan K", "Xu A", "Xuan W", "Yan T", "Yu W", "Zhang J", "Zhang Y"], "date": "2020-03-12", "db": "PubMed", "db_id": "32173576", "db_name": "International journal of infectious diseases : IJID : official publication of the International Society for Infectious Diseases", "first": "Liu F", "last": "Zhang J"}, "evidence": "Leukopenia (less than 3.5\u00d710 9 leucocytes per liter) and lymphopenia (less than 1.1\u00d710 9 lymphocytes per liter) were observed in two patients, respectively.", "line": 62, "relation": "positiveCorrelation"}
path(MESH:Nausea)	positiveCorrelation	path(DO:"COVID-19")	{"annotations": {"Custom_Disease": {"COVID-19": true}, "PublicationStatus": {"Published": true}, "PublicationType": {"Research": true}, "Section": {"Results": true}, "Species": {"9606": true}}, "citation": {"authors": ["Liu F", "Pan K", "Xu A", "Xuan W", "Yan T", "Yu W", "Zhang J", "Zhang Y"], "date": "2020-03-12", "db": "PubMed", "db_id": "32173576", "db_name": "International journal of infectious diseases : IJID : official publication of the International Society for Infectious Diseases", "first": "Liu F", "last": "Zhang J"}, "evidence": "Most patients presented cough and fever (mainly low fever, temperature ranges from 37.3 to 38.0) (Table 1). Four patients had the symptom of productive cough (white phlegm) and sore throat. Three patients reported headache and nausea. One patient only existed chest congestion (patient 7).", "line": 55, "relation": "positiveCorrelation"}
path(MESH:Vomiting)	positiveCorrelation	composite(a(CHEBI:lopinavir), a(MESH:"interferon alfa-2b"))	{"annotations": {"Custom_Disease": {"COVID-19": true}, "PublicationStatus": {"Published": true}, "PublicationType": {"Research": true}, "Section": {"Results": true}, "Species": {"9606": true}}, "citation": {"authors": ["Liu F", "Pan K", "Xu A", "Xuan W", "Yan T", "Yu W", "Zhang J", "Zhang Y"], "date": "2020-03-12", "db": "PubMed", "db_id": "32173576", "db_name": "International journal of infectious diseases : IJID : official publication of the International Society for Infectious Diseases", "first": "Liu F", "last": "Zhang J"}, "evidence": "Patients 1 and 2 had severe digestive adverse effect (diarrhea and emesis) and hypokalemia within four days of treatment (LPV + interferon \u03b12b).", "line": 105, "relation": "positiveCorrelation"}
