a(CHEBI:chloroquine)	decreases	path(DO:malaria)	{"annotations": {"PublicationStatus": {"Preprint": true}, "PublicationType": {"Editorial": true}, "Section": {"Full Text": true}}, "citation": {"authors": ["Baron SA", "Colson P", "Devaux C", "Raoult D", "Rolain JM"], "date": "2020-03-13", "db": "PubMed", "db_id": "32179150", "db_name": "International journal of antimicrobial agents", "first": "Baron SA", "last": "Rolain JM", "pages": "105944"}, "evidence": "Chloroquine/hydroxychloroquine, a front-line drug used in the treatment and prophylaxis of malaria also used in autoimmune disease had been shown to inhibit the replication of several DNA and RNA viruses, including most of human coronaviruses", "line": 100, "relation": "decreases"}
a(CHEBI:chloroquine)	negativeCorrelation	path(DO:malaria)	{"citation": {"authors": ["Baron SA", "Colson P", "Devaux C", "Raoult D", "Rolain JM"], "date": "2020-03-13", "db": "PubMed", "db_id": "32179150", "db_name": "International journal of antimicrobial agents", "first": "Baron SA", "last": "Rolain JM", "pages": "105944"}, "evidence": "Chloroquine/hydroxychloroquine, a front-line drug used in the treatment and prophylaxis of malaria also used in autoimmune disease had been shown to inhibit the replication of several DNA and RNA viruses, including most of human coronaviruses [3].", "line": 154, "relation": "negativeCorrelation"}
a(CHEBI:chloroquine)	decreases	path(MESH:"Autoimmune Diseases")	{"annotations": {"PublicationStatus": {"Preprint": true}, "PublicationType": {"Editorial": true}, "Section": {"Full Text": true}}, "citation": {"authors": ["Baron SA", "Colson P", "Devaux C", "Raoult D", "Rolain JM"], "date": "2020-03-13", "db": "PubMed", "db_id": "32179150", "db_name": "International journal of antimicrobial agents", "first": "Baron SA", "last": "Rolain JM", "pages": "105944"}, "evidence": "Chloroquine/hydroxychloroquine, a front-line drug used in the treatment and prophylaxis of malaria also used in autoimmune disease had been shown to inhibit the replication of several DNA and RNA viruses, including most of human coronaviruses", "line": 102, "relation": "decreases"}
a(CHEBI:chloroquine)	decreases	path(MESH:"Virus Replication")	{"annotations": {"PublicationStatus": {"Preprint": true}, "PublicationType": {"Editorial": true}, "Section": {"Full Text": true}}, "citation": {"authors": ["Baron SA", "Colson P", "Devaux C", "Raoult D", "Rolain JM"], "date": "2020-03-13", "db": "PubMed", "db_id": "32179150", "db_name": "International journal of antimicrobial agents", "first": "Baron SA", "last": "Rolain JM", "pages": "105944"}, "evidence": "Chloroquine/hydroxychloroquine, a front-line drug used in the treatment and prophylaxis of malaria also used in autoimmune disease had been shown to inhibit the replication of several DNA and RNA viruses, including most of human coronaviruses", "line": 104, "relation": "decreases"}
a(CHEBI:chloroquine)	decreases	a(TAX:"Severe acute respiratory syndrome coronavirus 2")	{"annotations": {"PublicationStatus": {"Preprint": true}, "PublicationType": {"Editorial": true}, "Section": {"Full Text": true}}, "citation": {"authors": ["Baron SA", "Colson P", "Devaux C", "Raoult D", "Rolain JM"], "date": "2020-03-13", "db": "PubMed", "db_id": "32179150", "db_name": "International journal of antimicrobial agents", "first": "Baron SA", "last": "Rolain JM", "pages": "105944"}, "evidence": "Recently, chloroquine was found to inhibit SARS-CoV-2 in vitro and its hydroxylated form has been proposed as a possible therapy to treat patients infected with SARS-CoV-2 [4,5].", "line": 108, "relation": "decreases"}
a(CHEBI:chloroquine)	negativeCorrelation	path(EFO:"autoimmune disease")	{"citation": {"authors": ["Baron SA", "Colson P", "Devaux C", "Raoult D", "Rolain JM"], "date": "2020-03-13", "db": "PubMed", "db_id": "32179150", "db_name": "International journal of antimicrobial agents", "first": "Baron SA", "last": "Rolain JM", "pages": "105944"}, "evidence": "Chloroquine/hydroxychloroquine, a front-line drug used in the treatment and prophylaxis of malaria also used in autoimmune disease had been shown to inhibit the replication of several DNA and RNA viruses, including most of human coronaviruses [3].", "line": 156, "relation": "negativeCorrelation"}
a(CHEBI:chloroquine)	decreases	bp(GOBP:"viral genome replication")	{"citation": {"authors": ["Baron SA", "Colson P", "Devaux C", "Raoult D", "Rolain JM"], "date": "2020-03-13", "db": "PubMed", "db_id": "32179150", "db_name": "International journal of antimicrobial agents", "first": "Baron SA", "last": "Rolain JM", "pages": "105944"}, "evidence": "Chloroquine/hydroxychloroquine, a front-line drug used in the treatment and prophylaxis of malaria also used in autoimmune disease had been shown to inhibit the replication of several DNA and RNA viruses, including most of human coronaviruses [3].", "line": 158, "relation": "decreases"}
a(CHEBI:chloroquine)	decreases	path(DO:"COVID-19")	{"citation": {"authors": ["Baron SA", "Colson P", "Devaux C", "Raoult D", "Rolain JM"], "date": "2020-03-13", "db": "PubMed", "db_id": "32179150", "db_name": "International journal of antimicrobial agents", "first": "Baron SA", "last": "Rolain JM", "pages": "105944"}, "evidence": "Recently, chloroquine was found to inhibit SARS-CoV-2 in vitro and its hydroxylated form has been proposed as a possible therapy to treat patients infected with SARS-CoV-2 [4,5].", "line": 165, "relation": "decreases"}
a(CHEBI:hydroxychloroquine)	decreases	path(DO:malaria)	{"annotations": {"PublicationStatus": {"Preprint": true}, "PublicationType": {"Editorial": true}, "Section": {"Full Text": true}}, "citation": {"authors": ["Baron SA", "Colson P", "Devaux C", "Raoult D", "Rolain JM"], "date": "2020-03-13", "db": "PubMed", "db_id": "32179150", "db_name": "International journal of antimicrobial agents", "first": "Baron SA", "last": "Rolain JM", "pages": "105944"}, "evidence": "Chloroquine/hydroxychloroquine, a front-line drug used in the treatment and prophylaxis of malaria also used in autoimmune disease had been shown to inhibit the replication of several DNA and RNA viruses, including most of human coronaviruses", "line": 101, "relation": "decreases"}
a(CHEBI:hydroxychloroquine)	negativeCorrelation	path(DO:malaria)	{"citation": {"authors": ["Baron SA", "Colson P", "Devaux C", "Raoult D", "Rolain JM"], "date": "2020-03-13", "db": "PubMed", "db_id": "32179150", "db_name": "International journal of antimicrobial agents", "first": "Baron SA", "last": "Rolain JM", "pages": "105944"}, "evidence": "Chloroquine/hydroxychloroquine, a front-line drug used in the treatment and prophylaxis of malaria also used in autoimmune disease had been shown to inhibit the replication of several DNA and RNA viruses, including most of human coronaviruses [3].", "line": 155, "relation": "negativeCorrelation"}
a(CHEBI:hydroxychloroquine)	decreases	path(MESH:"Autoimmune Diseases")	{"annotations": {"PublicationStatus": {"Preprint": true}, "PublicationType": {"Editorial": true}, "Section": {"Full Text": true}}, "citation": {"authors": ["Baron SA", "Colson P", "Devaux C", "Raoult D", "Rolain JM"], "date": "2020-03-13", "db": "PubMed", "db_id": "32179150", "db_name": "International journal of antimicrobial agents", "first": "Baron SA", "last": "Rolain JM", "pages": "105944"}, "evidence": "Chloroquine/hydroxychloroquine, a front-line drug used in the treatment and prophylaxis of malaria also used in autoimmune disease had been shown to inhibit the replication of several DNA and RNA viruses, including most of human coronaviruses", "line": 103, "relation": "decreases"}
a(CHEBI:hydroxychloroquine)	decreases	path(MESH:"Virus Replication")	{"annotations": {"PublicationStatus": {"Preprint": true}, "PublicationType": {"Editorial": true}, "Section": {"Full Text": true}}, "citation": {"authors": ["Baron SA", "Colson P", "Devaux C", "Raoult D", "Rolain JM"], "date": "2020-03-13", "db": "PubMed", "db_id": "32179150", "db_name": "International journal of antimicrobial agents", "first": "Baron SA", "last": "Rolain JM", "pages": "105944"}, "evidence": "Chloroquine/hydroxychloroquine, a front-line drug used in the treatment and prophylaxis of malaria also used in autoimmune disease had been shown to inhibit the replication of several DNA and RNA viruses, including most of human coronaviruses", "line": 105, "relation": "decreases"}
a(CHEBI:hydroxychloroquine)	decreases	a(TAX:"Severe acute respiratory syndrome coronavirus 2")	{"annotations": {"PublicationStatus": {"Preprint": true}, "PublicationType": {"Editorial": true}, "Section": {"Full Text": true}}, "citation": {"authors": ["Baron SA", "Colson P", "Devaux C", "Raoult D", "Rolain JM"], "date": "2020-03-13", "db": "PubMed", "db_id": "32179150", "db_name": "International journal of antimicrobial agents", "first": "Baron SA", "last": "Rolain JM", "pages": "105944"}, "evidence": "Recently, chloroquine was found to inhibit SARS-CoV-2 in vitro and its hydroxylated form has been proposed as a possible therapy to treat patients infected with SARS-CoV-2 [4,5].", "line": 109, "relation": "decreases"}
a(CHEBI:hydroxychloroquine)	negativeCorrelation	path(EFO:"autoimmune disease")	{"citation": {"authors": ["Baron SA", "Colson P", "Devaux C", "Raoult D", "Rolain JM"], "date": "2020-03-13", "db": "PubMed", "db_id": "32179150", "db_name": "International journal of antimicrobial agents", "first": "Baron SA", "last": "Rolain JM", "pages": "105944"}, "evidence": "Chloroquine/hydroxychloroquine, a front-line drug used in the treatment and prophylaxis of malaria also used in autoimmune disease had been shown to inhibit the replication of several DNA and RNA viruses, including most of human coronaviruses [3].", "line": 157, "relation": "negativeCorrelation"}
a(CHEBI:hydroxychloroquine)	decreases	bp(GOBP:"viral genome replication")	{"citation": {"authors": ["Baron SA", "Colson P", "Devaux C", "Raoult D", "Rolain JM"], "date": "2020-03-13", "db": "PubMed", "db_id": "32179150", "db_name": "International journal of antimicrobial agents", "first": "Baron SA", "last": "Rolain JM", "pages": "105944"}, "evidence": "Chloroquine/hydroxychloroquine, a front-line drug used in the treatment and prophylaxis of malaria also used in autoimmune disease had been shown to inhibit the replication of several DNA and RNA viruses, including most of human coronaviruses [3].", "line": 159, "relation": "decreases"}
a(CHEBI:lopinavir)	decreases	a(TAX:"Severe acute respiratory syndrome coronavirus 2")	{"annotations": {"PublicationStatus": {"Preprint": true}, "PublicationType": {"Editorial": true}, "Section": {"Full Text": true}}, "citation": {"authors": ["Baron SA", "Colson P", "Devaux C", "Raoult D", "Rolain JM"], "date": "2020-03-13", "db": "PubMed", "db_id": "32179150", "db_name": "International journal of antimicrobial agents", "first": "Baron SA", "last": "Rolain JM", "pages": "105944"}, "evidence": "In this contest, other drug showed significant efficacy against SARS-Cov-2 in vitro such as remdesivir, lopinavir, ribavirin or ritonavir (https://drugvirus.info/) [6].", "line": 113, "relation": "decreases"}
a(CHEBI:ribavirin)	decreases	a(TAX:"Severe acute respiratory syndrome coronavirus 2")	{"annotations": {"PublicationStatus": {"Preprint": true}, "PublicationType": {"Editorial": true}, "Section": {"Full Text": true}}, "citation": {"authors": ["Baron SA", "Colson P", "Devaux C", "Raoult D", "Rolain JM"], "date": "2020-03-13", "db": "PubMed", "db_id": "32179150", "db_name": "International journal of antimicrobial agents", "first": "Baron SA", "last": "Rolain JM", "pages": "105944"}, "evidence": "In this contest, other drug showed significant efficacy against SARS-Cov-2 in vitro such as remdesivir, lopinavir, ribavirin or ritonavir (https://drugvirus.info/) [6].", "line": 114, "relation": "decreases"}
a(CHEBI:ritonavir)	decreases	a(TAX:"Severe acute respiratory syndrome coronavirus 2")	{"annotations": {"PublicationStatus": {"Preprint": true}, "PublicationType": {"Editorial": true}, "Section": {"Full Text": true}}, "citation": {"authors": ["Baron SA", "Colson P", "Devaux C", "Raoult D", "Rolain JM"], "date": "2020-03-13", "db": "PubMed", "db_id": "32179150", "db_name": "International journal of antimicrobial agents", "first": "Baron SA", "last": "Rolain JM", "pages": "105944"}, "evidence": "In this contest, other drug showed significant efficacy against SARS-Cov-2 in vitro such as remdesivir, lopinavir, ribavirin or ritonavir (https://drugvirus.info/) [6].", "line": 115, "relation": "decreases"}
a(CHEBI:teicoplanin)	decreases	a(TAX:"Severe acute respiratory syndrome coronavirus 2")	{"annotations": {"PublicationStatus": {"Preprint": true}, "PublicationType": {"Editorial": true}, "Section": {"Full Text": true}}, "citation": {"authors": ["Baron SA", "Colson P", "Devaux C", "Raoult D", "Rolain JM"], "date": "2020-03-13", "db": "PubMed", "db_id": "32179150", "db_name": "International journal of antimicrobial agents", "first": "Baron SA", "last": "Rolain JM", "pages": "105944"}, "evidence": "Teicoplanin, a glycopeptide antibiotic routinely used to treat bacterial infection was found to be active in vitro against SARS-CoV, has joined the list of molecules that could be used as therapeutic arsenal against COVID-19 [7].", "line": 118, "relation": "decreases"}
a(CHEBI:teicoplanin)	decreases	path(MESH:"Staphylococcal Infections")	{"annotations": {"PublicationStatus": {"Preprint": true}, "PublicationType": {"Editorial": true}, "Section": {"Full Text": true}}, "citation": {"authors": ["Baron SA", "Colson P", "Devaux C", "Raoult D", "Rolain JM"], "date": "2020-03-13", "db": "PubMed", "db_id": "32179150", "db_name": "International journal of antimicrobial agents", "first": "Baron SA", "last": "Rolain JM", "pages": "105944"}, "evidence": "This antibiotic, currently used in the treatment of Gram-positive bacterial infection, especially in Staphylococcal infections, has already showed efficacy against various viruses such as Ebola, influenza virus, flavivirus, hepatitis C virus, HIV virus and on coronavirus such as MERS-CoV and SARS-CoV [8,9].", "line": 121, "relation": "decreases"}
a(CHEBI:teicoplanin)	decreases	a(TAX:"Ebola virus")	{"annotations": {"PublicationStatus": {"Preprint": true}, "PublicationType": {"Editorial": true}, "Section": {"Full Text": true}}, "citation": {"authors": ["Baron SA", "Colson P", "Devaux C", "Raoult D", "Rolain JM"], "date": "2020-03-13", "db": "PubMed", "db_id": "32179150", "db_name": "International journal of antimicrobial agents", "first": "Baron SA", "last": "Rolain JM", "pages": "105944"}, "evidence": "This antibiotic, currently used in the treatment of Gram-positive bacterial infection, especially in Staphylococcal infections, has already showed efficacy against various viruses such as Ebola, influenza virus, flavivirus, hepatitis C virus, HIV virus and on coronavirus such as MERS-CoV and SARS-CoV [8,9].", "line": 122, "relation": "decreases"}
a(CHEBI:teicoplanin)	decreases	path(DO:influenza)	{"annotations": {"PublicationStatus": {"Preprint": true}, "PublicationType": {"Editorial": true}, "Section": {"Full Text": true}}, "citation": {"authors": ["Baron SA", "Colson P", "Devaux C", "Raoult D", "Rolain JM"], "date": "2020-03-13", "db": "PubMed", "db_id": "32179150", "db_name": "International journal of antimicrobial agents", "first": "Baron SA", "last": "Rolain JM", "pages": "105944"}, "evidence": "This antibiotic, currently used in the treatment of Gram-positive bacterial infection, especially in Staphylococcal infections, has already showed efficacy against various viruses such as Ebola, influenza virus, flavivirus, hepatitis C virus, HIV virus and on coronavirus such as MERS-CoV and SARS-CoV [8,9].", "line": 123, "relation": "decreases"}
a(CHEBI:teicoplanin)	decreases	a(TAX:Flavivirus)	{"annotations": {"PublicationStatus": {"Preprint": true}, "PublicationType": {"Editorial": true}, "Section": {"Full Text": true}}, "citation": {"authors": ["Baron SA", "Colson P", "Devaux C", "Raoult D", "Rolain JM"], "date": "2020-03-13", "db": "PubMed", "db_id": "32179150", "db_name": "International journal of antimicrobial agents", "first": "Baron SA", "last": "Rolain JM", "pages": "105944"}, "evidence": "This antibiotic, currently used in the treatment of Gram-positive bacterial infection, especially in Staphylococcal infections, has already showed efficacy against various viruses such as Ebola, influenza virus, flavivirus, hepatitis C virus, HIV virus and on coronavirus such as MERS-CoV and SARS-CoV [8,9].", "line": 124, "relation": "decreases"}
a(CHEBI:teicoplanin)	decreases	a(TAX:Hepacivirus)	{"annotations": {"PublicationStatus": {"Preprint": true}, "PublicationType": {"Editorial": true}, "Section": {"Full Text": true}}, "citation": {"authors": ["Baron SA", "Colson P", "Devaux C", "Raoult D", "Rolain JM"], "date": "2020-03-13", "db": "PubMed", "db_id": "32179150", "db_name": "International journal of antimicrobial agents", "first": "Baron SA", "last": "Rolain JM", "pages": "105944"}, "evidence": "This antibiotic, currently used in the treatment of Gram-positive bacterial infection, especially in Staphylococcal infections, has already showed efficacy against various viruses such as Ebola, influenza virus, flavivirus, hepatitis C virus, HIV virus and on coronavirus such as MERS-CoV and SARS-CoV [8,9].", "line": 125, "relation": "decreases"}
a(CHEBI:teicoplanin)	decreases	a(TAX:"Human immunodeficiency virus")	{"annotations": {"PublicationStatus": {"Preprint": true}, "PublicationType": {"Editorial": true}, "Section": {"Full Text": true}}, "citation": {"authors": ["Baron SA", "Colson P", "Devaux C", "Raoult D", "Rolain JM"], "date": "2020-03-13", "db": "PubMed", "db_id": "32179150", "db_name": "International journal of antimicrobial agents", "first": "Baron SA", "last": "Rolain JM", "pages": "105944"}, "evidence": "This antibiotic, currently used in the treatment of Gram-positive bacterial infection, especially in Staphylococcal infections, has already showed efficacy against various viruses such as Ebola, influenza virus, flavivirus, hepatitis C virus, HIV virus and on coronavirus such as MERS-CoV and SARS-CoV [8,9].", "line": 126, "relation": "decreases"}
a(CHEBI:teicoplanin)	decreases	a(TAX:"Severe acute respiratory syndrome-related coronavirus")	{"annotations": {"PublicationStatus": {"Preprint": true}, "PublicationType": {"Editorial": true}, "Section": {"Full Text": true}}, "citation": {"authors": ["Baron SA", "Colson P", "Devaux C", "Raoult D", "Rolain JM"], "date": "2020-03-13", "db": "PubMed", "db_id": "32179150", "db_name": "International journal of antimicrobial agents", "first": "Baron SA", "last": "Rolain JM", "pages": "105944"}, "evidence": "This antibiotic, currently used in the treatment of Gram-positive bacterial infection, especially in Staphylococcal infections, has already showed efficacy against various viruses such as Ebola, influenza virus, flavivirus, hepatitis C virus, HIV virus and on coronavirus such as MERS-CoV and SARS-CoV [8,9].", "line": 127, "relation": "decreases"}
a(CHEBI:teicoplanin)	decreases	a(TAX:"Middle East respiratory syndrome-related coronavirus")	{"annotations": {"PublicationStatus": {"Preprint": true}, "PublicationType": {"Editorial": true}, "Section": {"Full Text": true}}, "citation": {"authors": ["Baron SA", "Colson P", "Devaux C", "Raoult D", "Rolain JM"], "date": "2020-03-13", "db": "PubMed", "db_id": "32179150", "db_name": "International journal of antimicrobial agents", "first": "Baron SA", "last": "Rolain JM", "pages": "105944"}, "evidence": "This antibiotic, currently used in the treatment of Gram-positive bacterial infection, especially in Staphylococcal infections, has already showed efficacy against various viruses such as Ebola, influenza virus, flavivirus, hepatitis C virus, HIV virus and on coronavirus such as MERS-CoV and SARS-CoV [8,9].", "line": 128, "relation": "decreases"}
a(CHEBI:teicoplanin)	decreases	act(p(HGNC:CTSL))	{"annotations": {"PublicationStatus": {"Preprint": true}, "PublicationType": {"Editorial": true}, "Section": {"Full Text": true}, "Species": {"9606": true}}, "citation": {"authors": ["Baron SA", "Colson P", "Devaux C", "Raoult D", "Rolain JM"], "date": "2020-03-13", "db": "PubMed", "db_id": "32179150", "db_name": "International journal of antimicrobial agents", "first": "Baron SA", "last": "Rolain JM", "pages": "105944"}, "evidence": "According to Zhou and colleagues, in coronaviruses, teicoplanin acts on the early step of the viral life cycle by inhibiting the low pH cleavage of the viral spike protein by cathepsin L in the late endosomes thereby preventing the release of genomic viral RNA and the continuation of virus replication cycle.", "line": 132, "object": {"modifier": "Activity"}, "relation": "decreases"}
a(CHEBI:teicoplanin)	isA	a(MESHC:"Anti-Bacterial Agents")	{"citation": {"authors": ["Baron SA", "Colson P", "Devaux C", "Raoult D", "Rolain JM"], "date": "2020-03-13", "db": "PubMed", "db_id": "32179150", "db_name": "International journal of antimicrobial agents", "first": "Baron SA", "last": "Rolain JM", "pages": "105944"}, "evidence": "Teicoplanin, a glycopeptide antibiotic routinely used to treat bacterial infection was found to be active in vitro against SARS-CoV, has joined the list of molecules that could be used as herapeutic arsenal against COVID-19 [7]", "line": 172, "relation": "isA"}
a(CHEBI:teicoplanin)	decreases	path(DO:"COVID-19")	{"citation": {"authors": ["Baron SA", "Colson P", "Devaux C", "Raoult D", "Rolain JM"], "date": "2020-03-13", "db": "PubMed", "db_id": "32179150", "db_name": "International journal of antimicrobial agents", "first": "Baron SA", "last": "Rolain JM", "pages": "105944"}, "evidence": "Teicoplanin, a glycopeptide antibiotic routinely used to treat bacterial infection was found to be active in vitro against SARS-CoV, has joined the list of molecules that could be used as herapeutic arsenal against COVID-19 [7]", "line": 173, "relation": "decreases"}
a(CHEBI:teicoplanin)	decreases	bp(GOBP:"viral life cycle")	{"annotations": {"MeSHAnatomy": {"Endosomes": true}}, "citation": {"authors": ["Baron SA", "Colson P", "Devaux C", "Raoult D", "Rolain JM"], "date": "2020-03-13", "db": "PubMed", "db_id": "32179150", "db_name": "International journal of antimicrobial agents", "first": "Baron SA", "last": "Rolain JM", "pages": "105944"}, "evidence": "According to Zhou and colleagues, in coronaviruses, teicoplanin acts on the early step of the viral life cycle by inhibiting the low pH cleavage of the viral spike protein by cathepsin L in the late endosomes thereby preventing the release of genomic viral RNA and the continuation of virus replication cycle.", "line": 182, "relation": "decreases"}
a(MESH:"Spike Glycoprotein, Coronavirus")	regulates	bp(GO:"viral entry into host cell")	{"annotations": {"PublicationStatus": {"Preprint": true}, "PublicationType": {"Editorial": true}, "Section": {"Full Text": true}, "Species": {"9606": true}}, "citation": {"authors": ["Baron SA", "Colson P", "Devaux C", "Raoult D", "Rolain JM"], "date": "2020-03-13", "db": "PubMed", "db_id": "32179150", "db_name": "International journal of antimicrobial agents", "first": "Baron SA", "last": "Rolain JM", "pages": "105944"}, "evidence": "According to Zhou and colleagues, in coronaviruses, teicoplanin acts on the early step of the viral life cycle by inhibiting the low pH cleavage of the viral spike protein by cathepsin L in the late endosomes thereby preventing the release of genomic viral RNA and the continuation of virus replication cycle.", "line": 134, "relation": "regulates"}
a(MESH:"Spike Glycoprotein, Coronavirus")	regulates	bp(GO:"viral life cycle")	{"annotations": {"PublicationStatus": {"Preprint": true}, "PublicationType": {"Editorial": true}, "Section": {"Full Text": true}, "Species": {"9606": true}}, "citation": {"authors": ["Baron SA", "Colson P", "Devaux C", "Raoult D", "Rolain JM"], "date": "2020-03-13", "db": "PubMed", "db_id": "32179150", "db_name": "International journal of antimicrobial agents", "first": "Baron SA", "last": "Rolain JM", "pages": "105944"}, "evidence": "According to Zhou and colleagues, in coronaviruses, teicoplanin acts on the early step of the viral life cycle by inhibiting the low pH cleavage of the viral spike protein by cathepsin L in the late endosomes thereby preventing the release of genomic viral RNA and the continuation of virus replication cycle.", "line": 135, "relation": "regulates"}
a(PUBCHEM:121304016)	decreases	a(TAX:"Severe acute respiratory syndrome coronavirus 2")	{"annotations": {"PublicationStatus": {"Preprint": true}, "PublicationType": {"Editorial": true}, "Section": {"Full Text": true}}, "citation": {"authors": ["Baron SA", "Colson P", "Devaux C", "Raoult D", "Rolain JM"], "date": "2020-03-13", "db": "PubMed", "db_id": "32179150", "db_name": "International journal of antimicrobial agents", "first": "Baron SA", "last": "Rolain JM", "pages": "105944"}, "evidence": "In this contest, other drug showed significant efficacy against SARS-Cov-2 in vitro such as remdesivir, lopinavir, ribavirin or ritonavir (https://drugvirus.info/) [6].", "line": 112, "relation": "decreases"}
a(TAX:"Severe acute respiratory syndrome coronavirus 2")	increases	path(DO:"COVID-19")	{"annotations": {"PublicationStatus": {"Preprint": true}, "PublicationType": {"Editorial": true}, "Section": {"Full Text": true}}, "citation": {"authors": ["Baron SA", "Colson P", "Devaux C", "Raoult D", "Rolain JM"], "date": "2020-03-13", "db": "PubMed", "db_id": "32179150", "db_name": "International journal of antimicrobial agents", "first": "Baron SA", "last": "Rolain JM", "pages": "105944"}, "evidence": "This coronavirus, named SARS-CoV-2 (formerly 2019-nCoV), is responsible for respiratory infections including pneumonia with a mortality rate estimated about 2%-2.5%, increasing with age and the existence of underlying diseases", "line": 95, "relation": "increases"}
bp(GOBP:"response to acidic pH")	increases	act(p(HGNC:CTSL))	{"annotations": {"MeSHAnatomy": {"Endosomes": true}}, "citation": {"authors": ["Baron SA", "Colson P", "Devaux C", "Raoult D", "Rolain JM"], "date": "2020-03-13", "db": "PubMed", "db_id": "32179150", "db_name": "International journal of antimicrobial agents", "first": "Baron SA", "last": "Rolain JM", "pages": "105944"}, "evidence": "According to Zhou and colleagues, in coronaviruses, teicoplanin acts on the early step of the viral life cycle by inhibiting the low pH cleavage of the viral spike protein by cathepsin L in the late endosomes thereby preventing the release of genomic viral RNA and the continuation of virus replication cycle.", "line": 183, "object": {"modifier": "Activity"}, "relation": "increases"}
complex(GO:"viral replication complex", loc(GOCC:intracellular))	increases	bp(GOBP:"viral life cycle")	{"annotations": {"MeSHAnatomy": {"Endosomes": true}}, "citation": {"authors": ["Baron SA", "Colson P", "Devaux C", "Raoult D", "Rolain JM"], "date": "2020-03-13", "db": "PubMed", "db_id": "32179150", "db_name": "International journal of antimicrobial agents", "first": "Baron SA", "last": "Rolain JM", "pages": "105944"}, "evidence": "According to Zhou and colleagues, in coronaviruses, teicoplanin acts on the early step of the viral life cycle by inhibiting the low pH cleavage of the viral spike protein by cathepsin L in the late endosomes thereby preventing the release of genomic viral RNA and the continuation of virus replication cycle.", "line": 186, "relation": "increases", "subject": {"location": {"namespace": "GOCC", "name": "intracellular"}}}
p(COVID:S)	hasVariant	p(COVID:S, frag("?"))	{"relation": "hasVariant"}
p(COVID:S, frag("?"))	increases	bp(GO:"viral entry into host cell")	{"annotations": {"PublicationStatus": {"Preprint": true}, "PublicationType": {"Editorial": true}, "Section": {"Full Text": true}, "Species": {"9606": true}}, "citation": {"authors": ["Baron SA", "Colson P", "Devaux C", "Raoult D", "Rolain JM"], "date": "2020-03-13", "db": "PubMed", "db_id": "32179150", "db_name": "International journal of antimicrobial agents", "first": "Baron SA", "last": "Rolain JM", "pages": "105944"}, "evidence": "A recent study by the same authors showed that this activity was conserved on SARSCov- 2 (the target sequence that serve as cleavage site for cathepsin L is conserved among SARS-CoV spike protein) [7].", "line": 139, "relation": "increases"}
p(COVID:S, frag("?"))	increases	bp(GO:"viral life cycle")	{"annotations": {"PublicationStatus": {"Preprint": true}, "PublicationType": {"Editorial": true}, "Section": {"Full Text": true}, "Species": {"9606": true}}, "citation": {"authors": ["Baron SA", "Colson P", "Devaux C", "Raoult D", "Rolain JM"], "date": "2020-03-13", "db": "PubMed", "db_id": "32179150", "db_name": "International journal of antimicrobial agents", "first": "Baron SA", "last": "Rolain JM", "pages": "105944"}, "evidence": "A recent study by the same authors showed that this activity was conserved on SARSCov- 2 (the target sequence that serve as cleavage site for cathepsin L is conserved among SARS-CoV spike protein) [7].", "line": 140, "relation": "increases"}
act(p(HGNC:CTSL))	regulates	a(MESH:"Spike Glycoprotein, Coronavirus")	{"annotations": {"PublicationStatus": {"Preprint": true}, "PublicationType": {"Editorial": true}, "Section": {"Full Text": true}, "Species": {"9606": true}}, "citation": {"authors": ["Baron SA", "Colson P", "Devaux C", "Raoult D", "Rolain JM"], "date": "2020-03-13", "db": "PubMed", "db_id": "32179150", "db_name": "International journal of antimicrobial agents", "first": "Baron SA", "last": "Rolain JM", "pages": "105944"}, "evidence": "According to Zhou and colleagues, in coronaviruses, teicoplanin acts on the early step of the viral life cycle by inhibiting the low pH cleavage of the viral spike protein by cathepsin L in the late endosomes thereby preventing the release of genomic viral RNA and the continuation of virus replication cycle.", "line": 133, "relation": "regulates", "subject": {"modifier": "Activity"}}
act(p(HGNC:CTSL))	increases	p(COVID:S, frag("?"))	{"annotations": {"PublicationStatus": {"Preprint": true}, "PublicationType": {"Editorial": true}, "Section": {"Full Text": true}, "Species": {"9606": true}}, "citation": {"authors": ["Baron SA", "Colson P", "Devaux C", "Raoult D", "Rolain JM"], "date": "2020-03-13", "db": "PubMed", "db_id": "32179150", "db_name": "International journal of antimicrobial agents", "first": "Baron SA", "last": "Rolain JM", "pages": "105944"}, "evidence": "A recent study by the same authors showed that this activity was conserved on SARSCov- 2 (the target sequence that serve as cleavage site for cathepsin L is conserved among SARS-CoV spike protein) [7].", "line": 138, "relation": "increases", "subject": {"modifier": "Activity"}}
act(p(HGNC:CTSL))	increases	p(MESH:"Spike Glycoprotein, Coronavirus", frag("?"))	{"annotations": {"MeSHAnatomy": {"Endosomes": true}}, "citation": {"authors": ["Baron SA", "Colson P", "Devaux C", "Raoult D", "Rolain JM"], "date": "2020-03-13", "db": "PubMed", "db_id": "32179150", "db_name": "International journal of antimicrobial agents", "first": "Baron SA", "last": "Rolain JM", "pages": "105944"}, "evidence": "According to Zhou and colleagues, in coronaviruses, teicoplanin acts on the early step of the viral life cycle by inhibiting the low pH cleavage of the viral spike protein by cathepsin L in the late endosomes thereby preventing the release of genomic viral RNA and the continuation of virus replication cycle.", "line": 184, "relation": "increases", "subject": {"modifier": "Activity"}}
p(MESH:"Spike Glycoprotein, Coronavirus")	hasVariant	p(MESH:"Spike Glycoprotein, Coronavirus", frag("?"))	{"relation": "hasVariant"}
p(MESH:"Spike Glycoprotein, Coronavirus", frag("?"))	increases	complex(GO:"viral replication complex", loc(GOCC:intracellular))	{"annotations": {"MeSHAnatomy": {"Endosomes": true}}, "citation": {"authors": ["Baron SA", "Colson P", "Devaux C", "Raoult D", "Rolain JM"], "date": "2020-03-13", "db": "PubMed", "db_id": "32179150", "db_name": "International journal of antimicrobial agents", "first": "Baron SA", "last": "Rolain JM", "pages": "105944"}, "evidence": "According to Zhou and colleagues, in coronaviruses, teicoplanin acts on the early step of the viral life cycle by inhibiting the low pH cleavage of the viral spike protein by cathepsin L in the late endosomes thereby preventing the release of genomic viral RNA and the continuation of virus replication cycle.", "line": 185, "object": {"location": {"namespace": "GOCC", "name": "intracellular"}}, "relation": "increases"}
path(DO:"COVID-19")	positiveCorrelation	path(DO:"viral pneumonia")	{"annotations": {"PublicationStatus": {"Preprint": true}, "PublicationType": {"Editorial": true}, "Section": {"Full Text": true}}, "citation": {"authors": ["Baron SA", "Colson P", "Devaux C", "Raoult D", "Rolain JM"], "date": "2020-03-13", "db": "PubMed", "db_id": "32179150", "db_name": "International journal of antimicrobial agents", "first": "Baron SA", "last": "Rolain JM", "pages": "105944"}, "evidence": "This coronavirus, named SARS-CoV-2 (formerly 2019-nCoV), is responsible for respiratory infections including pneumonia with a mortality rate estimated about 2%-2.5%, increasing with age and the existence of underlying diseases", "line": 96, "relation": "positiveCorrelation"}
path(DO:"COVID-19")	positiveCorrelation	path(HP:"human aged stage")	{"annotations": {"PublicationStatus": {"Preprint": true}, "PublicationType": {"Editorial": true}, "Section": {"Full Text": true}}, "citation": {"authors": ["Baron SA", "Colson P", "Devaux C", "Raoult D", "Rolain JM"], "date": "2020-03-13", "db": "PubMed", "db_id": "32179150", "db_name": "International journal of antimicrobial agents", "first": "Baron SA", "last": "Rolain JM", "pages": "105944"}, "evidence": "This coronavirus, named SARS-CoV-2 (formerly 2019-nCoV), is responsible for respiratory infections including pneumonia with a mortality rate estimated about 2%-2.5%, increasing with age and the existence of underlying diseases", "line": 97, "relation": "positiveCorrelation"}
path(DO:"viral pneumonia")	positiveCorrelation	path(DO:"COVID-19")	{"annotations": {"PublicationStatus": {"Preprint": true}, "PublicationType": {"Editorial": true}, "Section": {"Full Text": true}}, "citation": {"authors": ["Baron SA", "Colson P", "Devaux C", "Raoult D", "Rolain JM"], "date": "2020-03-13", "db": "PubMed", "db_id": "32179150", "db_name": "International journal of antimicrobial agents", "first": "Baron SA", "last": "Rolain JM", "pages": "105944"}, "evidence": "This coronavirus, named SARS-CoV-2 (formerly 2019-nCoV), is responsible for respiratory infections including pneumonia with a mortality rate estimated about 2%-2.5%, increasing with age and the existence of underlying diseases", "line": 96, "relation": "positiveCorrelation"}
path(DO:malaria)	negativeCorrelation	a(CHEBI:chloroquine)	{"citation": {"authors": ["Baron SA", "Colson P", "Devaux C", "Raoult D", "Rolain JM"], "date": "2020-03-13", "db": "PubMed", "db_id": "32179150", "db_name": "International journal of antimicrobial agents", "first": "Baron SA", "last": "Rolain JM", "pages": "105944"}, "evidence": "Chloroquine/hydroxychloroquine, a front-line drug used in the treatment and prophylaxis of malaria also used in autoimmune disease had been shown to inhibit the replication of several DNA and RNA viruses, including most of human coronaviruses [3].", "line": 154, "relation": "negativeCorrelation"}
path(DO:malaria)	negativeCorrelation	a(CHEBI:hydroxychloroquine)	{"citation": {"authors": ["Baron SA", "Colson P", "Devaux C", "Raoult D", "Rolain JM"], "date": "2020-03-13", "db": "PubMed", "db_id": "32179150", "db_name": "International journal of antimicrobial agents", "first": "Baron SA", "last": "Rolain JM", "pages": "105944"}, "evidence": "Chloroquine/hydroxychloroquine, a front-line drug used in the treatment and prophylaxis of malaria also used in autoimmune disease had been shown to inhibit the replication of several DNA and RNA viruses, including most of human coronaviruses [3].", "line": 155, "relation": "negativeCorrelation"}
path(EFO:"autoimmune disease")	negativeCorrelation	a(CHEBI:chloroquine)	{"citation": {"authors": ["Baron SA", "Colson P", "Devaux C", "Raoult D", "Rolain JM"], "date": "2020-03-13", "db": "PubMed", "db_id": "32179150", "db_name": "International journal of antimicrobial agents", "first": "Baron SA", "last": "Rolain JM", "pages": "105944"}, "evidence": "Chloroquine/hydroxychloroquine, a front-line drug used in the treatment and prophylaxis of malaria also used in autoimmune disease had been shown to inhibit the replication of several DNA and RNA viruses, including most of human coronaviruses [3].", "line": 156, "relation": "negativeCorrelation"}
path(EFO:"autoimmune disease")	negativeCorrelation	a(CHEBI:hydroxychloroquine)	{"citation": {"authors": ["Baron SA", "Colson P", "Devaux C", "Raoult D", "Rolain JM"], "date": "2020-03-13", "db": "PubMed", "db_id": "32179150", "db_name": "International journal of antimicrobial agents", "first": "Baron SA", "last": "Rolain JM", "pages": "105944"}, "evidence": "Chloroquine/hydroxychloroquine, a front-line drug used in the treatment and prophylaxis of malaria also used in autoimmune disease had been shown to inhibit the replication of several DNA and RNA viruses, including most of human coronaviruses [3].", "line": 157, "relation": "negativeCorrelation"}
path(HP:"human aged stage")	positiveCorrelation	path(DO:"COVID-19")	{"annotations": {"PublicationStatus": {"Preprint": true}, "PublicationType": {"Editorial": true}, "Section": {"Full Text": true}}, "citation": {"authors": ["Baron SA", "Colson P", "Devaux C", "Raoult D", "Rolain JM"], "date": "2020-03-13", "db": "PubMed", "db_id": "32179150", "db_name": "International journal of antimicrobial agents", "first": "Baron SA", "last": "Rolain JM", "pages": "105944"}, "evidence": "This coronavirus, named SARS-CoV-2 (formerly 2019-nCoV), is responsible for respiratory infections including pneumonia with a mortality rate estimated about 2%-2.5%, increasing with age and the existence of underlying diseases", "line": 97, "relation": "positiveCorrelation"}
