a(TAX:"Severe acute respiratory syndrome coronavirus 2")	association	p(COVID:S)	{"annotations": {"PublicationStatus": {"Published": true}, "PublicationType": {"Research": true}, "Section": {"Full Text": true}}, "citation": {"authors": ["Vankadari N", "Wilce JA"], "date": "2020-01-01", "db": "PubMed", "db_id": "32178593", "db_name": "Emerging microbes &amp; infections", "first": "Vankadari N", "last": "Wilce JA", "pages": "601-604", "volume": "9"}, "evidence": "Similar to most other coronaviruses, the outer membrane spike glycoprotein, known for its glycosylation [3], is the prime host interacting protein with host cell targets (such as ACE2, CD26, Ezrin, cyclophilins and other cell adhesion factors) important for cell adhesion and virulence [4,5].", "line": 44, "relation": "association"}
bp(GO:"T cell activation")	regulates	bp(GO:"immune response")	{"annotations": {"MeSHDisease": {"Virus Diseases": true}, "PublicationStatus": {"Published": true}, "PublicationType": {"Research": true}, "Section": {"Full Text": true}}, "citation": {"authors": ["Vankadari N", "Wilce JA"], "date": "2020-01-01", "db": "PubMed", "db_id": "32178593", "db_name": "Emerging microbes &amp; infections", "first": "Vankadari N", "last": "Wilce JA", "pages": "601-604", "volume": "9"}, "evidence": "The host CD26 receptor cleaves amino-terminal dipeptides from polypeptides with either L-proline or L-alanine in the penultimate position, leading to T-cell activation and thus acting as a key immunoregulatory factor in viral infections [9].", "line": 61, "relation": "regulates"}
complex(p(COVID:S), p(HGNC:ACE2))	increases	bp(GO:"adhesion receptor-mediated virion attachment to host cell")	{"annotations": {"PublicationStatus": {"Published": true}, "PublicationType": {"Research": true}, "Section": {"Full Text": true}}, "citation": {"authors": ["Vankadari N", "Wilce JA"], "date": "2020-01-01", "db": "PubMed", "db_id": "32178593", "db_name": "Emerging microbes &amp; infections", "first": "Vankadari N", "last": "Wilce JA", "pages": "601-604", "volume": "9"}, "evidence": "Similar to most other coronaviruses, the outer membrane spike glycoprotein, known for its glycosylation [3], is the prime host interacting protein with host cell targets (such as ACE2, CD26, Ezrin, cyclophilins and other cell adhesion factors) important for cell adhesion and virulence [4,5].", "line": 45, "relation": "increases"}
complex(p(COVID:S), p(HGNC:ACE2))	increases	bp(MESH:Virulence)	{"annotations": {"PublicationStatus": {"Published": true}, "PublicationType": {"Research": true}, "Section": {"Full Text": true}}, "citation": {"authors": ["Vankadari N", "Wilce JA"], "date": "2020-01-01", "db": "PubMed", "db_id": "32178593", "db_name": "Emerging microbes &amp; infections", "first": "Vankadari N", "last": "Wilce JA", "pages": "601-604", "volume": "9"}, "evidence": "Similar to most other coronaviruses, the outer membrane spike glycoprotein, known for its glycosylation [3], is the prime host interacting protein with host cell targets (such as ACE2, CD26, Ezrin, cyclophilins and other cell adhesion factors) important for cell adhesion and virulence [4,5].", "line": 46, "relation": "increases"}
p(COVID:S)	partOf	complex(p(COVID:S), p(HGNC:ACE2))	{"relation": "partOf"}
p(COVID:S)	partOf	complex(p(COVID:S), p(HGNC:DPP4))	{"relation": "partOf"}
p(COVID:S)	partOf	complex(p(COVID:S), p(HGNC:EZR))	{"relation": "partOf"}
p(COVID:S)	partOf	complex(p(COVID:S), p(PFAM:"Pro_isomerase"))	{"relation": "partOf"}
p(COVID:S)	hasVariant	p(COVID:S, frag("13_685"))	{"relation": "hasVariant"}
p(COVID:S)	association	a(TAX:"Severe acute respiratory syndrome coronavirus 2")	{"annotations": {"PublicationStatus": {"Published": true}, "PublicationType": {"Research": true}, "Section": {"Full Text": true}}, "citation": {"authors": ["Vankadari N", "Wilce JA"], "date": "2020-01-01", "db": "PubMed", "db_id": "32178593", "db_name": "Emerging microbes &amp; infections", "first": "Vankadari N", "last": "Wilce JA", "pages": "601-604", "volume": "9"}, "evidence": "Similar to most other coronaviruses, the outer membrane spike glycoprotein, known for its glycosylation [3], is the prime host interacting protein with host cell targets (such as ACE2, CD26, Ezrin, cyclophilins and other cell adhesion factors) important for cell adhesion and virulence [4,5].", "line": 44, "relation": "association"}
p(HGNC:ACE2)	partOf	complex(p(COVID:S), p(HGNC:ACE2))	{"relation": "partOf"}
p(HGNC:ACE2)	partOf	complex(p(COVID:S, frag("13_685")), p(HGNC:ACE2))	{"relation": "partOf"}
complex(p(COVID:S), p(HGNC:DPP4))	increases	bp(GO:"adhesion receptor-mediated virion attachment to host cell")	{"annotations": {"PublicationStatus": {"Published": true}, "PublicationType": {"Research": true}, "Section": {"Full Text": true}}, "citation": {"authors": ["Vankadari N", "Wilce JA"], "date": "2020-01-01", "db": "PubMed", "db_id": "32178593", "db_name": "Emerging microbes &amp; infections", "first": "Vankadari N", "last": "Wilce JA", "pages": "601-604", "volume": "9"}, "evidence": "Similar to most other coronaviruses, the outer membrane spike glycoprotein, known for its glycosylation [3], is the prime host interacting protein with host cell targets (such as ACE2, CD26, Ezrin, cyclophilins and other cell adhesion factors) important for cell adhesion and virulence [4,5].", "line": 47, "relation": "increases"}
complex(p(COVID:S), p(HGNC:DPP4))	increases	bp(MESH:Virulence)	{"annotations": {"PublicationStatus": {"Published": true}, "PublicationType": {"Research": true}, "Section": {"Full Text": true}}, "citation": {"authors": ["Vankadari N", "Wilce JA"], "date": "2020-01-01", "db": "PubMed", "db_id": "32178593", "db_name": "Emerging microbes &amp; infections", "first": "Vankadari N", "last": "Wilce JA", "pages": "601-604", "volume": "9"}, "evidence": "Similar to most other coronaviruses, the outer membrane spike glycoprotein, known for its glycosylation [3], is the prime host interacting protein with host cell targets (such as ACE2, CD26, Ezrin, cyclophilins and other cell adhesion factors) important for cell adhesion and virulence [4,5].", "line": 48, "relation": "increases"}
p(HGNC:DPP4)	partOf	complex(p(COVID:S), p(HGNC:DPP4))	{"relation": "partOf"}
p(HGNC:DPP4)	partOf	complex(p(COVID:S, frag("13_685")), p(HGNC:DPP4))	{"relation": "partOf"}
act(p(HGNC:DPP4))	increases	bp(GO:"T cell activation")	{"annotations": {"MeSHDisease": {"Virus Diseases": true}, "PublicationStatus": {"Published": true}, "PublicationType": {"Research": true}, "Section": {"Full Text": true}}, "citation": {"authors": ["Vankadari N", "Wilce JA"], "date": "2020-01-01", "db": "PubMed", "db_id": "32178593", "db_name": "Emerging microbes &amp; infections", "first": "Vankadari N", "last": "Wilce JA", "pages": "601-604", "volume": "9"}, "evidence": "The host CD26 receptor cleaves amino-terminal dipeptides from polypeptides with either L-proline or L-alanine in the penultimate position, leading to T-cell activation and thus acting as a key immunoregulatory factor in viral infections [9].", "line": 60, "relation": "increases", "subject": {"modifier": "Activity"}}
complex(p(COVID:S), p(HGNC:EZR))	increases	bp(GO:"adhesion receptor-mediated virion attachment to host cell")	{"annotations": {"PublicationStatus": {"Published": true}, "PublicationType": {"Research": true}, "Section": {"Full Text": true}}, "citation": {"authors": ["Vankadari N", "Wilce JA"], "date": "2020-01-01", "db": "PubMed", "db_id": "32178593", "db_name": "Emerging microbes &amp; infections", "first": "Vankadari N", "last": "Wilce JA", "pages": "601-604", "volume": "9"}, "evidence": "Similar to most other coronaviruses, the outer membrane spike glycoprotein, known for its glycosylation [3], is the prime host interacting protein with host cell targets (such as ACE2, CD26, Ezrin, cyclophilins and other cell adhesion factors) important for cell adhesion and virulence [4,5].", "line": 49, "relation": "increases"}
complex(p(COVID:S), p(HGNC:EZR))	increases	bp(MESH:Virulence)	{"annotations": {"PublicationStatus": {"Published": true}, "PublicationType": {"Research": true}, "Section": {"Full Text": true}}, "citation": {"authors": ["Vankadari N", "Wilce JA"], "date": "2020-01-01", "db": "PubMed", "db_id": "32178593", "db_name": "Emerging microbes &amp; infections", "first": "Vankadari N", "last": "Wilce JA", "pages": "601-604", "volume": "9"}, "evidence": "Similar to most other coronaviruses, the outer membrane spike glycoprotein, known for its glycosylation [3], is the prime host interacting protein with host cell targets (such as ACE2, CD26, Ezrin, cyclophilins and other cell adhesion factors) important for cell adhesion and virulence [4,5].", "line": 50, "relation": "increases"}
p(HGNC:EZR)	partOf	complex(p(COVID:S), p(HGNC:EZR))	{"relation": "partOf"}
complex(p(COVID:S), p(PFAM:"Pro_isomerase"))	increases	bp(GO:"adhesion receptor-mediated virion attachment to host cell")	{"annotations": {"PublicationStatus": {"Published": true}, "PublicationType": {"Research": true}, "Section": {"Full Text": true}}, "citation": {"authors": ["Vankadari N", "Wilce JA"], "date": "2020-01-01", "db": "PubMed", "db_id": "32178593", "db_name": "Emerging microbes &amp; infections", "first": "Vankadari N", "last": "Wilce JA", "pages": "601-604", "volume": "9"}, "evidence": "Similar to most other coronaviruses, the outer membrane spike glycoprotein, known for its glycosylation [3], is the prime host interacting protein with host cell targets (such as ACE2, CD26, Ezrin, cyclophilins and other cell adhesion factors) important for cell adhesion and virulence [4,5].", "line": 51, "relation": "increases"}
complex(p(COVID:S), p(PFAM:"Pro_isomerase"))	increases	bp(MESH:Virulence)	{"annotations": {"PublicationStatus": {"Published": true}, "PublicationType": {"Research": true}, "Section": {"Full Text": true}}, "citation": {"authors": ["Vankadari N", "Wilce JA"], "date": "2020-01-01", "db": "PubMed", "db_id": "32178593", "db_name": "Emerging microbes &amp; infections", "first": "Vankadari N", "last": "Wilce JA", "pages": "601-604", "volume": "9"}, "evidence": "Similar to most other coronaviruses, the outer membrane spike glycoprotein, known for its glycosylation [3], is the prime host interacting protein with host cell targets (such as ACE2, CD26, Ezrin, cyclophilins and other cell adhesion factors) important for cell adhesion and virulence [4,5].", "line": 52, "relation": "increases"}
p(PFAM:"Pro_isomerase")	partOf	complex(p(COVID:S), p(PFAM:"Pro_isomerase"))	{"relation": "partOf"}
p(COVID:S, frag("13_685"))	partOf	complex(p(COVID:S, frag("13_685")), p(HGNC:ACE2))	{"relation": "partOf"}
p(COVID:S, frag("13_685"))	partOf	complex(p(COVID:S, frag("13_685")), p(HGNC:DPP4))	{"relation": "partOf"}
