a(CHEBI:corticosteroid)	increases	bp(GOBP:"clearance of foreign intracellular RNA")	{"citation": {"authors": ["Hsueh PR", "Hsueh SC", "Ko WC", "Lai CC", "Liu YH", "Wang CY", "Wang YH", "Yen MY"], "date": "2020-03-04", "db": "PubMed", "db_id": "32173241", "db_name": "Journal of microbiology, immunology, and infection = Wei mian yu gan ran za zhi", "first": "Lai CC", "last": "Hsueh PR"}, "evidence": "However, corticosteroid therapy could be associated with delayed MERS-CoV RNA clearance (adjusted hazard ratio, 0.35; 95% CI, 0.17\u20130.72; p = 0.005) for critically ill patients with MERS,[40] and early corticosteroid treatment could be associated with higher subsequent plasma RNA load of SARS-CoV for adults with SARS.[41] Moreover, corticosteroid-associated psychosis and diabetes were observed in the treatment of SARS.[42,43].", "line": 108, "relation": "increases"}
a(CHEBI:corticosteroid)	increases	a(MESH:"RNA, Viral", loc(MESH:Plasma))	{"annotations": {"Disease": {"severe acute respiratory syndrome": true}}, "citation": {"authors": ["Hsueh PR", "Hsueh SC", "Ko WC", "Lai CC", "Liu YH", "Wang CY", "Wang YH", "Yen MY"], "date": "2020-03-04", "db": "PubMed", "db_id": "32173241", "db_name": "Journal of microbiology, immunology, and infection = Wei mian yu gan ran za zhi", "first": "Lai CC", "last": "Hsueh PR"}, "evidence": "However, corticosteroid therapy could be associated with delayed MERS-CoV RNA clearance (adjusted hazard ratio, 0.35; 95% CI, 0.17\u20130.72; p = 0.005) for critically ill patients with MERS,[40] and early corticosteroid treatment could be associated with higher subsequent plasma RNA load of SARS-CoV for adults with SARS.[41] Moreover, corticosteroid-associated psychosis and diabetes were observed in the treatment of SARS.[42,43].", "line": 110, "object": {"location": {"namespace": "MESH", "name": "Plasma"}}, "relation": "increases"}
a(CHEBI:corticosteroid)	positiveCorrelation	path(DO:"drug psychosis")	{"annotations": {"Disease": {"severe acute respiratory syndrome": true}}, "citation": {"authors": ["Hsueh PR", "Hsueh SC", "Ko WC", "Lai CC", "Liu YH", "Wang CY", "Wang YH", "Yen MY"], "date": "2020-03-04", "db": "PubMed", "db_id": "32173241", "db_name": "Journal of microbiology, immunology, and infection = Wei mian yu gan ran za zhi", "first": "Lai CC", "last": "Hsueh PR"}, "evidence": "However, corticosteroid therapy could be associated with delayed MERS-CoV RNA clearance (adjusted hazard ratio, 0.35; 95% CI, 0.17\u20130.72; p = 0.005) for critically ill patients with MERS,[40] and early corticosteroid treatment could be associated with higher subsequent plasma RNA load of SARS-CoV for adults with SARS.[41] Moreover, corticosteroid-associated psychosis and diabetes were observed in the treatment of SARS.[42,43].", "line": 111, "relation": "positiveCorrelation"}
a(MESH:Sputum)	positiveCorrelation	path(DO:"COVID-19")	{"citation": {"authors": ["Hsueh PR", "Hsueh SC", "Ko WC", "Lai CC", "Liu YH", "Wang CY", "Wang YH", "Yen MY"], "date": "2020-03-04", "db": "PubMed", "db_id": "32173241", "db_name": "Journal of microbiology, immunology, and infection = Wei mian yu gan ran za zhi", "first": "Lai CC", "last": "Hsueh PR"}, "evidence": "Among a pooled analysis of 468 patients with pneumonia (Table 2) based on five studies with detailed description of clinical features of the disease, [11, 12, 13, 14,23] male sex comprised 60.3% of patients and the mean age was 53 years.", "line": 102, "relation": "positiveCorrelation"}
path(DO:"COVID-19")	isA	path(DO:"respiratory system disease")	{"citation": {"authors": ["Hsueh PR", "Hsueh SC", "Ko WC", "Lai CC", "Liu YH", "Wang CY", "Wang YH", "Yen MY"], "date": "2020-03-04", "db": "PubMed", "db_id": "32173241", "db_name": "Journal of microbiology, immunology, and infection = Wei mian yu gan ran za zhi", "first": "Lai CC", "last": "Hsueh PR"}, "evidence": "COVID-19 was defined as the respiratory disease caused by SARS-CoV-2 that emerged in China in 2019 (https://www.who.int/westernpacific/emergencies/covid-19).", "line": 85, "relation": "isA"}
path(DO:"COVID-19")	positiveCorrelation	path(DO:"adult respiratory distress syndrome")	{"citation": {"authors": ["Hsueh PR", "Hsueh SC", "Ko WC", "Lai CC", "Liu YH", "Wang CY", "Wang YH", "Yen MY"], "date": "2020-03-04", "db": "PubMed", "db_id": "32173241", "db_name": "Journal of microbiology, immunology, and infection = Wei mian yu gan ran za zhi", "first": "Lai CC", "last": "Hsueh PR"}, "evidence": "The clinical manifestations of COVID-19 are protean, which include asymptomatic carrier, ARD, and pneumonia of varying degrees of severity. First, asymptomatic cases were diagnosed based on positive viral nucleic acid test results, but without any COVID-19 symptoms, such as fever, gastrointestinal, or respiratory symptoms, and no significant abnormalities on chest radiograph [7,8].", "line": 89, "relation": "positiveCorrelation"}
path(DO:"COVID-19")	positiveCorrelation	path(DO:pneumonia)	{"citation": {"authors": ["Hsueh PR", "Hsueh SC", "Ko WC", "Lai CC", "Liu YH", "Wang CY", "Wang YH", "Yen MY"], "date": "2020-03-04", "db": "PubMed", "db_id": "32173241", "db_name": "Journal of microbiology, immunology, and infection = Wei mian yu gan ran za zhi", "first": "Lai CC", "last": "Hsueh PR"}, "evidence": "The clinical manifestations of COVID-19 are protean, which include asymptomatic carrier, ARD, and pneumonia of varying degrees of severity. First, asymptomatic cases were diagnosed based on positive viral nucleic acid test results, but without any COVID-19 symptoms, such as fever, gastrointestinal, or respiratory symptoms, and no significant abnormalities on chest radiograph [7,8].", "line": 90, "relation": "positiveCorrelation"}
path(DO:"COVID-19")	positiveCorrelation	path(DO:"gastrointestinal system disease")	{"citation": {"authors": ["Hsueh PR", "Hsueh SC", "Ko WC", "Lai CC", "Liu YH", "Wang CY", "Wang YH", "Yen MY"], "date": "2020-03-04", "db": "PubMed", "db_id": "32173241", "db_name": "Journal of microbiology, immunology, and infection = Wei mian yu gan ran za zhi", "first": "Lai CC", "last": "Hsueh PR"}, "evidence": "The clinical manifestations of COVID-19 are protean, which include asymptomatic carrier, ARD, and pneumonia of varying degrees of severity. First, asymptomatic cases were diagnosed based on positive viral nucleic acid test results, but without any COVID-19 symptoms, such as fever, gastrointestinal, or respiratory symptoms, and no significant abnormalities on chest radiograph [7,8].", "line": 91, "relation": "positiveCorrelation"}
path(DO:"COVID-19")	association	path(MESHD:"Diabetes Mellitus")	{"citation": {"authors": ["Hsueh PR", "Hsueh SC", "Ko WC", "Lai CC", "Liu YH", "Wang CY", "Wang YH", "Yen MY"], "date": "2020-03-04", "db": "PubMed", "db_id": "32173241", "db_name": "Journal of microbiology, immunology, and infection = Wei mian yu gan ran za zhi", "first": "Lai CC", "last": "Hsueh PR"}, "evidence": "Among a pooled analysis of 468 patients with pneumonia (Table 2) based on five studies with detailed description of clinical features of the disease, [11, 12, 13, 14,23] male sex comprised 60.3% of patients and the mean age was 53 years.", "line": 95, "relation": "association"}
path(DO:"COVID-19")	association	path(DO:hypertension)	{"citation": {"authors": ["Hsueh PR", "Hsueh SC", "Ko WC", "Lai CC", "Liu YH", "Wang CY", "Wang YH", "Yen MY"], "date": "2020-03-04", "db": "PubMed", "db_id": "32173241", "db_name": "Journal of microbiology, immunology, and infection = Wei mian yu gan ran za zhi", "first": "Lai CC", "last": "Hsueh PR"}, "evidence": "Among a pooled analysis of 468 patients with pneumonia (Table 2) based on five studies with detailed description of clinical features of the disease, [11, 12, 13, 14,23] male sex comprised 60.3% of patients and the mean age was 53 years.", "line": 96, "relation": "association"}
path(DO:"COVID-19")	association	path(DO:"chronic obstructive pulmonary disease")	{"citation": {"authors": ["Hsueh PR", "Hsueh SC", "Ko WC", "Lai CC", "Liu YH", "Wang CY", "Wang YH", "Yen MY"], "date": "2020-03-04", "db": "PubMed", "db_id": "32173241", "db_name": "Journal of microbiology, immunology, and infection = Wei mian yu gan ran za zhi", "first": "Lai CC", "last": "Hsueh PR"}, "evidence": "Among a pooled analysis of 468 patients with pneumonia (Table 2) based on five studies with detailed description of clinical features of the disease, [11, 12, 13, 14,23] male sex comprised 60.3% of patients and the mean age was 53 years.", "line": 97, "relation": "association"}
path(DO:"COVID-19")	association	path(DO:"chronic kidney disease")	{"citation": {"authors": ["Hsueh PR", "Hsueh SC", "Ko WC", "Lai CC", "Liu YH", "Wang CY", "Wang YH", "Yen MY"], "date": "2020-03-04", "db": "PubMed", "db_id": "32173241", "db_name": "Journal of microbiology, immunology, and infection = Wei mian yu gan ran za zhi", "first": "Lai CC", "last": "Hsueh PR"}, "evidence": "Among a pooled analysis of 468 patients with pneumonia (Table 2) based on five studies with detailed description of clinical features of the disease, [11, 12, 13, 14,23] male sex comprised 60.3% of patients and the mean age was 53 years.", "line": 98, "relation": "association"}
path(DO:"COVID-19")	association	path(DO:"liver disease")	{"citation": {"authors": ["Hsueh PR", "Hsueh SC", "Ko WC", "Lai CC", "Liu YH", "Wang CY", "Wang YH", "Yen MY"], "date": "2020-03-04", "db": "PubMed", "db_id": "32173241", "db_name": "Journal of microbiology, immunology, and infection = Wei mian yu gan ran za zhi", "first": "Lai CC", "last": "Hsueh PR"}, "evidence": "Among a pooled analysis of 468 patients with pneumonia (Table 2) based on five studies with detailed description of clinical features of the disease, [11, 12, 13, 14,23] male sex comprised 60.3% of patients and the mean age was 53 years.", "line": 99, "relation": "association"}
path(DO:"COVID-19")	positiveCorrelation	path(DO:pharyngitis)	{"citation": {"authors": ["Hsueh PR", "Hsueh SC", "Ko WC", "Lai CC", "Liu YH", "Wang CY", "Wang YH", "Yen MY"], "date": "2020-03-04", "db": "PubMed", "db_id": "32173241", "db_name": "Journal of microbiology, immunology, and infection = Wei mian yu gan ran za zhi", "first": "Lai CC", "last": "Hsueh PR"}, "evidence": "Among a pooled analysis of 468 patients with pneumonia (Table 2) based on five studies with detailed description of clinical features of the disease, [11, 12, 13, 14,23] male sex comprised 60.3% of patients and the mean age was 53 years.", "line": 100, "relation": "positiveCorrelation"}
path(DO:"COVID-19")	positiveCorrelation	path(MESHD:Myalgia)	{"citation": {"authors": ["Hsueh PR", "Hsueh SC", "Ko WC", "Lai CC", "Liu YH", "Wang CY", "Wang YH", "Yen MY"], "date": "2020-03-04", "db": "PubMed", "db_id": "32173241", "db_name": "Journal of microbiology, immunology, and infection = Wei mian yu gan ran za zhi", "first": "Lai CC", "last": "Hsueh PR"}, "evidence": "Among a pooled analysis of 468 patients with pneumonia (Table 2) based on five studies with detailed description of clinical features of the disease, [11, 12, 13, 14,23] male sex comprised 60.3% of patients and the mean age was 53 years.", "line": 101, "relation": "positiveCorrelation"}
path(DO:"COVID-19")	positiveCorrelation	a(MESH:Sputum)	{"citation": {"authors": ["Hsueh PR", "Hsueh SC", "Ko WC", "Lai CC", "Liu YH", "Wang CY", "Wang YH", "Yen MY"], "date": "2020-03-04", "db": "PubMed", "db_id": "32173241", "db_name": "Journal of microbiology, immunology, and infection = Wei mian yu gan ran za zhi", "first": "Lai CC", "last": "Hsueh PR"}, "evidence": "Among a pooled analysis of 468 patients with pneumonia (Table 2) based on five studies with detailed description of clinical features of the disease, [11, 12, 13, 14,23] male sex comprised 60.3% of patients and the mean age was 53 years.", "line": 102, "relation": "positiveCorrelation"}
path(DO:"COVID-19")	positiveCorrelation	path(MESHD:Nausea)	{"citation": {"authors": ["Hsueh PR", "Hsueh SC", "Ko WC", "Lai CC", "Liu YH", "Wang CY", "Wang YH", "Yen MY"], "date": "2020-03-04", "db": "PubMed", "db_id": "32173241", "db_name": "Journal of microbiology, immunology, and infection = Wei mian yu gan ran za zhi", "first": "Lai CC", "last": "Hsueh PR"}, "evidence": "Among a pooled analysis of 468 patients with pneumonia (Table 2) based on five studies with detailed description of clinical features of the disease, [11, 12, 13, 14,23] male sex comprised 60.3% of patients and the mean age was 53 years.", "line": 103, "relation": "positiveCorrelation"}
path(DO:"COVID-19")	positiveCorrelation	path(MESHD:Vomiting)	{"citation": {"authors": ["Hsueh PR", "Hsueh SC", "Ko WC", "Lai CC", "Liu YH", "Wang CY", "Wang YH", "Yen MY"], "date": "2020-03-04", "db": "PubMed", "db_id": "32173241", "db_name": "Journal of microbiology, immunology, and infection = Wei mian yu gan ran za zhi", "first": "Lai CC", "last": "Hsueh PR"}, "evidence": "Among a pooled analysis of 468 patients with pneumonia (Table 2) based on five studies with detailed description of clinical features of the disease, [11, 12, 13, 14,23] male sex comprised 60.3% of patients and the mean age was 53 years.", "line": 104, "relation": "positiveCorrelation"}
path(DO:"adult respiratory distress syndrome")	positiveCorrelation	path(DO:"COVID-19")	{"citation": {"authors": ["Hsueh PR", "Hsueh SC", "Ko WC", "Lai CC", "Liu YH", "Wang CY", "Wang YH", "Yen MY"], "date": "2020-03-04", "db": "PubMed", "db_id": "32173241", "db_name": "Journal of microbiology, immunology, and infection = Wei mian yu gan ran za zhi", "first": "Lai CC", "last": "Hsueh PR"}, "evidence": "The clinical manifestations of COVID-19 are protean, which include asymptomatic carrier, ARD, and pneumonia of varying degrees of severity. First, asymptomatic cases were diagnosed based on positive viral nucleic acid test results, but without any COVID-19 symptoms, such as fever, gastrointestinal, or respiratory symptoms, and no significant abnormalities on chest radiograph [7,8].", "line": 89, "relation": "positiveCorrelation"}
path(DO:"chronic kidney disease")	association	path(DO:"COVID-19")	{"citation": {"authors": ["Hsueh PR", "Hsueh SC", "Ko WC", "Lai CC", "Liu YH", "Wang CY", "Wang YH", "Yen MY"], "date": "2020-03-04", "db": "PubMed", "db_id": "32173241", "db_name": "Journal of microbiology, immunology, and infection = Wei mian yu gan ran za zhi", "first": "Lai CC", "last": "Hsueh PR"}, "evidence": "Among a pooled analysis of 468 patients with pneumonia (Table 2) based on five studies with detailed description of clinical features of the disease, [11, 12, 13, 14,23] male sex comprised 60.3% of patients and the mean age was 53 years.", "line": 98, "relation": "association"}
path(DO:"chronic obstructive pulmonary disease")	association	path(DO:"COVID-19")	{"citation": {"authors": ["Hsueh PR", "Hsueh SC", "Ko WC", "Lai CC", "Liu YH", "Wang CY", "Wang YH", "Yen MY"], "date": "2020-03-04", "db": "PubMed", "db_id": "32173241", "db_name": "Journal of microbiology, immunology, and infection = Wei mian yu gan ran za zhi", "first": "Lai CC", "last": "Hsueh PR"}, "evidence": "Among a pooled analysis of 468 patients with pneumonia (Table 2) based on five studies with detailed description of clinical features of the disease, [11, 12, 13, 14,23] male sex comprised 60.3% of patients and the mean age was 53 years.", "line": 97, "relation": "association"}
path(DO:"drug psychosis")	positiveCorrelation	a(CHEBI:corticosteroid)	{"annotations": {"Disease": {"severe acute respiratory syndrome": true}}, "citation": {"authors": ["Hsueh PR", "Hsueh SC", "Ko WC", "Lai CC", "Liu YH", "Wang CY", "Wang YH", "Yen MY"], "date": "2020-03-04", "db": "PubMed", "db_id": "32173241", "db_name": "Journal of microbiology, immunology, and infection = Wei mian yu gan ran za zhi", "first": "Lai CC", "last": "Hsueh PR"}, "evidence": "However, corticosteroid therapy could be associated with delayed MERS-CoV RNA clearance (adjusted hazard ratio, 0.35; 95% CI, 0.17\u20130.72; p = 0.005) for critically ill patients with MERS,[40] and early corticosteroid treatment could be associated with higher subsequent plasma RNA load of SARS-CoV for adults with SARS.[41] Moreover, corticosteroid-associated psychosis and diabetes were observed in the treatment of SARS.[42,43].", "line": 111, "relation": "positiveCorrelation"}
path(DO:"gastrointestinal system disease")	positiveCorrelation	path(DO:"COVID-19")	{"citation": {"authors": ["Hsueh PR", "Hsueh SC", "Ko WC", "Lai CC", "Liu YH", "Wang CY", "Wang YH", "Yen MY"], "date": "2020-03-04", "db": "PubMed", "db_id": "32173241", "db_name": "Journal of microbiology, immunology, and infection = Wei mian yu gan ran za zhi", "first": "Lai CC", "last": "Hsueh PR"}, "evidence": "The clinical manifestations of COVID-19 are protean, which include asymptomatic carrier, ARD, and pneumonia of varying degrees of severity. First, asymptomatic cases were diagnosed based on positive viral nucleic acid test results, but without any COVID-19 symptoms, such as fever, gastrointestinal, or respiratory symptoms, and no significant abnormalities on chest radiograph [7,8].", "line": 91, "relation": "positiveCorrelation"}
path(DO:"liver disease")	association	path(DO:"COVID-19")	{"citation": {"authors": ["Hsueh PR", "Hsueh SC", "Ko WC", "Lai CC", "Liu YH", "Wang CY", "Wang YH", "Yen MY"], "date": "2020-03-04", "db": "PubMed", "db_id": "32173241", "db_name": "Journal of microbiology, immunology, and infection = Wei mian yu gan ran za zhi", "first": "Lai CC", "last": "Hsueh PR"}, "evidence": "Among a pooled analysis of 468 patients with pneumonia (Table 2) based on five studies with detailed description of clinical features of the disease, [11, 12, 13, 14,23] male sex comprised 60.3% of patients and the mean age was 53 years.", "line": 99, "relation": "association"}
path(DO:hypertension)	association	path(DO:"COVID-19")	{"citation": {"authors": ["Hsueh PR", "Hsueh SC", "Ko WC", "Lai CC", "Liu YH", "Wang CY", "Wang YH", "Yen MY"], "date": "2020-03-04", "db": "PubMed", "db_id": "32173241", "db_name": "Journal of microbiology, immunology, and infection = Wei mian yu gan ran za zhi", "first": "Lai CC", "last": "Hsueh PR"}, "evidence": "Among a pooled analysis of 468 patients with pneumonia (Table 2) based on five studies with detailed description of clinical features of the disease, [11, 12, 13, 14,23] male sex comprised 60.3% of patients and the mean age was 53 years.", "line": 96, "relation": "association"}
path(DO:pharyngitis)	positiveCorrelation	path(DO:"COVID-19")	{"citation": {"authors": ["Hsueh PR", "Hsueh SC", "Ko WC", "Lai CC", "Liu YH", "Wang CY", "Wang YH", "Yen MY"], "date": "2020-03-04", "db": "PubMed", "db_id": "32173241", "db_name": "Journal of microbiology, immunology, and infection = Wei mian yu gan ran za zhi", "first": "Lai CC", "last": "Hsueh PR"}, "evidence": "Among a pooled analysis of 468 patients with pneumonia (Table 2) based on five studies with detailed description of clinical features of the disease, [11, 12, 13, 14,23] male sex comprised 60.3% of patients and the mean age was 53 years.", "line": 100, "relation": "positiveCorrelation"}
path(DO:pneumonia)	positiveCorrelation	path(DO:"COVID-19")	{"citation": {"authors": ["Hsueh PR", "Hsueh SC", "Ko WC", "Lai CC", "Liu YH", "Wang CY", "Wang YH", "Yen MY"], "date": "2020-03-04", "db": "PubMed", "db_id": "32173241", "db_name": "Journal of microbiology, immunology, and infection = Wei mian yu gan ran za zhi", "first": "Lai CC", "last": "Hsueh PR"}, "evidence": "The clinical manifestations of COVID-19 are protean, which include asymptomatic carrier, ARD, and pneumonia of varying degrees of severity. First, asymptomatic cases were diagnosed based on positive viral nucleic acid test results, but without any COVID-19 symptoms, such as fever, gastrointestinal, or respiratory symptoms, and no significant abnormalities on chest radiograph [7,8].", "line": 90, "relation": "positiveCorrelation"}
path(MESHD:"Diabetes Mellitus")	association	path(DO:"COVID-19")	{"citation": {"authors": ["Hsueh PR", "Hsueh SC", "Ko WC", "Lai CC", "Liu YH", "Wang CY", "Wang YH", "Yen MY"], "date": "2020-03-04", "db": "PubMed", "db_id": "32173241", "db_name": "Journal of microbiology, immunology, and infection = Wei mian yu gan ran za zhi", "first": "Lai CC", "last": "Hsueh PR"}, "evidence": "Among a pooled analysis of 468 patients with pneumonia (Table 2) based on five studies with detailed description of clinical features of the disease, [11, 12, 13, 14,23] male sex comprised 60.3% of patients and the mean age was 53 years.", "line": 95, "relation": "association"}
path(MESHD:Myalgia)	positiveCorrelation	path(DO:"COVID-19")	{"citation": {"authors": ["Hsueh PR", "Hsueh SC", "Ko WC", "Lai CC", "Liu YH", "Wang CY", "Wang YH", "Yen MY"], "date": "2020-03-04", "db": "PubMed", "db_id": "32173241", "db_name": "Journal of microbiology, immunology, and infection = Wei mian yu gan ran za zhi", "first": "Lai CC", "last": "Hsueh PR"}, "evidence": "Among a pooled analysis of 468 patients with pneumonia (Table 2) based on five studies with detailed description of clinical features of the disease, [11, 12, 13, 14,23] male sex comprised 60.3% of patients and the mean age was 53 years.", "line": 101, "relation": "positiveCorrelation"}
path(MESHD:Nausea)	positiveCorrelation	path(DO:"COVID-19")	{"citation": {"authors": ["Hsueh PR", "Hsueh SC", "Ko WC", "Lai CC", "Liu YH", "Wang CY", "Wang YH", "Yen MY"], "date": "2020-03-04", "db": "PubMed", "db_id": "32173241", "db_name": "Journal of microbiology, immunology, and infection = Wei mian yu gan ran za zhi", "first": "Lai CC", "last": "Hsueh PR"}, "evidence": "Among a pooled analysis of 468 patients with pneumonia (Table 2) based on five studies with detailed description of clinical features of the disease, [11, 12, 13, 14,23] male sex comprised 60.3% of patients and the mean age was 53 years.", "line": 103, "relation": "positiveCorrelation"}
path(MESHD:Vomiting)	positiveCorrelation	path(DO:"COVID-19")	{"citation": {"authors": ["Hsueh PR", "Hsueh SC", "Ko WC", "Lai CC", "Liu YH", "Wang CY", "Wang YH", "Yen MY"], "date": "2020-03-04", "db": "PubMed", "db_id": "32173241", "db_name": "Journal of microbiology, immunology, and infection = Wei mian yu gan ran za zhi", "first": "Lai CC", "last": "Hsueh PR"}, "evidence": "Among a pooled analysis of 468 patients with pneumonia (Table 2) based on five studies with detailed description of clinical features of the disease, [11, 12, 13, 14,23] male sex comprised 60.3% of patients and the mean age was 53 years.", "line": 104, "relation": "positiveCorrelation"}
