a(CHEBI:chloroquine)	decreases	path(DO:"COVID-19")	{"annotations": {"Custom_Disease": {"COVID-19": true}, "PublicationStatus": {"Published": true}, "PublicationType": {"Review": true}, "Section": {"Full Text": true}, "Species": {"9606": true}}, "citation": {"authors": ["Chaicumpa W", "Dadar M", "Dhama K", "Malik YS", "Sharun K", "Singh KP", "Tiwari R"], "date": "2020-03-18", "db": "PubMed", "db_id": "32186952", "db_name": "Human vaccines &amp; immunotherapeutics", "first": "Dhama K", "last": "Chaicumpa W", "pages": "1-7"}, "evidence": "Recently, the in vitro antiviral efficacy of approved drugs such as ribavirin, penciclovir, nitazoxanide, nafamostat, and chloroquine was compared with that of the two broad-spectrum antiviral drugs remdesivir and favipiravir for COVID-19. Among the evaluated drugs, both remdesivir and chloroquine were found to be highly effective in controlling COVID-19 in vitro.63 ", "line": 141, "relation": "decreases"}
a(CHEBI:lamivudine)	decreases	path(DO:"COVID-19")	{"annotations": {"Custom_Disease": {"COVID-19": true}, "PublicationStatus": {"Published": true}, "PublicationType": {"Review": true}, "Section": {"Full Text": true}, "Species": {"9606": true}}, "citation": {"authors": ["Chaicumpa W", "Dadar M", "Dhama K", "Malik YS", "Sharun K", "Singh KP", "Tiwari R"], "date": "2020-03-18", "db": "PubMed", "db_id": "32186952", "db_name": "Human vaccines &amp; immunotherapeutics", "first": "Dhama K", "last": "Chaicumpa W", "pages": "1-7"}, "evidence": "Furthermore, RNA synthesis inhibitors (like 3TC, TDF), remdesivir, neuraminidase inhibitors, peptide (EK1), anti-inflammatory drugs, abidol, Chinese traditional medicine, such as Lianhuaqingwen and ShuFengJieDu Capsules, could be the promising COVID-19 treatments.2", "line": 128, "relation": "decreases"}
a(CHEBI:lopinavir)	partOf	composite(a(CHEBI:lopinavir), a(CHEBI:ritonavir))	{"relation": "partOf"}
a(CHEBI:lopinavir)	partOf	composite(a(CHEBI:lopinavir), a(CHEBI:ritonavir), p(HGNC:IFNB1))	{"relation": "partOf"}
a(CHEBI:lopinavir)	decreases	path(DO:"COVID-19")	{"annotations": {"Custom_Disease": {"COVID-19": true}, "PublicationStatus": {"Published": true}, "PublicationType": {"Review": true}, "Section": {"Full Text": true}, "Species": {"9606": true}}, "citation": {"authors": ["Chaicumpa W", "Dadar M", "Dhama K", "Malik YS", "Sharun K", "Singh KP", "Tiwari R"], "date": "2020-03-18", "db": "PubMed", "db_id": "32186952", "db_name": "Human vaccines &amp; immunotherapeutics", "first": "Dhama K", "last": "Chaicumpa W", "pages": "1-7"}, "evidence": "The major therapeutic drugs that might be effective in managing COVID-19 include remdesivir, lopinavir/ritonavir alone or in combination with interferon-\u03b2, convalescent plasma, and mAbs.17 ", "line": 97, "relation": "decreases"}
a(CHEBI:ritonavir)	partOf	composite(a(CHEBI:lopinavir), a(CHEBI:ritonavir))	{"relation": "partOf"}
a(CHEBI:ritonavir)	partOf	composite(a(CHEBI:lopinavir), a(CHEBI:ritonavir), p(HGNC:IFNB1))	{"relation": "partOf"}
a(CHEBI:ritonavir)	decreases	path(DO:"COVID-19")	{"annotations": {"Custom_Disease": {"COVID-19": true}, "PublicationStatus": {"Published": true}, "PublicationType": {"Review": true}, "Section": {"Full Text": true}, "Species": {"9606": true}}, "citation": {"authors": ["Chaicumpa W", "Dadar M", "Dhama K", "Malik YS", "Sharun K", "Singh KP", "Tiwari R"], "date": "2020-03-18", "db": "PubMed", "db_id": "32186952", "db_name": "Human vaccines &amp; immunotherapeutics", "first": "Dhama K", "last": "Chaicumpa W", "pages": "1-7"}, "evidence": "The major therapeutic drugs that might be effective in managing COVID-19 include remdesivir, lopinavir/ritonavir alone or in combination with interferon-\u03b2, convalescent plasma, and mAbs.17 ", "line": 98, "relation": "decreases"}
a(COVID:S)	partOf	complex(a(COVID:S), p(GO:"MHC class I protein complex"))	{"relation": "partOf"}
a(COVID:S)	partOf	complex(a(COVID:S), p(HGNC:ACE2))	{"relation": "partOf"}
a(DRUGBANK:DB13609)	decreases	path(DO:"COVID-19")	{"annotations": {"Custom_Disease": {"COVID-19": true}, "PublicationStatus": {"Published": true}, "PublicationType": {"Review": true}, "Section": {"Full Text": true}, "Species": {"9606": true}}, "citation": {"authors": ["Chaicumpa W", "Dadar M", "Dhama K", "Malik YS", "Sharun K", "Singh KP", "Tiwari R"], "date": "2020-03-18", "db": "PubMed", "db_id": "32186952", "db_name": "Human vaccines &amp; immunotherapeutics", "first": "Dhama K", "last": "Chaicumpa W", "pages": "1-7"}, "evidence": "Furthermore, RNA synthesis inhibitors (like 3TC, TDF), remdesivir, neuraminidase inhibitors, peptide (EK1), anti-inflammatory drugs, abidol, Chinese traditional medicine, such as Lianhuaqingwen and ShuFengJieDu Capsules, could be the promising COVID-19 treatments.2", "line": 134, "relation": "decreases"}
a(FIXME:"peptide EK1")	decreases	path(DO:"COVID-19")	{"annotations": {"Custom_Disease": {"COVID-19": true}, "PublicationStatus": {"Published": true}, "PublicationType": {"Review": true}, "Section": {"Full Text": true}, "Species": {"9606": true}}, "citation": {"authors": ["Chaicumpa W", "Dadar M", "Dhama K", "Malik YS", "Sharun K", "Singh KP", "Tiwari R"], "date": "2020-03-18", "db": "PubMed", "db_id": "32186952", "db_name": "Human vaccines &amp; immunotherapeutics", "first": "Dhama K", "last": "Chaicumpa W", "pages": "1-7"}, "evidence": "Furthermore, RNA synthesis inhibitors (like 3TC, TDF), remdesivir, neuraminidase inhibitors, peptide (EK1), anti-inflammatory drugs, abidol, Chinese traditional medicine, such as Lianhuaqingwen and ShuFengJieDu Capsules, could be the promising COVID-19 treatments.2", "line": 133, "relation": "decreases"}
a(FIXME:ShuFengJieDu)	decreases	path(DO:"COVID-19")	{"annotations": {"Custom_Disease": {"COVID-19": true}, "PublicationStatus": {"Published": true}, "PublicationType": {"Review": true}, "Section": {"Full Text": true}, "Species": {"9606": true}}, "citation": {"authors": ["Chaicumpa W", "Dadar M", "Dhama K", "Malik YS", "Sharun K", "Singh KP", "Tiwari R"], "date": "2020-03-18", "db": "PubMed", "db_id": "32186952", "db_name": "Human vaccines &amp; immunotherapeutics", "first": "Dhama K", "last": "Chaicumpa W", "pages": "1-7"}, "evidence": "Furthermore, RNA synthesis inhibitors (like 3TC, TDF), remdesivir, neuraminidase inhibitors, peptide (EK1), anti-inflammatory drugs, abidol, Chinese traditional medicine, such as Lianhuaqingwen and ShuFengJieDu Capsules, could be the promising COVID-19 treatments.2", "line": 137, "relation": "decreases"}
a(MESH:"Medicine, Chinese Traditional")	decreases	path(DO:"COVID-19")	{"annotations": {"Custom_Disease": {"COVID-19": true}, "PublicationStatus": {"Published": true}, "PublicationType": {"Review": true}, "Section": {"Full Text": true}, "Species": {"9606": true}}, "citation": {"authors": ["Chaicumpa W", "Dadar M", "Dhama K", "Malik YS", "Sharun K", "Singh KP", "Tiwari R"], "date": "2020-03-18", "db": "PubMed", "db_id": "32186952", "db_name": "Human vaccines &amp; immunotherapeutics", "first": "Dhama K", "last": "Chaicumpa W", "pages": "1-7"}, "evidence": "Furthermore, RNA synthesis inhibitors (like 3TC, TDF), remdesivir, neuraminidase inhibitors, peptide (EK1), anti-inflammatory drugs, abidol, Chinese traditional medicine, such as Lianhuaqingwen and ShuFengJieDu Capsules, could be the promising COVID-19 treatments.2", "line": 135, "relation": "decreases"}
a(MESH:lianhuaqingwen)	decreases	path(DO:"COVID-19")	{"annotations": {"Custom_Disease": {"COVID-19": true}, "PublicationStatus": {"Published": true}, "PublicationType": {"Review": true}, "Section": {"Full Text": true}, "Species": {"9606": true}}, "citation": {"authors": ["Chaicumpa W", "Dadar M", "Dhama K", "Malik YS", "Sharun K", "Singh KP", "Tiwari R"], "date": "2020-03-18", "db": "PubMed", "db_id": "32186952", "db_name": "Human vaccines &amp; immunotherapeutics", "first": "Dhama K", "last": "Chaicumpa W", "pages": "1-7"}, "evidence": "Furthermore, RNA synthesis inhibitors (like 3TC, TDF), remdesivir, neuraminidase inhibitors, peptide (EK1), anti-inflammatory drugs, abidol, Chinese traditional medicine, such as Lianhuaqingwen and ShuFengJieDu Capsules, could be the promising COVID-19 treatments.2", "line": 136, "relation": "decreases"}
a(PUBCHEM:121304016)	decreases	path(DO:"COVID-19")	{"annotations": {"Custom_Disease": {"COVID-19": true}, "PublicationStatus": {"Published": true}, "PublicationType": {"Review": true}, "Section": {"Full Text": true}, "Species": {"9606": true}}, "citation": {"authors": ["Chaicumpa W", "Dadar M", "Dhama K", "Malik YS", "Sharun K", "Singh KP", "Tiwari R"], "date": "2020-03-18", "db": "PubMed", "db_id": "32186952", "db_name": "Human vaccines &amp; immunotherapeutics", "first": "Dhama K", "last": "Chaicumpa W", "pages": "1-7"}, "evidence": "The major therapeutic drugs that might be effective in managing COVID-19 include remdesivir, lopinavir/ritonavir alone or in combination with interferon-\u03b2, convalescent plasma, and mAbs.17 ", "line": 95, "relation": "decreases"}
a(PUBCHEM:121304016)	decreases	path(DO:"COVID-19")	{"annotations": {"Custom_Disease": {"COVID-19": true}, "PublicationStatus": {"Published": true}, "PublicationType": {"Review": true}, "Section": {"Full Text": true}, "Species": {"9606": true}}, "citation": {"authors": ["Chaicumpa W", "Dadar M", "Dhama K", "Malik YS", "Sharun K", "Singh KP", "Tiwari R"], "date": "2020-03-18", "db": "PubMed", "db_id": "32186952", "db_name": "Human vaccines &amp; immunotherapeutics", "first": "Dhama K", "last": "Chaicumpa W", "pages": "1-7"}, "evidence": "Combination therapy with mAbs and the drug remdesivir could be an ideal therapeutic option for COVID-19", "line": 119, "relation": "decreases"}
a(PUBCHEM:64987)	decreases	path(DO:"COVID-19")	{"annotations": {"Custom_Disease": {"COVID-19": true}, "PublicationStatus": {"Published": true}, "PublicationType": {"Review": true}, "Section": {"Full Text": true}, "Species": {"9606": true}}, "citation": {"authors": ["Chaicumpa W", "Dadar M", "Dhama K", "Malik YS", "Sharun K", "Singh KP", "Tiwari R"], "date": "2020-03-18", "db": "PubMed", "db_id": "32186952", "db_name": "Human vaccines &amp; immunotherapeutics", "first": "Dhama K", "last": "Chaicumpa W", "pages": "1-7"}, "evidence": "Furthermore, RNA synthesis inhibitors (like 3TC, TDF), remdesivir, neuraminidase inhibitors, peptide (EK1), anti-inflammatory drugs, abidol, Chinese traditional medicine, such as Lianhuaqingwen and ShuFengJieDu Capsules, could be the promising COVID-19 treatments.2", "line": 129, "relation": "decreases"}
a(TAX:"Severe acute respiratory syndrome coronavirus 2")	partOf	complex(a(TAX:"Severe acute respiratory syndrome coronavirus 2"), p(HGNC:ACE2))	{"relation": "partOf"}
bp(GO:"response to antibiotic")	decreases	path(MESH:"Bacterial Infections")	{"annotations": {"Custom_Disease": {"COVID-19": true}, "PublicationStatus": {"Published": true}, "PublicationType": {"Review": true}, "Section": {"Full Text": true}, "Species": {"9606": true}}, "citation": {"authors": ["Chaicumpa W", "Dadar M", "Dhama K", "Malik YS", "Sharun K", "Singh KP", "Tiwari R"], "date": "2020-03-18", "db": "PubMed", "db_id": "32186952", "db_name": "Human vaccines &amp; immunotherapeutics", "first": "Dhama K", "last": "Chaicumpa W", "pages": "1-7"}, "evidence": "According to WHO guidelines, infected patients will receive supportive care including oxygen therapy, fluid therapy, and antibiotics for treating secondary bacterial infections.", "line": 87, "relation": "decreases"}
bp(MESH:"Fluid Therapy")	decreases	path(DO:"COVID-19")	{"annotations": {"Custom_Disease": {"COVID-19": true}, "PublicationStatus": {"Published": true}, "PublicationType": {"Review": true}, "Section": {"Full Text": true}, "Species": {"9606": true}}, "citation": {"authors": ["Chaicumpa W", "Dadar M", "Dhama K", "Malik YS", "Sharun K", "Singh KP", "Tiwari R"], "date": "2020-03-18", "db": "PubMed", "db_id": "32186952", "db_name": "Human vaccines &amp; immunotherapeutics", "first": "Dhama K", "last": "Chaicumpa W", "pages": "1-7"}, "evidence": "According to WHO guidelines, infected patients will receive supportive care including oxygen therapy, fluid therapy, and antibiotics for treating secondary bacterial infections.", "line": 85, "relation": "decreases"}
bp(MESH:"Oxygen Inhalation Therapy")	decreases	path(DO:"COVID-19")	{"annotations": {"Custom_Disease": {"COVID-19": true}, "PublicationStatus": {"Published": true}, "PublicationType": {"Review": true}, "Section": {"Full Text": true}, "Species": {"9606": true}}, "citation": {"authors": ["Chaicumpa W", "Dadar M", "Dhama K", "Malik YS", "Sharun K", "Singh KP", "Tiwari R"], "date": "2020-03-18", "db": "PubMed", "db_id": "32186952", "db_name": "Human vaccines &amp; immunotherapeutics", "first": "Dhama K", "last": "Chaicumpa W", "pages": "1-7"}, "evidence": "According to WHO guidelines, infected patients will receive supportive care including oxygen therapy, fluid therapy, and antibiotics for treating secondary bacterial infections.", "line": 84, "relation": "decreases"}
complex(a(COVID:S), p(GO:"MHC class I protein complex"))	increases	bp(MESH:Immunity)	{"annotations": {"Custom_Disease": {"COVID-19": true}, "PublicationStatus": {"Published": true}, "PublicationType": {"Review": true}, "Section": {"Full Text": true}, "Species": {"9606": true}}, "citation": {"authors": ["Chaicumpa W", "Dadar M", "Dhama K", "Malik YS", "Sharun K", "Singh KP", "Tiwari R"], "date": "2020-03-18", "db": "PubMed", "db_id": "32186952", "db_name": "Human vaccines &amp; immunotherapeutics", "first": "Dhama K", "last": "Chaicumpa W", "pages": "1-7"}, "evidence": "The interactions between these epitopes and their corresponding MHC class I molecules were studied further by using molecular dynamics simulations and found that the CTL epitopes bind with MHC class I peptide-binding grooves via multiple contacts, thus indicating their potential for generating immune responses.30 ", "line": 115, "relation": "increases"}
p(GO:"MHC class I protein complex")	partOf	complex(a(COVID:S), p(GO:"MHC class I protein complex"))	{"relation": "partOf"}
p(HGNC:ACE2)	partOf	complex(a(COVID:S), p(HGNC:ACE2))	{"relation": "partOf"}
p(HGNC:ACE2)	partOf	complex(a(TAX:"Severe acute respiratory syndrome coronavirus 2"), p(HGNC:ACE2))	{"relation": "partOf"}
complex(a(TAX:"Severe acute respiratory syndrome coronavirus 2"), p(HGNC:ACE2))	regulates	bp(MESH:"Renin-Angiotensin System")	{"annotations": {"Custom_Disease": {"COVID-19": true}, "PublicationStatus": {"Published": true}, "PublicationType": {"Review": true}, "Section": {"Full Text": true}, "Species": {"9606": true}}, "citation": {"authors": ["Chaicumpa W", "Dadar M", "Dhama K", "Malik YS", "Sharun K", "Singh KP", "Tiwari R"], "date": "2020-03-18", "db": "PubMed", "db_id": "32186952", "db_name": "Human vaccines &amp; immunotherapeutics", "first": "Dhama K", "last": "Chaicumpa W", "pages": "1-7"}, "evidence": "The binding of COVID-19 and ACE2 affects the balance of renin\u2013angiotensin system (RAS), potentially leading to exacerbation of severe pneumonia. Thus, it is speculated that ACEI and angiotensin type-1 receptor (AT1R) inhibitors might be able to reduce pulmonary inflammatory responses, thereby reducing the mortality.72", "line": 123, "relation": "regulates"}
complex(a(TAX:"Severe acute respiratory syndrome coronavirus 2"), p(HGNC:ACE2))	increases	path(DO:pneumonia)	{"annotations": {"Custom_Disease": {"COVID-19": true}, "PublicationStatus": {"Published": true}, "PublicationType": {"Review": true}, "Section": {"Full Text": true}, "Species": {"9606": true}}, "citation": {"authors": ["Chaicumpa W", "Dadar M", "Dhama K", "Malik YS", "Sharun K", "Singh KP", "Tiwari R"], "date": "2020-03-18", "db": "PubMed", "db_id": "32186952", "db_name": "Human vaccines &amp; immunotherapeutics", "first": "Dhama K", "last": "Chaicumpa W", "pages": "1-7"}, "evidence": "The binding of COVID-19 and ACE2 affects the balance of renin\u2013angiotensin system (RAS), potentially leading to exacerbation of severe pneumonia. Thus, it is speculated that ACEI and angiotensin type-1 receptor (AT1R) inhibitors might be able to reduce pulmonary inflammatory responses, thereby reducing the mortality.72", "line": 124, "relation": "increases"}
composite(a(CHEBI:lopinavir), a(CHEBI:ritonavir))	decreases	path(DO:"COVID-19")	{"annotations": {"Custom_Disease": {"COVID-19": true}, "MeSHDisease": {"Convalescence": true}, "PublicationStatus": {"Published": true}, "PublicationType": {"Review": true}, "Section": {"Full Text": true}, "Species": {"9606": true}}, "citation": {"authors": ["Chaicumpa W", "Dadar M", "Dhama K", "Malik YS", "Sharun K", "Singh KP", "Tiwari R"], "date": "2020-03-18", "db": "PubMed", "db_id": "32186952", "db_name": "Human vaccines &amp; immunotherapeutics", "first": "Dhama K", "last": "Chaicumpa W", "pages": "1-7"}, "evidence": "The major therapeutic drugs that might be effective in managing COVID-19 include remdesivir, lopinavir/ritonavir alone or in combination with interferon-\u03b2, convalescent plasma, and mAbs.17 ", "line": 101, "relation": "decreases"}
composite(a(CHEBI:lopinavir), a(CHEBI:ritonavir), p(HGNC:IFNB1))	decreases	path(DO:"COVID-19")	{"annotations": {"Custom_Disease": {"COVID-19": true}, "PublicationStatus": {"Published": true}, "PublicationType": {"Review": true}, "Section": {"Full Text": true}, "Species": {"9606": true}}, "citation": {"authors": ["Chaicumpa W", "Dadar M", "Dhama K", "Malik YS", "Sharun K", "Singh KP", "Tiwari R"], "date": "2020-03-18", "db": "PubMed", "db_id": "32186952", "db_name": "Human vaccines &amp; immunotherapeutics", "first": "Dhama K", "last": "Chaicumpa W", "pages": "1-7"}, "evidence": "The major therapeutic drugs that might be effective in managing COVID-19 include remdesivir, lopinavir/ritonavir alone or in combination with interferon-\u03b2, convalescent plasma, and mAbs.17 ", "line": 99, "relation": "decreases"}
p(HGNC:IFNB1)	partOf	composite(a(CHEBI:lopinavir), a(CHEBI:ritonavir), p(HGNC:IFNB1))	{"relation": "partOf"}
p(COVID:S)	hasVariant	p(COVID:S, frag("?"))	{"relation": "hasVariant"}
p(COVID:S)	increases	bp(MESH:Immunity)	{"annotations": {"Custom_Disease": {"COVID-19": true}, "PublicationStatus": {"Published": true}, "PublicationType": {"Review": true}, "Section": {"Full Text": true}, "Species": {"9606": true}}, "citation": {"authors": ["Chaicumpa W", "Dadar M", "Dhama K", "Malik YS", "Sharun K", "Singh KP", "Tiwari R"], "date": "2020-03-18", "db": "PubMed", "db_id": "32186952", "db_name": "Human vaccines &amp; immunotherapeutics", "first": "Dhama K", "last": "Chaicumpa W", "pages": "1-7"}, "evidence": "The S protein has a major role in the induction of protective immunity during infection with SARS-CoV by eliciting neutralizing-antibodies and T-cell responses.19 ", "line": 111, "relation": "increases"}
p(COVID:S, frag("?"))	increases	complex(a(COVID:S), p(HGNC:ACE2))	{"annotations": {"Custom_Disease": {"COVID-19": true}, "PublicationStatus": {"Published": true}, "PublicationType": {"Review": true}, "Section": {"Full Text": true}, "Species": {"9606": true}}, "citation": {"authors": ["Chaicumpa W", "Dadar M", "Dhama K", "Malik YS", "Sharun K", "Singh KP", "Tiwari R"], "date": "2020-03-18", "db": "PubMed", "db_id": "32186952", "db_name": "Human vaccines &amp; immunotherapeutics", "first": "Dhama K", "last": "Chaicumpa W", "pages": "1-7"}, "evidence": "The S1 subunit has an RBD that interacts with its host cell receptor, angiotensin-converting enzyme 2 (ACE2), whereas the S2 subunit mediates fusion between the virus and host cell membranes for releasing viral RNA into the cytoplasm for replication.19 ", "line": 106, "relation": "increases"}
p(COVID:S, frag("?"))	increases	bp(GO:"intracellular transport of virus")	{"annotations": {"Custom_Disease": {"COVID-19": true}, "PublicationStatus": {"Published": true}, "PublicationType": {"Review": true}, "Section": {"Full Text": true}, "Species": {"9606": true}}, "citation": {"authors": ["Chaicumpa W", "Dadar M", "Dhama K", "Malik YS", "Sharun K", "Singh KP", "Tiwari R"], "date": "2020-03-18", "db": "PubMed", "db_id": "32186952", "db_name": "Human vaccines &amp; immunotherapeutics", "first": "Dhama K", "last": "Chaicumpa W", "pages": "1-7"}, "evidence": "The S1 subunit has an RBD that interacts with its host cell receptor, angiotensin-converting enzyme 2 (ACE2), whereas the S2 subunit mediates fusion between the virus and host cell membranes for releasing viral RNA into the cytoplasm for replication.19 ", "line": 107, "relation": "increases"}
p(HGNC:NEU1)	positiveCorrelation	path(DO:"COVID-19")	{"annotations": {"Custom_Disease": {"COVID-19": true}, "PublicationStatus": {"Published": true}, "PublicationType": {"Review": true}, "Section": {"Full Text": true}, "Species": {"9606": true}}, "citation": {"authors": ["Chaicumpa W", "Dadar M", "Dhama K", "Malik YS", "Sharun K", "Singh KP", "Tiwari R"], "date": "2020-03-18", "db": "PubMed", "db_id": "32186952", "db_name": "Human vaccines &amp; immunotherapeutics", "first": "Dhama K", "last": "Chaicumpa W", "pages": "1-7"}, "evidence": "Furthermore, RNA synthesis inhibitors (like 3TC, TDF), remdesivir, neuraminidase inhibitors, peptide (EK1), anti-inflammatory drugs, abidol, Chinese traditional medicine, such as Lianhuaqingwen and ShuFengJieDu Capsules, could be the promising COVID-19 treatments.2", "line": 132, "relation": "positiveCorrelation"}
path(DO:"COVID-19")	association	path(MESH:"Bacterial Infections")	{"annotations": {"Custom_Disease": {"COVID-19": true}, "PublicationStatus": {"Published": true}, "PublicationType": {"Review": true}, "Section": {"Full Text": true}, "Species": {"9606": true}}, "citation": {"authors": ["Chaicumpa W", "Dadar M", "Dhama K", "Malik YS", "Sharun K", "Singh KP", "Tiwari R"], "date": "2020-03-18", "db": "PubMed", "db_id": "32186952", "db_name": "Human vaccines &amp; immunotherapeutics", "first": "Dhama K", "last": "Chaicumpa W", "pages": "1-7"}, "evidence": "According to WHO guidelines, infected patients will receive supportive care including oxygen therapy, fluid therapy, and antibiotics for treating secondary bacterial infections.", "line": 86, "relation": "association"}
path(DO:"COVID-19")	positiveCorrelation	p(HGNC:NEU1)	{"annotations": {"Custom_Disease": {"COVID-19": true}, "PublicationStatus": {"Published": true}, "PublicationType": {"Review": true}, "Section": {"Full Text": true}, "Species": {"9606": true}}, "citation": {"authors": ["Chaicumpa W", "Dadar M", "Dhama K", "Malik YS", "Sharun K", "Singh KP", "Tiwari R"], "date": "2020-03-18", "db": "PubMed", "db_id": "32186952", "db_name": "Human vaccines &amp; immunotherapeutics", "first": "Dhama K", "last": "Chaicumpa W", "pages": "1-7"}, "evidence": "Furthermore, RNA synthesis inhibitors (like 3TC, TDF), remdesivir, neuraminidase inhibitors, peptide (EK1), anti-inflammatory drugs, abidol, Chinese traditional medicine, such as Lianhuaqingwen and ShuFengJieDu Capsules, could be the promising COVID-19 treatments.2", "line": 132, "relation": "positiveCorrelation"}
path(MESH:"Bacterial Infections")	association	path(DO:"COVID-19")	{"annotations": {"Custom_Disease": {"COVID-19": true}, "PublicationStatus": {"Published": true}, "PublicationType": {"Review": true}, "Section": {"Full Text": true}, "Species": {"9606": true}}, "citation": {"authors": ["Chaicumpa W", "Dadar M", "Dhama K", "Malik YS", "Sharun K", "Singh KP", "Tiwari R"], "date": "2020-03-18", "db": "PubMed", "db_id": "32186952", "db_name": "Human vaccines &amp; immunotherapeutics", "first": "Dhama K", "last": "Chaicumpa W", "pages": "1-7"}, "evidence": "According to WHO guidelines, infected patients will receive supportive care including oxygen therapy, fluid therapy, and antibiotics for treating secondary bacterial infections.", "line": 86, "relation": "association"}
path(MESH:"Social Isolation")	decreases	path(DO:"COVID-19")	{"annotations": {"Custom_Disease": {"COVID-19": true}, "PublicationStatus": {"Published": true}, "PublicationType": {"Review": true}, "Section": {"Full Text": true}, "Species": {"9606": true}}, "citation": {"authors": ["Chaicumpa W", "Dadar M", "Dhama K", "Malik YS", "Sharun K", "Singh KP", "Tiwari R"], "date": "2020-03-18", "db": "PubMed", "db_id": "32186952", "db_name": "Human vaccines &amp; immunotherapeutics", "first": "Dhama K", "last": "Chaicumpa W", "pages": "1-7"}, "evidence": "The WHO also recommends the isolation of patients suspected or confirmed for COVID-19.16", "line": 91, "relation": "decreases"}
