a(CHEBI:steroid)	decreases	path(DO:"COVID-19")	{"citation": {"db": "DOI", "db_id": "https://doi.org/10.1016/S0140-6736(20)30628-0"}, "evidence": "Therapeutic options include steroids, intravenous immunoglobulin, selective cytokine blockade (eg, anakinra or tocilizumab) and JAK inhibition.", "line": 109, "relation": "decreases"}
a(DRUGBANK:DB00026)	decreases	p(HGNC:IL1A)	{"citation": {"db": "DOI", "db_id": "https://doi.org/10.1016/S0140-6736(20)30628-0"}, "evidence": "However, in hyperinflammation, immunosuppression is likely to be beneficial. Re-analysis of data from a phase 3 randomised controlled trial of IL-1 blockade (anakinra) in sepsis, showed significant survival benefit in patients with hyperinflammation, without increased adverse events.[8]", "line": 87, "relation": "decreases"}
a(DRUGBANK:DB00026)	negativeCorrelation	path(MESH:Sepsis)	{"citation": {"db": "DOI", "db_id": "https://doi.org/10.1016/S0140-6736(20)30628-0"}, "evidence": "However, in hyperinflammation, immunosuppression is likely to be beneficial. Re-analysis of data from a phase 3 randomised controlled trial of IL-1 blockade (anakinra) in sepsis, showed significant survival benefit in patients with hyperinflammation, without increased adverse events.[8]", "line": 88, "relation": "negativeCorrelation"}
a(DRUGBANK:DB00026)	negativeCorrelation	bp(GOBP:"chronic inflammatory response")	{"citation": {"db": "DOI", "db_id": "https://doi.org/10.1016/S0140-6736(20)30628-0"}, "evidence": "However, in hyperinflammation, immunosuppression is likely to be beneficial. Re-analysis of data from a phase 3 randomised controlled trial of IL-1 blockade (anakinra) in sepsis, showed significant survival benefit in patients with hyperinflammation, without increased adverse events.[8]", "line": 89, "relation": "negativeCorrelation"}
a(DRUGBANK:DB00026)	decreases	path(DO:"COVID-19")	{"citation": {"db": "DOI", "db_id": "https://doi.org/10.1016/S0140-6736(20)30628-0"}, "evidence": "Therapeutic options include steroids, intravenous immunoglobulin, selective cytokine blockade (eg, anakinra or tocilizumab) and JAK inhibition.", "line": 111, "relation": "decreases"}
a(DRUGBANK:DB06273)	decreases	p(HGNC:IL6R)	{"citation": {"db": "DOI", "db_id": "https://doi.org/10.1016/S0140-6736(20)30628-0"}, "evidence": "A multicentre, randomised controlled trial of tocilizumab (IL-6 receptor blockade, licensed for cytokine release syndrome), has been approved in patients with COVID-19 pneumonia and elevated IL-6 in China (ChiCTR2000029765) [9]. Janus kinase (JAK) inhibition could affect both inflammation and cellular viral entry in COVID-19 [10].", "line": 93, "relation": "decreases"}
a(DRUGBANK:DB06273)	decreases	path(DO:"COVID-19")	{"citation": {"db": "DOI", "db_id": "https://doi.org/10.1016/S0140-6736(20)30628-0"}, "evidence": "Therapeutic options include steroids, intravenous immunoglobulin, selective cytokine blockade (eg, anakinra or tocilizumab) and JAK inhibition.", "line": 112, "relation": "decreases"}
a(MESH:Immunoglobulins)	decreases	path(DO:"COVID-19")	{"citation": {"db": "DOI", "db_id": "https://doi.org/10.1016/S0140-6736(20)30628-0"}, "evidence": "Therapeutic options include steroids, intravenous immunoglobulin, selective cytokine blockade (eg, anakinra or tocilizumab) and JAK inhibition.", "line": 110, "relation": "decreases"}
bp(GOBP:"activation of Janus kinase activity")	association	bp(GOBP:"inflammatory response")	{"citation": {"db": "DOI", "db_id": "https://doi.org/10.1016/S0140-6736(20)30628-0"}, "evidence": "A multicentre, randomised controlled trial of tocilizumab (IL-6 receptor blockade, licensed for cytokine release syndrome), has been approved in patients with COVID-19 pneumonia and elevated IL-6 in China (ChiCTR2000029765) [9]. Janus kinase (JAK) inhibition could affect both inflammation and cellular viral entry in COVID-19 [10].", "line": 98, "relation": "association"}
bp(GOBP:"activation of Janus kinase activity")	association	bp(GOBP:"viral entry into host cell")	{"citation": {"db": "DOI", "db_id": "https://doi.org/10.1016/S0140-6736(20)30628-0"}, "evidence": "A multicentre, randomised controlled trial of tocilizumab (IL-6 receptor blockade, licensed for cytokine release syndrome), has been approved in patients with COVID-19 pneumonia and elevated IL-6 in China (ChiCTR2000029765) [9]. Janus kinase (JAK) inhibition could affect both inflammation and cellular viral entry in COVID-19 [10].", "line": 99, "relation": "association"}
bp(GOBP:"chronic inflammatory response")	negativeCorrelation	path(MESH:Immunosuppression)	{"citation": {"db": "DOI", "db_id": "https://doi.org/10.1016/S0140-6736(20)30628-0"}, "evidence": "However, in hyperinflammation, immunosuppression is likely to be beneficial. Re-analysis of data from a phase 3 randomised controlled trial of IL-1 blockade (anakinra) in sepsis, showed significant survival benefit in patients with hyperinflammation, without increased adverse events.[8]", "line": 86, "relation": "negativeCorrelation"}
bp(GOBP:"chronic inflammatory response")	negativeCorrelation	a(DRUGBANK:DB00026)	{"citation": {"db": "DOI", "db_id": "https://doi.org/10.1016/S0140-6736(20)30628-0"}, "evidence": "However, in hyperinflammation, immunosuppression is likely to be beneficial. Re-analysis of data from a phase 3 randomised controlled trial of IL-1 blockade (anakinra) in sepsis, showed significant survival benefit in patients with hyperinflammation, without increased adverse events.[8]", "line": 89, "relation": "negativeCorrelation"}
bp(GOBP:"chronic inflammatory response")	increases	a(CHEBI:Ferritin)	{"citation": {"db": "DOI", "db_id": "https://doi.org/10.1016/S0140-6736(20)30628-0"}, "evidence": "All patients with severe COVID-19 should be screened for hyperinflammation using laboratory trends (eg, increasing ferritin, decreasing platelet counts, or erythrocyte sedimentation rate) and the HScore [11] (table) to identify the subgroup of patients for whom immunosuppression could improve mortality.", "line": 102, "relation": "increases"}
bp(GOBP:"chronic inflammatory response")	decreases	path(MESH:"Platelet Count")	{"citation": {"db": "DOI", "db_id": "https://doi.org/10.1016/S0140-6736(20)30628-0"}, "evidence": "All patients with severe COVID-19 should be screened for hyperinflammation using laboratory trends (eg, increasing ferritin, decreasing platelet counts, or erythrocyte sedimentation rate) and the HScore [11] (table) to identify the subgroup of patients for whom immunosuppression could improve mortality.", "line": 103, "relation": "decreases"}
bp(GOBP:"chronic inflammatory response")	association	path(MESH:"Blood Sedimentation")	{"citation": {"db": "DOI", "db_id": "https://doi.org/10.1016/S0140-6736(20)30628-0"}, "evidence": "All patients with severe COVID-19 should be screened for hyperinflammation using laboratory trends (eg, increasing ferritin, decreasing platelet counts, or erythrocyte sedimentation rate) and the HScore [11] (table) to identify the subgroup of patients for whom immunosuppression could improve mortality.", "line": 104, "relation": "association"}
bp(GOBP:"inflammatory response")	association	bp(GOBP:"activation of Janus kinase activity")	{"citation": {"db": "DOI", "db_id": "https://doi.org/10.1016/S0140-6736(20)30628-0"}, "evidence": "A multicentre, randomised controlled trial of tocilizumab (IL-6 receptor blockade, licensed for cytokine release syndrome), has been approved in patients with COVID-19 pneumonia and elevated IL-6 in China (ChiCTR2000029765) [9]. Janus kinase (JAK) inhibition could affect both inflammation and cellular viral entry in COVID-19 [10].", "line": 98, "relation": "association"}
bp(GOBP:"viral entry into host cell")	association	bp(GOBP:"activation of Janus kinase activity")	{"citation": {"db": "DOI", "db_id": "https://doi.org/10.1016/S0140-6736(20)30628-0"}, "evidence": "A multicentre, randomised controlled trial of tocilizumab (IL-6 receptor blockade, licensed for cytokine release syndrome), has been approved in patients with COVID-19 pneumonia and elevated IL-6 in China (ChiCTR2000029765) [9]. Janus kinase (JAK) inhibition could affect both inflammation and cellular viral entry in COVID-19 [10].", "line": 99, "relation": "association"}
p(HGNC:IL6R)	association	path(FIXME:"cytokine release syndrome")	{"citation": {"db": "DOI", "db_id": "https://doi.org/10.1016/S0140-6736(20)30628-0"}, "evidence": "A multicentre, randomised controlled trial of tocilizumab (IL-6 receptor blockade, licensed for cytokine release syndrome), has been approved in patients with COVID-19 pneumonia and elevated IL-6 in China (ChiCTR2000029765) [9]. Janus kinase (JAK) inhibition could affect both inflammation and cellular viral entry in COVID-19 [10].", "line": 94, "relation": "association"}
p(HGNC:IL6R)	negativeCorrelation	path(DO:"viral pneumonia")	{"annotations": {"Virus": {"SARS-CoV-2": true}}, "citation": {"db": "DOI", "db_id": "https://doi.org/10.1016/S0140-6736(20)30628-0"}, "evidence": "A multicentre, randomised controlled trial of tocilizumab (IL-6 receptor blockade, licensed for cytokine release syndrome), has been approved in patients with COVID-19 pneumonia and elevated IL-6 in China (ChiCTR2000029765) [9]. Janus kinase (JAK) inhibition could affect both inflammation and cellular viral entry in COVID-19 [10].", "line": 96, "relation": "negativeCorrelation"}
p(MESH:"Janus Kinases")	positiveCorrelation	path(DO:"COVID-19")	{"citation": {"db": "DOI", "db_id": "https://doi.org/10.1016/S0140-6736(20)30628-0"}, "evidence": "Therapeutic options include steroids, intravenous immunoglobulin, selective cytokine blockade (eg, anakinra or tocilizumab) and JAK inhibition.", "line": 113, "relation": "positiveCorrelation"}
path(DO:"COVID-19")	positiveCorrelation	p(MESH:"Janus Kinases")	{"citation": {"db": "DOI", "db_id": "https://doi.org/10.1016/S0140-6736(20)30628-0"}, "evidence": "Therapeutic options include steroids, intravenous immunoglobulin, selective cytokine blockade (eg, anakinra or tocilizumab) and JAK inhibition.", "line": 113, "relation": "positiveCorrelation"}
path(DO:"viral pneumonia")	negativeCorrelation	p(HGNC:IL6R)	{"annotations": {"Virus": {"SARS-CoV-2": true}}, "citation": {"db": "DOI", "db_id": "https://doi.org/10.1016/S0140-6736(20)30628-0"}, "evidence": "A multicentre, randomised controlled trial of tocilizumab (IL-6 receptor blockade, licensed for cytokine release syndrome), has been approved in patients with COVID-19 pneumonia and elevated IL-6 in China (ChiCTR2000029765) [9]. Janus kinase (JAK) inhibition could affect both inflammation and cellular viral entry in COVID-19 [10].", "line": 96, "relation": "negativeCorrelation"}
path(FIXME:"cytokine release syndrome")	association	p(HGNC:IL6R)	{"citation": {"db": "DOI", "db_id": "https://doi.org/10.1016/S0140-6736(20)30628-0"}, "evidence": "A multicentre, randomised controlled trial of tocilizumab (IL-6 receptor blockade, licensed for cytokine release syndrome), has been approved in patients with COVID-19 pneumonia and elevated IL-6 in China (ChiCTR2000029765) [9]. Janus kinase (JAK) inhibition could affect both inflammation and cellular viral entry in COVID-19 [10].", "line": 94, "relation": "association"}
path(MESH:"Blood Sedimentation")	association	bp(GOBP:"chronic inflammatory response")	{"citation": {"db": "DOI", "db_id": "https://doi.org/10.1016/S0140-6736(20)30628-0"}, "evidence": "All patients with severe COVID-19 should be screened for hyperinflammation using laboratory trends (eg, increasing ferritin, decreasing platelet counts, or erythrocyte sedimentation rate) and the HScore [11] (table) to identify the subgroup of patients for whom immunosuppression could improve mortality.", "line": 104, "relation": "association"}
path(MESH:Immunosuppression)	negativeCorrelation	bp(GOBP:"chronic inflammatory response")	{"citation": {"db": "DOI", "db_id": "https://doi.org/10.1016/S0140-6736(20)30628-0"}, "evidence": "However, in hyperinflammation, immunosuppression is likely to be beneficial. Re-analysis of data from a phase 3 randomised controlled trial of IL-1 blockade (anakinra) in sepsis, showed significant survival benefit in patients with hyperinflammation, without increased adverse events.[8]", "line": 86, "relation": "negativeCorrelation"}
path(MESH:Sepsis)	negativeCorrelation	a(DRUGBANK:DB00026)	{"citation": {"db": "DOI", "db_id": "https://doi.org/10.1016/S0140-6736(20)30628-0"}, "evidence": "However, in hyperinflammation, immunosuppression is likely to be beneficial. Re-analysis of data from a phase 3 randomised controlled trial of IL-1 blockade (anakinra) in sepsis, showed significant survival benefit in patients with hyperinflammation, without increased adverse events.[8]", "line": 88, "relation": "negativeCorrelation"}
