a(FIXME:"alpha-ketoamide inhibitor")	partOf	complex(a(FIXME:"alpha-ketoamide inhibitor"), p(COVID:M))	{"relation": "partOf"}
a(MESH:"Viral Proteins")	association	a(TAX:"Severe acute respiratory syndrome coronavirus 2")	{"annotations": {"PublicationStatus": {"Published": true}, "PublicationType": {"Report": true}, "Section": {"Full Text": true}}, "citation": {"authors": ["Becker S", "Curth U", "Drosten C", "Hilgenfeld R", "Lin D", "Rox K", "Sauerhering L", "Sun X", "Zhang L"], "date": "2020-03-20", "db": "PubMed", "db_id": "32198291", "db_name": "Science (New York, N.Y.)", "first": "Zhang L", "last": "Hilgenfeld R"}, "evidence": "One of the best characterized drug targets among coronaviruses is the main protease (Mpro, also called 3CLpro) (4). Along with the papain- like protease(s), this enzyme is essential for processing the polyproteins that are translated from the viral RNA (5).", "line": 92, "relation": "association"}
a(TAX:"Severe acute respiratory syndrome coronavirus 2")	association	a(MESH:"Viral Proteins")	{"annotations": {"PublicationStatus": {"Published": true}, "PublicationType": {"Report": true}, "Section": {"Full Text": true}}, "citation": {"authors": ["Becker S", "Curth U", "Drosten C", "Hilgenfeld R", "Lin D", "Rox K", "Sauerhering L", "Sun X", "Zhang L"], "date": "2020-03-20", "db": "PubMed", "db_id": "32198291", "db_name": "Science (New York, N.Y.)", "first": "Zhang L", "last": "Hilgenfeld R"}, "evidence": "One of the best characterized drug targets among coronaviruses is the main protease (Mpro, also called 3CLpro) (4). Along with the papain- like protease(s), this enzyme is essential for processing the polyproteins that are translated from the viral RNA (5).", "line": 92, "relation": "association"}
bp(GO:"viral translation")	increases	a(MESH:"Viral Proteins")	{"annotations": {"PublicationStatus": {"Published": true}, "PublicationType": {"Report": true}, "Section": {"Full Text": true}}, "citation": {"authors": ["Becker S", "Curth U", "Drosten C", "Hilgenfeld R", "Lin D", "Rox K", "Sauerhering L", "Sun X", "Zhang L"], "date": "2020-03-20", "db": "PubMed", "db_id": "32198291", "db_name": "Science (New York, N.Y.)", "first": "Zhang L", "last": "Hilgenfeld R"}, "evidence": "One of the best characterized drug targets among coronaviruses is the main protease (Mpro, also called 3CLpro) (4). Along with the papain- like protease(s), this enzyme is essential for processing the polyproteins that are translated from the viral RNA (5).", "line": 91, "relation": "increases"}
complex(a(FIXME:"alpha-ketoamide inhibitor"), p(COVID:M))	decreases	act(p(COVID:M))	{"annotations": {"PublicationStatus": {"Published": true}, "PublicationType": {"Report": true}, "Section": {"Abstract": true}}, "citation": {"authors": ["Becker S", "Curth U", "Drosten C", "Hilgenfeld R", "Lin D", "Rox K", "Sauerhering L", "Sun X", "Zhang L"], "date": "2020-03-20", "db": "PubMed", "db_id": "32198291", "db_name": "Science (New York, N.Y.)", "first": "Zhang L", "last": "Hilgenfeld R"}, "evidence": "Based on the structure, we developed the lead compound into a potent inhibitor of the SARS-CoV-2 Mpro.", "line": 81, "object": {"modifier": "Activity"}, "relation": "decreases"}
p(COVID:M)	partOf	complex(a(FIXME:"alpha-ketoamide inhibitor"), p(COVID:M))	{"relation": "partOf"}
p(COVID:M)	regulates	bp(GO:"viral translation")	{"annotations": {"PublicationStatus": {"Published": true}, "PublicationType": {"Report": true}, "Section": {"Full Text": true}}, "citation": {"authors": ["Becker S", "Curth U", "Drosten C", "Hilgenfeld R", "Lin D", "Rox K", "Sauerhering L", "Sun X", "Zhang L"], "date": "2020-03-20", "db": "PubMed", "db_id": "32198291", "db_name": "Science (New York, N.Y.)", "first": "Zhang L", "last": "Hilgenfeld R"}, "evidence": "One of the best characterized drug targets among coronaviruses is the main protease (Mpro, also called 3CLpro) (4). Along with the papain- like protease(s), this enzyme is essential for processing the polyproteins that are translated from the viral RNA (5).", "line": 90, "relation": "regulates"}
p(COVID:M)	increases	p(COVID:ORF1ab, frag("?"))	{"annotations": {"PublicationStatus": {"Published": true}, "PublicationType": {"Report": true}, "Section": {"Full Text": true}}, "citation": {"authors": ["Becker S", "Curth U", "Drosten C", "Hilgenfeld R", "Lin D", "Rox K", "Sauerhering L", "Sun X", "Zhang L"], "date": "2020-03-20", "db": "PubMed", "db_id": "32198291", "db_name": "Science (New York, N.Y.)", "first": "Zhang L", "last": "Hilgenfeld R"}, "evidence": "The Mpro operates at no less than 11 cleavage sites on the large polyprotein 1ab (replicase 1ab, ~790 kDa); the recognition sequence at most sites is Leu-Gln\u2193(Ser,Ala,Gly) (\u2193 marks the cleavage site).", "line": 98, "relation": "increases"}
act(p(COVID:M))	increases	bp(GO:"viral genome replication")	{"annotations": {"PublicationStatus": {"Published": true}, "PublicationType": {"Report": true}, "Section": {"Full Text": true}}, "citation": {"authors": ["Becker S", "Curth U", "Drosten C", "Hilgenfeld R", "Lin D", "Rox K", "Sauerhering L", "Sun X", "Zhang L"], "date": "2020-03-20", "db": "PubMed", "db_id": "32198291", "db_name": "Science (New York, N.Y.)", "first": "Zhang L", "last": "Hilgenfeld R"}, "evidence": "Inhibiting the activity of this enzyme would block viral replication.", "line": 102, "relation": "increases", "subject": {"modifier": "Activity"}}
p(COVID:ORF1ab)	hasVariant	p(COVID:ORF1ab, frag("?"))	{"relation": "hasVariant"}
