deg(a(MESH:"CD8-Positive T-Lymphocytes"))	association	path(DO:"COVID-19")	{"annotations": {"Custom_Disease": {"COVID-19": true}, "PublicationStatus": {"Published": true}, "PublicationType": {"Correspondence": true}, "Section": {"Full Text": true}, "Species": {"9606": true}}, "citation": {"authors": ["Dong XQ", "Wang XC", "Yang CX", "Yang XP", "Zhang M", "Zhang N", "Zheng HY", "Zheng YT"], "date": "2020-03-17", "db": "PubMed", "db_id": "32203186", "db_name": "Cellular &amp; molecular immunology", "first": "Zheng HY", "last": "Zheng YT"}, "evidence": "Because functional blockade of PD-1, CTLA-4, and TIGIT is beneficial for CD8+ T cells to maintain lasting antigen-specific immunity and antiviral effects,10,11 the excessive exhaustion of CD8+ T cells in severe patients may reduce their cellular immune response to SARS- CoV-2.", "line": 176, "relation": "association", "subject": {"modifier": "Degradation"}}
deg(a(MESH:"CD8-Positive T-Lymphocytes"))	decreases	bp(GO:"immune response")	{"annotations": {"Custom_Disease": {"COVID-19": true}, "PublicationStatus": {"Published": true}, "PublicationType": {"Correspondence": true}, "Section": {"Full Text": true}, "Species": {"9606": true}}, "citation": {"authors": ["Dong XQ", "Wang XC", "Yang CX", "Yang XP", "Zhang M", "Zhang N", "Zheng HY", "Zheng YT"], "date": "2020-03-17", "db": "PubMed", "db_id": "32203186", "db_name": "Cellular &amp; molecular immunology", "first": "Zheng HY", "last": "Zheng YT"}, "evidence": "Because functional blockade of PD-1, CTLA-4, and TIGIT is beneficial for CD8+ T cells to maintain lasting antigen-specific immunity and antiviral effects,10,11 the excessive exhaustion of CD8+ T cells in severe patients may reduce their cellular immune response to SARS- CoV-2.", "line": 177, "relation": "decreases", "subject": {"modifier": "Degradation"}}
a(TAX:"Severe acute respiratory syndrome coronavirus 2")	increases	path(DO:"COVID-19")	{"annotations": {"PublicationStatus": {"Published": true}, "PublicationType": {"Correspondence": true}, "Section": {"Full Text": true}}, "citation": {"authors": ["Dong XQ", "Wang XC", "Yang CX", "Yang XP", "Zhang M", "Zhang N", "Zheng HY", "Zheng YT"], "date": "2020-03-17", "db": "PubMed", "db_id": "32203186", "db_name": "Cellular &amp; molecular immunology", "first": "Zheng HY", "last": "Zheng YT"}, "evidence": "The novel contagious primary atypical pneumonia epidemic, which broke out in Wuhan, China, in December 2019, is now formally called Coronavirus Disease 2019 (COVID-19), with the causative virus named as Severe Acute Respiratory Syndrome Coronavirus 2 (SARS-CoV-2).1,2", "line": 45, "relation": "increases"}
bp(GO:"CD4-positive, alpha-beta T cell activation")	negativeCorrelation	path(DO:"COVID-19")	{"annotations": {"Custom_Disease": {"COVID-19": true}, "PublicationStatus": {"Published": true}, "PublicationType": {"Correspondence": true}, "Section": {"Full Text": true}, "Species": {"9606": true}}, "citation": {"authors": ["Dong XQ", "Wang XC", "Yang CX", "Yang XP", "Zhang M", "Zhang N", "Zheng HY", "Zheng YT"], "date": "2020-03-17", "db": "PubMed", "db_id": "32203186", "db_name": "Cellular &amp; molecular immunology", "first": "Zheng HY", "last": "Zheng YT"}, "evidence": "Studies have shown that multi-functional T cells can better control human immunodeficiency virus in natural infection and are correlated with better outcomes during vaccination; thus, the functional damage of CD4+ T cells may have predisposed COVID-19 patients to severe disease.8", "line": 150, "relation": "negativeCorrelation"}
bp(GO:"CD8-positive, alpha-beta T cell activation")	increases	deg(a(MESH:"CD8-Positive T-Lymphocytes"))	{"annotations": {"Condition": {"excessive": true}, "Custom_Disease": {"COVID-19": true}, "PublicationStatus": {"Published": true}, "PublicationType": {"Correspondence": true}, "Section": {"Full Text": true}, "Species": {"9606": true}}, "citation": {"authors": ["Dong XQ", "Wang XC", "Yang CX", "Yang XP", "Zhang M", "Zhang N", "Zheng HY", "Zheng YT"], "date": "2020-03-17", "db": "PubMed", "db_id": "32203186", "db_name": "Cellular &amp; molecular immunology", "first": "Zheng HY", "last": "Zheng YT"}, "evidence": "These data indicate that COVID-19, similar to some chronic infections, damages the function of CD4+ T cells and promotes excessive activation and possibly subsequent exhaustion of CD8+ T cells.", "line": 123, "object": {"modifier": "Degradation"}, "relation": "increases"}
bp(GO:"CD8-positive, alpha-beta T cell activation")	negativeCorrelation	act(p(HGNC:PDCD1))	{"annotations": {"Custom_Disease": {"COVID-19": true}, "PublicationStatus": {"Published": true}, "PublicationType": {"Correspondence": true}, "Section": {"Full Text": true}, "Species": {"9606": true}}, "citation": {"authors": ["Dong XQ", "Wang XC", "Yang CX", "Yang XP", "Zhang M", "Zhang N", "Zheng HY", "Zheng YT"], "date": "2020-03-17", "db": "PubMed", "db_id": "32203186", "db_name": "Cellular &amp; molecular immunology", "first": "Zheng HY", "last": "Zheng YT"}, "evidence": "Because functional blockade of PD-1, CTLA-4, and TIGIT is beneficial for CD8+ T cells to maintain lasting antigen-specific immunity and antiviral effects,10,11 the excessive exhaustion of CD8+ T cells in severe patients may reduce their cellular immune response to SARS- CoV-2.", "line": 173, "object": {"modifier": "Activity"}, "relation": "negativeCorrelation"}
bp(GO:"CD8-positive, alpha-beta T cell activation")	negativeCorrelation	act(p(HGNC:CTLA4))	{"annotations": {"Custom_Disease": {"COVID-19": true}, "PublicationStatus": {"Published": true}, "PublicationType": {"Correspondence": true}, "Section": {"Full Text": true}, "Species": {"9606": true}}, "citation": {"authors": ["Dong XQ", "Wang XC", "Yang CX", "Yang XP", "Zhang M", "Zhang N", "Zheng HY", "Zheng YT"], "date": "2020-03-17", "db": "PubMed", "db_id": "32203186", "db_name": "Cellular &amp; molecular immunology", "first": "Zheng HY", "last": "Zheng YT"}, "evidence": "Because functional blockade of PD-1, CTLA-4, and TIGIT is beneficial for CD8+ T cells to maintain lasting antigen-specific immunity and antiviral effects,10,11 the excessive exhaustion of CD8+ T cells in severe patients may reduce their cellular immune response to SARS- CoV-2.", "line": 174, "object": {"modifier": "Activity"}, "relation": "negativeCorrelation"}
bp(GO:"CD8-positive, alpha-beta T cell activation")	negativeCorrelation	act(p(HGNC:TIGIT))	{"annotations": {"Custom_Disease": {"COVID-19": true}, "PublicationStatus": {"Published": true}, "PublicationType": {"Correspondence": true}, "Section": {"Full Text": true}, "Species": {"9606": true}}, "citation": {"authors": ["Dong XQ", "Wang XC", "Yang CX", "Yang XP", "Zhang M", "Zhang N", "Zheng HY", "Zheng YT"], "date": "2020-03-17", "db": "PubMed", "db_id": "32203186", "db_name": "Cellular &amp; molecular immunology", "first": "Zheng HY", "last": "Zheng YT"}, "evidence": "Because functional blockade of PD-1, CTLA-4, and TIGIT is beneficial for CD8+ T cells to maintain lasting antigen-specific immunity and antiviral effects,10,11 the excessive exhaustion of CD8+ T cells in severe patients may reduce their cellular immune response to SARS- CoV-2.", "line": 175, "object": {"modifier": "Activity"}, "relation": "negativeCorrelation"}
bp(GO:"T cell activation")	regulates	path(DO:"human immunodeficiency virus infectious disease")	{"annotations": {"Custom_Disease": {"COVID-19": true}, "PublicationStatus": {"Published": true}, "PublicationType": {"Correspondence": true}, "Section": {"Full Text": true}, "Species": {"9606": true}}, "citation": {"authors": ["Dong XQ", "Wang XC", "Yang CX", "Yang XP", "Zhang M", "Zhang N", "Zheng HY", "Zheng YT"], "date": "2020-03-17", "db": "PubMed", "db_id": "32203186", "db_name": "Cellular &amp; molecular immunology", "first": "Zheng HY", "last": "Zheng YT"}, "evidence": "Studies have shown that multi-functional T cells can better control human immunodeficiency virus in natural infection and are correlated with better outcomes during vaccination; thus, the functional damage of CD4+ T cells may have predisposed COVID-19 patients to severe disease.8", "line": 149, "relation": "regulates"}
bp(GO:"immune response")	regulates	path(DO:"COVID-19")	{"annotations": {"Custom_Disease": {"COVID-19": true}, "PublicationStatus": {"Published": true}, "PublicationType": {"Correspondence": true}, "Section": {"Full Text": true}, "Species": {"9606": true}}, "citation": {"authors": ["Dong XQ", "Wang XC", "Yang CX", "Yang XP", "Zhang M", "Zhang N", "Zheng HY", "Zheng YT"], "date": "2020-03-17", "db": "PubMed", "db_id": "32203186", "db_name": "Cellular &amp; molecular immunology", "first": "Zheng HY", "last": "Zheng YT"}, "evidence": "This suggests that homeostasis of the immune system plays an important role in the development of COVID-19 pneumonia.", "line": 65, "relation": "regulates"}
act(p(HGNC:CTLA4))	negativeCorrelation	bp(GO:"CD8-positive, alpha-beta T cell activation")	{"annotations": {"Custom_Disease": {"COVID-19": true}, "PublicationStatus": {"Published": true}, "PublicationType": {"Correspondence": true}, "Section": {"Full Text": true}, "Species": {"9606": true}}, "citation": {"authors": ["Dong XQ", "Wang XC", "Yang CX", "Yang XP", "Zhang M", "Zhang N", "Zheng HY", "Zheng YT"], "date": "2020-03-17", "db": "PubMed", "db_id": "32203186", "db_name": "Cellular &amp; molecular immunology", "first": "Zheng HY", "last": "Zheng YT"}, "evidence": "Because functional blockade of PD-1, CTLA-4, and TIGIT is beneficial for CD8+ T cells to maintain lasting antigen-specific immunity and antiviral effects,10,11 the excessive exhaustion of CD8+ T cells in severe patients may reduce their cellular immune response to SARS- CoV-2.", "line": 174, "relation": "negativeCorrelation", "subject": {"modifier": "Activity"}}
act(p(HGNC:PDCD1))	negativeCorrelation	bp(GO:"CD8-positive, alpha-beta T cell activation")	{"annotations": {"Custom_Disease": {"COVID-19": true}, "PublicationStatus": {"Published": true}, "PublicationType": {"Correspondence": true}, "Section": {"Full Text": true}, "Species": {"9606": true}}, "citation": {"authors": ["Dong XQ", "Wang XC", "Yang CX", "Yang XP", "Zhang M", "Zhang N", "Zheng HY", "Zheng YT"], "date": "2020-03-17", "db": "PubMed", "db_id": "32203186", "db_name": "Cellular &amp; molecular immunology", "first": "Zheng HY", "last": "Zheng YT"}, "evidence": "Because functional blockade of PD-1, CTLA-4, and TIGIT is beneficial for CD8+ T cells to maintain lasting antigen-specific immunity and antiviral effects,10,11 the excessive exhaustion of CD8+ T cells in severe patients may reduce their cellular immune response to SARS- CoV-2.", "line": 173, "relation": "negativeCorrelation", "subject": {"modifier": "Activity"}}
act(p(HGNC:TIGIT))	negativeCorrelation	bp(GO:"CD8-positive, alpha-beta T cell activation")	{"annotations": {"Custom_Disease": {"COVID-19": true}, "PublicationStatus": {"Published": true}, "PublicationType": {"Correspondence": true}, "Section": {"Full Text": true}, "Species": {"9606": true}}, "citation": {"authors": ["Dong XQ", "Wang XC", "Yang CX", "Yang XP", "Zhang M", "Zhang N", "Zheng HY", "Zheng YT"], "date": "2020-03-17", "db": "PubMed", "db_id": "32203186", "db_name": "Cellular &amp; molecular immunology", "first": "Zheng HY", "last": "Zheng YT"}, "evidence": "Because functional blockade of PD-1, CTLA-4, and TIGIT is beneficial for CD8+ T cells to maintain lasting antigen-specific immunity and antiviral effects,10,11 the excessive exhaustion of CD8+ T cells in severe patients may reduce their cellular immune response to SARS- CoV-2.", "line": 175, "relation": "negativeCorrelation", "subject": {"modifier": "Activity"}}
path(DO:"COVID-19")	increases	path(MESH:Dyspnea)	{"annotations": {"Custom_Disease": {"COVID-19": true}, "PublicationStatus": {"Published": true}, "PublicationType": {"Correspondence": true}, "Section": {"Full Text": true}, "Severity": {"Severe": true}, "Species": {"9606": true}}, "citation": {"authors": ["Dong XQ", "Wang XC", "Yang CX", "Yang XP", "Zhang M", "Zhang N", "Zheng HY", "Zheng YT"], "date": "2020-03-17", "db": "PubMed", "db_id": "32203186", "db_name": "Cellular &amp; molecular immunology", "first": "Zheng HY", "last": "Zheng YT"}, "evidence": "Recent studies have shown that in addition to dyspnea, hypoxemia, and acute respiratory distress, lymphopenia, and cytokine release syndrome are also important clinical features in patients with severe SARS- CoV-2 infection.3", "line": 55, "relation": "increases"}
path(DO:"COVID-19")	increases	path(MESH:Hypoxia)	{"annotations": {"Custom_Disease": {"COVID-19": true}, "PublicationStatus": {"Published": true}, "PublicationType": {"Correspondence": true}, "Section": {"Full Text": true}, "Severity": {"Severe": true}, "Species": {"9606": true}}, "citation": {"authors": ["Dong XQ", "Wang XC", "Yang CX", "Yang XP", "Zhang M", "Zhang N", "Zheng HY", "Zheng YT"], "date": "2020-03-17", "db": "PubMed", "db_id": "32203186", "db_name": "Cellular &amp; molecular immunology", "first": "Zheng HY", "last": "Zheng YT"}, "evidence": "Recent studies have shown that in addition to dyspnea, hypoxemia, and acute respiratory distress, lymphopenia, and cytokine release syndrome are also important clinical features in patients with severe SARS- CoV-2 infection.3", "line": 56, "relation": "increases"}
path(DO:"COVID-19")	increases	path(DO:"adult respiratory distress syndrome")	{"annotations": {"Custom_Disease": {"COVID-19": true}, "PublicationStatus": {"Published": true}, "PublicationType": {"Correspondence": true}, "Section": {"Full Text": true}, "Severity": {"Severe": true}, "Species": {"9606": true}}, "citation": {"authors": ["Dong XQ", "Wang XC", "Yang CX", "Yang XP", "Zhang M", "Zhang N", "Zheng HY", "Zheng YT"], "date": "2020-03-17", "db": "PubMed", "db_id": "32203186", "db_name": "Cellular &amp; molecular immunology", "first": "Zheng HY", "last": "Zheng YT"}, "evidence": "Recent studies have shown that in addition to dyspnea, hypoxemia, and acute respiratory distress, lymphopenia, and cytokine release syndrome are also important clinical features in patients with severe SARS- CoV-2 infection.3", "line": 57, "relation": "increases"}
path(DO:"COVID-19")	increases	path(DO:lymphopenia)	{"annotations": {"Custom_Disease": {"COVID-19": true}, "PublicationStatus": {"Published": true}, "PublicationType": {"Correspondence": true}, "Section": {"Full Text": true}, "Severity": {"Severe": true}, "Species": {"9606": true}}, "citation": {"authors": ["Dong XQ", "Wang XC", "Yang CX", "Yang XP", "Zhang M", "Zhang N", "Zheng HY", "Zheng YT"], "date": "2020-03-17", "db": "PubMed", "db_id": "32203186", "db_name": "Cellular &amp; molecular immunology", "first": "Zheng HY", "last": "Zheng YT"}, "evidence": "Recent studies have shown that in addition to dyspnea, hypoxemia, and acute respiratory distress, lymphopenia, and cytokine release syndrome are also important clinical features in patients with severe SARS- CoV-2 infection.3", "line": 58, "relation": "increases"}
path(DO:"COVID-19")	increases	path(FIXME:"Cytokine Release Syndrome")	{"annotations": {"Custom_Disease": {"COVID-19": true}, "PublicationStatus": {"Published": true}, "PublicationType": {"Correspondence": true}, "Section": {"Full Text": true}, "Severity": {"Severe": true}, "Species": {"9606": true}}, "citation": {"authors": ["Dong XQ", "Wang XC", "Yang CX", "Yang XP", "Zhang M", "Zhang N", "Zheng HY", "Zheng YT"], "date": "2020-03-17", "db": "PubMed", "db_id": "32203186", "db_name": "Cellular &amp; molecular immunology", "first": "Zheng HY", "last": "Zheng YT"}, "evidence": "Recent studies have shown that in addition to dyspnea, hypoxemia, and acute respiratory distress, lymphopenia, and cytokine release syndrome are also important clinical features in patients with severe SARS- CoV-2 infection.3", "line": 59, "relation": "increases"}
path(DO:"COVID-19")	decreases	a(MESH:Granulocytes)	{"annotations": {"Custom_Disease": {"COVID-19": true}, "PublicationStatus": {"Published": true}, "PublicationType": {"Correspondence": true}, "Section": {"Full Text": true}, "Severity": {"Severe": true}, "Species": {"9606": true}}, "citation": {"authors": ["Dong XQ", "Wang XC", "Yang CX", "Yang XP", "Zhang M", "Zhang N", "Zheng HY", "Zheng YT"], "date": "2020-03-17", "db": "PubMed", "db_id": "32203186", "db_name": "Cellular &amp; molecular immunology", "first": "Zheng HY", "last": "Zheng YT"}, "evidence": "Instead, we found that the severe group had a significant reduction in granulocytes compared to the mild group (Fig. 1a)", "line": 71, "relation": "decreases"}
path(DO:"COVID-19")	increases	p(HGNC:CD14)	{"annotations": {"Custom_Disease": {"COVID-19": true}, "MeSHAnatomy": {"Plasma": true}, "PublicationStatus": {"Published": true}, "PublicationType": {"Correspondence": true}, "Section": {"Full Text": true}, "Severity": {"Mild": true, "Severe": true}, "Species": {"9606": true}}, "citation": {"authors": ["Dong XQ", "Wang XC", "Yang CX", "Yang XP", "Zhang M", "Zhang N", "Zheng HY", "Zheng YT"], "date": "2020-03-17", "db": "PubMed", "db_id": "32203186", "db_name": "Cellular &amp; molecular immunology", "first": "Zheng HY", "last": "Zheng YT"}, "evidence": "Although patients had higher sCD14 levels than healthy people, there were no significant differences between the severe and mild groups (Fig. 1b).", "line": 80, "relation": "increases"}
path(DO:"COVID-19")	decreases	p(HGNC:IFNG)	{"annotations": {"Custom_Disease": {"COVID-19": true}, "MeSHAnatomy": {"CD4-Positive T-Lymphocytes": true}, "PublicationStatus": {"Published": true}, "PublicationType": {"Correspondence": true}, "Section": {"Full Text": true}, "Severity": {"Severe": true}, "Species": {"9606": true}, "functionality": {"functional": true}}, "citation": {"authors": ["Dong XQ", "Wang XC", "Yang CX", "Yang XP", "Zhang M", "Zhang N", "Zheng HY", "Zheng YT"], "date": "2020-03-17", "db": "PubMed", "db_id": "32203186", "db_name": "Cellular &amp; molecular immunology", "first": "Zheng HY", "last": "Zheng YT"}, "evidence": "Among the differentially expressed functional molecules, the levels of interferon-\u03b3 (IFN-\u03b3) and TNF-\u03b1 in CD4+ T cells were lower in the severe group than in the mild group, whereas the levels of granzyme B and perforin in CD8+ T cells were higher in the severe group than in the mild group.", "line": 94, "relation": "decreases"}
path(DO:"COVID-19")	increases	p(HGNC:IFNG)	{"annotations": {"Custom_Disease": {"COVID-19": true}, "PublicationStatus": {"Published": true}, "PublicationType": {"Correspondence": true}, "Section": {"Full Text": true}, "Severity": {"Severe": true}, "Species": {"9606": true}, "functionality": {"non-functional": true}}, "citation": {"authors": ["Dong XQ", "Wang XC", "Yang CX", "Yang XP", "Zhang M", "Zhang N", "Zheng HY", "Zheng YT"], "date": "2020-03-17", "db": "PubMed", "db_id": "32203186", "db_name": "Cellular &amp; molecular immunology", "first": "Zheng HY", "last": "Zheng YT"}, "evidence": "Compared with the healthy control and mild group, the frequency of multi-functional CD4+ T cells (positive for at least two cytokines) decreased significantly in the severe group, whereas the proportion of non-functional (IFN-\u03b3 \u2212TNF-\u03b1\u2212IL-2\u2212) subsets increased significantly.", "line": 137, "relation": "increases"}
path(DO:"COVID-19")	decreases	p(HGNC:TNF)	{"annotations": {"Custom_Disease": {"COVID-19": true}, "MeSHAnatomy": {"CD4-Positive T-Lymphocytes": true}, "PublicationStatus": {"Published": true}, "PublicationType": {"Correspondence": true}, "Section": {"Full Text": true}, "Severity": {"Severe": true}, "Species": {"9606": true}, "functionality": {"functional": true}}, "citation": {"authors": ["Dong XQ", "Wang XC", "Yang CX", "Yang XP", "Zhang M", "Zhang N", "Zheng HY", "Zheng YT"], "date": "2020-03-17", "db": "PubMed", "db_id": "32203186", "db_name": "Cellular &amp; molecular immunology", "first": "Zheng HY", "last": "Zheng YT"}, "evidence": "Among the differentially expressed functional molecules, the levels of interferon-\u03b3 (IFN-\u03b3) and TNF-\u03b1 in CD4+ T cells were lower in the severe group than in the mild group, whereas the levels of granzyme B and perforin in CD8+ T cells were higher in the severe group than in the mild group.", "line": 95, "relation": "decreases"}
path(DO:"COVID-19")	increases	p(HGNC:TNF)	{"annotations": {"Custom_Disease": {"COVID-19": true}, "PublicationStatus": {"Published": true}, "PublicationType": {"Correspondence": true}, "Section": {"Full Text": true}, "Severity": {"Severe": true}, "Species": {"9606": true}, "functionality": {"non-functional": true}}, "citation": {"authors": ["Dong XQ", "Wang XC", "Yang CX", "Yang XP", "Zhang M", "Zhang N", "Zheng HY", "Zheng YT"], "date": "2020-03-17", "db": "PubMed", "db_id": "32203186", "db_name": "Cellular &amp; molecular immunology", "first": "Zheng HY", "last": "Zheng YT"}, "evidence": "Compared with the healthy control and mild group, the frequency of multi-functional CD4+ T cells (positive for at least two cytokines) decreased significantly in the severe group, whereas the proportion of non-functional (IFN-\u03b3 \u2212TNF-\u03b1\u2212IL-2\u2212) subsets increased significantly.", "line": 138, "relation": "increases"}
path(DO:"COVID-19")	increases	p(HGNC:GZMB)	{"annotations": {"Custom_Disease": {"COVID-19": true}, "MeSHAnatomy": {"CD8-Positive T-Lymphocytes": true}, "PublicationStatus": {"Published": true}, "PublicationType": {"Correspondence": true}, "Section": {"Full Text": true}, "Severity": {"Severe": true}, "Species": {"9606": true}}, "citation": {"authors": ["Dong XQ", "Wang XC", "Yang CX", "Yang XP", "Zhang M", "Zhang N", "Zheng HY", "Zheng YT"], "date": "2020-03-17", "db": "PubMed", "db_id": "32203186", "db_name": "Cellular &amp; molecular immunology", "first": "Zheng HY", "last": "Zheng YT"}, "evidence": "Among the differentially expressed functional molecules, the levels of interferon-\u03b3 (IFN-\u03b3) and TNF-\u03b1 in CD4+ T cells were lower in the severe group than in the mild group, whereas the levels of granzyme B and perforin in CD8+ T cells were higher in the severe group than in the mild group.", "line": 99, "relation": "increases"}
path(DO:"COVID-19")	increases	p(HGNC:PRF1)	{"annotations": {"Custom_Disease": {"COVID-19": true}, "MeSHAnatomy": {"CD8-Positive T-Lymphocytes": true}, "PublicationStatus": {"Published": true}, "PublicationType": {"Correspondence": true}, "Section": {"Full Text": true}, "Severity": {"Severe": true}, "Species": {"9606": true}}, "citation": {"authors": ["Dong XQ", "Wang XC", "Yang CX", "Yang XP", "Zhang M", "Zhang N", "Zheng HY", "Zheng YT"], "date": "2020-03-17", "db": "PubMed", "db_id": "32203186", "db_name": "Cellular &amp; molecular immunology", "first": "Zheng HY", "last": "Zheng YT"}, "evidence": "Among the differentially expressed functional molecules, the levels of interferon-\u03b3 (IFN-\u03b3) and TNF-\u03b1 in CD4+ T cells were lower in the severe group than in the mild group, whereas the levels of granzyme B and perforin in CD8+ T cells were higher in the severe group than in the mild group.", "line": 100, "relation": "increases"}
path(DO:"COVID-19")	increases	p(HGNC:"HLA-DRA")	{"annotations": {"Custom_Disease": {"COVID-19": true}, "MeSHAnatomy": {"CD8-Positive T-Lymphocytes": true}, "PublicationStatus": {"Published": true}, "PublicationType": {"Correspondence": true}, "Section": {"Full Text": true}, "Severity": {"Severe": true}, "Species": {"9606": true}}, "citation": {"authors": ["Dong XQ", "Wang XC", "Yang CX", "Yang XP", "Zhang M", "Zhang N", "Zheng HY", "Zheng YT"], "date": "2020-03-17", "db": "PubMed", "db_id": "32203186", "db_name": "Cellular &amp; molecular immunology", "first": "Zheng HY", "last": "Zheng YT"}, "evidence": "The activation molecules showed no differences in CD4+ T cells, whereas the levels of HLA-DR and TIGIT in CD8+ T cells were higher in the severe group than in the mild group (Fig. 1c).", "line": 110, "relation": "increases"}
path(DO:"COVID-19")	increases	p(HGNC:TIGIT)	{"annotations": {"Custom_Disease": {"COVID-19": true}, "MeSHAnatomy": {"CD8-Positive T-Lymphocytes": true}, "PublicationStatus": {"Published": true}, "PublicationType": {"Correspondence": true}, "Section": {"Full Text": true}, "Severity": {"Severe": true}, "Species": {"9606": true}}, "citation": {"authors": ["Dong XQ", "Wang XC", "Yang CX", "Yang XP", "Zhang M", "Zhang N", "Zheng HY", "Zheng YT"], "date": "2020-03-17", "db": "PubMed", "db_id": "32203186", "db_name": "Cellular &amp; molecular immunology", "first": "Zheng HY", "last": "Zheng YT"}, "evidence": "The activation molecules showed no differences in CD4+ T cells, whereas the levels of HLA-DR and TIGIT in CD8+ T cells were higher in the severe group than in the mild group (Fig. 1c).", "line": 111, "relation": "increases"}
path(DO:"COVID-19")	decreases	p(HGNC:TIGIT)	{"annotations": {"Custom_Disease": {"COVID-19": true}, "MeSHAnatomy": {"CD8-Positive T-Lymphocytes": true}, "PublicationStatus": {"Published": true}, "PublicationType": {"Correspondence": true}, "Section": {"Full Text": true}, "Severity": {"Severe": true}, "Species": {"9606": true}, "functionality": {"functional": true}}, "citation": {"authors": ["Dong XQ", "Wang XC", "Yang CX", "Yang XP", "Zhang M", "Zhang N", "Zheng HY", "Zheng YT"], "date": "2020-03-17", "db": "PubMed", "db_id": "32203186", "db_name": "Cellular &amp; molecular immunology", "first": "Zheng HY", "last": "Zheng YT"}, "evidence": "In CD8+ T cells, the frequency of the nonexhausted (PD-1\u2212CTLA-4\u2212TIGIT\u2212) subset in the severe group was significantly lower than that in the other two groups (Fig. 1d).", "line": 161, "relation": "decreases"}
path(DO:"COVID-19")	decreases	bp(GO:"CD4-positive, alpha-beta T cell activation")	{"annotations": {"Custom_Disease": {"COVID-19": true}, "PublicationStatus": {"Published": true}, "PublicationType": {"Correspondence": true}, "Section": {"Full Text": true}, "Species": {"9606": true}}, "citation": {"authors": ["Dong XQ", "Wang XC", "Yang CX", "Yang XP", "Zhang M", "Zhang N", "Zheng HY", "Zheng YT"], "date": "2020-03-17", "db": "PubMed", "db_id": "32203186", "db_name": "Cellular &amp; molecular immunology", "first": "Zheng HY", "last": "Zheng YT"}, "evidence": "These data indicate that COVID-19, similar to some chronic infections, damages the function of CD4+ T cells and promotes excessive activation and possibly subsequent exhaustion of CD8+ T cells.", "line": 120, "relation": "decreases"}
path(DO:"COVID-19")	negativeCorrelation	bp(GO:"CD4-positive, alpha-beta T cell activation")	{"annotations": {"Custom_Disease": {"COVID-19": true}, "PublicationStatus": {"Published": true}, "PublicationType": {"Correspondence": true}, "Section": {"Full Text": true}, "Species": {"9606": true}}, "citation": {"authors": ["Dong XQ", "Wang XC", "Yang CX", "Yang XP", "Zhang M", "Zhang N", "Zheng HY", "Zheng YT"], "date": "2020-03-17", "db": "PubMed", "db_id": "32203186", "db_name": "Cellular &amp; molecular immunology", "first": "Zheng HY", "last": "Zheng YT"}, "evidence": "Studies have shown that multi-functional T cells can better control human immunodeficiency virus in natural infection and are correlated with better outcomes during vaccination; thus, the functional damage of CD4+ T cells may have predisposed COVID-19 patients to severe disease.8", "line": 150, "relation": "negativeCorrelation"}
path(DO:"COVID-19")	increases	bp(GO:"CD8-positive, alpha-beta T cell activation")	{"annotations": {"Custom_Disease": {"COVID-19": true}, "PublicationStatus": {"Published": true}, "PublicationType": {"Correspondence": true}, "Section": {"Full Text": true}, "Species": {"9606": true}}, "citation": {"authors": ["Dong XQ", "Wang XC", "Yang CX", "Yang XP", "Zhang M", "Zhang N", "Zheng HY", "Zheng YT"], "date": "2020-03-17", "db": "PubMed", "db_id": "32203186", "db_name": "Cellular &amp; molecular immunology", "first": "Zheng HY", "last": "Zheng YT"}, "evidence": "These data indicate that COVID-19, similar to some chronic infections, damages the function of CD4+ T cells and promotes excessive activation and possibly subsequent exhaustion of CD8+ T cells.", "line": 121, "relation": "increases"}
path(DO:"COVID-19")	decreases	a(MESH:"CD8-Positive T-Lymphocytes")	{"annotations": {"Custom_Disease": {"COVID-19": true}, "PublicationStatus": {"Published": true}, "PublicationType": {"Correspondence": true}, "Section": {"Full Text": true}, "Severity": {"Severe": true}, "Species": {"9606": true}, "functionality": {"functional": true}}, "citation": {"authors": ["Dong XQ", "Wang XC", "Yang CX", "Yang XP", "Zhang M", "Zhang N", "Zheng HY", "Zheng YT"], "date": "2020-03-17", "db": "PubMed", "db_id": "32203186", "db_name": "Cellular &amp; molecular immunology", "first": "Zheng HY", "last": "Zheng YT"}, "evidence": "Compared with the healthy control and mild group, the frequency of multi-functional CD4+ T cells (positive for at least two cytokines) decreased significantly in the severe group, whereas the proportion of non-functional (IFN-\u03b3 \u2212TNF-\u03b1\u2212IL-2\u2212) subsets increased significantly.", "line": 133, "relation": "decreases"}
path(DO:"COVID-19")	association	deg(a(MESH:"CD8-Positive T-Lymphocytes"))	{"annotations": {"Custom_Disease": {"COVID-19": true}, "PublicationStatus": {"Published": true}, "PublicationType": {"Correspondence": true}, "Section": {"Full Text": true}, "Species": {"9606": true}}, "citation": {"authors": ["Dong XQ", "Wang XC", "Yang CX", "Yang XP", "Zhang M", "Zhang N", "Zheng HY", "Zheng YT"], "date": "2020-03-17", "db": "PubMed", "db_id": "32203186", "db_name": "Cellular &amp; molecular immunology", "first": "Zheng HY", "last": "Zheng YT"}, "evidence": "Because functional blockade of PD-1, CTLA-4, and TIGIT is beneficial for CD8+ T cells to maintain lasting antigen-specific immunity and antiviral effects,10,11 the excessive exhaustion of CD8+ T cells in severe patients may reduce their cellular immune response to SARS- CoV-2.", "line": 176, "object": {"modifier": "Degradation"}, "relation": "association"}
path(DO:"COVID-19")	increases	p(HGNC:IL2)	{"annotations": {"Custom_Disease": {"COVID-19": true}, "PublicationStatus": {"Published": true}, "PublicationType": {"Correspondence": true}, "Section": {"Full Text": true}, "Severity": {"Severe": true}, "Species": {"9606": true}, "functionality": {"non-functional": true}}, "citation": {"authors": ["Dong XQ", "Wang XC", "Yang CX", "Yang XP", "Zhang M", "Zhang N", "Zheng HY", "Zheng YT"], "date": "2020-03-17", "db": "PubMed", "db_id": "32203186", "db_name": "Cellular &amp; molecular immunology", "first": "Zheng HY", "last": "Zheng YT"}, "evidence": "Compared with the healthy control and mild group, the frequency of multi-functional CD4+ T cells (positive for at least two cytokines) decreased significantly in the severe group, whereas the proportion of non-functional (IFN-\u03b3 \u2212TNF-\u03b1\u2212IL-2\u2212) subsets increased significantly.", "line": 139, "relation": "increases"}
path(DO:"COVID-19")	decreases	p(HGNC:PDCD1)	{"annotations": {"Custom_Disease": {"COVID-19": true}, "MeSHAnatomy": {"CD8-Positive T-Lymphocytes": true}, "PublicationStatus": {"Published": true}, "PublicationType": {"Correspondence": true}, "Section": {"Full Text": true}, "Severity": {"Severe": true}, "Species": {"9606": true}, "functionality": {"functional": true}}, "citation": {"authors": ["Dong XQ", "Wang XC", "Yang CX", "Yang XP", "Zhang M", "Zhang N", "Zheng HY", "Zheng YT"], "date": "2020-03-17", "db": "PubMed", "db_id": "32203186", "db_name": "Cellular &amp; molecular immunology", "first": "Zheng HY", "last": "Zheng YT"}, "evidence": "In CD8+ T cells, the frequency of the nonexhausted (PD-1\u2212CTLA-4\u2212TIGIT\u2212) subset in the severe group was significantly lower than that in the other two groups (Fig. 1d).", "line": 159, "relation": "decreases"}
path(DO:"COVID-19")	decreases	p(HGNC:CTLA4)	{"annotations": {"Custom_Disease": {"COVID-19": true}, "MeSHAnatomy": {"CD8-Positive T-Lymphocytes": true}, "PublicationStatus": {"Published": true}, "PublicationType": {"Correspondence": true}, "Section": {"Full Text": true}, "Severity": {"Severe": true}, "Species": {"9606": true}, "functionality": {"functional": true}}, "citation": {"authors": ["Dong XQ", "Wang XC", "Yang CX", "Yang XP", "Zhang M", "Zhang N", "Zheng HY", "Zheng YT"], "date": "2020-03-17", "db": "PubMed", "db_id": "32203186", "db_name": "Cellular &amp; molecular immunology", "first": "Zheng HY", "last": "Zheng YT"}, "evidence": "In CD8+ T cells, the frequency of the nonexhausted (PD-1\u2212CTLA-4\u2212TIGIT\u2212) subset in the severe group was significantly lower than that in the other two groups (Fig. 1d).", "line": 160, "relation": "decreases"}
