complex(p(COVID:S), p(HGNC:ACE2))	increases	a(TAX:"Severe acute respiratory syndrome coronavirus 2")	{"annotations": {"Custom_CellLine": {"HEK293T": true}, "PublicationStatus": {"Published": true}, "PublicationType": {"Research": true}, "Section": {"Results": true}}, "citation": {"authors": ["Du L", "He L", "Jiang S", "Pu J", "Tai W", "Voronin D", "Zhang X", "Zhou Y"], "date": "2020-03-19", "db": "PubMed", "db_id": "32203189", "db_name": "Cellular &amp; molecular immunology", "first": "Tai W", "last": "Du L"}, "evidence": "Similar to SARS-CoV RBD, SARS-CoV-2 RBD bound to hACE2/293T cells expressing hACE2 (Fig. 2b (left and middle panels)), but not to hDPP4/293T cells expressing hDPP4 (Fig. 2c (left and middle panels)).", "line": 53, "relation": "increases"}
complex(p(COVID:S), p(HGNC:ACE2))	increases	a(TAX:"Severe acute respiratory syndrome coronavirus 2")	{"annotations": {"Assay": {"enzyme-linked immunosorbent assay": true}, "EC50": {"1.07 \u03bcg/ml": true}, "PublicationStatus": {"Published": true}, "PublicationType": {"Research": true}, "Section": {"Results": true}, "protein_type": {"soluble": true}}, "citation": {"authors": ["Du L", "He L", "Jiang S", "Pu J", "Tai W", "Voronin D", "Zhang X", "Zhou Y"], "date": "2020-03-19", "db": "PubMed", "db_id": "32203189", "db_name": "Cellular &amp; molecular immunology", "first": "Tai W", "last": "Du L"}, "evidence": "Third, we detected the binding of SARS-CoV-2 RBD to soluble hACE2 protein (sACE2) by ELISA. The results indicated that SARS-CoV-2 RBD bound to sACE2 in a dose dependent manner and that the binding between SARS-CoV-2 RBD and sACE2 with 50% effective dose (EC50) of 1.07 \u03bcg/ml was stronger than that between SARS-CoV RBD and sACE2 (EC50: 1.66 \u03bcg/ml).", "line": 68, "relation": "increases"}
complex(p(COVID:S), p(HGNC:ACE2))	increases	a(TAX:"Severe acute respiratory syndrome coronavirus 2")	{"annotations": {"BioAssay": {"flow cytometry": true}, "Custom_CellLine": {"HEK293T": true}, "PublicationStatus": {"Published": true}, "PublicationType": {"Research": true}, "Section": {"Results": true}}, "citation": {"authors": ["Du L", "He L", "Jiang S", "Pu J", "Tai W", "Voronin D", "Zhang X", "Zhou Y"], "date": "2020-03-19", "db": "PubMed", "db_id": "32203189", "db_name": "Cellular &amp; molecular immunology", "first": "Tai W", "last": "Du L"}, "evidence": "These data suggest that SARS-CoV-2 RBD can bind to both bACE2 and hACE2 with significantly stronger binding than that of SARS-CoV RBD to either bACE2 or hACE2, supporting the bat origin of SARS-CoV-2.", "line": 86, "relation": "increases"}
complex(p(COVID:S), p(HGNC:ACE2))	decreases	a(TAX:"Severe acute respiratory syndrome coronavirus 2")	{"annotations": {"Custom_CellLine": {"HEK293T": true}, "IC50": {"1.35 \u03bcg/ml": true}, "PublicationStatus": {"Published": true}, "PublicationType": {"Research": true}, "Section": {"Results": true}, "Virus_type": {"pseudovirus": true}}, "citation": {"authors": ["Du L", "He L", "Jiang S", "Pu J", "Tai W", "Voronin D", "Zhang X", "Zhou Y"], "date": "2020-03-19", "db": "PubMed", "db_id": "32203189", "db_name": "Cellular &amp; molecular immunology", "first": "Tai W", "last": "Du L"}, "evidence": "As expected, SARS-CoV-2 RBD protein inhibited SARS-CoV-2 pseudovirus entry into hACE2-expressing 293T cells in a dose-dependent manner with 50% inhibition concentration (IC50) as low as 1.35 \u03bcg/ml. Interestingly, it also blocked the entry of SARS-CoV pseudovirus into hACE2-expressing 293T cells with IC50 of 5.47 \u03bcg/ml5.47 \u03bcg/ml (Fig. 4a).", "line": 96, "relation": "decreases"}
complex(p(COVID:S), p(HGNC:ACE2))	decreases	a(TAX:"Severe acute respiratory syndrome-related coronavirus")	{"annotations": {"Custom_CellLine": {"HEK293T": true}, "IC50": {"5.47 \u03bcg/ml": true}, "PublicationStatus": {"Published": true}, "PublicationType": {"Research": true}, "Section": {"Results": true}, "Virus_type": {"pseudovirus": true}}, "citation": {"authors": ["Du L", "He L", "Jiang S", "Pu J", "Tai W", "Voronin D", "Zhang X", "Zhou Y"], "date": "2020-03-19", "db": "PubMed", "db_id": "32203189", "db_name": "Cellular &amp; molecular immunology", "first": "Tai W", "last": "Du L"}, "evidence": "As expected, SARS-CoV-2 RBD protein inhibited SARS-CoV-2 pseudovirus entry into hACE2-expressing 293T cells in a dose-dependent manner with 50% inhibition concentration (IC50) as low as 1.35 \u03bcg/ml. Interestingly, it also blocked the entry of SARS-CoV pseudovirus into hACE2-expressing 293T cells with IC50 of 5.47 \u03bcg/ml5.47 \u03bcg/ml (Fig. 4a).", "line": 99, "relation": "decreases"}
p(COVID:S)	partOf	complex(p(COVID:S), p(HGNC:ACE2))	{"relation": "partOf"}
p(COVID:S)	partOf	complex(p(COVID:S), p(MESH:"Immunoglobulin G"))	{"relation": "partOf"}
p(COVID:S)	partOf	complex(p(COVID:S), p(UNIPROT:G1PXH7))	{"relation": "partOf"}
p(HGNC:ACE2)	partOf	complex(p(COVID:S), p(HGNC:ACE2))	{"relation": "partOf"}
p(HGNC:ACE2)	partOf	complex(p(HGNC:ACE2), p(UNIPROT:P59594))	{"relation": "partOf"}
complex(p(COVID:S), p(MESH:"Immunoglobulin G"))	decreases	p(COVID:S)	{"annotations": {"PublicationStatus": {"Published": true}, "PublicationType": {"Research": true}, "Section": {"Results": true}}, "citation": {"authors": ["Du L", "He L", "Jiang S", "Pu J", "Tai W", "Voronin D", "Zhang X", "Zhou Y"], "date": "2020-03-19", "db": "PubMed", "db_id": "32203189", "db_name": "Cellular &amp; molecular immunology", "first": "Tai W", "last": "Du L"}, "evidence": "The results showed that SARS-CoV-2 RBD reacted strongly with anti-SARS-CoV RBD IgG with antibody titer of 1:2.4 \u00d7 104 (Fig. 4d), but it did not react with anti-MERS-CoV RBD IgG (Fig. 4e). As expected, SARS-CoV RBD reacted strongly with anti-SARS-CoV RBD IgG (antibody titer: 1:1.4 \u00d7 105) (Fig. 4d),but not with anti-MERS-CoV RBD IgG (Fig. 4e).", "line": 129, "relation": "decreases"}
p(MESH:"Immunoglobulin G")	partOf	complex(p(COVID:S), p(MESH:"Immunoglobulin G"))	{"relation": "partOf"}
p(MESH:"Immunoglobulin G")	partOf	complex(p(MESH:"Immunoglobulin G"), p(UNIPROT:P59594))	{"relation": "partOf"}
complex(p(COVID:S), p(UNIPROT:G1PXH7))	increases	a(TAX:"Severe acute respiratory syndrome coronavirus 2")	{"annotations": {"Custom_CellLine": {"HEK293T": true}, "PublicationStatus": {"Published": true}, "PublicationType": {"Research": true}, "Section": {"Results": true}}, "citation": {"authors": ["Du L", "He L", "Jiang S", "Pu J", "Tai W", "Voronin D", "Zhang X", "Zhou Y"], "date": "2020-03-19", "db": "PubMed", "db_id": "32203189", "db_name": "Cellular &amp; molecular immunology", "first": "Tai W", "last": "Du L"}, "evidence": "Results indicated that SARSCoV-2 RBD bound strongly to 293T-expressed bACE2 with intensity similar to that of its binding to 293T-expressed hACE2 (Fig. 3a, c), and that this binding occurred in a dose-dependent manner (Fig. 3e, f).", "line": 76, "relation": "increases"}
complex(p(COVID:S), p(UNIPROT:G1PXH7))	increases	a(TAX:"Severe acute respiratory syndrome coronavirus 2")	{"annotations": {"BioAssay": {"flow cytometry": true}, "Custom_CellLine": {"HEK293T": true}, "PublicationStatus": {"Published": true}, "PublicationType": {"Research": true}, "Section": {"Results": true}}, "citation": {"authors": ["Du L", "He L", "Jiang S", "Pu J", "Tai W", "Voronin D", "Zhang X", "Zhou Y"], "date": "2020-03-19", "db": "PubMed", "db_id": "32203189", "db_name": "Cellular &amp; molecular immunology", "first": "Tai W", "last": "Du L"}, "evidence": "These data suggest that SARS-CoV-2 RBD can bind to both bACE2 and hACE2 with significantly stronger binding than that of SARS-CoV RBD to either bACE2 or hACE2, supporting the bat origin of SARS-CoV-2.", "line": 84, "relation": "increases"}
p(UNIPROT:G1PXH7)	partOf	complex(p(COVID:S), p(UNIPROT:G1PXH7))	{"relation": "partOf"}
complex(p(HGNC:ACE2), p(UNIPROT:P59594))	decreases	a(TAX:"Severe acute respiratory syndrome coronavirus 2")	{"annotations": {"Custom_CellLine": {"HEK293T": true}, "IC50": {"11.63 \u03bcg/ml": true}, "PublicationStatus": {"Published": true}, "PublicationType": {"Research": true}, "Section": {"Results": true}, "Virus_type": {"pseudovirus": true}}, "citation": {"authors": ["Du L", "He L", "Jiang S", "Pu J", "Tai W", "Voronin D", "Zhang X", "Zhou Y"], "date": "2020-03-19", "db": "PubMed", "db_id": "32203189", "db_name": "Cellular &amp; molecular immunology", "first": "Tai W", "last": "Du L"}, "evidence": "Similarly, SARS-CoV RBD protein blocked the entry of both SARS-CoV pseudovirus and SARS-CoV-2 pseudovirus into hACE2-expressing 293T cells with IC50 of 4.1 and 11.63 \u03bcg/ml, respectively (Fig. 4b).", "line": 109, "relation": "decreases"}
complex(p(HGNC:ACE2), p(UNIPROT:P59594))	decreases	a(TAX:"Severe acute respiratory syndrome-related coronavirus")	{"annotations": {"Custom_CellLine": {"HEK293T": true}, "IC50": {"4.1 \u03bcg/ml": true}, "PublicationStatus": {"Published": true}, "PublicationType": {"Research": true}, "Section": {"Results": true}, "Virus_type": {"pseudovirus": true}}, "citation": {"authors": ["Du L", "He L", "Jiang S", "Pu J", "Tai W", "Voronin D", "Zhang X", "Zhou Y"], "date": "2020-03-19", "db": "PubMed", "db_id": "32203189", "db_name": "Cellular &amp; molecular immunology", "first": "Tai W", "last": "Du L"}, "evidence": "Similarly, SARS-CoV RBD protein blocked the entry of both SARS-CoV pseudovirus and SARS-CoV-2 pseudovirus into hACE2-expressing 293T cells with IC50 of 4.1 and 11.63 \u03bcg/ml, respectively (Fig. 4b).", "line": 112, "relation": "decreases"}
p(UNIPROT:P59594)	partOf	complex(p(HGNC:ACE2), p(UNIPROT:P59594))	{"relation": "partOf"}
p(UNIPROT:P59594)	partOf	complex(p(MESH:"Immunoglobulin G"), p(UNIPROT:P59594))	{"relation": "partOf"}
complex(p(HGNC:DPP4), p(UNIPROT:A0A140AYZ5))	increases	a(TAX:"Middle East respiratory syndrome-related coronavirus")	{"annotations": {"Custom_CellLine": {"HEK293T": true}, "PublicationStatus": {"Published": true}, "PublicationType": {"Research": true}, "Section": {"Results": true}}, "citation": {"authors": ["Du L", "He L", "Jiang S", "Pu J", "Tai W", "Voronin D", "Zhang X", "Zhou Y"], "date": "2020-03-19", "db": "PubMed", "db_id": "32203189", "db_name": "Cellular &amp; molecular immunology", "first": "Tai W", "last": "Du L"}, "evidence": "MERS-CoV RBD did not bind to hACE2-expressing 293T cells (Fig. 2b (right panel)), but rather bound to hDPP4-expressing 293T cells (Fig. 2c (right panel)).", "line": 60, "relation": "increases"}
complex(p(HGNC:DPP4), p(UNIPROT:A0A140AYZ5))	decreases	a(TAX:"Middle East respiratory syndrome-related coronavirus")	{"annotations": {"Custom_CellLine": {"HEK293T": true}, "IC50": {"22.25 \u03bcg/ml": true}, "PublicationStatus": {"Published": true}, "PublicationType": {"Research": true}, "Section": {"Results": true}, "Virus_type": {"pseudovirus": true}}, "citation": {"authors": ["Du L", "He L", "Jiang S", "Pu J", "Tai W", "Voronin D", "Zhang X", "Zhou Y"], "date": "2020-03-19", "db": "PubMed", "db_id": "32203189", "db_name": "Cellular &amp; molecular immunology", "first": "Tai W", "last": "Du L"}, "evidence": "MERS-CoV RBD did not block the entry of SARS-CoV-2 pseudovirus or SARS-CoV pseudovirus into hACE2-expressing 293T cells, but it did block the entry of MERS-CoV pseudovirus into hDPP4-expressing 293T cells (IC50: 22.25 \u03bcg/ml) (Fig. 4a\u2013c).", "line": 122, "relation": "decreases"}
p(HGNC:DPP4)	partOf	complex(p(HGNC:DPP4), p(UNIPROT:A0A140AYZ5))	{"relation": "partOf"}
p(UNIPROT:A0A140AYZ5)	partOf	complex(p(HGNC:DPP4), p(UNIPROT:A0A140AYZ5))	{"relation": "partOf"}
complex(p(MESH:"Immunoglobulin G"), p(UNIPROT:P59594))	decreases	p(UNIPROT:P59594)	{"annotations": {"PublicationStatus": {"Published": true}, "PublicationType": {"Research": true}, "Section": {"Results": true}}, "citation": {"authors": ["Du L", "He L", "Jiang S", "Pu J", "Tai W", "Voronin D", "Zhang X", "Zhou Y"], "date": "2020-03-19", "db": "PubMed", "db_id": "32203189", "db_name": "Cellular &amp; molecular immunology", "first": "Tai W", "last": "Du L"}, "evidence": "The results showed that SARS-CoV-2 RBD reacted strongly with anti-SARS-CoV RBD IgG with antibody titer of 1:2.4 \u00d7 104 (Fig. 4d), but it did not react with anti-MERS-CoV RBD IgG (Fig. 4e). As expected, SARS-CoV RBD reacted strongly with anti-SARS-CoV RBD IgG (antibody titer: 1:1.4 \u00d7 105) (Fig. 4d),but not with anti-MERS-CoV RBD IgG (Fig. 4e).", "line": 130, "relation": "decreases"}
