a(CHEBI:"6-methylprednisolone")	decreases	path(DO:"COVID-19")	{"annotations": {"Custom_Disease": {"COVID-19": true}, "PublicationStatus": {"Published": true}, "PublicationType": {"Case Report": true}, "Section": {"Results": true}, "Severity": {"Moderate": true, "Severe": true}, "Species": {"9606": true}}, "citation": {"authors": ["Cao Y", "Chen G", "Chen H", "Chen T", "Guo W", "Han M", "Huang D", "Li S", "Luo X", "Ning Q", "Song J", "Wang H", "Wang T", "Wu D", "Wu S", "Yu H", "Zhang M", "Zhang X", "Zhao J"], "date": "2020-03-27", "db": "PubMed", "db_id": "32217835", "db_name": "The Journal of clinical investigation", "first": "Chen G", "last": "Ning Q"}, "evidence": "In Addition, all severe and moderate cases were administered corticosteroids (methylprednisolone) during the course of hospitalization.", "line": 196, "relation": "decreases"}
a(CHEBI:cephalosporin)	decreases	path(DO:"COVID-19")	{"annotations": {"Custom_Disease": {"COVID-19": true}, "PublicationStatus": {"Published": true}, "PublicationType": {"Case Report": true}, "Section": {"Results": true}, "Severity": {"Moderate": true, "Severe": true}, "Species": {"9606": true}}, "citation": {"authors": ["Cao Y", "Chen G", "Chen H", "Chen T", "Guo W", "Han M", "Huang D", "Li S", "Luo X", "Ning Q", "Song J", "Wang H", "Wang T", "Wu D", "Wu S", "Yu H", "Zhang M", "Zhang X", "Zhao J"], "date": "2020-03-27", "db": "PubMed", "db_id": "32217835", "db_name": "The Journal of clinical investigation", "first": "Chen G", "last": "Ning Q"}, "evidence": "All the severe and moderate cases were given empirical antimicrobial treatment (moxifloxacin and/or cephalosporin, etc.).", "line": 187, "relation": "decreases"}
a(CHEBI:ganciclovir)	decreases	path(DO:"COVID-19")	{"annotations": {"Custom_Disease": {"COVID-19": true}, "PublicationStatus": {"Published": true}, "PublicationType": {"Case Report": true}, "Section": {"Results": true}, "Severity": {"Moderate": true, "Severe": true}, "Species": {"9606": true}}, "citation": {"authors": ["Cao Y", "Chen G", "Chen H", "Chen T", "Guo W", "Han M", "Huang D", "Li S", "Luo X", "Ning Q", "Song J", "Wang H", "Wang T", "Wu D", "Wu S", "Yu H", "Zhang M", "Zhang X", "Zhao J"], "date": "2020-03-27", "db": "PubMed", "db_id": "32217835", "db_name": "The Journal of clinical investigation", "first": "Chen G", "last": "Ning Q"}, "evidence": "7 (63.6%) severe cases and all moderate cases received antiviral therapy (oseltamivir and/or ganciclovir).", "line": 192, "relation": "decreases"}
a(CHEBI:moxifloxacin)	decreases	path(DO:"COVID-19")	{"annotations": {"Custom_Disease": {"COVID-19": true}, "PublicationStatus": {"Published": true}, "PublicationType": {"Case Report": true}, "Section": {"Results": true}, "Severity": {"Moderate": true, "Severe": true}, "Species": {"9606": true}}, "citation": {"authors": ["Cao Y", "Chen G", "Chen H", "Chen T", "Guo W", "Han M", "Huang D", "Li S", "Luo X", "Ning Q", "Song J", "Wang H", "Wang T", "Wu D", "Wu S", "Yu H", "Zhang M", "Zhang X", "Zhao J"], "date": "2020-03-27", "db": "PubMed", "db_id": "32217835", "db_name": "The Journal of clinical investigation", "first": "Chen G", "last": "Ning Q"}, "evidence": "All the severe and moderate cases were given empirical antimicrobial treatment (moxifloxacin and/or cephalosporin, etc.).", "line": 186, "relation": "decreases"}
a(CHEBI:oseltamivir)	decreases	path(DO:"COVID-19")	{"annotations": {"Custom_Disease": {"COVID-19": true}, "PublicationStatus": {"Published": true}, "PublicationType": {"Case Report": true}, "Section": {"Results": true}, "Severity": {"Moderate": true, "Severe": true}, "Species": {"9606": true}}, "citation": {"authors": ["Cao Y", "Chen G", "Chen H", "Chen T", "Guo W", "Han M", "Huang D", "Li S", "Luo X", "Ning Q", "Song J", "Wang H", "Wang T", "Wu D", "Wu S", "Yu H", "Zhang M", "Zhang X", "Zhao J"], "date": "2020-03-27", "db": "PubMed", "db_id": "32217835", "db_name": "The Journal of clinical investigation", "first": "Chen G", "last": "Ning Q"}, "evidence": "7 (63.6%) severe cases and all moderate cases received antiviral therapy (oseltamivir and/or ganciclovir).", "line": 191, "relation": "decreases"}
a(EFO:"B cell")	positiveCorrelation	path(DO:"COVID-19")	{"annotations": {"Custom_Disease": {"COVID-19": true}, "MeSHAnatomy": {"Blood": true}, "PublicationStatus": {"Published": true}, "PublicationType": {"Case Report": true}, "Section": {"Results": true}, "Severity": {"Severe": true}, "Species": {"9606": true}}, "citation": {"authors": ["Cao Y", "Chen G", "Chen H", "Chen T", "Guo W", "Han M", "Huang D", "Li S", "Luo X", "Ning Q", "Song J", "Wang H", "Wang T", "Wu D", "Wu S", "Yu H", "Zhang M", "Zhang X", "Zhao J"], "date": "2020-03-27", "db": "PubMed", "db_id": "32217835", "db_name": "The Journal of clinical investigation", "first": "Chen G", "last": "Ning Q"}, "evidence": "The proportion of B cells was significantly higher in severe cases (20.2%) than in moderate cases (10.8%).", "line": 168, "relation": "positiveCorrelation"}
a(EFO:"CD4-positive helper T cell")	negativeCorrelation	path(DO:"COVID-19")	{"annotations": {"Custom_Disease": {"COVID-19": true}, "MeSHAnatomy": {"Blood": true}, "PublicationStatus": {"Published": true}, "PublicationType": {"Case Report": true}, "Section": {"Results": true}, "Severity": {"Severe": true}, "Species": {"9606": true}}, "citation": {"authors": ["Cao Y", "Chen G", "Chen H", "Chen T", "Guo W", "Han M", "Huang D", "Li S", "Luo X", "Ning Q", "Song J", "Wang H", "Wang T", "Wu D", "Wu S", "Yu H", "Zhang M", "Zhang X", "Zhao J"], "date": "2020-03-27", "db": "PubMed", "db_id": "32217835", "db_name": "The Journal of clinical investigation", "first": "Chen G", "last": "Ning Q"}, "evidence": "Preliminary analysis of circulating immune cells subsets as shown in Table 3 demonstrated that absolute numbers of total T lymphocytes, CD4+T cells and CD8+T cells  were reduced below the lower limit of normal (LLN) in the vast majority of patients with either severe or moderate COVID-19, and they were reduced more profoundly in severe cases (294.0, 177.5 and 89.0 \u00d7 106/L) than in moderate cases (640.5, 381.5 and 254.0 \u00d7 106/L) (Figure 3A, 161 3B).", "line": 162, "relation": "negativeCorrelation"}
a(EFO:"CD4-positive helper T cell")	negativeCorrelation	path(DO:"COVID-19")	{"annotations": {"Custom_Disease": {"COVID-19": true}, "MeSHAnatomy": {"Blood": true}, "PublicationStatus": {"Published": true}, "PublicationType": {"Case Report": true}, "Section": {"Results": true}, "Severity": {"Moderate": true, "Severe": true}, "Species": {"9606": true}}, "citation": {"authors": ["Cao Y", "Chen G", "Chen H", "Chen T", "Guo W", "Han M", "Huang D", "Li S", "Luo X", "Ning Q", "Song J", "Wang H", "Wang T", "Wu D", "Wu S", "Yu H", "Zhang M", "Zhang X", "Zhao J"], "date": "2020-03-27", "db": "PubMed", "db_id": "32217835", "db_name": "The Journal of clinical investigation", "first": "Chen G", "last": "Ning Q"}, "evidence": "The reduced expressions of interferon-\u03b3 (IFN-\u03b3) by CD4+T, CD8+T and NK cells below LLN were observed in some patients with severe (50%, 16.7% and 16.7%) or moderate COVID-19 (14.3%, 0% and 14.3%).", "line": 180, "relation": "negativeCorrelation"}
a(EFO:"CD4-positive, CD25-positive, alpha-beta regulatory T cell")	negativeCorrelation	path(DO:"COVID-19")	{"annotations": {"Custom_Disease": {"COVID-19": true}, "MeSHAnatomy": {"Blood": true}, "PublicationStatus": {"Published": true}, "PublicationType": {"Case Report": true}, "Section": {"Results": true}, "Severity": {"Moderate": true, "Severe": true}, "Species": {"9606": true}}, "citation": {"authors": ["Cao Y", "Chen G", "Chen H", "Chen T", "Guo W", "Han M", "Huang D", "Li S", "Luo X", "Ning Q", "Song J", "Wang H", "Wang T", "Wu D", "Wu S", "Yu H", "Zhang M", "Zhang X", "Zhao J"], "date": "2020-03-27", "db": "PubMed", "db_id": "32217835", "db_name": "The Journal of clinical investigation", "first": "Chen G", "last": "Ning Q"}, "evidence": "Moreover, the frequencies of regulatory T cells (Tregs) (CD4+CD25+CD127low+) and CD45RA+Tregs were reduced (below LLN) in nearly all the severe and moderate cases, with CD45RA+Tregs proportion was markedly lower in severe cases (0.5%) than in moderate cases (1.1%).", "line": 173, "relation": "negativeCorrelation"}
a(EFO:"CD8-Positive T-Lymphocytes")	negativeCorrelation	path(DO:"COVID-19")	{"annotations": {"Custom_Disease": {"COVID-19": true}, "MeSHAnatomy": {"Blood": true}, "PublicationStatus": {"Published": true}, "PublicationType": {"Case Report": true}, "Section": {"Results": true}, "Severity": {"Severe": true}, "Species": {"9606": true}}, "citation": {"authors": ["Cao Y", "Chen G", "Chen H", "Chen T", "Guo W", "Han M", "Huang D", "Li S", "Luo X", "Ning Q", "Song J", "Wang H", "Wang T", "Wu D", "Wu S", "Yu H", "Zhang M", "Zhang X", "Zhao J"], "date": "2020-03-27", "db": "PubMed", "db_id": "32217835", "db_name": "The Journal of clinical investigation", "first": "Chen G", "last": "Ning Q"}, "evidence": "Preliminary analysis of circulating immune cells subsets as shown in Table 3 demonstrated that absolute numbers of total T lymphocytes, CD4+T cells and CD8+T cells  were reduced below the lower limit of normal (LLN) in the vast majority of patients with either severe or moderate COVID-19, and they were reduced more profoundly in severe cases (294.0, 177.5 and 89.0 \u00d7 106/L) than in moderate cases (640.5, 381.5 and 254.0 \u00d7 106/L) (Figure 3A, 161 3B).", "line": 164, "relation": "negativeCorrelation"}
a(EFO:"CD8-Positive T-Lymphocytes")	negativeCorrelation	path(DO:"COVID-19")	{"annotations": {"Custom_Disease": {"COVID-19": true}, "MeSHAnatomy": {"Blood": true}, "PublicationStatus": {"Published": true}, "PublicationType": {"Case Report": true}, "Section": {"Results": true}, "Severity": {"Moderate": true, "Severe": true}, "Species": {"9606": true}}, "citation": {"authors": ["Cao Y", "Chen G", "Chen H", "Chen T", "Guo W", "Han M", "Huang D", "Li S", "Luo X", "Ning Q", "Song J", "Wang H", "Wang T", "Wu D", "Wu S", "Yu H", "Zhang M", "Zhang X", "Zhao J"], "date": "2020-03-27", "db": "PubMed", "db_id": "32217835", "db_name": "The Journal of clinical investigation", "first": "Chen G", "last": "Ning Q"}, "evidence": "The reduced expressions of interferon-\u03b3 (IFN-\u03b3) by CD4+T, CD8+T and NK cells below LLN were observed in some patients with severe (50%, 16.7% and 16.7%) or moderate COVID-19 (14.3%, 0% and 14.3%).", "line": 181, "relation": "negativeCorrelation"}
a(EFO:"T cell")	negativeCorrelation	path(DO:"COVID-19")	{"annotations": {"Custom_Disease": {"COVID-19": true}, "MeSHAnatomy": {"Blood": true}, "PublicationStatus": {"Published": true}, "PublicationType": {"Case Report": true}, "Section": {"Results": true}, "Severity": {"Severe": true}, "Species": {"9606": true}}, "citation": {"authors": ["Cao Y", "Chen G", "Chen H", "Chen T", "Guo W", "Han M", "Huang D", "Li S", "Luo X", "Ning Q", "Song J", "Wang H", "Wang T", "Wu D", "Wu S", "Yu H", "Zhang M", "Zhang X", "Zhao J"], "date": "2020-03-27", "db": "PubMed", "db_id": "32217835", "db_name": "The Journal of clinical investigation", "first": "Chen G", "last": "Ning Q"}, "evidence": "Preliminary analysis of circulating immune cells subsets as shown in Table 3 demonstrated that absolute numbers of total T lymphocytes, CD4+T cells and CD8+T cells  were reduced below the lower limit of normal (LLN) in the vast majority of patients with either severe or moderate COVID-19, and they were reduced more profoundly in severe cases (294.0, 177.5 and 89.0 \u00d7 106/L) than in moderate cases (640.5, 381.5 and 254.0 \u00d7 106/L) (Figure 3A, 161 3B).", "line": 163, "relation": "negativeCorrelation"}
a(MESH:"Natural Killer T-Cells")	negativeCorrelation	path(DO:"COVID-19")	{"annotations": {"Custom_Disease": {"COVID-19": true}, "MeSHAnatomy": {"Blood": true}, "PublicationStatus": {"Published": true}, "PublicationType": {"Case Report": true}, "Section": {"Results": true}, "Severity": {"Moderate": true, "Severe": true}, "Species": {"9606": true}}, "citation": {"authors": ["Cao Y", "Chen G", "Chen H", "Chen T", "Guo W", "Han M", "Huang D", "Li S", "Luo X", "Ning Q", "Song J", "Wang H", "Wang T", "Wu D", "Wu S", "Yu H", "Zhang M", "Zhang X", "Zhao J"], "date": "2020-03-27", "db": "PubMed", "db_id": "32217835", "db_name": "The Journal of clinical investigation", "first": "Chen G", "last": "Ning Q"}, "evidence": "The reduced expressions of interferon-\u03b3 (IFN-\u03b3) by CD4+T, CD8+T and NK cells below LLN were observed in some patients with severe (50%, 16.7% and 16.7%) or moderate COVID-19 (14.3%, 0% and 14.3%).", "line": 179, "relation": "negativeCorrelation"}
a(MESH:Leukocytes)	negativeCorrelation	path(DO:"COVID-19")	{"annotations": {"Custom_Disease": {"COVID-19": true}, "MeSHAnatomy": {"Blood": true}, "PublicationStatus": {"Published": true}, "PublicationType": {"Case Report": true}, "Section": {"Results": true}, "Severity": {"Moderate": true}, "Species": {"9606": true}}, "citation": {"authors": ["Cao Y", "Chen G", "Chen H", "Chen T", "Guo W", "Han M", "Huang D", "Li S", "Luo X", "Ning Q", "Song J", "Wang H", "Wang T", "Wu D", "Wu S", "Yu H", "Zhang M", "Zhang X", "Zhao J"], "date": "2020-03-27", "db": "PubMed", "db_id": "32217835", "db_name": "The Journal of clinical investigation", "first": "Chen G", "last": "Ning Q"}, "evidence": "Compared with normal range, the whole blood count on admission of three (30%) moderatevcases showed mild leucopenia, while white blood cell (WBC) counts were normal or slightly increased above the upper limit of normal (ULN) in all the severe cases (Table 2).", "line": 100, "relation": "negativeCorrelation"}
a(MESH:Leukocytes)	positiveCorrelation	path(DO:"COVID-19")	{"annotations": {"Custom_Disease": {"COVID-19": true}, "MeSHAnatomy": {"Blood": true}, "PublicationStatus": {"Published": true}, "PublicationType": {"Case Report": true}, "Section": {"Results": true}, "Severity": {"Severe": true}, "Species": {"9606": true}}, "citation": {"authors": ["Cao Y", "Chen G", "Chen H", "Chen T", "Guo W", "Han M", "Huang D", "Li S", "Luo X", "Ning Q", "Song J", "Wang H", "Wang T", "Wu D", "Wu S", "Yu H", "Zhang M", "Zhang X", "Zhao J"], "date": "2020-03-27", "db": "PubMed", "db_id": "32217835", "db_name": "The Journal of clinical investigation", "first": "Chen G", "last": "Ning Q"}, "evidence": "Compared with normal range, the whole blood count on admission of three (30%) moderatevcases showed mild leucopenia, while white blood cell (WBC) counts were normal or slightly increased above the upper limit of normal (ULN) in all the severe cases (Table 2).", "line": 102, "relation": "positiveCorrelation"}
a(MESH:Neutrophils)	positiveCorrelation	path(DO:"COVID-19")	{"annotations": {"Custom_Disease": {"COVID-19": true}, "MeSHAnatomy": {"Blood": true}, "PublicationStatus": {"Published": true}, "PublicationType": {"Case Report": true}, "Section": {"Results": true}, "Severity": {"Severe": true}, "Species": {"9606": true}}, "citation": {"authors": ["Cao Y", "Chen G", "Chen H", "Chen T", "Guo W", "Han M", "Huang D", "Li S", "Luo X", "Ning Q", "Song J", "Wang H", "Wang T", "Wu D", "Wu S", "Yu H", "Zhang M", "Zhang X", "Zhao J"], "date": "2020-03-27", "db": "PubMed", "db_id": "32217835", "db_name": "The Journal of clinical investigation", "first": "Chen G", "last": "Ning Q"}, "evidence": "Both WBC  and neutrophil counts were significantly higher in severe cases than moderate cases. Whereas lymphocyte counts were significantly lower in severe cases (0.7 \u00d7 109/L) than moderate cases (1.1 \u00d7 109/L).", "line": 106, "relation": "positiveCorrelation"}
bp(EFO:"D dimer measurement")	positiveCorrelation	path(DO:"COVID-19")	{"annotations": {"Custom_Disease": {"COVID-19": true}, "MeSHAnatomy": {"Blood": true}, "PublicationStatus": {"Published": true}, "PublicationType": {"Case Report": true}, "Section": {"Results": true}, "Severity": {"Severe": true}, "Species": {"9606": true}}, "citation": {"authors": ["Cao Y", "Chen G", "Chen H", "Chen T", "Guo W", "Han M", "Huang D", "Li S", "Luo X", "Ning Q", "Song J", "Wang H", "Wang T", "Wu D", "Wu S", "Yu H", "Zhang M", "Zhang X", "Zhao J"], "date": "2020-03-27", "db": "PubMed", "db_id": "32217835", "db_name": "The Journal of clinical investigation", "first": "Chen G", "last": "Ning Q"}, "evidence": "Levels of lactate dehydrogenase (LDH),  concentrations of serum high-sensitivity C-reactive protein (hsCRP), ferritin and D-dimer levels were markedly higher in severe cases than moderate cases.", "line": 128, "relation": "positiveCorrelation"}
p(HGNC:ALB)	negativeCorrelation	path(DO:"COVID-19")	{"annotations": {"Custom_Disease": {"COVID-19": true}, "MeSHAnatomy": {"Blood": true}, "PublicationStatus": {"Published": true}, "PublicationType": {"Case Report": true}, "Section": {"Results": true}, "Severity": {"Severe": true}, "Species": {"9606": true}}, "citation": {"authors": ["Cao Y", "Chen G", "Chen H", "Chen T", "Guo W", "Han M", "Huang D", "Li S", "Luo X", "Ning Q", "Song J", "Wang H", "Wang T", "Wu D", "Wu S", "Yu H", "Zhang M", "Zhang X", "Zhao J"], "date": "2020-03-27", "db": "PubMed", "db_id": "32217835", "db_name": "The Journal of clinical investigation", "first": "Chen G", "last": "Ning Q"}, "evidence": "Albumin concentrations were significantly lower in severe cases than moderate cases, and hypoalbuminemia (albumin<32g/L) was more frequent in severe cases (Table 2).", "line": 118, "relation": "negativeCorrelation"}
p(HGNC:CRP)	positiveCorrelation	path(DO:"COVID-19")	{"annotations": {"Custom_Disease": {"COVID-19": true}, "MeSHAnatomy": {"Blood": true}, "PublicationStatus": {"Published": true}, "PublicationType": {"Case Report": true}, "Section": {"Results": true}, "Severity": {"Severe": true}, "Species": {"9606": true}}, "citation": {"authors": ["Cao Y", "Chen G", "Chen H", "Chen T", "Guo W", "Han M", "Huang D", "Li S", "Luo X", "Ning Q", "Song J", "Wang H", "Wang T", "Wu D", "Wu S", "Yu H", "Zhang M", "Zhang X", "Zhao J"], "date": "2020-03-27", "db": "PubMed", "db_id": "32217835", "db_name": "The Journal of clinical investigation", "first": "Chen G", "last": "Ning Q"}, "evidence": "Levels of lactate dehydrogenase (LDH),  concentrations of serum high-sensitivity C-reactive protein (hsCRP), ferritin and D-dimer levels were markedly higher in severe cases than moderate cases.", "line": 126, "relation": "positiveCorrelation"}
p(HGNC:FTH1)	positiveCorrelation	path(DO:"COVID-19")	{"annotations": {"Custom_Disease": {"COVID-19": true}, "MeSHAnatomy": {"Blood": true}, "PublicationStatus": {"Published": true}, "PublicationType": {"Case Report": true}, "Section": {"Results": true}, "Severity": {"Severe": true}, "Species": {"9606": true}}, "citation": {"authors": ["Cao Y", "Chen G", "Chen H", "Chen T", "Guo W", "Han M", "Huang D", "Li S", "Luo X", "Ning Q", "Song J", "Wang H", "Wang T", "Wu D", "Wu S", "Yu H", "Zhang M", "Zhang X", "Zhao J"], "date": "2020-03-27", "db": "PubMed", "db_id": "32217835", "db_name": "The Journal of clinical investigation", "first": "Chen G", "last": "Ning Q"}, "evidence": "Levels of lactate dehydrogenase (LDH),  concentrations of serum high-sensitivity C-reactive protein (hsCRP), ferritin and D-dimer levels were markedly higher in severe cases than moderate cases.", "line": 127, "relation": "positiveCorrelation"}
p(HGNC:GOT1)	positiveCorrelation	path(DO:"COVID-19")	{"annotations": {"Custom_Disease": {"COVID-19": true}, "MeSHAnatomy": {"Blood": true}, "PublicationStatus": {"Published": true}, "PublicationType": {"Case Report": true}, "Section": {"Results": true}, "Severity": {"Severe": true}, "Species": {"9606": true}}, "citation": {"authors": ["Cao Y", "Chen G", "Chen H", "Chen T", "Guo W", "Han M", "Huang D", "Li S", "Luo X", "Ning Q", "Song J", "Wang H", "Wang T", "Wu D", "Wu S", "Yu H", "Zhang M", "Zhang X", "Zhao J"], "date": "2020-03-27", "db": "PubMed", "db_id": "32217835", "db_name": "The Journal of clinical investigation", "first": "Chen G", "last": "Ning Q"}, "evidence": "Alanine aminotransferase (ALT) and aspartate aminotransferase (AST) levels were significantly higher in severe cases than moderate cases.", "line": 113, "relation": "positiveCorrelation"}
p(HGNC:GOT2)	positiveCorrelation	path(DO:"COVID-19")	{"annotations": {"Custom_Disease": {"COVID-19": true}, "MeSHAnatomy": {"Blood": true}, "PublicationStatus": {"Published": true}, "PublicationType": {"Case Report": true}, "Section": {"Results": true}, "Severity": {"Severe": true}, "Species": {"9606": true}}, "citation": {"authors": ["Cao Y", "Chen G", "Chen H", "Chen T", "Guo W", "Han M", "Huang D", "Li S", "Luo X", "Ning Q", "Song J", "Wang H", "Wang T", "Wu D", "Wu S", "Yu H", "Zhang M", "Zhang X", "Zhao J"], "date": "2020-03-27", "db": "PubMed", "db_id": "32217835", "db_name": "The Journal of clinical investigation", "first": "Chen G", "last": "Ning Q"}, "evidence": "Alanine aminotransferase (ALT) and aspartate aminotransferase (AST) levels were significantly higher in severe cases than moderate cases.", "line": 114, "relation": "positiveCorrelation"}
p(HGNC:GPT)	positiveCorrelation	path(DO:"COVID-19")	{"annotations": {"Custom_Disease": {"COVID-19": true}, "MeSHAnatomy": {"Blood": true}, "PublicationStatus": {"Published": true}, "PublicationType": {"Case Report": true}, "Section": {"Results": true}, "Severity": {"Severe": true}, "Species": {"9606": true}}, "citation": {"authors": ["Cao Y", "Chen G", "Chen H", "Chen T", "Guo W", "Han M", "Huang D", "Li S", "Luo X", "Ning Q", "Song J", "Wang H", "Wang T", "Wu D", "Wu S", "Yu H", "Zhang M", "Zhang X", "Zhao J"], "date": "2020-03-27", "db": "PubMed", "db_id": "32217835", "db_name": "The Journal of clinical investigation", "first": "Chen G", "last": "Ning Q"}, "evidence": "Alanine aminotransferase (ALT) and aspartate aminotransferase (AST) levels were significantly higher in severe cases than moderate cases.", "line": 112, "relation": "positiveCorrelation"}
p(HGNC:IFNG)	negativeCorrelation	path(DO:"COVID-19")	{"annotations": {"Custom_Disease": {"COVID-19": true}, "MeSHAnatomy": {"Blood": true}, "PublicationStatus": {"Published": true}, "PublicationType": {"Case Report": true}, "Section": {"Results": true}, "Severity": {"Moderate": true, "Severe": true}, "Species": {"9606": true}}, "citation": {"authors": ["Cao Y", "Chen G", "Chen H", "Chen T", "Guo W", "Han M", "Huang D", "Li S", "Luo X", "Ning Q", "Song J", "Wang H", "Wang T", "Wu D", "Wu S", "Yu H", "Zhang M", "Zhang X", "Zhao J"], "date": "2020-03-27", "db": "PubMed", "db_id": "32217835", "db_name": "The Journal of clinical investigation", "first": "Chen G", "last": "Ning Q"}, "evidence": "The reduced expressions of interferon-\u03b3 (IFN-\u03b3) by CD4+T, CD8+T and NK cells below LLN were observed in some patients with severe (50%, 16.7% and 16.7%) or moderate COVID-19 (14.3%, 0% and 14.3%).", "line": 178, "relation": "negativeCorrelation"}
p(HGNC:IL10)	positiveCorrelation	path(DO:"COVID-19")	{"annotations": {"Custom_Disease": {"COVID-19": true}, "MeSHAnatomy": {"Plasma": true}, "PublicationStatus": {"Published": true}, "PublicationType": {"Case Report": true}, "Section": {"Results": true}, "Severity": {"Severe": true}, "Species": {"9606": true}}, "citation": {"authors": ["Cao Y", "Chen G", "Chen H", "Chen T", "Guo W", "Han M", "Huang D", "Li S", "Luo X", "Ning Q", "Song J", "Wang H", "Wang T", "Wu D", "Wu S", "Yu H", "Zhang M", "Zhang X", "Zhao J"], "date": "2020-03-27", "db": "PubMed", "db_id": "32217835", "db_name": "The Journal of clinical investigation", "first": "Chen G", "last": "Ning Q"}, "evidence": "Evaluation of serum cytokines on admission revealed that levels of interleukin (IL)- 2R, IL-6, IL-10, and tumor necrosis factor-\u03b1 (TNF-\u03b1) were markedly higher in severe cases than in moderate cases (Figure 2, Supplementary Table 1).", "line": 148, "relation": "positiveCorrelation"}
p(HGNC:IL2)	positiveCorrelation	path(DO:"COVID-19")	{"annotations": {"Custom_Disease": {"COVID-19": true}, "MeSHAnatomy": {"Plasma": true}, "PublicationStatus": {"Published": true}, "PublicationType": {"Case Report": true}, "Section": {"Results": true}, "Severity": {"Severe": true}, "Species": {"9606": true}}, "citation": {"authors": ["Cao Y", "Chen G", "Chen H", "Chen T", "Guo W", "Han M", "Huang D", "Li S", "Luo X", "Ning Q", "Song J", "Wang H", "Wang T", "Wu D", "Wu S", "Yu H", "Zhang M", "Zhang X", "Zhao J"], "date": "2020-03-27", "db": "PubMed", "db_id": "32217835", "db_name": "The Journal of clinical investigation", "first": "Chen G", "last": "Ning Q"}, "evidence": "Evaluation of serum cytokines on admission revealed that levels of interleukin (IL)- 2R, IL-6, IL-10, and tumor necrosis factor-\u03b1 (TNF-\u03b1) were markedly higher in severe cases than in moderate cases (Figure 2, Supplementary Table 1).", "line": 146, "relation": "positiveCorrelation"}
p(HGNC:IL6)	positiveCorrelation	path(DO:"COVID-19")	{"annotations": {"Custom_Disease": {"COVID-19": true}, "MeSHAnatomy": {"Plasma": true}, "PublicationStatus": {"Published": true}, "PublicationType": {"Case Report": true}, "Section": {"Results": true}, "Severity": {"Severe": true}, "Species": {"9606": true}}, "citation": {"authors": ["Cao Y", "Chen G", "Chen H", "Chen T", "Guo W", "Han M", "Huang D", "Li S", "Luo X", "Ning Q", "Song J", "Wang H", "Wang T", "Wu D", "Wu S", "Yu H", "Zhang M", "Zhang X", "Zhao J"], "date": "2020-03-27", "db": "PubMed", "db_id": "32217835", "db_name": "The Journal of clinical investigation", "first": "Chen G", "last": "Ning Q"}, "evidence": "Evaluation of serum cytokines on admission revealed that levels of interleukin (IL)- 2R, IL-6, IL-10, and tumor necrosis factor-\u03b1 (TNF-\u03b1) were markedly higher in severe cases than in moderate cases (Figure 2, Supplementary Table 1).", "line": 147, "relation": "positiveCorrelation"}
p(HGNC:IL6)	positiveCorrelation	path(DO:"COVID-19")	{"annotations": {"Custom_Disease": {"COVID-19": true}, "MeSHAnatomy": {"Plasma": true}, "PublicationStatus": {"Published": true}, "PublicationType": {"Case Report": true}, "Section": {"Results": true}, "Severity": {"Moderate": true, "Severe": true}, "Species": {"9606": true}}, "citation": {"authors": ["Cao Y", "Chen G", "Chen H", "Chen T", "Guo W", "Han M", "Huang D", "Li S", "Luo X", "Ning Q", "Song J", "Wang H", "Wang T", "Wu D", "Wu S", "Yu H", "Zhang M", "Zhang X", "Zhao J"], "date": "2020-03-27", "db": "PubMed", "db_id": "32217835", "db_name": "The Journal of clinical investigation", "first": "Chen G", "last": "Ning Q"}, "evidence": "Of note, IL-6 levels were increased in both moderate and severe cases.", "line": 154, "relation": "positiveCorrelation"}
p(HGNC:LDHA)	positiveCorrelation	path(DO:"COVID-19")	{"annotations": {"Custom_Disease": {"COVID-19": true}, "MeSHAnatomy": {"Blood": true}, "PublicationStatus": {"Published": true}, "PublicationType": {"Case Report": true}, "Section": {"Results": true}, "Severity": {"Severe": true}, "Species": {"9606": true}}, "citation": {"authors": ["Cao Y", "Chen G", "Chen H", "Chen T", "Guo W", "Han M", "Huang D", "Li S", "Luo X", "Ning Q", "Song J", "Wang H", "Wang T", "Wu D", "Wu S", "Yu H", "Zhang M", "Zhang X", "Zhao J"], "date": "2020-03-27", "db": "PubMed", "db_id": "32217835", "db_name": "The Journal of clinical investigation", "first": "Chen G", "last": "Ning Q"}, "evidence": "Levels of lactate dehydrogenase (LDH),  concentrations of serum high-sensitivity C-reactive protein (hsCRP), ferritin and D-dimer levels were markedly higher in severe cases than moderate cases.", "line": 123, "relation": "positiveCorrelation"}
p(HGNC:LDHB)	positiveCorrelation	path(DO:"COVID-19")	{"annotations": {"Custom_Disease": {"COVID-19": true}, "MeSHAnatomy": {"Blood": true}, "PublicationStatus": {"Published": true}, "PublicationType": {"Case Report": true}, "Section": {"Results": true}, "Severity": {"Severe": true}, "Species": {"9606": true}}, "citation": {"authors": ["Cao Y", "Chen G", "Chen H", "Chen T", "Guo W", "Han M", "Huang D", "Li S", "Luo X", "Ning Q", "Song J", "Wang H", "Wang T", "Wu D", "Wu S", "Yu H", "Zhang M", "Zhang X", "Zhao J"], "date": "2020-03-27", "db": "PubMed", "db_id": "32217835", "db_name": "The Journal of clinical investigation", "first": "Chen G", "last": "Ning Q"}, "evidence": "Levels of lactate dehydrogenase (LDH),  concentrations of serum high-sensitivity C-reactive protein (hsCRP), ferritin and D-dimer levels were markedly higher in severe cases than moderate cases.", "line": 124, "relation": "positiveCorrelation"}
p(HGNC:LDHC)	positiveCorrelation	path(DO:"COVID-19")	{"annotations": {"Custom_Disease": {"COVID-19": true}, "MeSHAnatomy": {"Blood": true}, "PublicationStatus": {"Published": true}, "PublicationType": {"Case Report": true}, "Section": {"Results": true}, "Severity": {"Severe": true}, "Species": {"9606": true}}, "citation": {"authors": ["Cao Y", "Chen G", "Chen H", "Chen T", "Guo W", "Han M", "Huang D", "Li S", "Luo X", "Ning Q", "Song J", "Wang H", "Wang T", "Wu D", "Wu S", "Yu H", "Zhang M", "Zhang X", "Zhao J"], "date": "2020-03-27", "db": "PubMed", "db_id": "32217835", "db_name": "The Journal of clinical investigation", "first": "Chen G", "last": "Ning Q"}, "evidence": "Levels of lactate dehydrogenase (LDH),  concentrations of serum high-sensitivity C-reactive protein (hsCRP), ferritin and D-dimer levels were markedly higher in severe cases than moderate cases.", "line": 125, "relation": "positiveCorrelation"}
p(HGNC:TNF)	positiveCorrelation	path(DO:"COVID-19")	{"annotations": {"Custom_Disease": {"COVID-19": true}, "MeSHAnatomy": {"Plasma": true}, "PublicationStatus": {"Published": true}, "PublicationType": {"Case Report": true}, "Section": {"Results": true}, "Severity": {"Severe": true}, "Species": {"9606": true}}, "citation": {"authors": ["Cao Y", "Chen G", "Chen H", "Chen T", "Guo W", "Han M", "Huang D", "Li S", "Luo X", "Ning Q", "Song J", "Wang H", "Wang T", "Wu D", "Wu S", "Yu H", "Zhang M", "Zhang X", "Zhao J"], "date": "2020-03-27", "db": "PubMed", "db_id": "32217835", "db_name": "The Journal of clinical investigation", "first": "Chen G", "last": "Ning Q"}, "evidence": "Evaluation of serum cytokines on admission revealed that levels of interleukin (IL)- 2R, IL-6, IL-10, and tumor necrosis factor-\u03b1 (TNF-\u03b1) were markedly higher in severe cases than in moderate cases (Figure 2, Supplementary Table 1).", "line": 149, "relation": "positiveCorrelation"}
p(MESH:preprocalcitonin)	positiveCorrelation	path(DO:"COVID-19")	{"annotations": {"Custom_Disease": {"COVID-19": true}, "MeSHAnatomy": {"Blood": true}, "PublicationStatus": {"Published": true}, "PublicationType": {"Case Report": true}, "Section": {"Results": true}, "Severity": {"Severe": true}, "Species": {"9606": true}}, "citation": {"authors": ["Cao Y", "Chen G", "Chen H", "Chen T", "Guo W", "Han M", "Huang D", "Li S", "Luo X", "Ning Q", "Song J", "Wang H", "Wang T", "Wu D", "Wu S", "Yu H", "Zhang M", "Zhang X", "Zhao J"], "date": "2020-03-27", "db": "PubMed", "db_id": "32217835", "db_name": "The Journal of clinical investigation", "first": "Chen G", "last": "Ning Q"}, "evidence": "Besides, serum levels of procalcitonin tended to be higher in severe cases than in moderate cases.", "line": 132, "relation": "positiveCorrelation"}
path(DO:"CD45 deficiency")	positiveCorrelation	path(DO:"COVID-19")	{"annotations": {"Custom_Disease": {"COVID-19": true}, "MeSHAnatomy": {"Blood": true}, "PublicationStatus": {"Published": true}, "PublicationType": {"Case Report": true}, "Section": {"Results": true}, "Severity": {"Moderate": true, "Severe": true}, "Species": {"9606": true}}, "citation": {"authors": ["Cao Y", "Chen G", "Chen H", "Chen T", "Guo W", "Han M", "Huang D", "Li S", "Luo X", "Ning Q", "Song J", "Wang H", "Wang T", "Wu D", "Wu S", "Yu H", "Zhang M", "Zhang X", "Zhao J"], "date": "2020-03-27", "db": "PubMed", "db_id": "32217835", "db_name": "The Journal of clinical investigation", "first": "Chen G", "last": "Ning Q"}, "evidence": "Moreover, the frequencies of regulatory T cells (Tregs) (CD4+CD25+CD127low+) and CD45RA+Tregs were reduced (below LLN) in nearly all the severe and moderate cases, with CD45RA+Tregs proportion was markedly lower in severe cases (0.5%) than in moderate cases (1.1%).", "line": 174, "relation": "positiveCorrelation"}
path(DO:"COVID-19")	positiveCorrelation	path(MESH:Fever)	{"annotations": {"Custom_Disease": {"COVID-19": true}, "PublicationStatus": {"Published": true}, "PublicationType": {"Case Report": true}, "Section": {"Results": true}, "Severity": {"Mild": true}, "Species": {"9606": true}}, "citation": {"authors": ["Cao Y", "Chen G", "Chen H", "Chen T", "Guo W", "Han M", "Huang D", "Li S", "Luo X", "Ning Q", "Song J", "Wang H", "Wang T", "Wu D", "Wu S", "Yu H", "Zhang M", "Zhang X", "Zhao J"], "date": "2020-03-27", "db": "PubMed", "db_id": "32217835", "db_name": "The Journal of clinical investigation", "first": "Chen G", "last": "Ning Q"}, "evidence": "the most common clinical manifestations at onset of illness include fever, cough, fatigue and myalgia", "line": 84, "relation": "positiveCorrelation"}
path(DO:"COVID-19")	positiveCorrelation	path(MESH:Cough)	{"annotations": {"Custom_Disease": {"COVID-19": true}, "PublicationStatus": {"Published": true}, "PublicationType": {"Case Report": true}, "Section": {"Results": true}, "Severity": {"Mild": true}, "Species": {"9606": true}}, "citation": {"authors": ["Cao Y", "Chen G", "Chen H", "Chen T", "Guo W", "Han M", "Huang D", "Li S", "Luo X", "Ning Q", "Song J", "Wang H", "Wang T", "Wu D", "Wu S", "Yu H", "Zhang M", "Zhang X", "Zhao J"], "date": "2020-03-27", "db": "PubMed", "db_id": "32217835", "db_name": "The Journal of clinical investigation", "first": "Chen G", "last": "Ning Q"}, "evidence": "the most common clinical manifestations at onset of illness include fever, cough, fatigue and myalgia", "line": 85, "relation": "positiveCorrelation"}
path(DO:"COVID-19")	positiveCorrelation	path(MESH:Fatigue)	{"annotations": {"Custom_Disease": {"COVID-19": true}, "PublicationStatus": {"Published": true}, "PublicationType": {"Case Report": true}, "Section": {"Results": true}, "Severity": {"Mild": true}, "Species": {"9606": true}}, "citation": {"authors": ["Cao Y", "Chen G", "Chen H", "Chen T", "Guo W", "Han M", "Huang D", "Li S", "Luo X", "Ning Q", "Song J", "Wang H", "Wang T", "Wu D", "Wu S", "Yu H", "Zhang M", "Zhang X", "Zhao J"], "date": "2020-03-27", "db": "PubMed", "db_id": "32217835", "db_name": "The Journal of clinical investigation", "first": "Chen G", "last": "Ning Q"}, "evidence": "the most common clinical manifestations at onset of illness include fever, cough, fatigue and myalgia", "line": 86, "relation": "positiveCorrelation"}
path(DO:"COVID-19")	positiveCorrelation	path(MESH:Myalgia)	{"annotations": {"Custom_Disease": {"COVID-19": true}, "PublicationStatus": {"Published": true}, "PublicationType": {"Case Report": true}, "Section": {"Results": true}, "Severity": {"Mild": true}, "Species": {"9606": true}}, "citation": {"authors": ["Cao Y", "Chen G", "Chen H", "Chen T", "Guo W", "Han M", "Huang D", "Li S", "Luo X", "Ning Q", "Song J", "Wang H", "Wang T", "Wu D", "Wu S", "Yu H", "Zhang M", "Zhang X", "Zhao J"], "date": "2020-03-27", "db": "PubMed", "db_id": "32217835", "db_name": "The Journal of clinical investigation", "first": "Chen G", "last": "Ning Q"}, "evidence": "the most common clinical manifestations at onset of illness include fever, cough, fatigue and myalgia", "line": 87, "relation": "positiveCorrelation"}
path(DO:"COVID-19")	positiveCorrelation	path(HP:"Chest tightness")	{"annotations": {"Custom_Disease": {"COVID-19": true}, "PublicationStatus": {"Published": true}, "PublicationType": {"Case Report": true}, "Section": {"Results": true}, "Severity": {"Severe": true}, "Species": {"9606": true}}, "citation": {"authors": ["Cao Y", "Chen G", "Chen H", "Chen T", "Guo W", "Han M", "Huang D", "Li S", "Luo X", "Ning Q", "Song J", "Wang H", "Wang T", "Wu D", "Wu S", "Yu H", "Zhang M", "Zhang X", "Zhao J"], "date": "2020-03-27", "db": "PubMed", "db_id": "32217835", "db_name": "The Journal of clinical investigation", "first": "Chen G", "last": "Ning Q"}, "evidence": "Compared to moderate cases, chest tightness tended to be more common in severe cases. In addition, tachypnea and dyspnea were only developed in severe cases.", "line": 92, "relation": "positiveCorrelation"}
path(DO:"COVID-19")	positiveCorrelation	path(MESH:Tachypnea)	{"annotations": {"Custom_Disease": {"COVID-19": true}, "PublicationStatus": {"Published": true}, "PublicationType": {"Case Report": true}, "Section": {"Results": true}, "Severity": {"Severe": true}, "Species": {"9606": true}}, "citation": {"authors": ["Cao Y", "Chen G", "Chen H", "Chen T", "Guo W", "Han M", "Huang D", "Li S", "Luo X", "Ning Q", "Song J", "Wang H", "Wang T", "Wu D", "Wu S", "Yu H", "Zhang M", "Zhang X", "Zhao J"], "date": "2020-03-27", "db": "PubMed", "db_id": "32217835", "db_name": "The Journal of clinical investigation", "first": "Chen G", "last": "Ning Q"}, "evidence": "Compared to moderate cases, chest tightness tended to be more common in severe cases. In addition, tachypnea and dyspnea were only developed in severe cases.", "line": 93, "relation": "positiveCorrelation"}
path(DO:"COVID-19")	positiveCorrelation	path(MESH:Dyspnea)	{"annotations": {"Custom_Disease": {"COVID-19": true}, "PublicationStatus": {"Published": true}, "PublicationType": {"Case Report": true}, "Section": {"Results": true}, "Severity": {"Severe": true}, "Species": {"9606": true}}, "citation": {"authors": ["Cao Y", "Chen G", "Chen H", "Chen T", "Guo W", "Han M", "Huang D", "Li S", "Luo X", "Ning Q", "Song J", "Wang H", "Wang T", "Wu D", "Wu S", "Yu H", "Zhang M", "Zhang X", "Zhao J"], "date": "2020-03-27", "db": "PubMed", "db_id": "32217835", "db_name": "The Journal of clinical investigation", "first": "Chen G", "last": "Ning Q"}, "evidence": "Compared to moderate cases, chest tightness tended to be more common in severe cases. In addition, tachypnea and dyspnea were only developed in severe cases.", "line": 94, "relation": "positiveCorrelation"}
path(DO:"COVID-19")	negativeCorrelation	a(MESH:Leukocytes)	{"annotations": {"Custom_Disease": {"COVID-19": true}, "MeSHAnatomy": {"Blood": true}, "PublicationStatus": {"Published": true}, "PublicationType": {"Case Report": true}, "Section": {"Results": true}, "Severity": {"Moderate": true}, "Species": {"9606": true}}, "citation": {"authors": ["Cao Y", "Chen G", "Chen H", "Chen T", "Guo W", "Han M", "Huang D", "Li S", "Luo X", "Ning Q", "Song J", "Wang H", "Wang T", "Wu D", "Wu S", "Yu H", "Zhang M", "Zhang X", "Zhao J"], "date": "2020-03-27", "db": "PubMed", "db_id": "32217835", "db_name": "The Journal of clinical investigation", "first": "Chen G", "last": "Ning Q"}, "evidence": "Compared with normal range, the whole blood count on admission of three (30%) moderatevcases showed mild leucopenia, while white blood cell (WBC) counts were normal or slightly increased above the upper limit of normal (ULN) in all the severe cases (Table 2).", "line": 100, "relation": "negativeCorrelation"}
path(DO:"COVID-19")	positiveCorrelation	a(MESH:Leukocytes)	{"annotations": {"Custom_Disease": {"COVID-19": true}, "MeSHAnatomy": {"Blood": true}, "PublicationStatus": {"Published": true}, "PublicationType": {"Case Report": true}, "Section": {"Results": true}, "Severity": {"Severe": true}, "Species": {"9606": true}}, "citation": {"authors": ["Cao Y", "Chen G", "Chen H", "Chen T", "Guo W", "Han M", "Huang D", "Li S", "Luo X", "Ning Q", "Song J", "Wang H", "Wang T", "Wu D", "Wu S", "Yu H", "Zhang M", "Zhang X", "Zhao J"], "date": "2020-03-27", "db": "PubMed", "db_id": "32217835", "db_name": "The Journal of clinical investigation", "first": "Chen G", "last": "Ning Q"}, "evidence": "Compared with normal range, the whole blood count on admission of three (30%) moderatevcases showed mild leucopenia, while white blood cell (WBC) counts were normal or slightly increased above the upper limit of normal (ULN) in all the severe cases (Table 2).", "line": 102, "relation": "positiveCorrelation"}
path(DO:"COVID-19")	positiveCorrelation	a(MESH:Neutrophils)	{"annotations": {"Custom_Disease": {"COVID-19": true}, "MeSHAnatomy": {"Blood": true}, "PublicationStatus": {"Published": true}, "PublicationType": {"Case Report": true}, "Section": {"Results": true}, "Severity": {"Severe": true}, "Species": {"9606": true}}, "citation": {"authors": ["Cao Y", "Chen G", "Chen H", "Chen T", "Guo W", "Han M", "Huang D", "Li S", "Luo X", "Ning Q", "Song J", "Wang H", "Wang T", "Wu D", "Wu S", "Yu H", "Zhang M", "Zhang X", "Zhao J"], "date": "2020-03-27", "db": "PubMed", "db_id": "32217835", "db_name": "The Journal of clinical investigation", "first": "Chen G", "last": "Ning Q"}, "evidence": "Both WBC  and neutrophil counts were significantly higher in severe cases than moderate cases. Whereas lymphocyte counts were significantly lower in severe cases (0.7 \u00d7 109/L) than moderate cases (1.1 \u00d7 109/L).", "line": 106, "relation": "positiveCorrelation"}
path(DO:"COVID-19")	negativeCorrelation	path(MESH:"Lymphocyte Count")	{"annotations": {"Custom_Disease": {"COVID-19": true}, "MeSHAnatomy": {"Blood": true}, "PublicationStatus": {"Published": true}, "PublicationType": {"Case Report": true}, "Section": {"Results": true}, "Severity": {"Severe": true}, "Species": {"9606": true}}, "citation": {"authors": ["Cao Y", "Chen G", "Chen H", "Chen T", "Guo W", "Han M", "Huang D", "Li S", "Luo X", "Ning Q", "Song J", "Wang H", "Wang T", "Wu D", "Wu S", "Yu H", "Zhang M", "Zhang X", "Zhao J"], "date": "2020-03-27", "db": "PubMed", "db_id": "32217835", "db_name": "The Journal of clinical investigation", "first": "Chen G", "last": "Ning Q"}, "evidence": "Both WBC  and neutrophil counts were significantly higher in severe cases than moderate cases. Whereas lymphocyte counts were significantly lower in severe cases (0.7 \u00d7 109/L) than moderate cases (1.1 \u00d7 109/L).", "line": 107, "relation": "negativeCorrelation"}
path(DO:"COVID-19")	positiveCorrelation	p(HGNC:GPT)	{"annotations": {"Custom_Disease": {"COVID-19": true}, "MeSHAnatomy": {"Blood": true}, "PublicationStatus": {"Published": true}, "PublicationType": {"Case Report": true}, "Section": {"Results": true}, "Severity": {"Severe": true}, "Species": {"9606": true}}, "citation": {"authors": ["Cao Y", "Chen G", "Chen H", "Chen T", "Guo W", "Han M", "Huang D", "Li S", "Luo X", "Ning Q", "Song J", "Wang H", "Wang T", "Wu D", "Wu S", "Yu H", "Zhang M", "Zhang X", "Zhao J"], "date": "2020-03-27", "db": "PubMed", "db_id": "32217835", "db_name": "The Journal of clinical investigation", "first": "Chen G", "last": "Ning Q"}, "evidence": "Alanine aminotransferase (ALT) and aspartate aminotransferase (AST) levels were significantly higher in severe cases than moderate cases.", "line": 112, "relation": "positiveCorrelation"}
path(DO:"COVID-19")	positiveCorrelation	p(HGNC:GOT1)	{"annotations": {"Custom_Disease": {"COVID-19": true}, "MeSHAnatomy": {"Blood": true}, "PublicationStatus": {"Published": true}, "PublicationType": {"Case Report": true}, "Section": {"Results": true}, "Severity": {"Severe": true}, "Species": {"9606": true}}, "citation": {"authors": ["Cao Y", "Chen G", "Chen H", "Chen T", "Guo W", "Han M", "Huang D", "Li S", "Luo X", "Ning Q", "Song J", "Wang H", "Wang T", "Wu D", "Wu S", "Yu H", "Zhang M", "Zhang X", "Zhao J"], "date": "2020-03-27", "db": "PubMed", "db_id": "32217835", "db_name": "The Journal of clinical investigation", "first": "Chen G", "last": "Ning Q"}, "evidence": "Alanine aminotransferase (ALT) and aspartate aminotransferase (AST) levels were significantly higher in severe cases than moderate cases.", "line": 113, "relation": "positiveCorrelation"}
path(DO:"COVID-19")	positiveCorrelation	p(HGNC:GOT2)	{"annotations": {"Custom_Disease": {"COVID-19": true}, "MeSHAnatomy": {"Blood": true}, "PublicationStatus": {"Published": true}, "PublicationType": {"Case Report": true}, "Section": {"Results": true}, "Severity": {"Severe": true}, "Species": {"9606": true}}, "citation": {"authors": ["Cao Y", "Chen G", "Chen H", "Chen T", "Guo W", "Han M", "Huang D", "Li S", "Luo X", "Ning Q", "Song J", "Wang H", "Wang T", "Wu D", "Wu S", "Yu H", "Zhang M", "Zhang X", "Zhao J"], "date": "2020-03-27", "db": "PubMed", "db_id": "32217835", "db_name": "The Journal of clinical investigation", "first": "Chen G", "last": "Ning Q"}, "evidence": "Alanine aminotransferase (ALT) and aspartate aminotransferase (AST) levels were significantly higher in severe cases than moderate cases.", "line": 114, "relation": "positiveCorrelation"}
path(DO:"COVID-19")	negativeCorrelation	p(HGNC:ALB)	{"annotations": {"Custom_Disease": {"COVID-19": true}, "MeSHAnatomy": {"Blood": true}, "PublicationStatus": {"Published": true}, "PublicationType": {"Case Report": true}, "Section": {"Results": true}, "Severity": {"Severe": true}, "Species": {"9606": true}}, "citation": {"authors": ["Cao Y", "Chen G", "Chen H", "Chen T", "Guo W", "Han M", "Huang D", "Li S", "Luo X", "Ning Q", "Song J", "Wang H", "Wang T", "Wu D", "Wu S", "Yu H", "Zhang M", "Zhang X", "Zhao J"], "date": "2020-03-27", "db": "PubMed", "db_id": "32217835", "db_name": "The Journal of clinical investigation", "first": "Chen G", "last": "Ning Q"}, "evidence": "Albumin concentrations were significantly lower in severe cases than moderate cases, and hypoalbuminemia (albumin<32g/L) was more frequent in severe cases (Table 2).", "line": 118, "relation": "negativeCorrelation"}
path(DO:"COVID-19")	positiveCorrelation	path(MESH:Hypoalbuminemia)	{"annotations": {"Custom_Disease": {"COVID-19": true}, "MeSHAnatomy": {"Blood": true}, "PublicationStatus": {"Published": true}, "PublicationType": {"Case Report": true}, "Section": {"Results": true}, "Severity": {"Severe": true}, "Species": {"9606": true}}, "citation": {"authors": ["Cao Y", "Chen G", "Chen H", "Chen T", "Guo W", "Han M", "Huang D", "Li S", "Luo X", "Ning Q", "Song J", "Wang H", "Wang T", "Wu D", "Wu S", "Yu H", "Zhang M", "Zhang X", "Zhao J"], "date": "2020-03-27", "db": "PubMed", "db_id": "32217835", "db_name": "The Journal of clinical investigation", "first": "Chen G", "last": "Ning Q"}, "evidence": "Albumin concentrations were significantly lower in severe cases than moderate cases, and hypoalbuminemia (albumin<32g/L) was more frequent in severe cases (Table 2).", "line": 119, "relation": "positiveCorrelation"}
path(DO:"COVID-19")	positiveCorrelation	p(HGNC:LDHA)	{"annotations": {"Custom_Disease": {"COVID-19": true}, "MeSHAnatomy": {"Blood": true}, "PublicationStatus": {"Published": true}, "PublicationType": {"Case Report": true}, "Section": {"Results": true}, "Severity": {"Severe": true}, "Species": {"9606": true}}, "citation": {"authors": ["Cao Y", "Chen G", "Chen H", "Chen T", "Guo W", "Han M", "Huang D", "Li S", "Luo X", "Ning Q", "Song J", "Wang H", "Wang T", "Wu D", "Wu S", "Yu H", "Zhang M", "Zhang X", "Zhao J"], "date": "2020-03-27", "db": "PubMed", "db_id": "32217835", "db_name": "The Journal of clinical investigation", "first": "Chen G", "last": "Ning Q"}, "evidence": "Levels of lactate dehydrogenase (LDH),  concentrations of serum high-sensitivity C-reactive protein (hsCRP), ferritin and D-dimer levels were markedly higher in severe cases than moderate cases.", "line": 123, "relation": "positiveCorrelation"}
path(DO:"COVID-19")	positiveCorrelation	p(HGNC:LDHB)	{"annotations": {"Custom_Disease": {"COVID-19": true}, "MeSHAnatomy": {"Blood": true}, "PublicationStatus": {"Published": true}, "PublicationType": {"Case Report": true}, "Section": {"Results": true}, "Severity": {"Severe": true}, "Species": {"9606": true}}, "citation": {"authors": ["Cao Y", "Chen G", "Chen H", "Chen T", "Guo W", "Han M", "Huang D", "Li S", "Luo X", "Ning Q", "Song J", "Wang H", "Wang T", "Wu D", "Wu S", "Yu H", "Zhang M", "Zhang X", "Zhao J"], "date": "2020-03-27", "db": "PubMed", "db_id": "32217835", "db_name": "The Journal of clinical investigation", "first": "Chen G", "last": "Ning Q"}, "evidence": "Levels of lactate dehydrogenase (LDH),  concentrations of serum high-sensitivity C-reactive protein (hsCRP), ferritin and D-dimer levels were markedly higher in severe cases than moderate cases.", "line": 124, "relation": "positiveCorrelation"}
path(DO:"COVID-19")	positiveCorrelation	p(HGNC:LDHC)	{"annotations": {"Custom_Disease": {"COVID-19": true}, "MeSHAnatomy": {"Blood": true}, "PublicationStatus": {"Published": true}, "PublicationType": {"Case Report": true}, "Section": {"Results": true}, "Severity": {"Severe": true}, "Species": {"9606": true}}, "citation": {"authors": ["Cao Y", "Chen G", "Chen H", "Chen T", "Guo W", "Han M", "Huang D", "Li S", "Luo X", "Ning Q", "Song J", "Wang H", "Wang T", "Wu D", "Wu S", "Yu H", "Zhang M", "Zhang X", "Zhao J"], "date": "2020-03-27", "db": "PubMed", "db_id": "32217835", "db_name": "The Journal of clinical investigation", "first": "Chen G", "last": "Ning Q"}, "evidence": "Levels of lactate dehydrogenase (LDH),  concentrations of serum high-sensitivity C-reactive protein (hsCRP), ferritin and D-dimer levels were markedly higher in severe cases than moderate cases.", "line": 125, "relation": "positiveCorrelation"}
path(DO:"COVID-19")	positiveCorrelation	p(HGNC:CRP)	{"annotations": {"Custom_Disease": {"COVID-19": true}, "MeSHAnatomy": {"Blood": true}, "PublicationStatus": {"Published": true}, "PublicationType": {"Case Report": true}, "Section": {"Results": true}, "Severity": {"Severe": true}, "Species": {"9606": true}}, "citation": {"authors": ["Cao Y", "Chen G", "Chen H", "Chen T", "Guo W", "Han M", "Huang D", "Li S", "Luo X", "Ning Q", "Song J", "Wang H", "Wang T", "Wu D", "Wu S", "Yu H", "Zhang M", "Zhang X", "Zhao J"], "date": "2020-03-27", "db": "PubMed", "db_id": "32217835", "db_name": "The Journal of clinical investigation", "first": "Chen G", "last": "Ning Q"}, "evidence": "Levels of lactate dehydrogenase (LDH),  concentrations of serum high-sensitivity C-reactive protein (hsCRP), ferritin and D-dimer levels were markedly higher in severe cases than moderate cases.", "line": 126, "relation": "positiveCorrelation"}
path(DO:"COVID-19")	positiveCorrelation	p(HGNC:FTH1)	{"annotations": {"Custom_Disease": {"COVID-19": true}, "MeSHAnatomy": {"Blood": true}, "PublicationStatus": {"Published": true}, "PublicationType": {"Case Report": true}, "Section": {"Results": true}, "Severity": {"Severe": true}, "Species": {"9606": true}}, "citation": {"authors": ["Cao Y", "Chen G", "Chen H", "Chen T", "Guo W", "Han M", "Huang D", "Li S", "Luo X", "Ning Q", "Song J", "Wang H", "Wang T", "Wu D", "Wu S", "Yu H", "Zhang M", "Zhang X", "Zhao J"], "date": "2020-03-27", "db": "PubMed", "db_id": "32217835", "db_name": "The Journal of clinical investigation", "first": "Chen G", "last": "Ning Q"}, "evidence": "Levels of lactate dehydrogenase (LDH),  concentrations of serum high-sensitivity C-reactive protein (hsCRP), ferritin and D-dimer levels were markedly higher in severe cases than moderate cases.", "line": 127, "relation": "positiveCorrelation"}
path(DO:"COVID-19")	positiveCorrelation	bp(EFO:"D dimer measurement")	{"annotations": {"Custom_Disease": {"COVID-19": true}, "MeSHAnatomy": {"Blood": true}, "PublicationStatus": {"Published": true}, "PublicationType": {"Case Report": true}, "Section": {"Results": true}, "Severity": {"Severe": true}, "Species": {"9606": true}}, "citation": {"authors": ["Cao Y", "Chen G", "Chen H", "Chen T", "Guo W", "Han M", "Huang D", "Li S", "Luo X", "Ning Q", "Song J", "Wang H", "Wang T", "Wu D", "Wu S", "Yu H", "Zhang M", "Zhang X", "Zhao J"], "date": "2020-03-27", "db": "PubMed", "db_id": "32217835", "db_name": "The Journal of clinical investigation", "first": "Chen G", "last": "Ning Q"}, "evidence": "Levels of lactate dehydrogenase (LDH),  concentrations of serum high-sensitivity C-reactive protein (hsCRP), ferritin and D-dimer levels were markedly higher in severe cases than moderate cases.", "line": 128, "relation": "positiveCorrelation"}
path(DO:"COVID-19")	positiveCorrelation	p(MESH:preprocalcitonin)	{"annotations": {"Custom_Disease": {"COVID-19": true}, "MeSHAnatomy": {"Blood": true}, "PublicationStatus": {"Published": true}, "PublicationType": {"Case Report": true}, "Section": {"Results": true}, "Severity": {"Severe": true}, "Species": {"9606": true}}, "citation": {"authors": ["Cao Y", "Chen G", "Chen H", "Chen T", "Guo W", "Han M", "Huang D", "Li S", "Luo X", "Ning Q", "Song J", "Wang H", "Wang T", "Wu D", "Wu S", "Yu H", "Zhang M", "Zhang X", "Zhao J"], "date": "2020-03-27", "db": "PubMed", "db_id": "32217835", "db_name": "The Journal of clinical investigation", "first": "Chen G", "last": "Ning Q"}, "evidence": "Besides, serum levels of procalcitonin tended to be higher in severe cases than in moderate cases.", "line": 132, "relation": "positiveCorrelation"}
path(DO:"COVID-19")	positiveCorrelation	path(MESH:Inflammation)	{"annotations": {"Custom_Disease": {"COVID-19": true}, "PublicationStatus": {"Published": true}, "PublicationType": {"Case Report": true}, "Section": {"Results": true}, "Severity": {"Severe": true}, "Species": {"9606": true}}, "citation": {"authors": ["Cao Y", "Chen G", "Chen H", "Chen T", "Guo W", "Han M", "Huang D", "Li S", "Luo X", "Ning Q", "Song J", "Wang H", "Wang T", "Wu D", "Wu S", "Yu H", "Zhang M", "Zhang X", "Zhao J"], "date": "2020-03-27", "db": "PubMed", "db_id": "32217835", "db_name": "The Journal of clinical investigation", "first": "Chen G", "last": "Ning Q"}, "evidence": "These results suggest an increased level of systemic inflammation in severe cases.", "line": 136, "relation": "positiveCorrelation"}
path(DO:"COVID-19")	positiveCorrelation	path(DO:"interstitial lung disease")	{"annotations": {"Custom_Disease": {"COVID-19": true}, "PublicationStatus": {"Published": true}, "PublicationType": {"Case Report": true}, "Section": {"Results": true}, "Severity": {"Severe": true}, "Species": {"9606": true}}, "citation": {"authors": ["Cao Y", "Chen G", "Chen H", "Chen T", "Guo W", "Han M", "Huang D", "Li S", "Luo X", "Ning Q", "Song J", "Wang H", "Wang T", "Wu D", "Wu S", "Yu H", "Zhang M", "Zhang X", "Zhao J"], "date": "2020-03-27", "db": "PubMed", "db_id": "32217835", "db_name": "The Journal of clinical investigation", "first": "Chen G", "last": "Ning Q"}, "evidence": "Interstitial lung abnormalities were observed in chest computed tomography (CT) scans of all patients on admission", "line": 140, "relation": "positiveCorrelation"}
path(DO:"COVID-19")	positiveCorrelation	p(HGNC:IL2)	{"annotations": {"Custom_Disease": {"COVID-19": true}, "MeSHAnatomy": {"Plasma": true}, "PublicationStatus": {"Published": true}, "PublicationType": {"Case Report": true}, "Section": {"Results": true}, "Severity": {"Severe": true}, "Species": {"9606": true}}, "citation": {"authors": ["Cao Y", "Chen G", "Chen H", "Chen T", "Guo W", "Han M", "Huang D", "Li S", "Luo X", "Ning Q", "Song J", "Wang H", "Wang T", "Wu D", "Wu S", "Yu H", "Zhang M", "Zhang X", "Zhao J"], "date": "2020-03-27", "db": "PubMed", "db_id": "32217835", "db_name": "The Journal of clinical investigation", "first": "Chen G", "last": "Ning Q"}, "evidence": "Evaluation of serum cytokines on admission revealed that levels of interleukin (IL)- 2R, IL-6, IL-10, and tumor necrosis factor-\u03b1 (TNF-\u03b1) were markedly higher in severe cases than in moderate cases (Figure 2, Supplementary Table 1).", "line": 146, "relation": "positiveCorrelation"}
path(DO:"COVID-19")	positiveCorrelation	p(HGNC:IL6)	{"annotations": {"Custom_Disease": {"COVID-19": true}, "MeSHAnatomy": {"Plasma": true}, "PublicationStatus": {"Published": true}, "PublicationType": {"Case Report": true}, "Section": {"Results": true}, "Severity": {"Severe": true}, "Species": {"9606": true}}, "citation": {"authors": ["Cao Y", "Chen G", "Chen H", "Chen T", "Guo W", "Han M", "Huang D", "Li S", "Luo X", "Ning Q", "Song J", "Wang H", "Wang T", "Wu D", "Wu S", "Yu H", "Zhang M", "Zhang X", "Zhao J"], "date": "2020-03-27", "db": "PubMed", "db_id": "32217835", "db_name": "The Journal of clinical investigation", "first": "Chen G", "last": "Ning Q"}, "evidence": "Evaluation of serum cytokines on admission revealed that levels of interleukin (IL)- 2R, IL-6, IL-10, and tumor necrosis factor-\u03b1 (TNF-\u03b1) were markedly higher in severe cases than in moderate cases (Figure 2, Supplementary Table 1).", "line": 147, "relation": "positiveCorrelation"}
path(DO:"COVID-19")	positiveCorrelation	p(HGNC:IL6)	{"annotations": {"Custom_Disease": {"COVID-19": true}, "MeSHAnatomy": {"Plasma": true}, "PublicationStatus": {"Published": true}, "PublicationType": {"Case Report": true}, "Section": {"Results": true}, "Severity": {"Moderate": true, "Severe": true}, "Species": {"9606": true}}, "citation": {"authors": ["Cao Y", "Chen G", "Chen H", "Chen T", "Guo W", "Han M", "Huang D", "Li S", "Luo X", "Ning Q", "Song J", "Wang H", "Wang T", "Wu D", "Wu S", "Yu H", "Zhang M", "Zhang X", "Zhao J"], "date": "2020-03-27", "db": "PubMed", "db_id": "32217835", "db_name": "The Journal of clinical investigation", "first": "Chen G", "last": "Ning Q"}, "evidence": "Of note, IL-6 levels were increased in both moderate and severe cases.", "line": 154, "relation": "positiveCorrelation"}
path(DO:"COVID-19")	positiveCorrelation	p(HGNC:IL10)	{"annotations": {"Custom_Disease": {"COVID-19": true}, "MeSHAnatomy": {"Plasma": true}, "PublicationStatus": {"Published": true}, "PublicationType": {"Case Report": true}, "Section": {"Results": true}, "Severity": {"Severe": true}, "Species": {"9606": true}}, "citation": {"authors": ["Cao Y", "Chen G", "Chen H", "Chen T", "Guo W", "Han M", "Huang D", "Li S", "Luo X", "Ning Q", "Song J", "Wang H", "Wang T", "Wu D", "Wu S", "Yu H", "Zhang M", "Zhang X", "Zhao J"], "date": "2020-03-27", "db": "PubMed", "db_id": "32217835", "db_name": "The Journal of clinical investigation", "first": "Chen G", "last": "Ning Q"}, "evidence": "Evaluation of serum cytokines on admission revealed that levels of interleukin (IL)- 2R, IL-6, IL-10, and tumor necrosis factor-\u03b1 (TNF-\u03b1) were markedly higher in severe cases than in moderate cases (Figure 2, Supplementary Table 1).", "line": 148, "relation": "positiveCorrelation"}
path(DO:"COVID-19")	positiveCorrelation	p(HGNC:TNF)	{"annotations": {"Custom_Disease": {"COVID-19": true}, "MeSHAnatomy": {"Plasma": true}, "PublicationStatus": {"Published": true}, "PublicationType": {"Case Report": true}, "Section": {"Results": true}, "Severity": {"Severe": true}, "Species": {"9606": true}}, "citation": {"authors": ["Cao Y", "Chen G", "Chen H", "Chen T", "Guo W", "Han M", "Huang D", "Li S", "Luo X", "Ning Q", "Song J", "Wang H", "Wang T", "Wu D", "Wu S", "Yu H", "Zhang M", "Zhang X", "Zhao J"], "date": "2020-03-27", "db": "PubMed", "db_id": "32217835", "db_name": "The Journal of clinical investigation", "first": "Chen G", "last": "Ning Q"}, "evidence": "Evaluation of serum cytokines on admission revealed that levels of interleukin (IL)- 2R, IL-6, IL-10, and tumor necrosis factor-\u03b1 (TNF-\u03b1) were markedly higher in severe cases than in moderate cases (Figure 2, Supplementary Table 1).", "line": 149, "relation": "positiveCorrelation"}
path(DO:"COVID-19")	negativeCorrelation	a(EFO:"CD4-positive helper T cell")	{"annotations": {"Custom_Disease": {"COVID-19": true}, "MeSHAnatomy": {"Blood": true}, "PublicationStatus": {"Published": true}, "PublicationType": {"Case Report": true}, "Section": {"Results": true}, "Severity": {"Severe": true}, "Species": {"9606": true}}, "citation": {"authors": ["Cao Y", "Chen G", "Chen H", "Chen T", "Guo W", "Han M", "Huang D", "Li S", "Luo X", "Ning Q", "Song J", "Wang H", "Wang T", "Wu D", "Wu S", "Yu H", "Zhang M", "Zhang X", "Zhao J"], "date": "2020-03-27", "db": "PubMed", "db_id": "32217835", "db_name": "The Journal of clinical investigation", "first": "Chen G", "last": "Ning Q"}, "evidence": "Preliminary analysis of circulating immune cells subsets as shown in Table 3 demonstrated that absolute numbers of total T lymphocytes, CD4+T cells and CD8+T cells  were reduced below the lower limit of normal (LLN) in the vast majority of patients with either severe or moderate COVID-19, and they were reduced more profoundly in severe cases (294.0, 177.5 and 89.0 \u00d7 106/L) than in moderate cases (640.5, 381.5 and 254.0 \u00d7 106/L) (Figure 3A, 161 3B).", "line": 162, "relation": "negativeCorrelation"}
path(DO:"COVID-19")	negativeCorrelation	a(EFO:"CD4-positive helper T cell")	{"annotations": {"Custom_Disease": {"COVID-19": true}, "MeSHAnatomy": {"Blood": true}, "PublicationStatus": {"Published": true}, "PublicationType": {"Case Report": true}, "Section": {"Results": true}, "Severity": {"Moderate": true, "Severe": true}, "Species": {"9606": true}}, "citation": {"authors": ["Cao Y", "Chen G", "Chen H", "Chen T", "Guo W", "Han M", "Huang D", "Li S", "Luo X", "Ning Q", "Song J", "Wang H", "Wang T", "Wu D", "Wu S", "Yu H", "Zhang M", "Zhang X", "Zhao J"], "date": "2020-03-27", "db": "PubMed", "db_id": "32217835", "db_name": "The Journal of clinical investigation", "first": "Chen G", "last": "Ning Q"}, "evidence": "The reduced expressions of interferon-\u03b3 (IFN-\u03b3) by CD4+T, CD8+T and NK cells below LLN were observed in some patients with severe (50%, 16.7% and 16.7%) or moderate COVID-19 (14.3%, 0% and 14.3%).", "line": 180, "relation": "negativeCorrelation"}
path(DO:"COVID-19")	negativeCorrelation	a(EFO:"T cell")	{"annotations": {"Custom_Disease": {"COVID-19": true}, "MeSHAnatomy": {"Blood": true}, "PublicationStatus": {"Published": true}, "PublicationType": {"Case Report": true}, "Section": {"Results": true}, "Severity": {"Severe": true}, "Species": {"9606": true}}, "citation": {"authors": ["Cao Y", "Chen G", "Chen H", "Chen T", "Guo W", "Han M", "Huang D", "Li S", "Luo X", "Ning Q", "Song J", "Wang H", "Wang T", "Wu D", "Wu S", "Yu H", "Zhang M", "Zhang X", "Zhao J"], "date": "2020-03-27", "db": "PubMed", "db_id": "32217835", "db_name": "The Journal of clinical investigation", "first": "Chen G", "last": "Ning Q"}, "evidence": "Preliminary analysis of circulating immune cells subsets as shown in Table 3 demonstrated that absolute numbers of total T lymphocytes, CD4+T cells and CD8+T cells  were reduced below the lower limit of normal (LLN) in the vast majority of patients with either severe or moderate COVID-19, and they were reduced more profoundly in severe cases (294.0, 177.5 and 89.0 \u00d7 106/L) than in moderate cases (640.5, 381.5 and 254.0 \u00d7 106/L) (Figure 3A, 161 3B).", "line": 163, "relation": "negativeCorrelation"}
path(DO:"COVID-19")	negativeCorrelation	a(EFO:"CD8-Positive T-Lymphocytes")	{"annotations": {"Custom_Disease": {"COVID-19": true}, "MeSHAnatomy": {"Blood": true}, "PublicationStatus": {"Published": true}, "PublicationType": {"Case Report": true}, "Section": {"Results": true}, "Severity": {"Severe": true}, "Species": {"9606": true}}, "citation": {"authors": ["Cao Y", "Chen G", "Chen H", "Chen T", "Guo W", "Han M", "Huang D", "Li S", "Luo X", "Ning Q", "Song J", "Wang H", "Wang T", "Wu D", "Wu S", "Yu H", "Zhang M", "Zhang X", "Zhao J"], "date": "2020-03-27", "db": "PubMed", "db_id": "32217835", "db_name": "The Journal of clinical investigation", "first": "Chen G", "last": "Ning Q"}, "evidence": "Preliminary analysis of circulating immune cells subsets as shown in Table 3 demonstrated that absolute numbers of total T lymphocytes, CD4+T cells and CD8+T cells  were reduced below the lower limit of normal (LLN) in the vast majority of patients with either severe or moderate COVID-19, and they were reduced more profoundly in severe cases (294.0, 177.5 and 89.0 \u00d7 106/L) than in moderate cases (640.5, 381.5 and 254.0 \u00d7 106/L) (Figure 3A, 161 3B).", "line": 164, "relation": "negativeCorrelation"}
path(DO:"COVID-19")	negativeCorrelation	a(EFO:"CD8-Positive T-Lymphocytes")	{"annotations": {"Custom_Disease": {"COVID-19": true}, "MeSHAnatomy": {"Blood": true}, "PublicationStatus": {"Published": true}, "PublicationType": {"Case Report": true}, "Section": {"Results": true}, "Severity": {"Moderate": true, "Severe": true}, "Species": {"9606": true}}, "citation": {"authors": ["Cao Y", "Chen G", "Chen H", "Chen T", "Guo W", "Han M", "Huang D", "Li S", "Luo X", "Ning Q", "Song J", "Wang H", "Wang T", "Wu D", "Wu S", "Yu H", "Zhang M", "Zhang X", "Zhao J"], "date": "2020-03-27", "db": "PubMed", "db_id": "32217835", "db_name": "The Journal of clinical investigation", "first": "Chen G", "last": "Ning Q"}, "evidence": "The reduced expressions of interferon-\u03b3 (IFN-\u03b3) by CD4+T, CD8+T and NK cells below LLN were observed in some patients with severe (50%, 16.7% and 16.7%) or moderate COVID-19 (14.3%, 0% and 14.3%).", "line": 181, "relation": "negativeCorrelation"}
path(DO:"COVID-19")	positiveCorrelation	a(EFO:"B cell")	{"annotations": {"Custom_Disease": {"COVID-19": true}, "MeSHAnatomy": {"Blood": true}, "PublicationStatus": {"Published": true}, "PublicationType": {"Case Report": true}, "Section": {"Results": true}, "Severity": {"Severe": true}, "Species": {"9606": true}}, "citation": {"authors": ["Cao Y", "Chen G", "Chen H", "Chen T", "Guo W", "Han M", "Huang D", "Li S", "Luo X", "Ning Q", "Song J", "Wang H", "Wang T", "Wu D", "Wu S", "Yu H", "Zhang M", "Zhang X", "Zhao J"], "date": "2020-03-27", "db": "PubMed", "db_id": "32217835", "db_name": "The Journal of clinical investigation", "first": "Chen G", "last": "Ning Q"}, "evidence": "The proportion of B cells was significantly higher in severe cases (20.2%) than in moderate cases (10.8%).", "line": 168, "relation": "positiveCorrelation"}
path(DO:"COVID-19")	negativeCorrelation	a(EFO:"CD4-positive, CD25-positive, alpha-beta regulatory T cell")	{"annotations": {"Custom_Disease": {"COVID-19": true}, "MeSHAnatomy": {"Blood": true}, "PublicationStatus": {"Published": true}, "PublicationType": {"Case Report": true}, "Section": {"Results": true}, "Severity": {"Moderate": true, "Severe": true}, "Species": {"9606": true}}, "citation": {"authors": ["Cao Y", "Chen G", "Chen H", "Chen T", "Guo W", "Han M", "Huang D", "Li S", "Luo X", "Ning Q", "Song J", "Wang H", "Wang T", "Wu D", "Wu S", "Yu H", "Zhang M", "Zhang X", "Zhao J"], "date": "2020-03-27", "db": "PubMed", "db_id": "32217835", "db_name": "The Journal of clinical investigation", "first": "Chen G", "last": "Ning Q"}, "evidence": "Moreover, the frequencies of regulatory T cells (Tregs) (CD4+CD25+CD127low+) and CD45RA+Tregs were reduced (below LLN) in nearly all the severe and moderate cases, with CD45RA+Tregs proportion was markedly lower in severe cases (0.5%) than in moderate cases (1.1%).", "line": 173, "relation": "negativeCorrelation"}
path(DO:"COVID-19")	positiveCorrelation	path(DO:"CD45 deficiency")	{"annotations": {"Custom_Disease": {"COVID-19": true}, "MeSHAnatomy": {"Blood": true}, "PublicationStatus": {"Published": true}, "PublicationType": {"Case Report": true}, "Section": {"Results": true}, "Severity": {"Moderate": true, "Severe": true}, "Species": {"9606": true}}, "citation": {"authors": ["Cao Y", "Chen G", "Chen H", "Chen T", "Guo W", "Han M", "Huang D", "Li S", "Luo X", "Ning Q", "Song J", "Wang H", "Wang T", "Wu D", "Wu S", "Yu H", "Zhang M", "Zhang X", "Zhao J"], "date": "2020-03-27", "db": "PubMed", "db_id": "32217835", "db_name": "The Journal of clinical investigation", "first": "Chen G", "last": "Ning Q"}, "evidence": "Moreover, the frequencies of regulatory T cells (Tregs) (CD4+CD25+CD127low+) and CD45RA+Tregs were reduced (below LLN) in nearly all the severe and moderate cases, with CD45RA+Tregs proportion was markedly lower in severe cases (0.5%) than in moderate cases (1.1%).", "line": 174, "relation": "positiveCorrelation"}
path(DO:"COVID-19")	negativeCorrelation	p(HGNC:IFNG)	{"annotations": {"Custom_Disease": {"COVID-19": true}, "MeSHAnatomy": {"Blood": true}, "PublicationStatus": {"Published": true}, "PublicationType": {"Case Report": true}, "Section": {"Results": true}, "Severity": {"Moderate": true, "Severe": true}, "Species": {"9606": true}}, "citation": {"authors": ["Cao Y", "Chen G", "Chen H", "Chen T", "Guo W", "Han M", "Huang D", "Li S", "Luo X", "Ning Q", "Song J", "Wang H", "Wang T", "Wu D", "Wu S", "Yu H", "Zhang M", "Zhang X", "Zhao J"], "date": "2020-03-27", "db": "PubMed", "db_id": "32217835", "db_name": "The Journal of clinical investigation", "first": "Chen G", "last": "Ning Q"}, "evidence": "The reduced expressions of interferon-\u03b3 (IFN-\u03b3) by CD4+T, CD8+T and NK cells below LLN were observed in some patients with severe (50%, 16.7% and 16.7%) or moderate COVID-19 (14.3%, 0% and 14.3%).", "line": 178, "relation": "negativeCorrelation"}
path(DO:"COVID-19")	negativeCorrelation	a(MESH:"Natural Killer T-Cells")	{"annotations": {"Custom_Disease": {"COVID-19": true}, "MeSHAnatomy": {"Blood": true}, "PublicationStatus": {"Published": true}, "PublicationType": {"Case Report": true}, "Section": {"Results": true}, "Severity": {"Moderate": true, "Severe": true}, "Species": {"9606": true}}, "citation": {"authors": ["Cao Y", "Chen G", "Chen H", "Chen T", "Guo W", "Han M", "Huang D", "Li S", "Luo X", "Ning Q", "Song J", "Wang H", "Wang T", "Wu D", "Wu S", "Yu H", "Zhang M", "Zhang X", "Zhao J"], "date": "2020-03-27", "db": "PubMed", "db_id": "32217835", "db_name": "The Journal of clinical investigation", "first": "Chen G", "last": "Ning Q"}, "evidence": "The reduced expressions of interferon-\u03b3 (IFN-\u03b3) by CD4+T, CD8+T and NK cells below LLN were observed in some patients with severe (50%, 16.7% and 16.7%) or moderate COVID-19 (14.3%, 0% and 14.3%).", "line": 179, "relation": "negativeCorrelation"}
path(DO:"interstitial lung disease")	positiveCorrelation	path(DO:"COVID-19")	{"annotations": {"Custom_Disease": {"COVID-19": true}, "PublicationStatus": {"Published": true}, "PublicationType": {"Case Report": true}, "Section": {"Results": true}, "Severity": {"Severe": true}, "Species": {"9606": true}}, "citation": {"authors": ["Cao Y", "Chen G", "Chen H", "Chen T", "Guo W", "Han M", "Huang D", "Li S", "Luo X", "Ning Q", "Song J", "Wang H", "Wang T", "Wu D", "Wu S", "Yu H", "Zhang M", "Zhang X", "Zhao J"], "date": "2020-03-27", "db": "PubMed", "db_id": "32217835", "db_name": "The Journal of clinical investigation", "first": "Chen G", "last": "Ning Q"}, "evidence": "Interstitial lung abnormalities were observed in chest computed tomography (CT) scans of all patients on admission", "line": 140, "relation": "positiveCorrelation"}
path(HP:"Chest tightness")	positiveCorrelation	path(DO:"COVID-19")	{"annotations": {"Custom_Disease": {"COVID-19": true}, "PublicationStatus": {"Published": true}, "PublicationType": {"Case Report": true}, "Section": {"Results": true}, "Severity": {"Severe": true}, "Species": {"9606": true}}, "citation": {"authors": ["Cao Y", "Chen G", "Chen H", "Chen T", "Guo W", "Han M", "Huang D", "Li S", "Luo X", "Ning Q", "Song J", "Wang H", "Wang T", "Wu D", "Wu S", "Yu H", "Zhang M", "Zhang X", "Zhao J"], "date": "2020-03-27", "db": "PubMed", "db_id": "32217835", "db_name": "The Journal of clinical investigation", "first": "Chen G", "last": "Ning Q"}, "evidence": "Compared to moderate cases, chest tightness tended to be more common in severe cases. In addition, tachypnea and dyspnea were only developed in severe cases.", "line": 92, "relation": "positiveCorrelation"}
path(MESH:"Lymphocyte Count")	negativeCorrelation	path(DO:"COVID-19")	{"annotations": {"Custom_Disease": {"COVID-19": true}, "MeSHAnatomy": {"Blood": true}, "PublicationStatus": {"Published": true}, "PublicationType": {"Case Report": true}, "Section": {"Results": true}, "Severity": {"Severe": true}, "Species": {"9606": true}}, "citation": {"authors": ["Cao Y", "Chen G", "Chen H", "Chen T", "Guo W", "Han M", "Huang D", "Li S", "Luo X", "Ning Q", "Song J", "Wang H", "Wang T", "Wu D", "Wu S", "Yu H", "Zhang M", "Zhang X", "Zhao J"], "date": "2020-03-27", "db": "PubMed", "db_id": "32217835", "db_name": "The Journal of clinical investigation", "first": "Chen G", "last": "Ning Q"}, "evidence": "Both WBC  and neutrophil counts were significantly higher in severe cases than moderate cases. Whereas lymphocyte counts were significantly lower in severe cases (0.7 \u00d7 109/L) than moderate cases (1.1 \u00d7 109/L).", "line": 107, "relation": "negativeCorrelation"}
path(MESH:Cough)	positiveCorrelation	path(DO:"COVID-19")	{"annotations": {"Custom_Disease": {"COVID-19": true}, "PublicationStatus": {"Published": true}, "PublicationType": {"Case Report": true}, "Section": {"Results": true}, "Severity": {"Mild": true}, "Species": {"9606": true}}, "citation": {"authors": ["Cao Y", "Chen G", "Chen H", "Chen T", "Guo W", "Han M", "Huang D", "Li S", "Luo X", "Ning Q", "Song J", "Wang H", "Wang T", "Wu D", "Wu S", "Yu H", "Zhang M", "Zhang X", "Zhao J"], "date": "2020-03-27", "db": "PubMed", "db_id": "32217835", "db_name": "The Journal of clinical investigation", "first": "Chen G", "last": "Ning Q"}, "evidence": "the most common clinical manifestations at onset of illness include fever, cough, fatigue and myalgia", "line": 85, "relation": "positiveCorrelation"}
path(MESH:Dyspnea)	positiveCorrelation	path(DO:"COVID-19")	{"annotations": {"Custom_Disease": {"COVID-19": true}, "PublicationStatus": {"Published": true}, "PublicationType": {"Case Report": true}, "Section": {"Results": true}, "Severity": {"Severe": true}, "Species": {"9606": true}}, "citation": {"authors": ["Cao Y", "Chen G", "Chen H", "Chen T", "Guo W", "Han M", "Huang D", "Li S", "Luo X", "Ning Q", "Song J", "Wang H", "Wang T", "Wu D", "Wu S", "Yu H", "Zhang M", "Zhang X", "Zhao J"], "date": "2020-03-27", "db": "PubMed", "db_id": "32217835", "db_name": "The Journal of clinical investigation", "first": "Chen G", "last": "Ning Q"}, "evidence": "Compared to moderate cases, chest tightness tended to be more common in severe cases. In addition, tachypnea and dyspnea were only developed in severe cases.", "line": 94, "relation": "positiveCorrelation"}
path(MESH:Fatigue)	positiveCorrelation	path(DO:"COVID-19")	{"annotations": {"Custom_Disease": {"COVID-19": true}, "PublicationStatus": {"Published": true}, "PublicationType": {"Case Report": true}, "Section": {"Results": true}, "Severity": {"Mild": true}, "Species": {"9606": true}}, "citation": {"authors": ["Cao Y", "Chen G", "Chen H", "Chen T", "Guo W", "Han M", "Huang D", "Li S", "Luo X", "Ning Q", "Song J", "Wang H", "Wang T", "Wu D", "Wu S", "Yu H", "Zhang M", "Zhang X", "Zhao J"], "date": "2020-03-27", "db": "PubMed", "db_id": "32217835", "db_name": "The Journal of clinical investigation", "first": "Chen G", "last": "Ning Q"}, "evidence": "the most common clinical manifestations at onset of illness include fever, cough, fatigue and myalgia", "line": 86, "relation": "positiveCorrelation"}
path(MESH:Fever)	positiveCorrelation	path(DO:"COVID-19")	{"annotations": {"Custom_Disease": {"COVID-19": true}, "PublicationStatus": {"Published": true}, "PublicationType": {"Case Report": true}, "Section": {"Results": true}, "Severity": {"Mild": true}, "Species": {"9606": true}}, "citation": {"authors": ["Cao Y", "Chen G", "Chen H", "Chen T", "Guo W", "Han M", "Huang D", "Li S", "Luo X", "Ning Q", "Song J", "Wang H", "Wang T", "Wu D", "Wu S", "Yu H", "Zhang M", "Zhang X", "Zhao J"], "date": "2020-03-27", "db": "PubMed", "db_id": "32217835", "db_name": "The Journal of clinical investigation", "first": "Chen G", "last": "Ning Q"}, "evidence": "the most common clinical manifestations at onset of illness include fever, cough, fatigue and myalgia", "line": 84, "relation": "positiveCorrelation"}
path(MESH:Hypoalbuminemia)	positiveCorrelation	path(DO:"COVID-19")	{"annotations": {"Custom_Disease": {"COVID-19": true}, "MeSHAnatomy": {"Blood": true}, "PublicationStatus": {"Published": true}, "PublicationType": {"Case Report": true}, "Section": {"Results": true}, "Severity": {"Severe": true}, "Species": {"9606": true}}, "citation": {"authors": ["Cao Y", "Chen G", "Chen H", "Chen T", "Guo W", "Han M", "Huang D", "Li S", "Luo X", "Ning Q", "Song J", "Wang H", "Wang T", "Wu D", "Wu S", "Yu H", "Zhang M", "Zhang X", "Zhao J"], "date": "2020-03-27", "db": "PubMed", "db_id": "32217835", "db_name": "The Journal of clinical investigation", "first": "Chen G", "last": "Ning Q"}, "evidence": "Albumin concentrations were significantly lower in severe cases than moderate cases, and hypoalbuminemia (albumin<32g/L) was more frequent in severe cases (Table 2).", "line": 119, "relation": "positiveCorrelation"}
path(MESH:Inflammation)	positiveCorrelation	path(DO:"COVID-19")	{"annotations": {"Custom_Disease": {"COVID-19": true}, "PublicationStatus": {"Published": true}, "PublicationType": {"Case Report": true}, "Section": {"Results": true}, "Severity": {"Severe": true}, "Species": {"9606": true}}, "citation": {"authors": ["Cao Y", "Chen G", "Chen H", "Chen T", "Guo W", "Han M", "Huang D", "Li S", "Luo X", "Ning Q", "Song J", "Wang H", "Wang T", "Wu D", "Wu S", "Yu H", "Zhang M", "Zhang X", "Zhao J"], "date": "2020-03-27", "db": "PubMed", "db_id": "32217835", "db_name": "The Journal of clinical investigation", "first": "Chen G", "last": "Ning Q"}, "evidence": "These results suggest an increased level of systemic inflammation in severe cases.", "line": 136, "relation": "positiveCorrelation"}
path(MESH:Myalgia)	positiveCorrelation	path(DO:"COVID-19")	{"annotations": {"Custom_Disease": {"COVID-19": true}, "PublicationStatus": {"Published": true}, "PublicationType": {"Case Report": true}, "Section": {"Results": true}, "Severity": {"Mild": true}, "Species": {"9606": true}}, "citation": {"authors": ["Cao Y", "Chen G", "Chen H", "Chen T", "Guo W", "Han M", "Huang D", "Li S", "Luo X", "Ning Q", "Song J", "Wang H", "Wang T", "Wu D", "Wu S", "Yu H", "Zhang M", "Zhang X", "Zhao J"], "date": "2020-03-27", "db": "PubMed", "db_id": "32217835", "db_name": "The Journal of clinical investigation", "first": "Chen G", "last": "Ning Q"}, "evidence": "the most common clinical manifestations at onset of illness include fever, cough, fatigue and myalgia", "line": 87, "relation": "positiveCorrelation"}
path(MESH:Tachypnea)	positiveCorrelation	path(DO:"COVID-19")	{"annotations": {"Custom_Disease": {"COVID-19": true}, "PublicationStatus": {"Published": true}, "PublicationType": {"Case Report": true}, "Section": {"Results": true}, "Severity": {"Severe": true}, "Species": {"9606": true}}, "citation": {"authors": ["Cao Y", "Chen G", "Chen H", "Chen T", "Guo W", "Han M", "Huang D", "Li S", "Luo X", "Ning Q", "Song J", "Wang H", "Wang T", "Wu D", "Wu S", "Yu H", "Zhang M", "Zhang X", "Zhao J"], "date": "2020-03-27", "db": "PubMed", "db_id": "32217835", "db_name": "The Journal of clinical investigation", "first": "Chen G", "last": "Ning Q"}, "evidence": "Compared to moderate cases, chest tightness tended to be more common in severe cases. In addition, tachypnea and dyspnea were only developed in severe cases.", "line": 93, "relation": "positiveCorrelation"}
