deg(a(CHEBI:Fibrin))	positiveCorrelation	path(HP:Hyperfibrinolysis)	{"annotations": {"Custom_Disease": {"COVID-19": true}, "PublicationStatus": {"Published": true}, "PublicationType": {"Review": true}, "Section": {"Results": true}, "Severity": {"Severe": true}, "Species": {"9606": true}}, "citation": {"authors": ["Ji HL", "Matalon S", "Matthay MA", "Zhao R"], "date": "2020-07-01", "db": "PubMed", "db_id": "32216698", "db_name": "Physiological reviews", "first": "Ji HL", "last": "Matthay MA", "pages": "1065-1075", "volume": "100"}, "evidence": "The existence of significantly increased fibrin-degraded products and reduced platelets in severe COVID-19 patients is consistent with the presence of hyper-fibrinolysis.", "line": 89, "relation": "positiveCorrelation", "subject": {"modifier": "Degradation"}}
deg(a(CHEBI:Fibrin))	positiveCorrelation	path(MESH:Hemorrhage)	{"annotations": {"Custom_Disease": {"COVID-19": true}, "PublicationStatus": {"Published": true}, "PublicationType": {"Review": true}, "Section": {"Results": true}, "Severity": {"Severe": true}, "Species": {"9606": true}}, "citation": {"authors": ["Ji HL", "Matalon S", "Matthay MA", "Zhao R"], "date": "2020-07-01", "db": "PubMed", "db_id": "32216698", "db_name": "Physiological reviews", "first": "Ji HL", "last": "Matthay MA", "pages": "1065-1075", "volume": "100"}, "evidence": "This opinion is supported by the presence of hemorrhage in multiple organs and a positive correlation between fibrinolysis and mortality.", "line": 96, "relation": "positiveCorrelation", "subject": {"modifier": "Degradation"}}
deg(a(CHEBI:Fibrin))	increases	path(EFO:pathogenicity)	{"annotations": {"Custom_Disease": {"COVID-19": true}, "PublicationStatus": {"Published": true}, "PublicationType": {"Review": true}, "Section": {"Results": true}, "Species": {"9606": true}}, "citation": {"authors": ["Ji HL", "Matalon S", "Matthay MA", "Zhao R"], "date": "2020-07-01", "db": "PubMed", "db_id": "32216698", "db_name": "Physiological reviews", "first": "Ji HL", "last": "Matthay MA", "pages": "1065-1075", "volume": "100"}, "evidence": "Plasmin, a key player in fibrinolysis, enhances the virulence and pathogenicity of viruses containing a furin site in their envelope proteins, as is the case with the SARS-CoV-2.", "line": 105, "relation": "increases", "subject": {"modifier": "Degradation"}}
deg(a(CHEBI:Fibrin))	positiveCorrelation	path(EFO:pathogenicity)	{"annotations": {"Custom_Disease": {"COVID-19": true}, "PublicationStatus": {"Published": true}, "PublicationType": {"Review": true}, "Section": {"Results": true}, "Severity": {"Severe": true}, "Species": {"9606": true}}, "citation": {"authors": ["Ji HL", "Matalon S", "Matthay MA", "Zhao R"], "date": "2020-07-01", "db": "PubMed", "db_id": "32216698", "db_name": "Physiological reviews", "first": "Ji HL", "last": "Matthay MA", "pages": "1065-1075", "volume": "100"}, "evidence": "Elevated fibrin degradation products and D-dimers were detected predominantly in patients with severe disease (11, 24, 31, 43, 91 45, 79, 85)", "line": 125, "relation": "positiveCorrelation", "subject": {"modifier": "Degradation"}}
deg(a(CHEBI:Fibrin))	increases	path(MESH:Virulence)	{"annotations": {"Custom_Disease": {"COVID-19": true}, "PublicationStatus": {"Published": true}, "PublicationType": {"Review": true}, "Section": {"Results": true}, "Species": {"9606": true}}, "citation": {"authors": ["Ji HL", "Matalon S", "Matthay MA", "Zhao R"], "date": "2020-07-01", "db": "PubMed", "db_id": "32216698", "db_name": "Physiological reviews", "first": "Ji HL", "last": "Matthay MA", "pages": "1065-1075", "volume": "100"}, "evidence": "Plasmin, a key player in fibrinolysis, enhances the virulence and pathogenicity of viruses containing a furin site in their envelope proteins, as is the case with the SARS-CoV-2.", "line": 106, "relation": "increases", "subject": {"modifier": "Degradation"}}
a(CHEBI:Plasmin)	increases	p(COVID:S, frag("?"))	{"annotations": {"Custom_Disease": {"COVID-19": true}, "PublicationStatus": {"Published": true}, "PublicationType": {"Review": true}, "Section": {"Results": true}, "Severity": {"Severe": true}, "Species": {"9606": true}}, "citation": {"authors": ["Ji HL", "Matalon S", "Matthay MA", "Zhao R"], "date": "2020-07-01", "db": "PubMed", "db_id": "32216698", "db_name": "Physiological reviews", "first": "Ji HL", "last": "Matthay MA", "pages": "1065-1075", "volume": "100"}, "evidence": "The S protein of coronaviruses may be cleaved by plasmin, trypsin, cathepsins, elastase and TMPRSSs; cleavage of S protein may mediate enhancement of virus entry, into bronchial epithelial cells (37)", "line": 175, "relation": "increases"}
a(CHEBI:Plasmin)	biomarkerFor	path(DO:"COVID-19")	{"annotations": {"Custom_Disease": {"COVID-19": true}, "PublicationStatus": {"Published": true}, "PublicationType": {"Review": true}, "Section": {"Results": true}, "Species": {"9606": true}}, "citation": {"authors": ["Ji HL", "Matalon S", "Matthay MA", "Zhao R"], "date": "2020-07-01", "db": "PubMed", "db_id": "32216698", "db_name": "Physiological reviews", "first": "Ji HL", "last": "Matthay MA", "pages": "1065-1075", "volume": "100"}, "evidence": "Measurements of plasmin(ogen) levels and its enzymatic activity may be important biomarkers of disease severity in addition to resultant D-dimer.", "line": 249, "relation": "biomarkerFor"}
a(CHEBI:Trypsin)	increases	p(COVID:S, frag("?"))	{"annotations": {"Custom_Disease": {"COVID-19": true}, "PublicationStatus": {"Published": true}, "PublicationType": {"Review": true}, "Section": {"Results": true}, "Severity": {"Severe": true}, "Species": {"9606": true}}, "citation": {"authors": ["Ji HL", "Matalon S", "Matthay MA", "Zhao R"], "date": "2020-07-01", "db": "PubMed", "db_id": "32216698", "db_name": "Physiological reviews", "first": "Ji HL", "last": "Matthay MA", "pages": "1065-1075", "volume": "100"}, "evidence": "The S protein of coronaviruses may be cleaved by plasmin, trypsin, cathepsins, elastase and TMPRSSs; cleavage of S protein may mediate enhancement of virus entry, into bronchial epithelial cells (37)", "line": 176, "relation": "increases"}
a(MESH:"Age of Onset")	positiveCorrelation	path(MESH:Mortality)	{"annotations": {"Custom_Disease": {"COVID-19": true}, "PublicationStatus": {"Published": true}, "PublicationType": {"Review": true}, "Section": {"Results": true}, "Severity": {"Severe": true}, "Species": {"9606": true}}, "citation": {"authors": ["Ji HL", "Matalon S", "Matthay MA", "Zhao R"], "date": "2020-07-01", "db": "PubMed", "db_id": "32216698", "db_name": "Physiological reviews", "first": "Ji HL", "last": "Matthay MA", "pages": "1065-1075", "volume": "100"}, "evidence": "Multivariate regression further suggests that age and D-dimer levels (>1 mg/L) are two 92 independent risk factors for mortality (89, 101).", "line": 132, "relation": "positiveCorrelation"}
a(MESH:"Alveolar Epithelial Cells")	negativeCorrelation	path(EFO:pathogenicity)	{"annotations": {"Custom_Disease": {"COVID-19": true}, "Disease_Stage": {"Late": true}, "PublicationStatus": {"Published": true}, "PublicationType": {"Review": true}, "Section": {"Results": true}, "Severity": {"Severe": true}, "Species": {"9606": true}}, "citation": {"authors": ["Ji HL", "Matalon S", "Matthay MA", "Zhao R"], "date": "2020-07-01", "db": "PubMed", "db_id": "32216698", "db_name": "Physiological reviews", "first": "Ji HL", "last": "Matthay MA", "pages": "1065-1075", "volume": "100"}, "evidence": "At the later stages, diffuse alveolar damage (DAD) is observed in addition to hemorrhage and some areas of interstitial fibrosis (48).", "line": 151, "relation": "negativeCorrelation"}
a(MESH:"Giant Cells")	positiveCorrelation	path(EFO:pathogenicity)	{"annotations": {"Custom_Disease": {"COVID-19": true}, "Disease_Stage": {"Early": true}, "MeSHAnatomy": {"Alveolar Epithelial Cells": true}, "PublicationStatus": {"Published": true}, "PublicationType": {"Review": true}, "Section": {"Results": true}, "Severity": {"Severe": true}, "Species": {"9606": true}}, "citation": {"authors": ["Ji HL", "Matalon S", "Matthay MA", "Zhao R"], "date": "2020-07-01", "db": "PubMed", "db_id": "32216698", "db_name": "Physiological reviews", "first": "Ji HL", "last": "Matthay MA", "pages": "1065-1075", "volume": "100"}, "evidence": "In the early stages of infection, puncture lung biopsies reveal the presence of pneumonia, edema, proteinaceous exudate with globules and focal hyperplasia of alveolar epithelial cells associated with patchy inflammatory infiltrates, and multinucleated giant cells (81).", "line": 144, "relation": "positiveCorrelation"}
a(MESH:"TMPRSS2 protein, human")	increases	p(COVID:S, frag("?"))	{"annotations": {"Custom_Disease": {"COVID-19": true}, "PublicationStatus": {"Published": true}, "PublicationType": {"Review": true}, "Section": {"Results": true}, "Severity": {"Severe": true}, "Species": {"9606": true}}, "citation": {"authors": ["Ji HL", "Matalon S", "Matthay MA", "Zhao R"], "date": "2020-07-01", "db": "PubMed", "db_id": "32216698", "db_name": "Physiological reviews", "first": "Ji HL", "last": "Matthay MA", "pages": "1065-1075", "volume": "100"}, "evidence": "The S protein of coronaviruses may be cleaved by plasmin, trypsin, cathepsins, elastase and TMPRSSs; cleavage of S protein may mediate enhancement of virus entry, into bronchial epithelial cells (37)", "line": 179, "relation": "increases"}
a(MESH:"TMPRSS2 protein, human")	decreases	bp(GO:"viral genome replication")	{"annotations": {"Custom_Disease": {"COVID-19": true}, "PublicationStatus": {"Published": true}, "PublicationType": {"Review": true}, "Section": {"Results": true}, "Species": {"9606": true}}, "citation": {"authors": ["Ji HL", "Matalon S", "Matthay MA", "Zhao R"], "date": "2020-07-01", "db": "PubMed", "db_id": "32216698", "db_name": "Physiological reviews", "first": "Ji HL", "last": "Matthay MA", "pages": "1065-1075", "volume": "100"}, "evidence": "As demonstrated in vitro, TMPRSS2, a serine protease inhibitor blocks SARS-CoV-2 S protein-driven entry into cells (30).", "line": 254, "relation": "decreases"}
a(MESH:Cathepsins)	increases	p(COVID:S, frag("?"))	{"annotations": {"Custom_Disease": {"COVID-19": true}, "PublicationStatus": {"Published": true}, "PublicationType": {"Review": true}, "Section": {"Results": true}, "Severity": {"Severe": true}, "Species": {"9606": true}}, "citation": {"authors": ["Ji HL", "Matalon S", "Matthay MA", "Zhao R"], "date": "2020-07-01", "db": "PubMed", "db_id": "32216698", "db_name": "Physiological reviews", "first": "Ji HL", "last": "Matthay MA", "pages": "1065-1075", "volume": "100"}, "evidence": "The S protein of coronaviruses may be cleaved by plasmin, trypsin, cathepsins, elastase and TMPRSSs; cleavage of S protein may mediate enhancement of virus entry, into bronchial epithelial cells (37)", "line": 177, "relation": "increases"}
a(MESH:Furin)	increases	p(COVID:S, frag("?"))	{"annotations": {"Custom_Disease": {"COVID-19": true}, "PublicationStatus": {"Published": true}, "PublicationType": {"Review": true}, "Section": {"Results": true}, "Severity": {"Severe": true}, "Species": {"9606": true}}, "citation": {"authors": ["Ji HL", "Matalon S", "Matthay MA", "Zhao R"], "date": "2020-07-01", "db": "PubMed", "db_id": "32216698", "db_name": "Physiological reviews", "first": "Ji HL", "last": "Matthay MA", "pages": "1065-1075", "volume": "100"}, "evidence": "Similarly, the S protein of SARS-CoV-2 harbors a furin cleavage site at the S1/S2 boundary. The almost ubiquitous and diverse expression of furin-like proteases could lead to increasing SARS-CoV-2 cell and tissue tropism and transmissibility, and enhance its pathogenicity (84).", "line": 190, "relation": "increases"}
a(MESH:Furin)	increases	p(COVID:S, frag("?"))	{"annotations": {"Custom_Disease": {"COVID-19": true}, "PublicationStatus": {"Published": true}, "PublicationType": {"Review": true}, "Section": {"Results": true}, "Severity": {"Severe": true}, "Species": {"9606": true}}, "citation": {"authors": ["Ji HL", "Matalon S", "Matthay MA", "Zhao R"], "date": "2020-07-01", "db": "PubMed", "db_id": "32216698", "db_name": "Physiological reviews", "first": "Ji HL", "last": "Matthay MA", "pages": "1065-1075", "volume": "100"}, "evidence": "The S proteins bind to ACE2 receptors after being cleaved by furin- like proteases. The RNA-dependent RNA polymerase (RdRp) is responsible for replicating SARS-CoV-2 RNA genome", "line": 197, "relation": "increases"}
deg(a(MESH:proelastase))	increases	p(COVID:S, frag("?"))	{"annotations": {"Custom_Disease": {"COVID-19": true}, "PublicationStatus": {"Published": true}, "PublicationType": {"Review": true}, "Section": {"Results": true}, "Severity": {"Severe": true}, "Species": {"9606": true}}, "citation": {"authors": ["Ji HL", "Matalon S", "Matthay MA", "Zhao R"], "date": "2020-07-01", "db": "PubMed", "db_id": "32216698", "db_name": "Physiological reviews", "first": "Ji HL", "last": "Matthay MA", "pages": "1065-1075", "volume": "100"}, "evidence": "The S protein of coronaviruses may be cleaved by plasmin, trypsin, cathepsins, elastase and TMPRSSs; cleavage of S protein may mediate enhancement of virus entry, into bronchial epithelial cells (37)", "line": 178, "relation": "increases", "subject": {"modifier": "Degradation"}}
bp(EFO:"D dimer measurement")	positiveCorrelation	path(EFO:pathogenicity)	{"annotations": {"Custom_Disease": {"COVID-19": true}, "PublicationStatus": {"Published": true}, "PublicationType": {"Review": true}, "Section": {"Results": true}, "Severity": {"Severe": true}, "Species": {"9606": true}}, "citation": {"authors": ["Ji HL", "Matalon S", "Matthay MA", "Zhao R"], "date": "2020-07-01", "db": "PubMed", "db_id": "32216698", "db_name": "Physiological reviews", "first": "Ji HL", "last": "Matthay MA", "pages": "1065-1075", "volume": "100"}, "evidence": "Elevated fibrin degradation products and D-dimers were detected predominantly in patients with severe disease (11, 24, 31, 43, 91 45, 79, 85)", "line": 126, "relation": "positiveCorrelation"}
bp(EFO:"D dimer measurement")	positiveCorrelation	path(MESH:Mortality)	{"annotations": {"Custom_Disease": {"COVID-19": true}, "PublicationStatus": {"Published": true}, "PublicationType": {"Review": true}, "Section": {"Results": true}, "Severity": {"Severe": true}, "Species": {"9606": true}}, "citation": {"authors": ["Ji HL", "Matalon S", "Matthay MA", "Zhao R"], "date": "2020-07-01", "db": "PubMed", "db_id": "32216698", "db_name": "Physiological reviews", "first": "Ji HL", "last": "Matthay MA", "pages": "1065-1075", "volume": "100"}, "evidence": "Multivariate regression further suggests that age and D-dimer levels (>1 mg/L) are two 92 independent risk factors for mortality (89, 101).", "line": 131, "relation": "positiveCorrelation"}
bp(EFO:"D dimer measurement")	biomarkerFor	path(DO:"COVID-19")	{"annotations": {"Custom_Disease": {"COVID-19": true}, "PublicationStatus": {"Published": true}, "PublicationType": {"Review": true}, "Section": {"Results": true}, "Species": {"9606": true}}, "citation": {"authors": ["Ji HL", "Matalon S", "Matthay MA", "Zhao R"], "date": "2020-07-01", "db": "PubMed", "db_id": "32216698", "db_name": "Physiological reviews", "first": "Ji HL", "last": "Matthay MA", "pages": "1065-1075", "volume": "100"}, "evidence": "Measurements of plasmin(ogen) levels and its enzymatic activity may be important biomarkers of disease severity in addition to resultant D-dimer.", "line": 248, "relation": "biomarkerFor"}
bp(MESH:"Blood Coagulation")	positiveCorrelation	path(MESH:Mortality)	{"annotations": {"Custom_Disease": {"COVID-19": true}, "PublicationStatus": {"Published": true}, "PublicationType": {"Review": true}, "Section": {"Results": true}, "Species": {"9606": true}}, "citation": {"authors": ["Ji HL", "Matalon S", "Matthay MA", "Zhao R"], "date": "2020-07-01", "db": "PubMed", "db_id": "32216698", "db_name": "Physiological reviews", "first": "Ji HL", "last": "Matthay MA", "pages": "1065-1075", "volume": "100"}, "evidence": "71.4% of non-survivors meet the criteria of the International Society on Thrombosis and Haemostasis (ISTH) for disseminated intravascular coagulation (DIC), suggesting the coexistence of coagulation activation and hyper-fibrinolysis in patients with severe COVID-19 infection (78, 85).", "line": 241, "relation": "positiveCorrelation"}
bp(MESH:"Platelet Count")	negativeCorrelation	path(HP:Hyperfibrinolysis)	{"annotations": {"Custom_Disease": {"COVID-19": true}, "PublicationStatus": {"Published": true}, "PublicationType": {"Review": true}, "Section": {"Results": true}, "Severity": {"Severe": true}, "Species": {"9606": true}}, "citation": {"authors": ["Ji HL", "Matalon S", "Matthay MA", "Zhao R"], "date": "2020-07-01", "db": "PubMed", "db_id": "32216698", "db_name": "Physiological reviews", "first": "Ji HL", "last": "Matthay MA", "pages": "1065-1075", "volume": "100"}, "evidence": "The existence of significantly increased fibrin-degraded products and reduced platelets in severe COVID-19 patients is consistent with the presence of hyper-fibrinolysis.", "line": 90, "relation": "negativeCorrelation"}
bp(MESH:"Platelet Count")	negativeCorrelation	path(MESH:Mortality)	{"annotations": {"Custom_Disease": {"COVID-19": true}, "PublicationStatus": {"Published": true}, "PublicationType": {"Review": true}, "Section": {"Results": true}, "Severity": {"Severe": true}, "Species": {"9606": true}}, "citation": {"authors": ["Ji HL", "Matalon S", "Matthay MA", "Zhao R"], "date": "2020-07-01", "db": "PubMed", "db_id": "32216698", "db_name": "Physiological reviews", "first": "Ji HL", "last": "Matthay MA", "pages": "1065-1075", "volume": "100"}, "evidence": "Platelet counts were decreased significantly in severe and dead patients (79, 97, 101)", "line": 231, "relation": "negativeCorrelation"}
bp(MESH:"Prothrombin Time")	positiveCorrelation	path(MESH:Mortality)	{"annotations": {"Custom_Disease": {"COVID-19": true}, "PublicationStatus": {"Published": true}, "PublicationType": {"Review": true}, "Section": {"Results": true}, "Species": {"9606": true}}, "citation": {"authors": ["Ji HL", "Matalon S", "Matthay MA", "Zhao R"], "date": "2020-07-01", "db": "PubMed", "db_id": "32216698", "db_name": "Physiological reviews", "first": "Ji HL", "last": "Matthay MA", "pages": "1065-1075", "volume": "100"}, "evidence": "This is accompanied by a prolonged prothrombin time particularly in non-- survivors (31, 79, 97, 101).", "line": 225, "relation": "positiveCorrelation"}
complex(p(COVID:S), p(HGNC:ACE2))	association	path(EFO:pathogenicity)	{"annotations": {"Custom_Disease": {"COVID-19": true}, "PublicationStatus": {"Published": true}, "PublicationType": {"Review": true}, "Section": {"Results": true}, "Severity": {"Severe": true}, "Species": {"9606": true}}, "citation": {"authors": ["Ji HL", "Matalon S", "Matthay MA", "Zhao R"], "date": "2020-07-01", "db": "PubMed", "db_id": "32216698", "db_name": "Physiological reviews", "first": "Ji HL", "last": "Matthay MA", "pages": "1065-1075", "volume": "100"}, "evidence": "The S protein of SARS-CoV-2 bind to human ACE2 receptors with higher affinity than that of the SARS-CoV virus (88).", "line": 169, "relation": "association"}
p(COVID:S)	partOf	complex(p(COVID:S), p(HGNC:ACE2))	{"relation": "partOf"}
p(COVID:S)	hasVariant	p(COVID:S, frag("?"))	{"relation": "hasVariant"}
p(HGNC:ACE2)	partOf	complex(p(COVID:S), p(HGNC:ACE2))	{"relation": "partOf"}
p(HGNC:ACE2)	partOf	complex(p(COVID:S, frag("?")), p(HGNC:ACE2))	{"relation": "partOf"}
p(COVID:S, frag("?"))	partOf	complex(p(COVID:S, frag("?")), p(HGNC:ACE2))	{"relation": "partOf"}
p(COVID:S, frag("?"))	increases	complex(p(COVID:S, frag("?")), p(HGNC:ACE2))	{"annotations": {"Custom_Disease": {"COVID-19": true}, "PublicationStatus": {"Published": true}, "PublicationType": {"Review": true}, "Section": {"Results": true}, "Severity": {"Severe": true}, "Species": {"9606": true}}, "citation": {"authors": ["Ji HL", "Matalon S", "Matthay MA", "Zhao R"], "date": "2020-07-01", "db": "PubMed", "db_id": "32216698", "db_name": "Physiological reviews", "first": "Ji HL", "last": "Matthay MA", "pages": "1065-1075", "volume": "100"}, "evidence": "The S proteins bind to ACE2 receptors after being cleaved by furin- like proteases. The RNA-dependent RNA polymerase (RdRp) is responsible for replicating SARS-CoV-2 RNA genome", "line": 198, "relation": "increases"}
p(COVID:S, frag("?"))	increases	path(EFO:pathogenicity)	{"annotations": {"Custom_Disease": {"COVID-19": true}, "MeSHAnatomy": {"Alveolar Epithelial Cells": true}, "PublicationStatus": {"Published": true}, "PublicationType": {"Review": true}, "Section": {"Results": true}, "Severity": {"Severe": true}, "Species": {"9606": true}}, "citation": {"authors": ["Ji HL", "Matalon S", "Matthay MA", "Zhao R"], "date": "2020-07-01", "db": "PubMed", "db_id": "32216698", "db_name": "Physiological reviews", "first": "Ji HL", "last": "Matthay MA", "pages": "1065-1075", "volume": "100"}, "evidence": "The S protein of coronaviruses may be cleaved by plasmin, trypsin, cathepsins, elastase and TMPRSSs; cleavage of S protein may mediate enhancement of virus entry, into bronchial epithelial cells (37)", "line": 181, "relation": "increases"}
p(COVID:S, frag("?"))	increases	path(EFO:pathogenicity)	{"annotations": {"Custom_Disease": {"COVID-19": true}, "PublicationStatus": {"Published": true}, "PublicationType": {"Review": true}, "Section": {"Results": true}, "Severity": {"Severe": true}, "Species": {"9606": true}}, "citation": {"authors": ["Ji HL", "Matalon S", "Matthay MA", "Zhao R"], "date": "2020-07-01", "db": "PubMed", "db_id": "32216698", "db_name": "Physiological reviews", "first": "Ji HL", "last": "Matthay MA", "pages": "1065-1075", "volume": "100"}, "evidence": "Similarly, the S protein of SARS-CoV-2 harbors a furin cleavage site at the S1/S2 boundary. The almost ubiquitous and diverse expression of furin-like proteases could lead to increasing SARS-CoV-2 cell and tissue tropism and transmissibility, and enhance its pathogenicity (84).", "line": 191, "relation": "increases"}
p(COVID:ORF1ab)	increases	bp(GO:"viral genome replication")	{"annotations": {"Custom_Disease": {"COVID-19": true}, "PublicationStatus": {"Published": true}, "PublicationType": {"Review": true}, "Section": {"Results": true}, "Severity": {"Severe": true}, "Species": {"9606": true}}, "citation": {"authors": ["Ji HL", "Matalon S", "Matthay MA", "Zhao R"], "date": "2020-07-01", "db": "PubMed", "db_id": "32216698", "db_name": "Physiological reviews", "first": "Ji HL", "last": "Matthay MA", "pages": "1065-1075", "volume": "100"}, "evidence": "The S proteins bind to ACE2 receptors after being cleaved by furin- like proteases. The RNA-dependent RNA polymerase (RdRp) is responsible for replicating SARS-CoV-2 RNA genome", "line": 199, "relation": "increases"}
act(p(HGNC:PLG))	increases	deg(a(CHEBI:Fibrin))	{"annotations": {"Custom_Disease": {"COVID-19": true}, "PublicationStatus": {"Published": true}, "PublicationType": {"Review": true}, "Section": {"Results": true}, "Species": {"9606": true}}, "citation": {"authors": ["Ji HL", "Matalon S", "Matthay MA", "Zhao R"], "date": "2020-07-01", "db": "PubMed", "db_id": "32216698", "db_name": "Physiological reviews", "first": "Ji HL", "last": "Matthay MA", "pages": "1065-1075", "volume": "100"}, "evidence": "Plasmin, a key player in fibrinolysis, enhances the virulence and pathogenicity of viruses containing a furin site in their envelope proteins, as is the case with the SARS-CoV-2.", "line": 104, "object": {"modifier": "Degradation"}, "relation": "increases", "subject": {"modifier": "Activity"}}
path(DO:"COVID-19")	positiveCorrelation	path(MESH:"Lung Injury")	{"annotations": {"Custom_Disease": {"COVID-19": true}, "PublicationStatus": {"Published": true}, "PublicationType": {"Review": true}, "Section": {"Results": true}, "Severity": {"Severe": true}, "Species": {"9606": true}}, "citation": {"authors": ["Ji HL", "Matalon S", "Matthay MA", "Zhao R"], "date": "2020-07-01", "db": "PubMed", "db_id": "32216698", "db_name": "Physiological reviews", "first": "Ji HL", "last": "Matthay MA", "pages": "1065-1075", "volume": "100"}, "evidence": "Consistent with clinical observations, the lungs are the most injured organs, followed by moderate injury in the heart, liver, kidney, and brain.", "line": 160, "relation": "positiveCorrelation"}
path(DO:"COVID-19")	positiveCorrelation	path(MESH:"Heart Injuries")	{"annotations": {"Custom_Disease": {"COVID-19": true}, "PublicationStatus": {"Published": true}, "PublicationType": {"Review": true}, "Section": {"Results": true}, "Severity": {"Severe": true}, "Species": {"9606": true}}, "citation": {"authors": ["Ji HL", "Matalon S", "Matthay MA", "Zhao R"], "date": "2020-07-01", "db": "PubMed", "db_id": "32216698", "db_name": "Physiological reviews", "first": "Ji HL", "last": "Matthay MA", "pages": "1065-1075", "volume": "100"}, "evidence": "Consistent with clinical observations, the lungs are the most injured organs, followed by moderate injury in the heart, liver, kidney, and brain.", "line": 161, "relation": "positiveCorrelation"}
path(DO:"COVID-19")	positiveCorrelation	path(MESH:"Acute Kidney Injury")	{"annotations": {"Custom_Disease": {"COVID-19": true}, "PublicationStatus": {"Published": true}, "PublicationType": {"Review": true}, "Section": {"Results": true}, "Severity": {"Severe": true}, "Species": {"9606": true}}, "citation": {"authors": ["Ji HL", "Matalon S", "Matthay MA", "Zhao R"], "date": "2020-07-01", "db": "PubMed", "db_id": "32216698", "db_name": "Physiological reviews", "first": "Ji HL", "last": "Matthay MA", "pages": "1065-1075", "volume": "100"}, "evidence": "Consistent with clinical observations, the lungs are the most injured organs, followed by moderate injury in the heart, liver, kidney, and brain.", "line": 162, "relation": "positiveCorrelation"}
path(DO:"COVID-19")	positiveCorrelation	path(MESH:"Brain Injuries")	{"annotations": {"Custom_Disease": {"COVID-19": true}, "PublicationStatus": {"Published": true}, "PublicationType": {"Review": true}, "Section": {"Results": true}, "Severity": {"Severe": true}, "Species": {"9606": true}}, "citation": {"authors": ["Ji HL", "Matalon S", "Matthay MA", "Zhao R"], "date": "2020-07-01", "db": "PubMed", "db_id": "32216698", "db_name": "Physiological reviews", "first": "Ji HL", "last": "Matthay MA", "pages": "1065-1075", "volume": "100"}, "evidence": "Consistent with clinical observations, the lungs are the most injured organs, followed by moderate injury in the heart, liver, kidney, and brain.", "line": 163, "relation": "positiveCorrelation"}
path(DO:"COVID-19")	positiveCorrelation	path(HP:"Acute hepatitis")	{"annotations": {"Custom_Disease": {"COVID-19": true}, "PublicationStatus": {"Published": true}, "PublicationType": {"Review": true}, "Section": {"Results": true}, "Severity": {"Severe": true}, "Species": {"9606": true}}, "citation": {"authors": ["Ji HL", "Matalon S", "Matthay MA", "Zhao R"], "date": "2020-07-01", "db": "PubMed", "db_id": "32216698", "db_name": "Physiological reviews", "first": "Ji HL", "last": "Matthay MA", "pages": "1065-1075", "volume": "100"}, "evidence": "Consistent with clinical observations, the lungs are the most injured organs, followed by moderate injury in the heart, liver, kidney, and brain.", "line": 164, "relation": "positiveCorrelation"}
path(DO:"COVID-19")	association	path(DO:hypertension)	{"annotations": {"Custom_Disease": {"COVID-19": true}, "PublicationStatus": {"Published": true}, "PublicationType": {"Review": true}, "Section": {"Results": true}, "Severity": {"Severe": true}, "Species": {"9606": true}}, "citation": {"authors": ["Ji HL", "Matalon S", "Matthay MA", "Zhao R"], "date": "2020-07-01", "db": "PubMed", "db_id": "32216698", "db_name": "Physiological reviews", "first": "Ji HL", "last": "Matthay MA", "pages": "1065-1075", "volume": "100"}, "evidence": "In comparison with patients with mild COVID-19 (such as those who did not require ICU stays, did not develop ARDS or pneumonia, and who survived), patients with severe COVID-19 have higher comorbidities, including 56% for hypertension, 21% for heart diseases, 18% for diabetes, 12% for cerebrovascular diseases, and 7% for cancer (Table 1) (79, 97).", "line": 209, "relation": "association"}
path(DO:"COVID-19")	association	path(DO:"heart disease")	{"annotations": {"Custom_Disease": {"COVID-19": true}, "PublicationStatus": {"Published": true}, "PublicationType": {"Review": true}, "Section": {"Results": true}, "Severity": {"Severe": true}, "Species": {"9606": true}}, "citation": {"authors": ["Ji HL", "Matalon S", "Matthay MA", "Zhao R"], "date": "2020-07-01", "db": "PubMed", "db_id": "32216698", "db_name": "Physiological reviews", "first": "Ji HL", "last": "Matthay MA", "pages": "1065-1075", "volume": "100"}, "evidence": "In comparison with patients with mild COVID-19 (such as those who did not require ICU stays, did not develop ARDS or pneumonia, and who survived), patients with severe COVID-19 have higher comorbidities, including 56% for hypertension, 21% for heart diseases, 18% for diabetes, 12% for cerebrovascular diseases, and 7% for cancer (Table 1) (79, 97).", "line": 210, "relation": "association"}
path(DO:"COVID-19")	association	path(DO:"diabetes mellitus")	{"annotations": {"Custom_Disease": {"COVID-19": true}, "PublicationStatus": {"Published": true}, "PublicationType": {"Review": true}, "Section": {"Results": true}, "Severity": {"Severe": true}, "Species": {"9606": true}}, "citation": {"authors": ["Ji HL", "Matalon S", "Matthay MA", "Zhao R"], "date": "2020-07-01", "db": "PubMed", "db_id": "32216698", "db_name": "Physiological reviews", "first": "Ji HL", "last": "Matthay MA", "pages": "1065-1075", "volume": "100"}, "evidence": "In comparison with patients with mild COVID-19 (such as those who did not require ICU stays, did not develop ARDS or pneumonia, and who survived), patients with severe COVID-19 have higher comorbidities, including 56% for hypertension, 21% for heart diseases, 18% for diabetes, 12% for cerebrovascular diseases, and 7% for cancer (Table 1) (79, 97).", "line": 211, "relation": "association"}
path(DO:"COVID-19")	association	path(DO:"cardiovascular system disease")	{"annotations": {"Custom_Disease": {"COVID-19": true}, "PublicationStatus": {"Published": true}, "PublicationType": {"Review": true}, "Section": {"Results": true}, "Severity": {"Severe": true}, "Species": {"9606": true}}, "citation": {"authors": ["Ji HL", "Matalon S", "Matthay MA", "Zhao R"], "date": "2020-07-01", "db": "PubMed", "db_id": "32216698", "db_name": "Physiological reviews", "first": "Ji HL", "last": "Matthay MA", "pages": "1065-1075", "volume": "100"}, "evidence": "In comparison with patients with mild COVID-19 (such as those who did not require ICU stays, did not develop ARDS or pneumonia, and who survived), patients with severe COVID-19 have higher comorbidities, including 56% for hypertension, 21% for heart diseases, 18% for diabetes, 12% for cerebrovascular diseases, and 7% for cancer (Table 1) (79, 97).", "line": 212, "relation": "association"}
path(DO:"COVID-19")	association	path(DO:cancer)	{"annotations": {"Custom_Disease": {"COVID-19": true}, "PublicationStatus": {"Published": true}, "PublicationType": {"Review": true}, "Section": {"Results": true}, "Severity": {"Severe": true}, "Species": {"9606": true}}, "citation": {"authors": ["Ji HL", "Matalon S", "Matthay MA", "Zhao R"], "date": "2020-07-01", "db": "PubMed", "db_id": "32216698", "db_name": "Physiological reviews", "first": "Ji HL", "last": "Matthay MA", "pages": "1065-1075", "volume": "100"}, "evidence": "In comparison with patients with mild COVID-19 (such as those who did not require ICU stays, did not develop ARDS or pneumonia, and who survived), patients with severe COVID-19 have higher comorbidities, including 56% for hypertension, 21% for heart diseases, 18% for diabetes, 12% for cerebrovascular diseases, and 7% for cancer (Table 1) (79, 97).", "line": 213, "relation": "association"}
path(DO:"cardiovascular system disease")	association	path(DO:"COVID-19")	{"annotations": {"Custom_Disease": {"COVID-19": true}, "PublicationStatus": {"Published": true}, "PublicationType": {"Review": true}, "Section": {"Results": true}, "Severity": {"Severe": true}, "Species": {"9606": true}}, "citation": {"authors": ["Ji HL", "Matalon S", "Matthay MA", "Zhao R"], "date": "2020-07-01", "db": "PubMed", "db_id": "32216698", "db_name": "Physiological reviews", "first": "Ji HL", "last": "Matthay MA", "pages": "1065-1075", "volume": "100"}, "evidence": "In comparison with patients with mild COVID-19 (such as those who did not require ICU stays, did not develop ARDS or pneumonia, and who survived), patients with severe COVID-19 have higher comorbidities, including 56% for hypertension, 21% for heart diseases, 18% for diabetes, 12% for cerebrovascular diseases, and 7% for cancer (Table 1) (79, 97).", "line": 212, "relation": "association"}
path(DO:"diabetes mellitus")	association	path(DO:"COVID-19")	{"annotations": {"Custom_Disease": {"COVID-19": true}, "PublicationStatus": {"Published": true}, "PublicationType": {"Review": true}, "Section": {"Results": true}, "Severity": {"Severe": true}, "Species": {"9606": true}}, "citation": {"authors": ["Ji HL", "Matalon S", "Matthay MA", "Zhao R"], "date": "2020-07-01", "db": "PubMed", "db_id": "32216698", "db_name": "Physiological reviews", "first": "Ji HL", "last": "Matthay MA", "pages": "1065-1075", "volume": "100"}, "evidence": "In comparison with patients with mild COVID-19 (such as those who did not require ICU stays, did not develop ARDS or pneumonia, and who survived), patients with severe COVID-19 have higher comorbidities, including 56% for hypertension, 21% for heart diseases, 18% for diabetes, 12% for cerebrovascular diseases, and 7% for cancer (Table 1) (79, 97).", "line": 211, "relation": "association"}
path(DO:"disseminated intravascular coagulation")	positiveCorrelation	path(MESH:Mortality)	{"annotations": {"Custom_Disease": {"COVID-19": true}, "PublicationStatus": {"Published": true}, "PublicationType": {"Review": true}, "Section": {"Results": true}, "Species": {"9606": true}}, "citation": {"authors": ["Ji HL", "Matalon S", "Matthay MA", "Zhao R"], "date": "2020-07-01", "db": "PubMed", "db_id": "32216698", "db_name": "Physiological reviews", "first": "Ji HL", "last": "Matthay MA", "pages": "1065-1075", "volume": "100"}, "evidence": "71.4% of non-survivors meet the criteria of the International Society on Thrombosis and Haemostasis (ISTH) for disseminated intravascular coagulation (DIC), suggesting the coexistence of coagulation activation and hyper-fibrinolysis in patients with severe COVID-19 infection (78, 85).", "line": 240, "relation": "positiveCorrelation"}
path(DO:"focal epithelial hyperplasia")	positiveCorrelation	path(EFO:pathogenicity)	{"annotations": {"Custom_Disease": {"COVID-19": true}, "Disease_Stage": {"Early": true}, "MeSHAnatomy": {"Alveolar Epithelial Cells": true}, "PublicationStatus": {"Published": true}, "PublicationType": {"Review": true}, "Section": {"Results": true}, "Severity": {"Severe": true}, "Species": {"9606": true}}, "citation": {"authors": ["Ji HL", "Matalon S", "Matthay MA", "Zhao R"], "date": "2020-07-01", "db": "PubMed", "db_id": "32216698", "db_name": "Physiological reviews", "first": "Ji HL", "last": "Matthay MA", "pages": "1065-1075", "volume": "100"}, "evidence": "In the early stages of infection, puncture lung biopsies reveal the presence of pneumonia, edema, proteinaceous exudate with globules and focal hyperplasia of alveolar epithelial cells associated with patchy inflammatory infiltrates, and multinucleated giant cells (81).", "line": 141, "relation": "positiveCorrelation"}
path(DO:"heart disease")	association	path(DO:"COVID-19")	{"annotations": {"Custom_Disease": {"COVID-19": true}, "PublicationStatus": {"Published": true}, "PublicationType": {"Review": true}, "Section": {"Results": true}, "Severity": {"Severe": true}, "Species": {"9606": true}}, "citation": {"authors": ["Ji HL", "Matalon S", "Matthay MA", "Zhao R"], "date": "2020-07-01", "db": "PubMed", "db_id": "32216698", "db_name": "Physiological reviews", "first": "Ji HL", "last": "Matthay MA", "pages": "1065-1075", "volume": "100"}, "evidence": "In comparison with patients with mild COVID-19 (such as those who did not require ICU stays, did not develop ARDS or pneumonia, and who survived), patients with severe COVID-19 have higher comorbidities, including 56% for hypertension, 21% for heart diseases, 18% for diabetes, 12% for cerebrovascular diseases, and 7% for cancer (Table 1) (79, 97).", "line": 210, "relation": "association"}
path(DO:cancer)	association	path(DO:"COVID-19")	{"annotations": {"Custom_Disease": {"COVID-19": true}, "PublicationStatus": {"Published": true}, "PublicationType": {"Review": true}, "Section": {"Results": true}, "Severity": {"Severe": true}, "Species": {"9606": true}}, "citation": {"authors": ["Ji HL", "Matalon S", "Matthay MA", "Zhao R"], "date": "2020-07-01", "db": "PubMed", "db_id": "32216698", "db_name": "Physiological reviews", "first": "Ji HL", "last": "Matthay MA", "pages": "1065-1075", "volume": "100"}, "evidence": "In comparison with patients with mild COVID-19 (such as those who did not require ICU stays, did not develop ARDS or pneumonia, and who survived), patients with severe COVID-19 have higher comorbidities, including 56% for hypertension, 21% for heart diseases, 18% for diabetes, 12% for cerebrovascular diseases, and 7% for cancer (Table 1) (79, 97).", "line": 213, "relation": "association"}
path(DO:hypertension)	association	path(DO:"COVID-19")	{"annotations": {"Custom_Disease": {"COVID-19": true}, "PublicationStatus": {"Published": true}, "PublicationType": {"Review": true}, "Section": {"Results": true}, "Severity": {"Severe": true}, "Species": {"9606": true}}, "citation": {"authors": ["Ji HL", "Matalon S", "Matthay MA", "Zhao R"], "date": "2020-07-01", "db": "PubMed", "db_id": "32216698", "db_name": "Physiological reviews", "first": "Ji HL", "last": "Matthay MA", "pages": "1065-1075", "volume": "100"}, "evidence": "In comparison with patients with mild COVID-19 (such as those who did not require ICU stays, did not develop ARDS or pneumonia, and who survived), patients with severe COVID-19 have higher comorbidities, including 56% for hypertension, 21% for heart diseases, 18% for diabetes, 12% for cerebrovascular diseases, and 7% for cancer (Table 1) (79, 97).", "line": 209, "relation": "association"}
path(DO:hypertension)	positiveCorrelation	path(MESH:Mortality)	{"annotations": {"Custom_Disease": {"COVID-19": true}, "PublicationStatus": {"Published": true}, "PublicationType": {"Review": true}, "Section": {"Results": true}, "Species": {"9606": true}}, "citation": {"authors": ["Ji HL", "Matalon S", "Matthay MA", "Zhao R"], "date": "2020-07-01", "db": "PubMed", "db_id": "32216698", "db_name": "Physiological reviews", "first": "Ji HL", "last": "Matthay MA", "pages": "1065-1075", "volume": "100"}, "evidence": "Multivariate regression further links hypertension with increased incidence and fatality (85, 89, 101).", "line": 219, "relation": "positiveCorrelation"}
path(EFO:"acute respiratory distress syndrome")	positiveCorrelation	path(MESH:Mortality)	{"annotations": {"Custom_Disease": {"COVID-19": true}, "PublicationStatus": {"Published": true}, "PublicationType": {"Review": true}, "Section": {"Results": true}, "Species": {"9606": true}}, "citation": {"authors": ["Ji HL", "Matalon S", "Matthay MA", "Zhao R"], "date": "2020-07-01", "db": "PubMed", "db_id": "32216698", "db_name": "Physiological reviews", "first": "Ji HL", "last": "Matthay MA", "pages": "1065-1075", "volume": "100"}, "evidence": "The leading causes of deaths are ARDS, septic shock with MOF, hemorrhage/coagulopathy (disseminated intravascular coagulopathy, DIC), acute heart/liver/kidney injury, and secondary bacterial infections (97, 101)", "line": 113, "relation": "positiveCorrelation"}
path(EFO:pathogenicity)	positiveCorrelation	path(HP:Hyperfibrinolysis)	{"annotations": {"Custom_Disease": {"COVID-19": true}, "PublicationStatus": {"Published": true}, "PublicationType": {"Review": true}, "Section": {"Results": true}, "Severity": {"Severe": true}, "Species": {"9606": true}}, "citation": {"authors": ["Ji HL", "Matalon S", "Matthay MA", "Zhao R"], "date": "2020-07-01", "db": "PubMed", "db_id": "32216698", "db_name": "Physiological reviews", "first": "Ji HL", "last": "Matthay MA", "pages": "1065-1075", "volume": "100"}, "evidence": "The existence of significantly increased fibrin-degraded products and reduced platelets in severe COVID-19 patients is consistent with the presence of hyper-fibrinolysis.", "line": 91, "relation": "positiveCorrelation"}
path(EFO:pathogenicity)	positiveCorrelation	deg(a(CHEBI:Fibrin))	{"annotations": {"Custom_Disease": {"COVID-19": true}, "PublicationStatus": {"Published": true}, "PublicationType": {"Review": true}, "Section": {"Results": true}, "Severity": {"Severe": true}, "Species": {"9606": true}}, "citation": {"authors": ["Ji HL", "Matalon S", "Matthay MA", "Zhao R"], "date": "2020-07-01", "db": "PubMed", "db_id": "32216698", "db_name": "Physiological reviews", "first": "Ji HL", "last": "Matthay MA", "pages": "1065-1075", "volume": "100"}, "evidence": "Elevated fibrin degradation products and D-dimers were detected predominantly in patients with severe disease (11, 24, 31, 43, 91 45, 79, 85)", "line": 125, "object": {"modifier": "Degradation"}, "relation": "positiveCorrelation"}
path(EFO:pathogenicity)	positiveCorrelation	bp(EFO:"D dimer measurement")	{"annotations": {"Custom_Disease": {"COVID-19": true}, "PublicationStatus": {"Published": true}, "PublicationType": {"Review": true}, "Section": {"Results": true}, "Severity": {"Severe": true}, "Species": {"9606": true}}, "citation": {"authors": ["Ji HL", "Matalon S", "Matthay MA", "Zhao R"], "date": "2020-07-01", "db": "PubMed", "db_id": "32216698", "db_name": "Physiological reviews", "first": "Ji HL", "last": "Matthay MA", "pages": "1065-1075", "volume": "100"}, "evidence": "Elevated fibrin degradation products and D-dimers were detected predominantly in patients with severe disease (11, 24, 31, 43, 91 45, 79, 85)", "line": 126, "relation": "positiveCorrelation"}
path(EFO:pathogenicity)	positiveCorrelation	path(DO:"focal epithelial hyperplasia")	{"annotations": {"Custom_Disease": {"COVID-19": true}, "Disease_Stage": {"Early": true}, "MeSHAnatomy": {"Alveolar Epithelial Cells": true}, "PublicationStatus": {"Published": true}, "PublicationType": {"Review": true}, "Section": {"Results": true}, "Severity": {"Severe": true}, "Species": {"9606": true}}, "citation": {"authors": ["Ji HL", "Matalon S", "Matthay MA", "Zhao R"], "date": "2020-07-01", "db": "PubMed", "db_id": "32216698", "db_name": "Physiological reviews", "first": "Ji HL", "last": "Matthay MA", "pages": "1065-1075", "volume": "100"}, "evidence": "In the early stages of infection, puncture lung biopsies reveal the presence of pneumonia, edema, proteinaceous exudate with globules and focal hyperplasia of alveolar epithelial cells associated with patchy inflammatory infiltrates, and multinucleated giant cells (81).", "line": 141, "relation": "positiveCorrelation"}
path(EFO:pathogenicity)	positiveCorrelation	path(MESH:Inflammation)	{"annotations": {"Custom_Disease": {"COVID-19": true}, "Disease_Stage": {"Early": true}, "MeSHAnatomy": {"Alveolar Epithelial Cells": true}, "PublicationStatus": {"Published": true}, "PublicationType": {"Review": true}, "Section": {"Results": true}, "Severity": {"Severe": true}, "Species": {"9606": true}}, "citation": {"authors": ["Ji HL", "Matalon S", "Matthay MA", "Zhao R"], "date": "2020-07-01", "db": "PubMed", "db_id": "32216698", "db_name": "Physiological reviews", "first": "Ji HL", "last": "Matthay MA", "pages": "1065-1075", "volume": "100"}, "evidence": "In the early stages of infection, puncture lung biopsies reveal the presence of pneumonia, edema, proteinaceous exudate with globules and focal hyperplasia of alveolar epithelial cells associated with patchy inflammatory infiltrates, and multinucleated giant cells (81).", "line": 142, "relation": "positiveCorrelation"}
path(EFO:pathogenicity)	positiveCorrelation	path(MESH:Edema)	{"annotations": {"Custom_Disease": {"COVID-19": true}, "Disease_Stage": {"Early": true}, "MeSHAnatomy": {"Alveolar Epithelial Cells": true}, "PublicationStatus": {"Published": true}, "PublicationType": {"Review": true}, "Section": {"Results": true}, "Severity": {"Severe": true}, "Species": {"9606": true}}, "citation": {"authors": ["Ji HL", "Matalon S", "Matthay MA", "Zhao R"], "date": "2020-07-01", "db": "PubMed", "db_id": "32216698", "db_name": "Physiological reviews", "first": "Ji HL", "last": "Matthay MA", "pages": "1065-1075", "volume": "100"}, "evidence": "In the early stages of infection, puncture lung biopsies reveal the presence of pneumonia, edema, proteinaceous exudate with globules and focal hyperplasia of alveolar epithelial cells associated with patchy inflammatory infiltrates, and multinucleated giant cells (81).", "line": 143, "relation": "positiveCorrelation"}
path(EFO:pathogenicity)	positiveCorrelation	a(MESH:"Giant Cells")	{"annotations": {"Custom_Disease": {"COVID-19": true}, "Disease_Stage": {"Early": true}, "MeSHAnatomy": {"Alveolar Epithelial Cells": true}, "PublicationStatus": {"Published": true}, "PublicationType": {"Review": true}, "Section": {"Results": true}, "Severity": {"Severe": true}, "Species": {"9606": true}}, "citation": {"authors": ["Ji HL", "Matalon S", "Matthay MA", "Zhao R"], "date": "2020-07-01", "db": "PubMed", "db_id": "32216698", "db_name": "Physiological reviews", "first": "Ji HL", "last": "Matthay MA", "pages": "1065-1075", "volume": "100"}, "evidence": "In the early stages of infection, puncture lung biopsies reveal the presence of pneumonia, edema, proteinaceous exudate with globules and focal hyperplasia of alveolar epithelial cells associated with patchy inflammatory infiltrates, and multinucleated giant cells (81).", "line": 144, "relation": "positiveCorrelation"}
path(EFO:pathogenicity)	negativeCorrelation	a(MESH:"Alveolar Epithelial Cells")	{"annotations": {"Custom_Disease": {"COVID-19": true}, "Disease_Stage": {"Late": true}, "PublicationStatus": {"Published": true}, "PublicationType": {"Review": true}, "Section": {"Results": true}, "Severity": {"Severe": true}, "Species": {"9606": true}}, "citation": {"authors": ["Ji HL", "Matalon S", "Matthay MA", "Zhao R"], "date": "2020-07-01", "db": "PubMed", "db_id": "32216698", "db_name": "Physiological reviews", "first": "Ji HL", "last": "Matthay MA", "pages": "1065-1075", "volume": "100"}, "evidence": "At the later stages, diffuse alveolar damage (DAD) is observed in addition to hemorrhage and some areas of interstitial fibrosis (48).", "line": 151, "relation": "negativeCorrelation"}
path(EFO:pathogenicity)	positiveCorrelation	path(MESH:Hemorrhage)	{"annotations": {"Custom_Disease": {"COVID-19": true}, "Disease_Stage": {"Late": true}, "PublicationStatus": {"Published": true}, "PublicationType": {"Review": true}, "Section": {"Results": true}, "Severity": {"Severe": true}, "Species": {"9606": true}}, "citation": {"authors": ["Ji HL", "Matalon S", "Matthay MA", "Zhao R"], "date": "2020-07-01", "db": "PubMed", "db_id": "32216698", "db_name": "Physiological reviews", "first": "Ji HL", "last": "Matthay MA", "pages": "1065-1075", "volume": "100"}, "evidence": "At the later stages, diffuse alveolar damage (DAD) is observed in addition to hemorrhage and some areas of interstitial fibrosis (48).", "line": 152, "relation": "positiveCorrelation"}
path(EFO:pathogenicity)	association	complex(p(COVID:S), p(HGNC:ACE2))	{"annotations": {"Custom_Disease": {"COVID-19": true}, "PublicationStatus": {"Published": true}, "PublicationType": {"Review": true}, "Section": {"Results": true}, "Severity": {"Severe": true}, "Species": {"9606": true}}, "citation": {"authors": ["Ji HL", "Matalon S", "Matthay MA", "Zhao R"], "date": "2020-07-01", "db": "PubMed", "db_id": "32216698", "db_name": "Physiological reviews", "first": "Ji HL", "last": "Matthay MA", "pages": "1065-1075", "volume": "100"}, "evidence": "The S protein of SARS-CoV-2 bind to human ACE2 receptors with higher affinity than that of the SARS-CoV virus (88).", "line": 169, "relation": "association"}
path(HP:"Acute hepatitis")	positiveCorrelation	path(MESH:Mortality)	{"annotations": {"Custom_Disease": {"COVID-19": true}, "PublicationStatus": {"Published": true}, "PublicationType": {"Review": true}, "Section": {"Results": true}, "Species": {"9606": true}}, "citation": {"authors": ["Ji HL", "Matalon S", "Matthay MA", "Zhao R"], "date": "2020-07-01", "db": "PubMed", "db_id": "32216698", "db_name": "Physiological reviews", "first": "Ji HL", "last": "Matthay MA", "pages": "1065-1075", "volume": "100"}, "evidence": "The leading causes of deaths are ARDS, septic shock with MOF, hemorrhage/coagulopathy (disseminated intravascular coagulopathy, DIC), acute heart/liver/kidney injury, and secondary bacterial infections (97, 101)", "line": 118, "relation": "positiveCorrelation"}
path(HP:"Acute hepatitis")	positiveCorrelation	path(DO:"COVID-19")	{"annotations": {"Custom_Disease": {"COVID-19": true}, "PublicationStatus": {"Published": true}, "PublicationType": {"Review": true}, "Section": {"Results": true}, "Severity": {"Severe": true}, "Species": {"9606": true}}, "citation": {"authors": ["Ji HL", "Matalon S", "Matthay MA", "Zhao R"], "date": "2020-07-01", "db": "PubMed", "db_id": "32216698", "db_name": "Physiological reviews", "first": "Ji HL", "last": "Matthay MA", "pages": "1065-1075", "volume": "100"}, "evidence": "Consistent with clinical observations, the lungs are the most injured organs, followed by moderate injury in the heart, liver, kidney, and brain.", "line": 164, "relation": "positiveCorrelation"}
path(HP:Hyperfibrinolysis)	positiveCorrelation	deg(a(CHEBI:Fibrin))	{"annotations": {"Custom_Disease": {"COVID-19": true}, "PublicationStatus": {"Published": true}, "PublicationType": {"Review": true}, "Section": {"Results": true}, "Severity": {"Severe": true}, "Species": {"9606": true}}, "citation": {"authors": ["Ji HL", "Matalon S", "Matthay MA", "Zhao R"], "date": "2020-07-01", "db": "PubMed", "db_id": "32216698", "db_name": "Physiological reviews", "first": "Ji HL", "last": "Matthay MA", "pages": "1065-1075", "volume": "100"}, "evidence": "The existence of significantly increased fibrin-degraded products and reduced platelets in severe COVID-19 patients is consistent with the presence of hyper-fibrinolysis.", "line": 89, "object": {"modifier": "Degradation"}, "relation": "positiveCorrelation"}
path(HP:Hyperfibrinolysis)	negativeCorrelation	bp(MESH:"Platelet Count")	{"annotations": {"Custom_Disease": {"COVID-19": true}, "PublicationStatus": {"Published": true}, "PublicationType": {"Review": true}, "Section": {"Results": true}, "Severity": {"Severe": true}, "Species": {"9606": true}}, "citation": {"authors": ["Ji HL", "Matalon S", "Matthay MA", "Zhao R"], "date": "2020-07-01", "db": "PubMed", "db_id": "32216698", "db_name": "Physiological reviews", "first": "Ji HL", "last": "Matthay MA", "pages": "1065-1075", "volume": "100"}, "evidence": "The existence of significantly increased fibrin-degraded products and reduced platelets in severe COVID-19 patients is consistent with the presence of hyper-fibrinolysis.", "line": 90, "relation": "negativeCorrelation"}
path(HP:Hyperfibrinolysis)	positiveCorrelation	path(EFO:pathogenicity)	{"annotations": {"Custom_Disease": {"COVID-19": true}, "PublicationStatus": {"Published": true}, "PublicationType": {"Review": true}, "Section": {"Results": true}, "Severity": {"Severe": true}, "Species": {"9606": true}}, "citation": {"authors": ["Ji HL", "Matalon S", "Matthay MA", "Zhao R"], "date": "2020-07-01", "db": "PubMed", "db_id": "32216698", "db_name": "Physiological reviews", "first": "Ji HL", "last": "Matthay MA", "pages": "1065-1075", "volume": "100"}, "evidence": "The existence of significantly increased fibrin-degraded products and reduced platelets in severe COVID-19 patients is consistent with the presence of hyper-fibrinolysis.", "line": 91, "relation": "positiveCorrelation"}
path(MESH:"Acute Kidney Injury")	positiveCorrelation	path(MESH:Mortality)	{"annotations": {"Custom_Disease": {"COVID-19": true}, "PublicationStatus": {"Published": true}, "PublicationType": {"Review": true}, "Section": {"Results": true}, "Species": {"9606": true}}, "citation": {"authors": ["Ji HL", "Matalon S", "Matthay MA", "Zhao R"], "date": "2020-07-01", "db": "PubMed", "db_id": "32216698", "db_name": "Physiological reviews", "first": "Ji HL", "last": "Matthay MA", "pages": "1065-1075", "volume": "100"}, "evidence": "The leading causes of deaths are ARDS, septic shock with MOF, hemorrhage/coagulopathy (disseminated intravascular coagulopathy, DIC), acute heart/liver/kidney injury, and secondary bacterial infections (97, 101)", "line": 116, "relation": "positiveCorrelation"}
path(MESH:"Acute Kidney Injury")	positiveCorrelation	path(DO:"COVID-19")	{"annotations": {"Custom_Disease": {"COVID-19": true}, "PublicationStatus": {"Published": true}, "PublicationType": {"Review": true}, "Section": {"Results": true}, "Severity": {"Severe": true}, "Species": {"9606": true}}, "citation": {"authors": ["Ji HL", "Matalon S", "Matthay MA", "Zhao R"], "date": "2020-07-01", "db": "PubMed", "db_id": "32216698", "db_name": "Physiological reviews", "first": "Ji HL", "last": "Matthay MA", "pages": "1065-1075", "volume": "100"}, "evidence": "Consistent with clinical observations, the lungs are the most injured organs, followed by moderate injury in the heart, liver, kidney, and brain.", "line": 162, "relation": "positiveCorrelation"}
path(MESH:"Bacterial Infections")	positiveCorrelation	path(MESH:Mortality)	{"annotations": {"Custom_Disease": {"COVID-19": true}, "PublicationStatus": {"Published": true}, "PublicationType": {"Review": true}, "Section": {"Results": true}, "Species": {"9606": true}}, "citation": {"authors": ["Ji HL", "Matalon S", "Matthay MA", "Zhao R"], "date": "2020-07-01", "db": "PubMed", "db_id": "32216698", "db_name": "Physiological reviews", "first": "Ji HL", "last": "Matthay MA", "pages": "1065-1075", "volume": "100"}, "evidence": "The leading causes of deaths are ARDS, septic shock with MOF, hemorrhage/coagulopathy (disseminated intravascular coagulopathy, DIC), acute heart/liver/kidney injury, and secondary bacterial infections (97, 101)", "line": 115, "relation": "positiveCorrelation"}
path(MESH:"Brain Injuries")	positiveCorrelation	path(MESH:Mortality)	{"annotations": {"Custom_Disease": {"COVID-19": true}, "PublicationStatus": {"Published": true}, "PublicationType": {"Review": true}, "Section": {"Results": true}, "Species": {"9606": true}}, "citation": {"authors": ["Ji HL", "Matalon S", "Matthay MA", "Zhao R"], "date": "2020-07-01", "db": "PubMed", "db_id": "32216698", "db_name": "Physiological reviews", "first": "Ji HL", "last": "Matthay MA", "pages": "1065-1075", "volume": "100"}, "evidence": "The leading causes of deaths are ARDS, septic shock with MOF, hemorrhage/coagulopathy (disseminated intravascular coagulopathy, DIC), acute heart/liver/kidney injury, and secondary bacterial infections (97, 101)", "line": 117, "relation": "positiveCorrelation"}
path(MESH:"Brain Injuries")	positiveCorrelation	path(DO:"COVID-19")	{"annotations": {"Custom_Disease": {"COVID-19": true}, "PublicationStatus": {"Published": true}, "PublicationType": {"Review": true}, "Section": {"Results": true}, "Severity": {"Severe": true}, "Species": {"9606": true}}, "citation": {"authors": ["Ji HL", "Matalon S", "Matthay MA", "Zhao R"], "date": "2020-07-01", "db": "PubMed", "db_id": "32216698", "db_name": "Physiological reviews", "first": "Ji HL", "last": "Matthay MA", "pages": "1065-1075", "volume": "100"}, "evidence": "Consistent with clinical observations, the lungs are the most injured organs, followed by moderate injury in the heart, liver, kidney, and brain.", "line": 163, "relation": "positiveCorrelation"}
path(MESH:"Disseminated Intravascular Coagulation")	positiveCorrelation	path(MESH:Mortality)	{"annotations": {"Custom_Disease": {"COVID-19": true}, "PublicationStatus": {"Published": true}, "PublicationType": {"Review": true}, "Section": {"Results": true}, "Species": {"9606": true}}, "citation": {"authors": ["Ji HL", "Matalon S", "Matthay MA", "Zhao R"], "date": "2020-07-01", "db": "PubMed", "db_id": "32216698", "db_name": "Physiological reviews", "first": "Ji HL", "last": "Matthay MA", "pages": "1065-1075", "volume": "100"}, "evidence": "The leading causes of deaths are ARDS, septic shock with MOF, hemorrhage/coagulopathy (disseminated intravascular coagulopathy, DIC), acute heart/liver/kidney injury, and secondary bacterial infections (97, 101)", "line": 114, "relation": "positiveCorrelation"}
path(MESH:"Heart Injuries")	positiveCorrelation	path(DO:"COVID-19")	{"annotations": {"Custom_Disease": {"COVID-19": true}, "PublicationStatus": {"Published": true}, "PublicationType": {"Review": true}, "Section": {"Results": true}, "Severity": {"Severe": true}, "Species": {"9606": true}}, "citation": {"authors": ["Ji HL", "Matalon S", "Matthay MA", "Zhao R"], "date": "2020-07-01", "db": "PubMed", "db_id": "32216698", "db_name": "Physiological reviews", "first": "Ji HL", "last": "Matthay MA", "pages": "1065-1075", "volume": "100"}, "evidence": "Consistent with clinical observations, the lungs are the most injured organs, followed by moderate injury in the heart, liver, kidney, and brain.", "line": 161, "relation": "positiveCorrelation"}
path(MESH:"Lung Diseases, Interstitial")	positiveCorrelation	path(MESH:Hemorrhage)	{"annotations": {"Custom_Disease": {"COVID-19": true}, "Disease_Stage": {"Late": true}, "PublicationStatus": {"Published": true}, "PublicationType": {"Review": true}, "Section": {"Results": true}, "Severity": {"Severe": true}, "Species": {"9606": true}}, "citation": {"authors": ["Ji HL", "Matalon S", "Matthay MA", "Zhao R"], "date": "2020-07-01", "db": "PubMed", "db_id": "32216698", "db_name": "Physiological reviews", "first": "Ji HL", "last": "Matthay MA", "pages": "1065-1075", "volume": "100"}, "evidence": "At the later stages, diffuse alveolar damage (DAD) is observed in addition to hemorrhage and some areas of interstitial fibrosis (48).", "line": 153, "relation": "positiveCorrelation"}
path(MESH:"Lung Injury")	positiveCorrelation	path(DO:"COVID-19")	{"annotations": {"Custom_Disease": {"COVID-19": true}, "PublicationStatus": {"Published": true}, "PublicationType": {"Review": true}, "Section": {"Results": true}, "Severity": {"Severe": true}, "Species": {"9606": true}}, "citation": {"authors": ["Ji HL", "Matalon S", "Matthay MA", "Zhao R"], "date": "2020-07-01", "db": "PubMed", "db_id": "32216698", "db_name": "Physiological reviews", "first": "Ji HL", "last": "Matthay MA", "pages": "1065-1075", "volume": "100"}, "evidence": "Consistent with clinical observations, the lungs are the most injured organs, followed by moderate injury in the heart, liver, kidney, and brain.", "line": 160, "relation": "positiveCorrelation"}
path(MESH:Edema)	positiveCorrelation	path(EFO:pathogenicity)	{"annotations": {"Custom_Disease": {"COVID-19": true}, "Disease_Stage": {"Early": true}, "MeSHAnatomy": {"Alveolar Epithelial Cells": true}, "PublicationStatus": {"Published": true}, "PublicationType": {"Review": true}, "Section": {"Results": true}, "Severity": {"Severe": true}, "Species": {"9606": true}}, "citation": {"authors": ["Ji HL", "Matalon S", "Matthay MA", "Zhao R"], "date": "2020-07-01", "db": "PubMed", "db_id": "32216698", "db_name": "Physiological reviews", "first": "Ji HL", "last": "Matthay MA", "pages": "1065-1075", "volume": "100"}, "evidence": "In the early stages of infection, puncture lung biopsies reveal the presence of pneumonia, edema, proteinaceous exudate with globules and focal hyperplasia of alveolar epithelial cells associated with patchy inflammatory infiltrates, and multinucleated giant cells (81).", "line": 143, "relation": "positiveCorrelation"}
path(MESH:Hemorrhage)	positiveCorrelation	deg(a(CHEBI:Fibrin))	{"annotations": {"Custom_Disease": {"COVID-19": true}, "PublicationStatus": {"Published": true}, "PublicationType": {"Review": true}, "Section": {"Results": true}, "Severity": {"Severe": true}, "Species": {"9606": true}}, "citation": {"authors": ["Ji HL", "Matalon S", "Matthay MA", "Zhao R"], "date": "2020-07-01", "db": "PubMed", "db_id": "32216698", "db_name": "Physiological reviews", "first": "Ji HL", "last": "Matthay MA", "pages": "1065-1075", "volume": "100"}, "evidence": "This opinion is supported by the presence of hemorrhage in multiple organs and a positive correlation between fibrinolysis and mortality.", "line": 96, "object": {"modifier": "Degradation"}, "relation": "positiveCorrelation"}
path(MESH:Hemorrhage)	positiveCorrelation	path(MESH:Mortality)	{"annotations": {"Custom_Disease": {"COVID-19": true}, "PublicationStatus": {"Published": true}, "PublicationType": {"Review": true}, "Section": {"Results": true}, "Severity": {"Severe": true}, "Species": {"9606": true}}, "citation": {"authors": ["Ji HL", "Matalon S", "Matthay MA", "Zhao R"], "date": "2020-07-01", "db": "PubMed", "db_id": "32216698", "db_name": "Physiological reviews", "first": "Ji HL", "last": "Matthay MA", "pages": "1065-1075", "volume": "100"}, "evidence": "This opinion is supported by the presence of hemorrhage in multiple organs and a positive correlation between fibrinolysis and mortality.", "line": 97, "relation": "positiveCorrelation"}
path(MESH:Hemorrhage)	positiveCorrelation	path(EFO:pathogenicity)	{"annotations": {"Custom_Disease": {"COVID-19": true}, "Disease_Stage": {"Late": true}, "PublicationStatus": {"Published": true}, "PublicationType": {"Review": true}, "Section": {"Results": true}, "Severity": {"Severe": true}, "Species": {"9606": true}}, "citation": {"authors": ["Ji HL", "Matalon S", "Matthay MA", "Zhao R"], "date": "2020-07-01", "db": "PubMed", "db_id": "32216698", "db_name": "Physiological reviews", "first": "Ji HL", "last": "Matthay MA", "pages": "1065-1075", "volume": "100"}, "evidence": "At the later stages, diffuse alveolar damage (DAD) is observed in addition to hemorrhage and some areas of interstitial fibrosis (48).", "line": 152, "relation": "positiveCorrelation"}
path(MESH:Hemorrhage)	positiveCorrelation	path(MESH:"Lung Diseases, Interstitial")	{"annotations": {"Custom_Disease": {"COVID-19": true}, "Disease_Stage": {"Late": true}, "PublicationStatus": {"Published": true}, "PublicationType": {"Review": true}, "Section": {"Results": true}, "Severity": {"Severe": true}, "Species": {"9606": true}}, "citation": {"authors": ["Ji HL", "Matalon S", "Matthay MA", "Zhao R"], "date": "2020-07-01", "db": "PubMed", "db_id": "32216698", "db_name": "Physiological reviews", "first": "Ji HL", "last": "Matthay MA", "pages": "1065-1075", "volume": "100"}, "evidence": "At the later stages, diffuse alveolar damage (DAD) is observed in addition to hemorrhage and some areas of interstitial fibrosis (48).", "line": 153, "relation": "positiveCorrelation"}
path(MESH:Inflammation)	positiveCorrelation	path(EFO:pathogenicity)	{"annotations": {"Custom_Disease": {"COVID-19": true}, "Disease_Stage": {"Early": true}, "MeSHAnatomy": {"Alveolar Epithelial Cells": true}, "PublicationStatus": {"Published": true}, "PublicationType": {"Review": true}, "Section": {"Results": true}, "Severity": {"Severe": true}, "Species": {"9606": true}}, "citation": {"authors": ["Ji HL", "Matalon S", "Matthay MA", "Zhao R"], "date": "2020-07-01", "db": "PubMed", "db_id": "32216698", "db_name": "Physiological reviews", "first": "Ji HL", "last": "Matthay MA", "pages": "1065-1075", "volume": "100"}, "evidence": "In the early stages of infection, puncture lung biopsies reveal the presence of pneumonia, edema, proteinaceous exudate with globules and focal hyperplasia of alveolar epithelial cells associated with patchy inflammatory infiltrates, and multinucleated giant cells (81).", "line": 142, "relation": "positiveCorrelation"}
path(MESH:Mortality)	positiveCorrelation	path(MESH:Hemorrhage)	{"annotations": {"Custom_Disease": {"COVID-19": true}, "PublicationStatus": {"Published": true}, "PublicationType": {"Review": true}, "Section": {"Results": true}, "Severity": {"Severe": true}, "Species": {"9606": true}}, "citation": {"authors": ["Ji HL", "Matalon S", "Matthay MA", "Zhao R"], "date": "2020-07-01", "db": "PubMed", "db_id": "32216698", "db_name": "Physiological reviews", "first": "Ji HL", "last": "Matthay MA", "pages": "1065-1075", "volume": "100"}, "evidence": "This opinion is supported by the presence of hemorrhage in multiple organs and a positive correlation between fibrinolysis and mortality.", "line": 97, "relation": "positiveCorrelation"}
path(MESH:Mortality)	positiveCorrelation	path(EFO:"acute respiratory distress syndrome")	{"annotations": {"Custom_Disease": {"COVID-19": true}, "PublicationStatus": {"Published": true}, "PublicationType": {"Review": true}, "Section": {"Results": true}, "Species": {"9606": true}}, "citation": {"authors": ["Ji HL", "Matalon S", "Matthay MA", "Zhao R"], "date": "2020-07-01", "db": "PubMed", "db_id": "32216698", "db_name": "Physiological reviews", "first": "Ji HL", "last": "Matthay MA", "pages": "1065-1075", "volume": "100"}, "evidence": "The leading causes of deaths are ARDS, septic shock with MOF, hemorrhage/coagulopathy (disseminated intravascular coagulopathy, DIC), acute heart/liver/kidney injury, and secondary bacterial infections (97, 101)", "line": 113, "relation": "positiveCorrelation"}
path(MESH:Mortality)	positiveCorrelation	path(MESH:"Disseminated Intravascular Coagulation")	{"annotations": {"Custom_Disease": {"COVID-19": true}, "PublicationStatus": {"Published": true}, "PublicationType": {"Review": true}, "Section": {"Results": true}, "Species": {"9606": true}}, "citation": {"authors": ["Ji HL", "Matalon S", "Matthay MA", "Zhao R"], "date": "2020-07-01", "db": "PubMed", "db_id": "32216698", "db_name": "Physiological reviews", "first": "Ji HL", "last": "Matthay MA", "pages": "1065-1075", "volume": "100"}, "evidence": "The leading causes of deaths are ARDS, septic shock with MOF, hemorrhage/coagulopathy (disseminated intravascular coagulopathy, DIC), acute heart/liver/kidney injury, and secondary bacterial infections (97, 101)", "line": 114, "relation": "positiveCorrelation"}
path(MESH:Mortality)	positiveCorrelation	path(MESH:"Bacterial Infections")	{"annotations": {"Custom_Disease": {"COVID-19": true}, "PublicationStatus": {"Published": true}, "PublicationType": {"Review": true}, "Section": {"Results": true}, "Species": {"9606": true}}, "citation": {"authors": ["Ji HL", "Matalon S", "Matthay MA", "Zhao R"], "date": "2020-07-01", "db": "PubMed", "db_id": "32216698", "db_name": "Physiological reviews", "first": "Ji HL", "last": "Matthay MA", "pages": "1065-1075", "volume": "100"}, "evidence": "The leading causes of deaths are ARDS, septic shock with MOF, hemorrhage/coagulopathy (disseminated intravascular coagulopathy, DIC), acute heart/liver/kidney injury, and secondary bacterial infections (97, 101)", "line": 115, "relation": "positiveCorrelation"}
path(MESH:Mortality)	positiveCorrelation	path(MESH:"Acute Kidney Injury")	{"annotations": {"Custom_Disease": {"COVID-19": true}, "PublicationStatus": {"Published": true}, "PublicationType": {"Review": true}, "Section": {"Results": true}, "Species": {"9606": true}}, "citation": {"authors": ["Ji HL", "Matalon S", "Matthay MA", "Zhao R"], "date": "2020-07-01", "db": "PubMed", "db_id": "32216698", "db_name": "Physiological reviews", "first": "Ji HL", "last": "Matthay MA", "pages": "1065-1075", "volume": "100"}, "evidence": "The leading causes of deaths are ARDS, septic shock with MOF, hemorrhage/coagulopathy (disseminated intravascular coagulopathy, DIC), acute heart/liver/kidney injury, and secondary bacterial infections (97, 101)", "line": 116, "relation": "positiveCorrelation"}
path(MESH:Mortality)	positiveCorrelation	path(MESH:"Brain Injuries")	{"annotations": {"Custom_Disease": {"COVID-19": true}, "PublicationStatus": {"Published": true}, "PublicationType": {"Review": true}, "Section": {"Results": true}, "Species": {"9606": true}}, "citation": {"authors": ["Ji HL", "Matalon S", "Matthay MA", "Zhao R"], "date": "2020-07-01", "db": "PubMed", "db_id": "32216698", "db_name": "Physiological reviews", "first": "Ji HL", "last": "Matthay MA", "pages": "1065-1075", "volume": "100"}, "evidence": "The leading causes of deaths are ARDS, septic shock with MOF, hemorrhage/coagulopathy (disseminated intravascular coagulopathy, DIC), acute heart/liver/kidney injury, and secondary bacterial infections (97, 101)", "line": 117, "relation": "positiveCorrelation"}
path(MESH:Mortality)	positiveCorrelation	path(HP:"Acute hepatitis")	{"annotations": {"Custom_Disease": {"COVID-19": true}, "PublicationStatus": {"Published": true}, "PublicationType": {"Review": true}, "Section": {"Results": true}, "Species": {"9606": true}}, "citation": {"authors": ["Ji HL", "Matalon S", "Matthay MA", "Zhao R"], "date": "2020-07-01", "db": "PubMed", "db_id": "32216698", "db_name": "Physiological reviews", "first": "Ji HL", "last": "Matthay MA", "pages": "1065-1075", "volume": "100"}, "evidence": "The leading causes of deaths are ARDS, septic shock with MOF, hemorrhage/coagulopathy (disseminated intravascular coagulopathy, DIC), acute heart/liver/kidney injury, and secondary bacterial infections (97, 101)", "line": 118, "relation": "positiveCorrelation"}
path(MESH:Mortality)	positiveCorrelation	bp(EFO:"D dimer measurement")	{"annotations": {"Custom_Disease": {"COVID-19": true}, "PublicationStatus": {"Published": true}, "PublicationType": {"Review": true}, "Section": {"Results": true}, "Severity": {"Severe": true}, "Species": {"9606": true}}, "citation": {"authors": ["Ji HL", "Matalon S", "Matthay MA", "Zhao R"], "date": "2020-07-01", "db": "PubMed", "db_id": "32216698", "db_name": "Physiological reviews", "first": "Ji HL", "last": "Matthay MA", "pages": "1065-1075", "volume": "100"}, "evidence": "Multivariate regression further suggests that age and D-dimer levels (>1 mg/L) are two 92 independent risk factors for mortality (89, 101).", "line": 131, "relation": "positiveCorrelation"}
path(MESH:Mortality)	positiveCorrelation	a(MESH:"Age of Onset")	{"annotations": {"Custom_Disease": {"COVID-19": true}, "PublicationStatus": {"Published": true}, "PublicationType": {"Review": true}, "Section": {"Results": true}, "Severity": {"Severe": true}, "Species": {"9606": true}}, "citation": {"authors": ["Ji HL", "Matalon S", "Matthay MA", "Zhao R"], "date": "2020-07-01", "db": "PubMed", "db_id": "32216698", "db_name": "Physiological reviews", "first": "Ji HL", "last": "Matthay MA", "pages": "1065-1075", "volume": "100"}, "evidence": "Multivariate regression further suggests that age and D-dimer levels (>1 mg/L) are two 92 independent risk factors for mortality (89, 101).", "line": 132, "relation": "positiveCorrelation"}
path(MESH:Mortality)	positiveCorrelation	path(DO:hypertension)	{"annotations": {"Custom_Disease": {"COVID-19": true}, "PublicationStatus": {"Published": true}, "PublicationType": {"Review": true}, "Section": {"Results": true}, "Species": {"9606": true}}, "citation": {"authors": ["Ji HL", "Matalon S", "Matthay MA", "Zhao R"], "date": "2020-07-01", "db": "PubMed", "db_id": "32216698", "db_name": "Physiological reviews", "first": "Ji HL", "last": "Matthay MA", "pages": "1065-1075", "volume": "100"}, "evidence": "Multivariate regression further links hypertension with increased incidence and fatality (85, 89, 101).", "line": 219, "relation": "positiveCorrelation"}
path(MESH:Mortality)	positiveCorrelation	bp(MESH:"Prothrombin Time")	{"annotations": {"Custom_Disease": {"COVID-19": true}, "PublicationStatus": {"Published": true}, "PublicationType": {"Review": true}, "Section": {"Results": true}, "Species": {"9606": true}}, "citation": {"authors": ["Ji HL", "Matalon S", "Matthay MA", "Zhao R"], "date": "2020-07-01", "db": "PubMed", "db_id": "32216698", "db_name": "Physiological reviews", "first": "Ji HL", "last": "Matthay MA", "pages": "1065-1075", "volume": "100"}, "evidence": "This is accompanied by a prolonged prothrombin time particularly in non-- survivors (31, 79, 97, 101).", "line": 225, "relation": "positiveCorrelation"}
path(MESH:Mortality)	negativeCorrelation	bp(MESH:"Platelet Count")	{"annotations": {"Custom_Disease": {"COVID-19": true}, "PublicationStatus": {"Published": true}, "PublicationType": {"Review": true}, "Section": {"Results": true}, "Severity": {"Severe": true}, "Species": {"9606": true}}, "citation": {"authors": ["Ji HL", "Matalon S", "Matthay MA", "Zhao R"], "date": "2020-07-01", "db": "PubMed", "db_id": "32216698", "db_name": "Physiological reviews", "first": "Ji HL", "last": "Matthay MA", "pages": "1065-1075", "volume": "100"}, "evidence": "Platelet counts were decreased significantly in severe and dead patients (79, 97, 101)", "line": 231, "relation": "negativeCorrelation"}
path(MESH:Mortality)	positiveCorrelation	path(DO:"disseminated intravascular coagulation")	{"annotations": {"Custom_Disease": {"COVID-19": true}, "PublicationStatus": {"Published": true}, "PublicationType": {"Review": true}, "Section": {"Results": true}, "Species": {"9606": true}}, "citation": {"authors": ["Ji HL", "Matalon S", "Matthay MA", "Zhao R"], "date": "2020-07-01", "db": "PubMed", "db_id": "32216698", "db_name": "Physiological reviews", "first": "Ji HL", "last": "Matthay MA", "pages": "1065-1075", "volume": "100"}, "evidence": "71.4% of non-survivors meet the criteria of the International Society on Thrombosis and Haemostasis (ISTH) for disseminated intravascular coagulation (DIC), suggesting the coexistence of coagulation activation and hyper-fibrinolysis in patients with severe COVID-19 infection (78, 85).", "line": 240, "relation": "positiveCorrelation"}
path(MESH:Mortality)	positiveCorrelation	bp(MESH:"Blood Coagulation")	{"annotations": {"Custom_Disease": {"COVID-19": true}, "PublicationStatus": {"Published": true}, "PublicationType": {"Review": true}, "Section": {"Results": true}, "Species": {"9606": true}}, "citation": {"authors": ["Ji HL", "Matalon S", "Matthay MA", "Zhao R"], "date": "2020-07-01", "db": "PubMed", "db_id": "32216698", "db_name": "Physiological reviews", "first": "Ji HL", "last": "Matthay MA", "pages": "1065-1075", "volume": "100"}, "evidence": "71.4% of non-survivors meet the criteria of the International Society on Thrombosis and Haemostasis (ISTH) for disseminated intravascular coagulation (DIC), suggesting the coexistence of coagulation activation and hyper-fibrinolysis in patients with severe COVID-19 infection (78, 85).", "line": 241, "relation": "positiveCorrelation"}
