a(FIXME:"air bronchogram")	positiveCorrelation	path(DO:"COVID-19")	{"annotations": {"Custom_Disease": {"COVID-19": true}, "PublicationStatus": {"Published": true}, "PublicationType": {"Case Report": true}, "Section": {"Results": true}, "Species": {"9606": true}}, "citation": {"authors": ["Kang S", "Tian R", "Wang K", "Wang Y", "Zhang X"], "date": "2020-05-01", "db": "PubMed", "db_id": "32216961", "db_name": "Clinical radiology", "first": "Wang K", "last": "Wang Y", "pages": "341-347", "volume": "75"}, "evidence": "the progressing stage manifestations were #DEFINEd as GGO and consolidation involving multiple lobes of both lungs; and severe stage manifestations were #DEFINEd as diffuse lesions of both lungs, a few patients might manifest the typical white lung sign, and the air bronchogram sign was common.", "line": 93, "relation": "positiveCorrelation"}
a(MESH:Lymphocytes)	negativeCorrelation	path(DO:"COVID-19")	{"annotations": {"Custom_Disease": {"COVID-19": true}, "PublicationStatus": {"Published": true}, "PublicationType": {"Case Report": true}, "Section": {"Results": true}, "Species": {"9606": true}, "Technique": {"computed tomography": true}}, "citation": {"authors": ["Kang S", "Tian R", "Wang K", "Wang Y", "Zhang X"], "date": "2020-05-01", "db": "PubMed", "db_id": "32216961", "db_name": "Clinical radiology", "first": "Wang K", "last": "Wang Y", "pages": "341-347", "volume": "75"}, "evidence": "The lymphocyte numbers of the patients were estimated from the routine blood test data at the time of admission or initial diagnosis. Spearman\u2019s correlation statistical analysis was performed on lymphocyte numbers and CT staging with results of p<0.05 and r\u00bc\u00010.780, suggesting a moderate negative correlation between the two.", "line": 109, "relation": "negativeCorrelation"}
bp(EFO:"oxygen saturation measurement")	negativeCorrelation	path(DO:"COVID-19")	{"annotations": {"Custom_Disease": {"COVID-19": true}, "PublicationStatus": {"Published": true}, "PublicationType": {"Case Report": true}, "Section": {"Results": true}, "Species": {"9606": true}, "Technique": {"computed tomography": true}}, "citation": {"authors": ["Kang S", "Tian R", "Wang K", "Wang Y", "Zhang X"], "date": "2020-05-01", "db": "PubMed", "db_id": "32216961", "db_name": "Clinical radiology", "first": "Wang K", "last": "Wang Y", "pages": "341-347", "volume": "75"}, "evidence": "The range of SPO2 under the natural breathing conditions of the patients in this study was 70e99%. Spearman\u2019s correlation statistical analysis was performed on SPO2 and CT staging with results of p<0.05 and r\u00bce0.446, suggesting a weak negative correlation between the two.", "line": 101, "relation": "negativeCorrelation"}
path(DO:"COVID-19")	positiveCorrelation	path(DO:"pulmonary coin lesion")	{"annotations": {"Custom_Disease": {"COVID-19": true}, "PublicationStatus": {"Published": true}, "PublicationType": {"Case Report": true}, "Section": {"Results": true}, "Species": {"9606": true}}, "citation": {"authors": ["Kang S", "Tian R", "Wang K", "Wang Y", "Zhang X"], "date": "2020-05-01", "db": "PubMed", "db_id": "32216961", "db_name": "Clinical radiology", "first": "Wang K", "last": "Wang Y", "pages": "341-347", "volume": "75"}, "evidence": "In the present study, the lung lesions of 48 cases (43.6%) were located in the peripheral zone and lesions of 62 cases (56.4%) involved both the peripheral and the central zones (Fig 1).", "line": 85, "relation": "positiveCorrelation"}
path(DO:"COVID-19")	positiveCorrelation	a(FIXME:"air bronchogram")	{"annotations": {"Custom_Disease": {"COVID-19": true}, "PublicationStatus": {"Published": true}, "PublicationType": {"Case Report": true}, "Section": {"Results": true}, "Species": {"9606": true}}, "citation": {"authors": ["Kang S", "Tian R", "Wang K", "Wang Y", "Zhang X"], "date": "2020-05-01", "db": "PubMed", "db_id": "32216961", "db_name": "Clinical radiology", "first": "Wang K", "last": "Wang Y", "pages": "341-347", "volume": "75"}, "evidence": "the progressing stage manifestations were #DEFINEd as GGO and consolidation involving multiple lobes of both lungs; and severe stage manifestations were #DEFINEd as diffuse lesions of both lungs, a few patients might manifest the typical white lung sign, and the air bronchogram sign was common.", "line": 93, "relation": "positiveCorrelation"}
path(DO:"COVID-19")	negativeCorrelation	bp(EFO:"oxygen saturation measurement")	{"annotations": {"Custom_Disease": {"COVID-19": true}, "PublicationStatus": {"Published": true}, "PublicationType": {"Case Report": true}, "Section": {"Results": true}, "Species": {"9606": true}, "Technique": {"computed tomography": true}}, "citation": {"authors": ["Kang S", "Tian R", "Wang K", "Wang Y", "Zhang X"], "date": "2020-05-01", "db": "PubMed", "db_id": "32216961", "db_name": "Clinical radiology", "first": "Wang K", "last": "Wang Y", "pages": "341-347", "volume": "75"}, "evidence": "The range of SPO2 under the natural breathing conditions of the patients in this study was 70e99%. Spearman\u2019s correlation statistical analysis was performed on SPO2 and CT staging with results of p<0.05 and r\u00bce0.446, suggesting a weak negative correlation between the two.", "line": 101, "relation": "negativeCorrelation"}
path(DO:"COVID-19")	negativeCorrelation	a(MESH:Lymphocytes)	{"annotations": {"Custom_Disease": {"COVID-19": true}, "PublicationStatus": {"Published": true}, "PublicationType": {"Case Report": true}, "Section": {"Results": true}, "Species": {"9606": true}, "Technique": {"computed tomography": true}}, "citation": {"authors": ["Kang S", "Tian R", "Wang K", "Wang Y", "Zhang X"], "date": "2020-05-01", "db": "PubMed", "db_id": "32216961", "db_name": "Clinical radiology", "first": "Wang K", "last": "Wang Y", "pages": "341-347", "volume": "75"}, "evidence": "The lymphocyte numbers of the patients were estimated from the routine blood test data at the time of admission or initial diagnosis. Spearman\u2019s correlation statistical analysis was performed on lymphocyte numbers and CT staging with results of p<0.05 and r\u00bc\u00010.780, suggesting a moderate negative correlation between the two.", "line": 109, "relation": "negativeCorrelation"}
path(DO:"COVID-19")	association	path(MESH:Fever)	{"annotations": {"Custom_Disease": {"COVID-19": true}, "PublicationStatus": {"Published": true}, "PublicationType": {"Case Report": true}, "Section": {"Results": true}, "Species": {"9606": true}}, "citation": {"authors": ["Kang S", "Tian R", "Wang K", "Wang Y", "Zhang X"], "date": "2020-05-01", "db": "PubMed", "db_id": "32216961", "db_name": "Clinical radiology", "first": "Wang K", "last": "Wang Y", "pages": "341-347", "volume": "75"}, "evidence": "Patient 1, a 52-year-old woman with a history of hypothyroidism, was admitted on 21 January 2020, complaining of fever of 5 days duration with 38.6\u0005C as the highest body temperature.", "line": 116, "relation": "association"}
path(DO:"COVID-19")	positiveCorrelation	path(DO:"viral pneumonia")	{"annotations": {"Custom_Disease": {"COVID-19": true}, "PublicationStatus": {"Published": true}, "PublicationType": {"Case Report": true}, "Section": {"Results": true}, "Species": {"9606": true}, "Technique": {"computed tomography": true}}, "citation": {"authors": ["Kang S", "Tian R", "Wang K", "Wang Y", "Zhang X"], "date": "2020-05-01", "db": "PubMed", "db_id": "32216961", "db_name": "Clinical radiology", "first": "Wang K", "last": "Wang Y", "pages": "341-347", "volume": "75"}, "evidence": "CT showed multiple scattered GGO shadows in the periphery zone of both lungs with a typical Rosa roxburghii sign, suggesting a high possibility of viral pneumonia in both lungs.", "line": 123, "relation": "positiveCorrelation"}
path(DO:"pulmonary coin lesion")	positiveCorrelation	path(DO:"COVID-19")	{"annotations": {"Custom_Disease": {"COVID-19": true}, "PublicationStatus": {"Published": true}, "PublicationType": {"Case Report": true}, "Section": {"Results": true}, "Species": {"9606": true}}, "citation": {"authors": ["Kang S", "Tian R", "Wang K", "Wang Y", "Zhang X"], "date": "2020-05-01", "db": "PubMed", "db_id": "32216961", "db_name": "Clinical radiology", "first": "Wang K", "last": "Wang Y", "pages": "341-347", "volume": "75"}, "evidence": "In the present study, the lung lesions of 48 cases (43.6%) were located in the peripheral zone and lesions of 62 cases (56.4%) involved both the peripheral and the central zones (Fig 1).", "line": 85, "relation": "positiveCorrelation"}
path(DO:"viral pneumonia")	positiveCorrelation	path(DO:"COVID-19")	{"annotations": {"Custom_Disease": {"COVID-19": true}, "PublicationStatus": {"Published": true}, "PublicationType": {"Case Report": true}, "Section": {"Results": true}, "Species": {"9606": true}, "Technique": {"computed tomography": true}}, "citation": {"authors": ["Kang S", "Tian R", "Wang K", "Wang Y", "Zhang X"], "date": "2020-05-01", "db": "PubMed", "db_id": "32216961", "db_name": "Clinical radiology", "first": "Wang K", "last": "Wang Y", "pages": "341-347", "volume": "75"}, "evidence": "CT showed multiple scattered GGO shadows in the periphery zone of both lungs with a typical Rosa roxburghii sign, suggesting a high possibility of viral pneumonia in both lungs.", "line": 123, "relation": "positiveCorrelation"}
path(MESH:Fever)	association	path(DO:"COVID-19")	{"annotations": {"Custom_Disease": {"COVID-19": true}, "PublicationStatus": {"Published": true}, "PublicationType": {"Case Report": true}, "Section": {"Results": true}, "Species": {"9606": true}}, "citation": {"authors": ["Kang S", "Tian R", "Wang K", "Wang Y", "Zhang X"], "date": "2020-05-01", "db": "PubMed", "db_id": "32216961", "db_name": "Clinical radiology", "first": "Wang K", "last": "Wang Y", "pages": "341-347", "volume": "75"}, "evidence": "Patient 1, a 52-year-old woman with a history of hypothyroidism, was admitted on 21 January 2020, complaining of fever of 5 days duration with 38.6\u0005C as the highest body temperature.", "line": 116, "relation": "association"}
