a(CHEBI:"Interferon alfa-2a")	decreases	path(DO:"COVID-19")	{"annotations": {"Custom_Disease": {"COVID-19 with gastrointestinal symptoms": true}, "PublicationStatus": {"Published": true}, "PublicationType": {"Research": true}, "Section": {"Results": true}, "Species": {"9606": true}}, "citation": {"authors": ["Cai JP", "Chan JF", "Chan JM", "Chan KH", "Chan WM", "Chen H", "Chen LL", "Chen Z", "Cheng VC", "Chik TS", "Choi CY", "Hung IF", "Ip JD", "Lau DP", "Leung WS", "Lung DC", "Luo CT", "Ng AC", "Poon RW", "Tam AR", "To KK", "Tsang OT", "Wu TC", "Yip CC", "Yuen KY"], "date": "2020-03-23", "db": "PubMed", "db_id": "32213337", "db_name": "The Lancet. Infectious diseases", "first": "To KK", "last": "Yuen KY"}, "evidence": "All 74 patients with COVID-19 with GI symptoms were treated in isolation with supportive and empiric medication, while 66 (89.19%) patients received antiviral treatment, including interferon-\u03b1 sprays, arbidol hydrochloride capsules (two tablets three times daily), lopinavir and ritonavir two tablets (500 mg) twice daily, via the oral route.", "line": 87, "relation": "decreases"}
a(CHEBI:glucose)	positiveCorrelation	path(DO:"COVID-19")	{"annotations": {"Custom_Disease": {"COVID-19 with gastrointestinal symptoms": true}, "PublicationStatus": {"Published": true}, "PublicationType": {"Research": true}, "Section": {"Results": true}, "Severity": {"Severe": true}, "Species": {"9606": true}}, "citation": {"authors": ["Cai JP", "Chan JF", "Chan JM", "Chan KH", "Chan WM", "Chen H", "Chen LL", "Chen Z", "Cheng VC", "Chik TS", "Choi CY", "Hung IF", "Ip JD", "Lau DP", "Leung WS", "Lung DC", "Luo CT", "Ng AC", "Poon RW", "Tam AR", "To KK", "Tsang OT", "Wu TC", "Yip CC", "Yuen KY"], "date": "2020-03-23", "db": "PubMed", "db_id": "32213337", "db_name": "The Lancet. Infectious diseases", "first": "To KK", "last": "Yuen KY"}, "evidence": "When compared with mild and common COVID-19, initial univariate analysis of epidemiological, clinical and laboratory variables identified 11 significantly changed risk factors for severe/critical COVID-19, including increased ORs of age, age \u226550 years, period between illness onset and hospital visit, sputum production, any existing medical condition, multiple lung infection, ALT, lactate dehydrogenase (LDH), glucose and CRP, as well as decreased OR of the infected area (online supplementary table 1).", "line": 103, "relation": "positiveCorrelation"}
a(CHEBI:lopinavir)	decreases	path(DO:"COVID-19")	{"annotations": {"Custom_Disease": {"COVID-19 with gastrointestinal symptoms": true}, "PublicationStatus": {"Published": true}, "PublicationType": {"Research": true}, "Section": {"Results": true}, "Species": {"9606": true}}, "citation": {"authors": ["Cai JP", "Chan JF", "Chan JM", "Chan KH", "Chan WM", "Chen H", "Chen LL", "Chen Z", "Cheng VC", "Chik TS", "Choi CY", "Hung IF", "Ip JD", "Lau DP", "Leung WS", "Lung DC", "Luo CT", "Ng AC", "Poon RW", "Tam AR", "To KK", "Tsang OT", "Wu TC", "Yip CC", "Yuen KY"], "date": "2020-03-23", "db": "PubMed", "db_id": "32213337", "db_name": "The Lancet. Infectious diseases", "first": "To KK", "last": "Yuen KY"}, "evidence": "All 74 patients with COVID-19 with GI symptoms were treated in isolation with supportive and empiric medication, while 66 (89.19%) patients received antiviral treatment, including interferon-\u03b1 sprays, arbidol hydrochloride capsules (two tablets three times daily), lopinavir and ritonavir two tablets (500 mg) twice daily, via the oral route.", "line": 89, "relation": "decreases"}
a(CHEBI:ritonavir)	decreases	path(DO:"COVID-19")	{"annotations": {"Custom_Disease": {"COVID-19 with gastrointestinal symptoms": true}, "PublicationStatus": {"Published": true}, "PublicationType": {"Research": true}, "Section": {"Results": true}, "Species": {"9606": true}}, "citation": {"authors": ["Cai JP", "Chan JF", "Chan JM", "Chan KH", "Chan WM", "Chen H", "Chen LL", "Chen Z", "Cheng VC", "Chik TS", "Choi CY", "Hung IF", "Ip JD", "Lau DP", "Leung WS", "Lung DC", "Luo CT", "Ng AC", "Poon RW", "Tam AR", "To KK", "Tsang OT", "Wu TC", "Yip CC", "Yuen KY"], "date": "2020-03-23", "db": "PubMed", "db_id": "32213337", "db_name": "The Lancet. Infectious diseases", "first": "To KK", "last": "Yuen KY"}, "evidence": "All 74 patients with COVID-19 with GI symptoms were treated in isolation with supportive and empiric medication, while 66 (89.19%) patients received antiviral treatment, including interferon-\u03b1 sprays, arbidol hydrochloride capsules (two tablets three times daily), lopinavir and ritonavir two tablets (500 mg) twice daily, via the oral route.", "line": 90, "relation": "decreases"}
a(MESH:"Age of Onset")	positiveCorrelation	path(DO:"COVID-19")	{"annotations": {"Custom_Disease": {"COVID-19 with gastrointestinal symptoms": true}, "PublicationStatus": {"Published": true}, "PublicationType": {"Research": true}, "Section": {"Results": true}, "Severity": {"Severe": true}, "Species": {"9606": true}}, "citation": {"authors": ["Cai JP", "Chan JF", "Chan JM", "Chan KH", "Chan WM", "Chen H", "Chen LL", "Chen Z", "Cheng VC", "Chik TS", "Choi CY", "Hung IF", "Ip JD", "Lau DP", "Leung WS", "Lung DC", "Luo CT", "Ng AC", "Poon RW", "Tam AR", "To KK", "Tsang OT", "Wu TC", "Yip CC", "Yuen KY"], "date": "2020-03-23", "db": "PubMed", "db_id": "32213337", "db_name": "The Lancet. Infectious diseases", "first": "To KK", "last": "Yuen KY"}, "evidence": "When compared with mild and common COVID-19, initial univariate analysis of epidemiological, clinical and laboratory variables identified 11 significantly changed risk factors for severe/critical COVID-19, including increased ORs of age, age \u226550 years, period between illness onset and hospital visit, sputum production, any existing medical condition, multiple lung infection, ALT, lactate dehydrogenase (LDH), glucose and CRP, as well as decreased OR of the infected area (online supplementary table 1).", "line": 97, "relation": "positiveCorrelation"}
a(MESH:"Hospice Care")	decreases	path(DO:"COVID-19")	{"annotations": {"Custom_Disease": {"COVID-19 with gastrointestinal symptoms": true}, "PublicationStatus": {"Published": true}, "PublicationType": {"Research": true}, "Section": {"Results": true}, "Species": {"9606": true}}, "citation": {"authors": ["Cai JP", "Chan JF", "Chan JM", "Chan KH", "Chan WM", "Chen H", "Chen LL", "Chen Z", "Cheng VC", "Chik TS", "Choi CY", "Hung IF", "Ip JD", "Lau DP", "Leung WS", "Lung DC", "Luo CT", "Ng AC", "Poon RW", "Tam AR", "To KK", "Tsang OT", "Wu TC", "Yip CC", "Yuen KY"], "date": "2020-03-23", "db": "PubMed", "db_id": "32213337", "db_name": "The Lancet. Infectious diseases", "first": "To KK", "last": "Yuen KY"}, "evidence": "All 74 patients with COVID-19 with GI symptoms were treated in isolation with supportive and empiric medication, while 66 (89.19%) patients received antiviral treatment, including interferon-\u03b1 sprays, arbidol hydrochloride capsules (two tablets three times daily), lopinavir and ritonavir two tablets (500 mg) twice daily, via the oral route.", "line": 86, "relation": "decreases"}
a(MESH:"Patient Isolation")	decreases	path(DO:"COVID-19")	{"annotations": {"Custom_Disease": {"COVID-19 with gastrointestinal symptoms": true}, "PublicationStatus": {"Published": true}, "PublicationType": {"Research": true}, "Section": {"Results": true}, "Species": {"9606": true}}, "citation": {"authors": ["Cai JP", "Chan JF", "Chan JM", "Chan KH", "Chan WM", "Chen H", "Chen LL", "Chen Z", "Cheng VC", "Chik TS", "Choi CY", "Hung IF", "Ip JD", "Lau DP", "Leung WS", "Lung DC", "Luo CT", "Ng AC", "Poon RW", "Tam AR", "To KK", "Tsang OT", "Wu TC", "Yip CC", "Yuen KY"], "date": "2020-03-23", "db": "PubMed", "db_id": "32213337", "db_name": "The Lancet. Infectious diseases", "first": "To KK", "last": "Yuen KY"}, "evidence": "All 74 patients with COVID-19 with GI symptoms were treated in isolation with supportive and empiric medication, while 66 (89.19%) patients received antiviral treatment, including interferon-\u03b1 sprays, arbidol hydrochloride capsules (two tablets three times daily), lopinavir and ritonavir two tablets (500 mg) twice daily, via the oral route.", "line": 85, "relation": "decreases"}
a(MESH:Sputum)	positiveCorrelation	path(DO:"COVID-19")	{"annotations": {"Custom_Disease": {"COVID-19 with gastrointestinal symptoms": true}, "PublicationStatus": {"Published": true}, "PublicationType": {"Research": true}, "Section": {"Results": true}, "Severity": {"Severe": true}, "Species": {"9606": true}}, "citation": {"authors": ["Cai JP", "Chan JF", "Chan JM", "Chan KH", "Chan WM", "Chen H", "Chen LL", "Chen Z", "Cheng VC", "Chik TS", "Choi CY", "Hung IF", "Ip JD", "Lau DP", "Leung WS", "Lung DC", "Luo CT", "Ng AC", "Poon RW", "Tam AR", "To KK", "Tsang OT", "Wu TC", "Yip CC", "Yuen KY"], "date": "2020-03-23", "db": "PubMed", "db_id": "32213337", "db_name": "The Lancet. Infectious diseases", "first": "To KK", "last": "Yuen KY"}, "evidence": "When compared with mild and common COVID-19, initial univariate analysis of epidemiological, clinical and laboratory variables identified 11 significantly changed risk factors for severe/critical COVID-19, including increased ORs of age, age \u226550 years, period between illness onset and hospital visit, sputum production, any existing medical condition, multiple lung infection, ALT, lactate dehydrogenase (LDH), glucose and CRP, as well as decreased OR of the infected area (online supplementary table 1).", "line": 98, "relation": "positiveCorrelation"}
a(PUBCHEM:9958103)	decreases	path(DO:"COVID-19")	{"annotations": {"Custom_Disease": {"COVID-19 with gastrointestinal symptoms": true}, "PublicationStatus": {"Published": true}, "PublicationType": {"Research": true}, "Section": {"Results": true}, "Species": {"9606": true}}, "citation": {"authors": ["Cai JP", "Chan JF", "Chan JM", "Chan KH", "Chan WM", "Chen H", "Chen LL", "Chen Z", "Cheng VC", "Chik TS", "Choi CY", "Hung IF", "Ip JD", "Lau DP", "Leung WS", "Lung DC", "Luo CT", "Ng AC", "Poon RW", "Tam AR", "To KK", "Tsang OT", "Wu TC", "Yip CC", "Yuen KY"], "date": "2020-03-23", "db": "PubMed", "db_id": "32213337", "db_name": "The Lancet. Infectious diseases", "first": "To KK", "last": "Yuen KY"}, "evidence": "All 74 patients with COVID-19 with GI symptoms were treated in isolation with supportive and empiric medication, while 66 (89.19%) patients received antiviral treatment, including interferon-\u03b1 sprays, arbidol hydrochloride capsules (two tablets three times daily), lopinavir and ritonavir two tablets (500 mg) twice daily, via the oral route.", "line": 88, "relation": "decreases"}
p(HGNC:CRP)	positiveCorrelation	path(DO:"COVID-19")	{"annotations": {"Custom_Disease": {"COVID-19 with gastrointestinal symptoms": true}, "PublicationStatus": {"Published": true}, "PublicationType": {"Research": true}, "Section": {"Results": true}, "Severity": {"Severe": true}, "Species": {"9606": true}}, "citation": {"authors": ["Cai JP", "Chan JF", "Chan JM", "Chan KH", "Chan WM", "Chen H", "Chen LL", "Chen Z", "Cheng VC", "Chik TS", "Choi CY", "Hung IF", "Ip JD", "Lau DP", "Leung WS", "Lung DC", "Luo CT", "Ng AC", "Poon RW", "Tam AR", "To KK", "Tsang OT", "Wu TC", "Yip CC", "Yuen KY"], "date": "2020-03-23", "db": "PubMed", "db_id": "32213337", "db_name": "The Lancet. Infectious diseases", "first": "To KK", "last": "Yuen KY"}, "evidence": "When compared with mild and common COVID-19, initial univariate analysis of epidemiological, clinical and laboratory variables identified 11 significantly changed risk factors for severe/critical COVID-19, including increased ORs of age, age \u226550 years, period between illness onset and hospital visit, sputum production, any existing medical condition, multiple lung infection, ALT, lactate dehydrogenase (LDH), glucose and CRP, as well as decreased OR of the infected area (online supplementary table 1).", "line": 104, "relation": "positiveCorrelation"}
p(HGNC:GPT)	positiveCorrelation	path(DO:"COVID-19")	{"annotations": {"Custom_Disease": {"COVID-19 with gastrointestinal symptoms": true}, "PublicationStatus": {"Published": true}, "PublicationType": {"Research": true}, "Section": {"Results": true}, "Severity": {"Severe": true}, "Species": {"9606": true}}, "citation": {"authors": ["Cai JP", "Chan JF", "Chan JM", "Chan KH", "Chan WM", "Chen H", "Chen LL", "Chen Z", "Cheng VC", "Chik TS", "Choi CY", "Hung IF", "Ip JD", "Lau DP", "Leung WS", "Lung DC", "Luo CT", "Ng AC", "Poon RW", "Tam AR", "To KK", "Tsang OT", "Wu TC", "Yip CC", "Yuen KY"], "date": "2020-03-23", "db": "PubMed", "db_id": "32213337", "db_name": "The Lancet. Infectious diseases", "first": "To KK", "last": "Yuen KY"}, "evidence": "When compared with mild and common COVID-19, initial univariate analysis of epidemiological, clinical and laboratory variables identified 11 significantly changed risk factors for severe/critical COVID-19, including increased ORs of age, age \u226550 years, period between illness onset and hospital visit, sputum production, any existing medical condition, multiple lung infection, ALT, lactate dehydrogenase (LDH), glucose and CRP, as well as decreased OR of the infected area (online supplementary table 1).", "line": 101, "relation": "positiveCorrelation"}
p(HGNC:LDHA)	positiveCorrelation	path(DO:"COVID-19")	{"annotations": {"Custom_Disease": {"COVID-19 with gastrointestinal symptoms": true}, "PublicationStatus": {"Published": true}, "PublicationType": {"Research": true}, "Section": {"Results": true}, "Severity": {"Severe": true}, "Species": {"9606": true}}, "citation": {"authors": ["Cai JP", "Chan JF", "Chan JM", "Chan KH", "Chan WM", "Chen H", "Chen LL", "Chen Z", "Cheng VC", "Chik TS", "Choi CY", "Hung IF", "Ip JD", "Lau DP", "Leung WS", "Lung DC", "Luo CT", "Ng AC", "Poon RW", "Tam AR", "To KK", "Tsang OT", "Wu TC", "Yip CC", "Yuen KY"], "date": "2020-03-23", "db": "PubMed", "db_id": "32213337", "db_name": "The Lancet. Infectious diseases", "first": "To KK", "last": "Yuen KY"}, "evidence": "When compared with mild and common COVID-19, initial univariate analysis of epidemiological, clinical and laboratory variables identified 11 significantly changed risk factors for severe/critical COVID-19, including increased ORs of age, age \u226550 years, period between illness onset and hospital visit, sputum production, any existing medical condition, multiple lung infection, ALT, lactate dehydrogenase (LDH), glucose and CRP, as well as decreased OR of the infected area (online supplementary table 1).", "line": 102, "relation": "positiveCorrelation"}
path(DO:"COVID-19")	increases	path(MESH:Diarrhea)	{"annotations": {"Custom_Disease": {"COVID-19 with gastrointestinal symptoms": true}, "PublicationStatus": {"Published": true}, "PublicationType": {"Research": true}, "Section": {"Results": true}, "Species": {"9606": true}}, "citation": {"authors": ["Cai JP", "Chan JF", "Chan JM", "Chan KH", "Chan WM", "Chen H", "Chen LL", "Chen Z", "Cheng VC", "Chik TS", "Choi CY", "Hung IF", "Ip JD", "Lau DP", "Leung WS", "Lung DC", "Luo CT", "Ng AC", "Poon RW", "Tam AR", "To KK", "Tsang OT", "Wu TC", "Yip CC", "Yuen KY"], "date": "2020-03-23", "db": "PubMed", "db_id": "32213337", "db_name": "The Lancet. Infectious diseases", "first": "To KK", "last": "Yuen KY"}, "evidence": "In detail, of 74 patients with COVID-19 with GI symptoms, 53 patients had only the symptom of diarrhoea, 11 patients had only the symptom of vomiting and 10 patients had only the symptom of nausea.", "line": 47, "relation": "increases"}
path(DO:"COVID-19")	increases	path(MESH:Vomiting)	{"annotations": {"Custom_Disease": {"COVID-19 with gastrointestinal symptoms": true}, "PublicationStatus": {"Published": true}, "PublicationType": {"Research": true}, "Section": {"Results": true}, "Species": {"9606": true}}, "citation": {"authors": ["Cai JP", "Chan JF", "Chan JM", "Chan KH", "Chan WM", "Chen H", "Chen LL", "Chen Z", "Cheng VC", "Chik TS", "Choi CY", "Hung IF", "Ip JD", "Lau DP", "Leung WS", "Lung DC", "Luo CT", "Ng AC", "Poon RW", "Tam AR", "To KK", "Tsang OT", "Wu TC", "Yip CC", "Yuen KY"], "date": "2020-03-23", "db": "PubMed", "db_id": "32213337", "db_name": "The Lancet. Infectious diseases", "first": "To KK", "last": "Yuen KY"}, "evidence": "In detail, of 74 patients with COVID-19 with GI symptoms, 53 patients had only the symptom of diarrhoea, 11 patients had only the symptom of vomiting and 10 patients had only the symptom of nausea.", "line": 48, "relation": "increases"}
path(DO:"COVID-19")	increases	path(MESH:Nausea)	{"annotations": {"Custom_Disease": {"COVID-19 with gastrointestinal symptoms": true}, "PublicationStatus": {"Published": true}, "PublicationType": {"Research": true}, "Section": {"Results": true}, "Species": {"9606": true}}, "citation": {"authors": ["Cai JP", "Chan JF", "Chan JM", "Chan KH", "Chan WM", "Chen H", "Chen LL", "Chen Z", "Cheng VC", "Chik TS", "Choi CY", "Hung IF", "Ip JD", "Lau DP", "Leung WS", "Lung DC", "Luo CT", "Ng AC", "Poon RW", "Tam AR", "To KK", "Tsang OT", "Wu TC", "Yip CC", "Yuen KY"], "date": "2020-03-23", "db": "PubMed", "db_id": "32213337", "db_name": "The Lancet. Infectious diseases", "first": "To KK", "last": "Yuen KY"}, "evidence": "In detail, of 74 patients with COVID-19 with GI symptoms, 53 patients had only the symptom of diarrhoea, 11 patients had only the symptom of vomiting and 10 patients had only the symptom of nausea.", "line": 49, "relation": "increases"}
path(DO:"COVID-19")	increases	path(DO:"liver disease")	{"annotations": {"Custom_Disease": {"COVID-19 with gastrointestinal symptoms": true}, "PublicationStatus": {"Published": true}, "PublicationType": {"Research": true}, "Section": {"Results": true}, "Species": {"9606": true}}, "citation": {"authors": ["Cai JP", "Chan JF", "Chan JM", "Chan KH", "Chan WM", "Chen H", "Chen LL", "Chen Z", "Cheng VC", "Chik TS", "Choi CY", "Hung IF", "Ip JD", "Lau DP", "Leung WS", "Lung DC", "Luo CT", "Ng AC", "Poon RW", "Tam AR", "To KK", "Tsang OT", "Wu TC", "Yip CC", "Yuen KY"], "date": "2020-03-23", "db": "PubMed", "db_id": "32213337", "db_name": "The Lancet. Infectious diseases", "first": "To KK", "last": "Yuen KY"}, "evidence": "Intriguingly, the rate of chronic liver disease was 10.81% in patients with COVID-19 with GI symptoms, which was significantly higher than that of 2.95% in those without GI symptoms (p=0.004).", "line": 55, "relation": "increases"}
path(DO:"COVID-19")	increases	path(MESH:Fever)	{"annotations": {"Custom_Disease": {"COVID-19 with gastrointestinal symptoms": true}, "PublicationStatus": {"Published": true}, "PublicationType": {"Research": true}, "Section": {"Results": true}, "Species": {"9606": true}}, "citation": {"authors": ["Cai JP", "Chan JF", "Chan JM", "Chan KH", "Chan WM", "Chen H", "Chen LL", "Chen Z", "Cheng VC", "Chik TS", "Choi CY", "Hung IF", "Ip JD", "Lau DP", "Leung WS", "Lung DC", "Luo CT", "Ng AC", "Poon RW", "Tam AR", "To KK", "Tsang OT", "Wu TC", "Yip CC", "Yuen KY"], "date": "2020-03-23", "db": "PubMed", "db_id": "32213337", "db_name": "The Lancet. Infectious diseases", "first": "To KK", "last": "Yuen KY"}, "evidence": "Fever, cough and sputum production were the most common symptoms. Of the aforementioned symptoms, 29 (39.19%), 23 (31.08%), 8 (10.81%) and 16 (21.62%) patients with COVID-19 with GI symptoms had >38.5\u00b0C fever, fatigue, shortness of breath and headache, respectively, substantially higher than their respective counterparts without GI symptoms.", "line": 61, "relation": "increases"}
path(DO:"COVID-19")	increases	path(MESH:Cough)	{"annotations": {"Custom_Disease": {"COVID-19 with gastrointestinal symptoms": true}, "PublicationStatus": {"Published": true}, "PublicationType": {"Research": true}, "Section": {"Results": true}, "Species": {"9606": true}}, "citation": {"authors": ["Cai JP", "Chan JF", "Chan JM", "Chan KH", "Chan WM", "Chen H", "Chen LL", "Chen Z", "Cheng VC", "Chik TS", "Choi CY", "Hung IF", "Ip JD", "Lau DP", "Leung WS", "Lung DC", "Luo CT", "Ng AC", "Poon RW", "Tam AR", "To KK", "Tsang OT", "Wu TC", "Yip CC", "Yuen KY"], "date": "2020-03-23", "db": "PubMed", "db_id": "32213337", "db_name": "The Lancet. Infectious diseases", "first": "To KK", "last": "Yuen KY"}, "evidence": "Fever, cough and sputum production were the most common symptoms. Of the aforementioned symptoms, 29 (39.19%), 23 (31.08%), 8 (10.81%) and 16 (21.62%) patients with COVID-19 with GI symptoms had >38.5\u00b0C fever, fatigue, shortness of breath and headache, respectively, substantially higher than their respective counterparts without GI symptoms.", "line": 62, "relation": "increases"}
path(DO:"COVID-19")	increases	a(MESH:Sputum)	{"annotations": {"Custom_Disease": {"COVID-19 with gastrointestinal symptoms": true}, "PublicationStatus": {"Published": true}, "PublicationType": {"Research": true}, "Section": {"Results": true}, "Species": {"9606": true}}, "citation": {"authors": ["Cai JP", "Chan JF", "Chan JM", "Chan KH", "Chan WM", "Chen H", "Chen LL", "Chen Z", "Cheng VC", "Chik TS", "Choi CY", "Hung IF", "Ip JD", "Lau DP", "Leung WS", "Lung DC", "Luo CT", "Ng AC", "Poon RW", "Tam AR", "To KK", "Tsang OT", "Wu TC", "Yip CC", "Yuen KY"], "date": "2020-03-23", "db": "PubMed", "db_id": "32213337", "db_name": "The Lancet. Infectious diseases", "first": "To KK", "last": "Yuen KY"}, "evidence": "Fever, cough and sputum production were the most common symptoms. Of the aforementioned symptoms, 29 (39.19%), 23 (31.08%), 8 (10.81%) and 16 (21.62%) patients with COVID-19 with GI symptoms had >38.5\u00b0C fever, fatigue, shortness of breath and headache, respectively, substantially higher than their respective counterparts without GI symptoms.", "line": 63, "relation": "increases"}
path(DO:"COVID-19")	positiveCorrelation	a(MESH:Sputum)	{"annotations": {"Custom_Disease": {"COVID-19 with gastrointestinal symptoms": true}, "PublicationStatus": {"Published": true}, "PublicationType": {"Research": true}, "Section": {"Results": true}, "Severity": {"Severe": true}, "Species": {"9606": true}}, "citation": {"authors": ["Cai JP", "Chan JF", "Chan JM", "Chan KH", "Chan WM", "Chen H", "Chen LL", "Chen Z", "Cheng VC", "Chik TS", "Choi CY", "Hung IF", "Ip JD", "Lau DP", "Leung WS", "Lung DC", "Luo CT", "Ng AC", "Poon RW", "Tam AR", "To KK", "Tsang OT", "Wu TC", "Yip CC", "Yuen KY"], "date": "2020-03-23", "db": "PubMed", "db_id": "32213337", "db_name": "The Lancet. Infectious diseases", "first": "To KK", "last": "Yuen KY"}, "evidence": "When compared with mild and common COVID-19, initial univariate analysis of epidemiological, clinical and laboratory variables identified 11 significantly changed risk factors for severe/critical COVID-19, including increased ORs of age, age \u226550 years, period between illness onset and hospital visit, sputum production, any existing medical condition, multiple lung infection, ALT, lactate dehydrogenase (LDH), glucose and CRP, as well as decreased OR of the infected area (online supplementary table 1).", "line": 98, "relation": "positiveCorrelation"}
path(DO:"COVID-19")	increases	path(MESH:Fatigue)	{"annotations": {"Custom_Disease": {"COVID-19 with gastrointestinal symptoms": true}, "PublicationStatus": {"Published": true}, "PublicationType": {"Research": true}, "Section": {"Results": true}, "Species": {"9606": true}}, "citation": {"authors": ["Cai JP", "Chan JF", "Chan JM", "Chan KH", "Chan WM", "Chen H", "Chen LL", "Chen Z", "Cheng VC", "Chik TS", "Choi CY", "Hung IF", "Ip JD", "Lau DP", "Leung WS", "Lung DC", "Luo CT", "Ng AC", "Poon RW", "Tam AR", "To KK", "Tsang OT", "Wu TC", "Yip CC", "Yuen KY"], "date": "2020-03-23", "db": "PubMed", "db_id": "32213337", "db_name": "The Lancet. Infectious diseases", "first": "To KK", "last": "Yuen KY"}, "evidence": "Fever, cough and sputum production were the most common symptoms. Of the aforementioned symptoms, 29 (39.19%), 23 (31.08%), 8 (10.81%) and 16 (21.62%) patients with COVID-19 with GI symptoms had >38.5\u00b0C fever, fatigue, shortness of breath and headache, respectively, substantially higher than their respective counterparts without GI symptoms.", "line": 64, "relation": "increases"}
path(DO:"COVID-19")	increases	path(MESH:Dyspnea)	{"annotations": {"Custom_Disease": {"COVID-19 with gastrointestinal symptoms": true}, "PublicationStatus": {"Published": true}, "PublicationType": {"Research": true}, "Section": {"Results": true}, "Species": {"9606": true}}, "citation": {"authors": ["Cai JP", "Chan JF", "Chan JM", "Chan KH", "Chan WM", "Chen H", "Chen LL", "Chen Z", "Cheng VC", "Chik TS", "Choi CY", "Hung IF", "Ip JD", "Lau DP", "Leung WS", "Lung DC", "Luo CT", "Ng AC", "Poon RW", "Tam AR", "To KK", "Tsang OT", "Wu TC", "Yip CC", "Yuen KY"], "date": "2020-03-23", "db": "PubMed", "db_id": "32213337", "db_name": "The Lancet. Infectious diseases", "first": "To KK", "last": "Yuen KY"}, "evidence": "Fever, cough and sputum production were the most common symptoms. Of the aforementioned symptoms, 29 (39.19%), 23 (31.08%), 8 (10.81%) and 16 (21.62%) patients with COVID-19 with GI symptoms had >38.5\u00b0C fever, fatigue, shortness of breath and headache, respectively, substantially higher than their respective counterparts without GI symptoms.", "line": 65, "relation": "increases"}
path(DO:"COVID-19")	increases	path(MESH:Headache)	{"annotations": {"Custom_Disease": {"COVID-19 with gastrointestinal symptoms": true}, "PublicationStatus": {"Published": true}, "PublicationType": {"Research": true}, "Section": {"Results": true}, "Species": {"9606": true}}, "citation": {"authors": ["Cai JP", "Chan JF", "Chan JM", "Chan KH", "Chan WM", "Chen H", "Chen LL", "Chen Z", "Cheng VC", "Chik TS", "Choi CY", "Hung IF", "Ip JD", "Lau DP", "Leung WS", "Lung DC", "Luo CT", "Ng AC", "Poon RW", "Tam AR", "To KK", "Tsang OT", "Wu TC", "Yip CC", "Yuen KY"], "date": "2020-03-23", "db": "PubMed", "db_id": "32213337", "db_name": "The Lancet. Infectious diseases", "first": "To KK", "last": "Yuen KY"}, "evidence": "Fever, cough and sputum production were the most common symptoms. Of the aforementioned symptoms, 29 (39.19%), 23 (31.08%), 8 (10.81%) and 16 (21.62%) patients with COVID-19 with GI symptoms had >38.5\u00b0C fever, fatigue, shortness of breath and headache, respectively, substantially higher than their respective counterparts without GI symptoms.", "line": 66, "relation": "increases"}
path(DO:"COVID-19")	increases	path(DO:pneumonia)	{"annotations": {"Custom_Disease": {"COVID-19 without gastrointestinal symptoms": true}, "PublicationStatus": {"Published": true}, "PublicationType": {"Research": true}, "Section": {"Results": true}, "Species": {"9606": true}}, "citation": {"authors": ["Cai JP", "Chan JF", "Chan JM", "Chan KH", "Chan WM", "Chen H", "Chen LL", "Chen Z", "Cheng VC", "Chik TS", "Choi CY", "Hung IF", "Ip JD", "Lau DP", "Leung WS", "Lung DC", "Luo CT", "Ng AC", "Poon RW", "Tam AR", "To KK", "Tsang OT", "Wu TC", "Yip CC", "Yuen KY"], "date": "2020-03-23", "db": "PubMed", "db_id": "32213337", "db_name": "The Lancet. Infectious diseases", "first": "To KK", "last": "Yuen KY"}, "evidence": "Finally, although most radiographic presentations were similar between patients with COVID-19 with and without GI symptoms, the rate of unilateral pneumonia was 12.16% in patients with GI symptoms, much lower than 23.22% in those without GI symptoms (p=0.030).", "line": 72, "relation": "increases"}
path(DO:"COVID-19")	increases	path(DO:"adult respiratory distress syndrome")	{"annotations": {"Custom_Disease": {"COVID-19 with gastrointestinal symptoms": true}, "PublicationStatus": {"Published": true}, "PublicationType": {"Research": true}, "Section": {"Results": true}, "Species": {"9606": true}}, "citation": {"authors": ["Cai JP", "Chan JF", "Chan JM", "Chan KH", "Chan WM", "Chen H", "Chen LL", "Chen Z", "Cheng VC", "Chik TS", "Choi CY", "Hung IF", "Ip JD", "Lau DP", "Leung WS", "Lung DC", "Luo CT", "Ng AC", "Poon RW", "Tam AR", "To KK", "Tsang OT", "Wu TC", "Yip CC", "Yuen KY"], "date": "2020-03-23", "db": "PubMed", "db_id": "32213337", "db_name": "The Lancet. Infectious diseases", "first": "To KK", "last": "Yuen KY"}, "evidence": "As shown in table 3, 5 (6.76%), 13 (17.57%) and 1 (1.35%) patient with COVID-19 with GI symptoms had complications of ARDS, liver injury and shock, respectively, where the former two were significantly higher than their counterparts of 2.08% and 8.84% in patients with COVID-19 without GI symptoms, respectively (p=0.034; p=0.035).", "line": 78, "relation": "increases"}
path(DO:"COVID-19")	increases	path(MESH:"Chemical and Drug Induced Liver Injury")	{"annotations": {"Custom_Disease": {"COVID-19 with gastrointestinal symptoms": true}, "PublicationStatus": {"Published": true}, "PublicationType": {"Research": true}, "Section": {"Results": true}, "Species": {"9606": true}}, "citation": {"authors": ["Cai JP", "Chan JF", "Chan JM", "Chan KH", "Chan WM", "Chen H", "Chen LL", "Chen Z", "Cheng VC", "Chik TS", "Choi CY", "Hung IF", "Ip JD", "Lau DP", "Leung WS", "Lung DC", "Luo CT", "Ng AC", "Poon RW", "Tam AR", "To KK", "Tsang OT", "Wu TC", "Yip CC", "Yuen KY"], "date": "2020-03-23", "db": "PubMed", "db_id": "32213337", "db_name": "The Lancet. Infectious diseases", "first": "To KK", "last": "Yuen KY"}, "evidence": "As shown in table 3, 5 (6.76%), 13 (17.57%) and 1 (1.35%) patient with COVID-19 with GI symptoms had complications of ARDS, liver injury and shock, respectively, where the former two were significantly higher than their counterparts of 2.08% and 8.84% in patients with COVID-19 without GI symptoms, respectively (p=0.034; p=0.035).", "line": 79, "relation": "increases"}
path(DO:"COVID-19")	positiveCorrelation	a(MESH:"Age of Onset")	{"annotations": {"Custom_Disease": {"COVID-19 with gastrointestinal symptoms": true}, "PublicationStatus": {"Published": true}, "PublicationType": {"Research": true}, "Section": {"Results": true}, "Severity": {"Severe": true}, "Species": {"9606": true}}, "citation": {"authors": ["Cai JP", "Chan JF", "Chan JM", "Chan KH", "Chan WM", "Chen H", "Chen LL", "Chen Z", "Cheng VC", "Chik TS", "Choi CY", "Hung IF", "Ip JD", "Lau DP", "Leung WS", "Lung DC", "Luo CT", "Ng AC", "Poon RW", "Tam AR", "To KK", "Tsang OT", "Wu TC", "Yip CC", "Yuen KY"], "date": "2020-03-23", "db": "PubMed", "db_id": "32213337", "db_name": "The Lancet. Infectious diseases", "first": "To KK", "last": "Yuen KY"}, "evidence": "When compared with mild and common COVID-19, initial univariate analysis of epidemiological, clinical and laboratory variables identified 11 significantly changed risk factors for severe/critical COVID-19, including increased ORs of age, age \u226550 years, period between illness onset and hospital visit, sputum production, any existing medical condition, multiple lung infection, ALT, lactate dehydrogenase (LDH), glucose and CRP, as well as decreased OR of the infected area (online supplementary table 1).", "line": 97, "relation": "positiveCorrelation"}
path(DO:"COVID-19")	positiveCorrelation	path(MESH:"Iatrogenic Disease")	{"annotations": {"Custom_Disease": {"COVID-19 with gastrointestinal symptoms": true}, "PublicationStatus": {"Published": true}, "PublicationType": {"Research": true}, "Section": {"Results": true}, "Severity": {"Severe": true}, "Species": {"9606": true}}, "citation": {"authors": ["Cai JP", "Chan JF", "Chan JM", "Chan KH", "Chan WM", "Chen H", "Chen LL", "Chen Z", "Cheng VC", "Chik TS", "Choi CY", "Hung IF", "Ip JD", "Lau DP", "Leung WS", "Lung DC", "Luo CT", "Ng AC", "Poon RW", "Tam AR", "To KK", "Tsang OT", "Wu TC", "Yip CC", "Yuen KY"], "date": "2020-03-23", "db": "PubMed", "db_id": "32213337", "db_name": "The Lancet. Infectious diseases", "first": "To KK", "last": "Yuen KY"}, "evidence": "When compared with mild and common COVID-19, initial univariate analysis of epidemiological, clinical and laboratory variables identified 11 significantly changed risk factors for severe/critical COVID-19, including increased ORs of age, age \u226550 years, period between illness onset and hospital visit, sputum production, any existing medical condition, multiple lung infection, ALT, lactate dehydrogenase (LDH), glucose and CRP, as well as decreased OR of the infected area (online supplementary table 1).", "line": 99, "relation": "positiveCorrelation"}
path(DO:"COVID-19")	positiveCorrelation	path(DO:"lung disease")	{"annotations": {"Custom_Disease": {"COVID-19 with gastrointestinal symptoms": true}, "PublicationStatus": {"Published": true}, "PublicationType": {"Research": true}, "Section": {"Results": true}, "Severity": {"Severe": true}, "Species": {"9606": true}}, "citation": {"authors": ["Cai JP", "Chan JF", "Chan JM", "Chan KH", "Chan WM", "Chen H", "Chen LL", "Chen Z", "Cheng VC", "Chik TS", "Choi CY", "Hung IF", "Ip JD", "Lau DP", "Leung WS", "Lung DC", "Luo CT", "Ng AC", "Poon RW", "Tam AR", "To KK", "Tsang OT", "Wu TC", "Yip CC", "Yuen KY"], "date": "2020-03-23", "db": "PubMed", "db_id": "32213337", "db_name": "The Lancet. Infectious diseases", "first": "To KK", "last": "Yuen KY"}, "evidence": "When compared with mild and common COVID-19, initial univariate analysis of epidemiological, clinical and laboratory variables identified 11 significantly changed risk factors for severe/critical COVID-19, including increased ORs of age, age \u226550 years, period between illness onset and hospital visit, sputum production, any existing medical condition, multiple lung infection, ALT, lactate dehydrogenase (LDH), glucose and CRP, as well as decreased OR of the infected area (online supplementary table 1).", "line": 100, "relation": "positiveCorrelation"}
path(DO:"COVID-19")	positiveCorrelation	p(HGNC:GPT)	{"annotations": {"Custom_Disease": {"COVID-19 with gastrointestinal symptoms": true}, "PublicationStatus": {"Published": true}, "PublicationType": {"Research": true}, "Section": {"Results": true}, "Severity": {"Severe": true}, "Species": {"9606": true}}, "citation": {"authors": ["Cai JP", "Chan JF", "Chan JM", "Chan KH", "Chan WM", "Chen H", "Chen LL", "Chen Z", "Cheng VC", "Chik TS", "Choi CY", "Hung IF", "Ip JD", "Lau DP", "Leung WS", "Lung DC", "Luo CT", "Ng AC", "Poon RW", "Tam AR", "To KK", "Tsang OT", "Wu TC", "Yip CC", "Yuen KY"], "date": "2020-03-23", "db": "PubMed", "db_id": "32213337", "db_name": "The Lancet. Infectious diseases", "first": "To KK", "last": "Yuen KY"}, "evidence": "When compared with mild and common COVID-19, initial univariate analysis of epidemiological, clinical and laboratory variables identified 11 significantly changed risk factors for severe/critical COVID-19, including increased ORs of age, age \u226550 years, period between illness onset and hospital visit, sputum production, any existing medical condition, multiple lung infection, ALT, lactate dehydrogenase (LDH), glucose and CRP, as well as decreased OR of the infected area (online supplementary table 1).", "line": 101, "relation": "positiveCorrelation"}
path(DO:"COVID-19")	positiveCorrelation	p(HGNC:LDHA)	{"annotations": {"Custom_Disease": {"COVID-19 with gastrointestinal symptoms": true}, "PublicationStatus": {"Published": true}, "PublicationType": {"Research": true}, "Section": {"Results": true}, "Severity": {"Severe": true}, "Species": {"9606": true}}, "citation": {"authors": ["Cai JP", "Chan JF", "Chan JM", "Chan KH", "Chan WM", "Chen H", "Chen LL", "Chen Z", "Cheng VC", "Chik TS", "Choi CY", "Hung IF", "Ip JD", "Lau DP", "Leung WS", "Lung DC", "Luo CT", "Ng AC", "Poon RW", "Tam AR", "To KK", "Tsang OT", "Wu TC", "Yip CC", "Yuen KY"], "date": "2020-03-23", "db": "PubMed", "db_id": "32213337", "db_name": "The Lancet. Infectious diseases", "first": "To KK", "last": "Yuen KY"}, "evidence": "When compared with mild and common COVID-19, initial univariate analysis of epidemiological, clinical and laboratory variables identified 11 significantly changed risk factors for severe/critical COVID-19, including increased ORs of age, age \u226550 years, period between illness onset and hospital visit, sputum production, any existing medical condition, multiple lung infection, ALT, lactate dehydrogenase (LDH), glucose and CRP, as well as decreased OR of the infected area (online supplementary table 1).", "line": 102, "relation": "positiveCorrelation"}
path(DO:"COVID-19")	positiveCorrelation	a(CHEBI:glucose)	{"annotations": {"Custom_Disease": {"COVID-19 with gastrointestinal symptoms": true}, "PublicationStatus": {"Published": true}, "PublicationType": {"Research": true}, "Section": {"Results": true}, "Severity": {"Severe": true}, "Species": {"9606": true}}, "citation": {"authors": ["Cai JP", "Chan JF", "Chan JM", "Chan KH", "Chan WM", "Chen H", "Chen LL", "Chen Z", "Cheng VC", "Chik TS", "Choi CY", "Hung IF", "Ip JD", "Lau DP", "Leung WS", "Lung DC", "Luo CT", "Ng AC", "Poon RW", "Tam AR", "To KK", "Tsang OT", "Wu TC", "Yip CC", "Yuen KY"], "date": "2020-03-23", "db": "PubMed", "db_id": "32213337", "db_name": "The Lancet. Infectious diseases", "first": "To KK", "last": "Yuen KY"}, "evidence": "When compared with mild and common COVID-19, initial univariate analysis of epidemiological, clinical and laboratory variables identified 11 significantly changed risk factors for severe/critical COVID-19, including increased ORs of age, age \u226550 years, period between illness onset and hospital visit, sputum production, any existing medical condition, multiple lung infection, ALT, lactate dehydrogenase (LDH), glucose and CRP, as well as decreased OR of the infected area (online supplementary table 1).", "line": 103, "relation": "positiveCorrelation"}
path(DO:"COVID-19")	positiveCorrelation	p(HGNC:CRP)	{"annotations": {"Custom_Disease": {"COVID-19 with gastrointestinal symptoms": true}, "PublicationStatus": {"Published": true}, "PublicationType": {"Research": true}, "Section": {"Results": true}, "Severity": {"Severe": true}, "Species": {"9606": true}}, "citation": {"authors": ["Cai JP", "Chan JF", "Chan JM", "Chan KH", "Chan WM", "Chen H", "Chen LL", "Chen Z", "Cheng VC", "Chik TS", "Choi CY", "Hung IF", "Ip JD", "Lau DP", "Leung WS", "Lung DC", "Luo CT", "Ng AC", "Poon RW", "Tam AR", "To KK", "Tsang OT", "Wu TC", "Yip CC", "Yuen KY"], "date": "2020-03-23", "db": "PubMed", "db_id": "32213337", "db_name": "The Lancet. Infectious diseases", "first": "To KK", "last": "Yuen KY"}, "evidence": "When compared with mild and common COVID-19, initial univariate analysis of epidemiological, clinical and laboratory variables identified 11 significantly changed risk factors for severe/critical COVID-19, including increased ORs of age, age \u226550 years, period between illness onset and hospital visit, sputum production, any existing medical condition, multiple lung infection, ALT, lactate dehydrogenase (LDH), glucose and CRP, as well as decreased OR of the infected area (online supplementary table 1).", "line": 104, "relation": "positiveCorrelation"}
path(DO:"lung disease")	positiveCorrelation	path(DO:"COVID-19")	{"annotations": {"Custom_Disease": {"COVID-19 with gastrointestinal symptoms": true}, "PublicationStatus": {"Published": true}, "PublicationType": {"Research": true}, "Section": {"Results": true}, "Severity": {"Severe": true}, "Species": {"9606": true}}, "citation": {"authors": ["Cai JP", "Chan JF", "Chan JM", "Chan KH", "Chan WM", "Chen H", "Chen LL", "Chen Z", "Cheng VC", "Chik TS", "Choi CY", "Hung IF", "Ip JD", "Lau DP", "Leung WS", "Lung DC", "Luo CT", "Ng AC", "Poon RW", "Tam AR", "To KK", "Tsang OT", "Wu TC", "Yip CC", "Yuen KY"], "date": "2020-03-23", "db": "PubMed", "db_id": "32213337", "db_name": "The Lancet. Infectious diseases", "first": "To KK", "last": "Yuen KY"}, "evidence": "When compared with mild and common COVID-19, initial univariate analysis of epidemiological, clinical and laboratory variables identified 11 significantly changed risk factors for severe/critical COVID-19, including increased ORs of age, age \u226550 years, period between illness onset and hospital visit, sputum production, any existing medical condition, multiple lung infection, ALT, lactate dehydrogenase (LDH), glucose and CRP, as well as decreased OR of the infected area (online supplementary table 1).", "line": 100, "relation": "positiveCorrelation"}
path(MESH:"Iatrogenic Disease")	positiveCorrelation	path(DO:"COVID-19")	{"annotations": {"Custom_Disease": {"COVID-19 with gastrointestinal symptoms": true}, "PublicationStatus": {"Published": true}, "PublicationType": {"Research": true}, "Section": {"Results": true}, "Severity": {"Severe": true}, "Species": {"9606": true}}, "citation": {"authors": ["Cai JP", "Chan JF", "Chan JM", "Chan KH", "Chan WM", "Chen H", "Chen LL", "Chen Z", "Cheng VC", "Chik TS", "Choi CY", "Hung IF", "Ip JD", "Lau DP", "Leung WS", "Lung DC", "Luo CT", "Ng AC", "Poon RW", "Tam AR", "To KK", "Tsang OT", "Wu TC", "Yip CC", "Yuen KY"], "date": "2020-03-23", "db": "PubMed", "db_id": "32213337", "db_name": "The Lancet. Infectious diseases", "first": "To KK", "last": "Yuen KY"}, "evidence": "When compared with mild and common COVID-19, initial univariate analysis of epidemiological, clinical and laboratory variables identified 11 significantly changed risk factors for severe/critical COVID-19, including increased ORs of age, age \u226550 years, period between illness onset and hospital visit, sputum production, any existing medical condition, multiple lung infection, ALT, lactate dehydrogenase (LDH), glucose and CRP, as well as decreased OR of the infected area (online supplementary table 1).", "line": 99, "relation": "positiveCorrelation"}
