a(TAX:"Severe acute respiratory syndrome coronavirus 2")	partOf	complex(a(TAX:"Severe acute respiratory syndrome coronavirus 2"), p(HGNC:ACE2))	{"relation": "partOf"}
a(TAX:"Severe acute respiratory syndrome-related coronavirus")	partOf	complex(a(TAX:"Severe acute respiratory syndrome-related coronavirus"), p(HGNC:ACE2))	{"relation": "partOf"}
a(TAX:"Severe acute respiratory syndrome-related coronavirus")	negativeCorrelation	p(HGNC:ACE2, loc(GO:"host cell membrane"))	{"annotations": {"PublicationStatus": {"Preprint": true}, "PublicationType": {"Editorial": true}, "Section": {"Full Text": true}, "Species": {"9606": true}}, "citation": {"authors": ["De Buyzere ML", "Delanghe JR", "Speeckaert MM"], "date": "2020-03-24", "db": "PubMed", "db_id": "32220422", "db_name": "Clinica chimica acta; international journal of clinical chemistry", "first": "Delanghe JR", "last": "De Buyzere ML", "pages": "192-193", "volume": "505"}, "evidence": "Not only has ACE2 facilitated the invasion of SARS virus for rapid replication, but also ACE2 is depleted from the cell membrane and therefore the damaging effects of Ang II are enhanced, resulting in acute deterioration of lung tissues [5].", "line": 66, "object": {"location": {"namespace": "GO", "name": "host cell membrane"}}, "relation": "negativeCorrelation"}
a(TAX:"Severe acute respiratory syndrome-related coronavirus")	positiveCorrelation	path(DO:"lung disease")	{"annotations": {"PublicationStatus": {"Preprint": true}, "PublicationType": {"Editorial": true}, "Section": {"Full Text": true}, "Species": {"9606": true}}, "citation": {"authors": ["De Buyzere ML", "Delanghe JR", "Speeckaert MM"], "date": "2020-03-24", "db": "PubMed", "db_id": "32220422", "db_name": "Clinica chimica acta; international journal of clinical chemistry", "first": "Delanghe JR", "last": "De Buyzere ML", "pages": "192-193", "volume": "505"}, "evidence": "Not only has ACE2 facilitated the invasion of SARS virus for rapid replication, but also ACE2 is depleted from the cell membrane and therefore the damaging effects of Ang II are enhanced, resulting in acute deterioration of lung tissues [5].", "line": 67, "relation": "positiveCorrelation"}
bp(MESH:"Virus Replication")	positiveCorrelation	complex(a(TAX:"Severe acute respiratory syndrome-related coronavirus"), p(HGNC:ACE2))	{"annotations": {"PublicationStatus": {"Preprint": true}, "PublicationType": {"Editorial": true}, "Section": {"Full Text": true}, "Species": {"9606": true}}, "citation": {"authors": ["De Buyzere ML", "Delanghe JR", "Speeckaert MM"], "date": "2020-03-24", "db": "PubMed", "db_id": "32220422", "db_name": "Clinica chimica acta; international journal of clinical chemistry", "first": "Delanghe JR", "last": "De Buyzere ML", "pages": "192-193", "volume": "505"}, "evidence": "Not only has ACE2 facilitated the invasion of SARS virus for rapid replication, but also ACE2 is depleted from the cell membrane and therefore the damaging effects of Ang II are enhanced, resulting in acute deterioration of lung tissues [5].", "line": 65, "relation": "positiveCorrelation"}
complex(a(TAX:"Severe acute respiratory syndrome coronavirus 2"), p(HGNC:ACE2))	positiveCorrelation	path(DO:"COVID-19")	{"annotations": {"PublicationStatus": {"Preprint": true}, "PublicationType": {"Editorial": true}, "Section": {"Full Text": true}, "Species": {"9606": true}}, "citation": {"authors": ["De Buyzere ML", "Delanghe JR", "Speeckaert MM"], "date": "2020-03-24", "db": "PubMed", "db_id": "32220422", "db_name": "Clinica chimica acta; international journal of clinical chemistry", "first": "Delanghe JR", "last": "De Buyzere ML", "pages": "192-193", "volume": "505"}, "evidence": "We know that angiotensin converting enzyme is involved in corona virus infection. Pathogenic coronaviruses (severe acute respiratory syndrome coronavirus [SARS-CoV] and SARS-CoV-2) bind to their target cells through angiotensin-converting enzyme 2 (ACE2), [3,4].", "line": 56, "relation": "positiveCorrelation"}
p(HGNC:ACE2)	partOf	complex(a(TAX:"Severe acute respiratory syndrome coronavirus 2"), p(HGNC:ACE2))	{"relation": "partOf"}
p(HGNC:ACE2)	partOf	complex(a(TAX:"Severe acute respiratory syndrome-related coronavirus"), p(HGNC:ACE2))	{"relation": "partOf"}
p(HGNC:ACE2, loc(GO:"host cell membrane"))	negativeCorrelation	a(TAX:"Severe acute respiratory syndrome-related coronavirus")	{"annotations": {"PublicationStatus": {"Preprint": true}, "PublicationType": {"Editorial": true}, "Section": {"Full Text": true}, "Species": {"9606": true}}, "citation": {"authors": ["De Buyzere ML", "Delanghe JR", "Speeckaert MM"], "date": "2020-03-24", "db": "PubMed", "db_id": "32220422", "db_name": "Clinica chimica acta; international journal of clinical chemistry", "first": "Delanghe JR", "last": "De Buyzere ML", "pages": "192-193", "volume": "505"}, "evidence": "Not only has ACE2 facilitated the invasion of SARS virus for rapid replication, but also ACE2 is depleted from the cell membrane and therefore the damaging effects of Ang II are enhanced, resulting in acute deterioration of lung tissues [5].", "line": 66, "relation": "negativeCorrelation", "subject": {"location": {"namespace": "GO", "name": "host cell membrane"}}}
p(HGNC:ACE2)	negativeCorrelation	p(HGNC:ACE, var("?"))	{"annotations": {"PublicationStatus": {"Preprint": true}, "PublicationType": {"Editorial": true}, "Section": {"Full Text": true}, "Species": {"9606": true}}, "citation": {"authors": ["De Buyzere ML", "Delanghe JR", "Speeckaert MM"], "date": "2020-03-24", "db": "PubMed", "db_id": "32220422", "db_name": "Clinica chimica acta; international journal of clinical chemistry", "first": "Delanghe JR", "last": "De Buyzere ML", "pages": "192-193", "volume": "505"}, "evidence": "The angiotensin-converting 1 (ACE1) enzyme is characterized by a genetic deletion/insertion (D/I) polymorphism in intron 16, which is associated with alterations in circulating and tissue concentrations of ACE. The D allele is associated with a reduced expression of ACE2.", "line": 76, "relation": "negativeCorrelation"}
complex(a(TAX:"Severe acute respiratory syndrome-related coronavirus"), p(HGNC:ACE2))	positiveCorrelation	bp(MESH:"Virus Replication")	{"annotations": {"PublicationStatus": {"Preprint": true}, "PublicationType": {"Editorial": true}, "Section": {"Full Text": true}, "Species": {"9606": true}}, "citation": {"authors": ["De Buyzere ML", "Delanghe JR", "Speeckaert MM"], "date": "2020-03-24", "db": "PubMed", "db_id": "32220422", "db_name": "Clinica chimica acta; international journal of clinical chemistry", "first": "Delanghe JR", "last": "De Buyzere ML", "pages": "192-193", "volume": "505"}, "evidence": "Not only has ACE2 facilitated the invasion of SARS virus for rapid replication, but also ACE2 is depleted from the cell membrane and therefore the damaging effects of Ang II are enhanced, resulting in acute deterioration of lung tissues [5].", "line": 65, "relation": "positiveCorrelation"}
p(GFAM:"Angiotensin receptors")	association	path(DO:"COVID-19")	{"annotations": {"PublicationStatus": {"Preprint": true}, "PublicationType": {"Editorial": true}, "Section": {"Full Text": true}, "Species": {"9606": true}}, "citation": {"authors": ["De Buyzere ML", "Delanghe JR", "Speeckaert MM"], "date": "2020-03-24", "db": "PubMed", "db_id": "32220422", "db_name": "Clinica chimica acta; international journal of clinical chemistry", "first": "Delanghe JR", "last": "De Buyzere ML", "pages": "192-193", "volume": "505"}, "evidence": "We know that angiotensin converting enzyme is involved in corona virus infection. Pathogenic coronaviruses (severe acute respiratory syndrome coronavirus [SARS-CoV] and SARS-CoV-2) bind to their target cells through angiotensin-converting enzyme 2 (ACE2), [3,4].", "line": 55, "relation": "association"}
p(HGNC:ACE)	hasVariant	p(HGNC:ACE, var("?"))	{"relation": "hasVariant"}
p(HGNC:ACE, var("?"))	negativeCorrelation	p(HGNC:ACE2)	{"annotations": {"PublicationStatus": {"Preprint": true}, "PublicationType": {"Editorial": true}, "Section": {"Full Text": true}, "Species": {"9606": true}}, "citation": {"authors": ["De Buyzere ML", "Delanghe JR", "Speeckaert MM"], "date": "2020-03-24", "db": "PubMed", "db_id": "32220422", "db_name": "Clinica chimica acta; international journal of clinical chemistry", "first": "Delanghe JR", "last": "De Buyzere ML", "pages": "192-193", "volume": "505"}, "evidence": "The angiotensin-converting 1 (ACE1) enzyme is characterized by a genetic deletion/insertion (D/I) polymorphism in intron 16, which is associated with alterations in circulating and tissue concentrations of ACE. The D allele is associated with a reduced expression of ACE2.", "line": 76, "relation": "negativeCorrelation"}
p(HGNC:ACE, var("?"))	negativeCorrelation	path(DO:"COVID-19")	{"annotations": {"Country": {"China": true, "Korea": true}, "PublicationStatus": {"Preprint": true}, "PublicationType": {"Editorial": true}, "Section": {"Full Text": true}, "Species": {"9606": true}}, "citation": {"authors": ["De Buyzere ML", "Delanghe JR", "Speeckaert MM"], "date": "2020-03-24", "db": "PubMed", "db_id": "32220422", "db_name": "Clinica chimica acta; international journal of clinical chemistry", "first": "Delanghe JR", "last": "De Buyzere ML", "pages": "192-193", "volume": "505"}, "evidence": "It should also be noted that the two Asian countries which were initially severely hit by the virus, China and Korea, are also characterized by low D allele frequencies.", "line": 85, "relation": "negativeCorrelation"}
p(HGNC:ACE, var("?"))	positiveCorrelation	path(DO:"COVID-19")	{"annotations": {"Country": {"China": true, "Korea": true}, "PublicationStatus": {"Preprint": true}, "PublicationType": {"Editorial": true}, "Section": {"Full Text": true}, "Species": {"9606": true}, "population_type": {"European": true}}, "citation": {"authors": ["De Buyzere ML", "Delanghe JR", "Speeckaert MM"], "date": "2020-03-24", "db": "PubMed", "db_id": "32220422", "db_name": "Clinica chimica acta; international journal of clinical chemistry", "first": "Delanghe JR", "last": "De Buyzere ML", "pages": "192-193", "volume": "505"}, "evidence": "These data suggest that ACE1 D/I polymorphism may be regarded as a confounder in the spread of COVID-19 and the outcome of the infection in various European populations. These findings are in agreement with the role of ACE in pulmonary infections caused by coronaviruses [4].", "line": 95, "relation": "positiveCorrelation"}
path(DO:"COVID-19")	association	p(GFAM:"Angiotensin receptors")	{"annotations": {"PublicationStatus": {"Preprint": true}, "PublicationType": {"Editorial": true}, "Section": {"Full Text": true}, "Species": {"9606": true}}, "citation": {"authors": ["De Buyzere ML", "Delanghe JR", "Speeckaert MM"], "date": "2020-03-24", "db": "PubMed", "db_id": "32220422", "db_name": "Clinica chimica acta; international journal of clinical chemistry", "first": "Delanghe JR", "last": "De Buyzere ML", "pages": "192-193", "volume": "505"}, "evidence": "We know that angiotensin converting enzyme is involved in corona virus infection. Pathogenic coronaviruses (severe acute respiratory syndrome coronavirus [SARS-CoV] and SARS-CoV-2) bind to their target cells through angiotensin-converting enzyme 2 (ACE2), [3,4].", "line": 55, "relation": "association"}
path(DO:"COVID-19")	positiveCorrelation	complex(a(TAX:"Severe acute respiratory syndrome coronavirus 2"), p(HGNC:ACE2))	{"annotations": {"PublicationStatus": {"Preprint": true}, "PublicationType": {"Editorial": true}, "Section": {"Full Text": true}, "Species": {"9606": true}}, "citation": {"authors": ["De Buyzere ML", "Delanghe JR", "Speeckaert MM"], "date": "2020-03-24", "db": "PubMed", "db_id": "32220422", "db_name": "Clinica chimica acta; international journal of clinical chemistry", "first": "Delanghe JR", "last": "De Buyzere ML", "pages": "192-193", "volume": "505"}, "evidence": "We know that angiotensin converting enzyme is involved in corona virus infection. Pathogenic coronaviruses (severe acute respiratory syndrome coronavirus [SARS-CoV] and SARS-CoV-2) bind to their target cells through angiotensin-converting enzyme 2 (ACE2), [3,4].", "line": 56, "relation": "positiveCorrelation"}
path(DO:"COVID-19")	negativeCorrelation	p(HGNC:ACE, var("?"))	{"annotations": {"Country": {"China": true, "Korea": true}, "PublicationStatus": {"Preprint": true}, "PublicationType": {"Editorial": true}, "Section": {"Full Text": true}, "Species": {"9606": true}}, "citation": {"authors": ["De Buyzere ML", "Delanghe JR", "Speeckaert MM"], "date": "2020-03-24", "db": "PubMed", "db_id": "32220422", "db_name": "Clinica chimica acta; international journal of clinical chemistry", "first": "Delanghe JR", "last": "De Buyzere ML", "pages": "192-193", "volume": "505"}, "evidence": "It should also be noted that the two Asian countries which were initially severely hit by the virus, China and Korea, are also characterized by low D allele frequencies.", "line": 85, "relation": "negativeCorrelation"}
path(DO:"COVID-19")	positiveCorrelation	p(HGNC:ACE, var("?"))	{"annotations": {"Country": {"China": true, "Korea": true}, "PublicationStatus": {"Preprint": true}, "PublicationType": {"Editorial": true}, "Section": {"Full Text": true}, "Species": {"9606": true}, "population_type": {"European": true}}, "citation": {"authors": ["De Buyzere ML", "Delanghe JR", "Speeckaert MM"], "date": "2020-03-24", "db": "PubMed", "db_id": "32220422", "db_name": "Clinica chimica acta; international journal of clinical chemistry", "first": "Delanghe JR", "last": "De Buyzere ML", "pages": "192-193", "volume": "505"}, "evidence": "These data suggest that ACE1 D/I polymorphism may be regarded as a confounder in the spread of COVID-19 and the outcome of the infection in various European populations. These findings are in agreement with the role of ACE in pulmonary infections caused by coronaviruses [4].", "line": 95, "relation": "positiveCorrelation"}
path(DO:"COVID-19")	positiveCorrelation	path(HP:"Recurrent pneumonia")	{"annotations": {"Country": {"China": true, "Korea": true}, "PublicationStatus": {"Preprint": true}, "PublicationType": {"Editorial": true}, "Section": {"Full Text": true}, "Species": {"9606": true}, "population_type": {"European": true}}, "citation": {"authors": ["De Buyzere ML", "Delanghe JR", "Speeckaert MM"], "date": "2020-03-24", "db": "PubMed", "db_id": "32220422", "db_name": "Clinica chimica acta; international journal of clinical chemistry", "first": "Delanghe JR", "last": "De Buyzere ML", "pages": "192-193", "volume": "505"}, "evidence": "These data suggest that ACE1 D/I polymorphism may be regarded as a confounder in the spread of COVID-19 and the outcome of the infection in various European populations. These findings are in agreement with the role of ACE in pulmonary infections caused by coronaviruses [4].", "line": 96, "relation": "positiveCorrelation"}
path(DO:"lung disease")	positiveCorrelation	a(TAX:"Severe acute respiratory syndrome-related coronavirus")	{"annotations": {"PublicationStatus": {"Preprint": true}, "PublicationType": {"Editorial": true}, "Section": {"Full Text": true}, "Species": {"9606": true}}, "citation": {"authors": ["De Buyzere ML", "Delanghe JR", "Speeckaert MM"], "date": "2020-03-24", "db": "PubMed", "db_id": "32220422", "db_name": "Clinica chimica acta; international journal of clinical chemistry", "first": "Delanghe JR", "last": "De Buyzere ML", "pages": "192-193", "volume": "505"}, "evidence": "Not only has ACE2 facilitated the invasion of SARS virus for rapid replication, but also ACE2 is depleted from the cell membrane and therefore the damaging effects of Ang II are enhanced, resulting in acute deterioration of lung tissues [5].", "line": 67, "relation": "positiveCorrelation"}
path(HP:"Recurrent pneumonia")	positiveCorrelation	path(DO:"COVID-19")	{"annotations": {"Country": {"China": true, "Korea": true}, "PublicationStatus": {"Preprint": true}, "PublicationType": {"Editorial": true}, "Section": {"Full Text": true}, "Species": {"9606": true}, "population_type": {"European": true}}, "citation": {"authors": ["De Buyzere ML", "Delanghe JR", "Speeckaert MM"], "date": "2020-03-24", "db": "PubMed", "db_id": "32220422", "db_name": "Clinica chimica acta; international journal of clinical chemistry", "first": "Delanghe JR", "last": "De Buyzere ML", "pages": "192-193", "volume": "505"}, "evidence": "These data suggest that ACE1 D/I polymorphism may be regarded as a confounder in the spread of COVID-19 and the outcome of the infection in various European populations. These findings are in agreement with the role of ACE in pulmonary infections caused by coronaviruses [4].", "line": 96, "relation": "positiveCorrelation"}
