a(CHEBI:"Ile(5)-angiotensin II (1-7)")	decreases	path(DO:atherosclerosis)	{"annotations": {"Diet": {"Diet, High-Fat": true}, "Mouse_Type": {"ApoE-/-": true}, "PublicationStatus": {"Preprint": true}, "PublicationType": {"Review": true}, "Section": {"Full Text": true}, "Species": {"10090": true}}, "citation": {"authors": ["Cheng H", "Wang GQ", "Wang Y"], "date": "2020-03-27", "db": "PubMed", "db_id": "32221983", "db_name": "Journal of medical virology", "first": "Cheng H", "last": "Wang GQ"}, "evidence": "Animal experiments have found that Ang 1-7 infusion treatment can significantly improve vascular endothelial function and inhibit atherosclerotic lesion development in Ang 1-7 transgenic apolipoprotein E knockout (ApoE KO) mice receiving atherogenic high- fat diets28.", "line": 259, "relation": "decreases"}
a(CHEBI:"Ile(5)-angiotensin II (1-7)")	increases	act(a(MESH:"Endothelial Cells"))	{"annotations": {"Diet": {"Diet, High-Fat": true}, "MeSHAnatomy": {"Endothelium, Vascular": true}, "Mouse_Type": {"ApoE-/-": true}, "PublicationStatus": {"Preprint": true}, "PublicationType": {"Review": true}, "Section": {"Full Text": true}, "Species": {"10090": true}}, "citation": {"authors": ["Cheng H", "Wang GQ", "Wang Y"], "date": "2020-03-27", "db": "PubMed", "db_id": "32221983", "db_name": "Journal of medical virology", "first": "Cheng H", "last": "Wang GQ"}, "evidence": "Animal experiments have found that Ang 1-7 infusion treatment can significantly improve vascular endothelial function and inhibit atherosclerotic lesion development in Ang 1-7 transgenic apolipoprotein E knockout (ApoE KO) mice receiving atherogenic high- fat diets28.", "line": 261, "object": {"modifier": "Activity"}, "relation": "increases"}
a(CHEBI:"angiotensin II")	partOf	complex(a(CHEBI:"angiotensin II"), p(HGNC:ACE2))	{"relation": "partOf"}
a(CHEBI:"angiotensin II")	partOf	complex(a(CHEBI:"angiotensin II"), p(HGNC:AGTR1))	{"relation": "partOf"}
a(CHEBI:"angiotensin II")	increases	bp(GO:vasoconstriction)	{"annotations": {"PublicationStatus": {"Preprint": true}, "PublicationType": {"Review": true}, "Section": {"Full Text": true}}, "citation": {"authors": ["Cheng H", "Wang GQ", "Wang Y"], "date": "2020-03-27", "db": "PubMed", "db_id": "32221983", "db_name": "Journal of medical virology", "first": "Cheng H", "last": "Wang GQ"}, "evidence": "Ang II is an effective pulmonary vasoconstrictor.", "line": 86, "relation": "increases"}
a(CHEBI:"angiotensin II")	increases	bp(GO:"vascular smooth muscle cell development")	{"annotations": {"PublicationStatus": {"Preprint": true}, "PublicationType": {"Review": true}, "Section": {"Full Text": true}}, "citation": {"authors": ["Cheng H", "Wang GQ", "Wang Y"], "date": "2020-03-27", "db": "PubMed", "db_id": "32221983", "db_name": "Journal of medical virology", "first": "Cheng H", "last": "Wang GQ"}, "evidence": "Ang II can not only promote the growth response of vascular smooth muscle cells but also directly promote vascular remodeling and prevent pneumonia and shunts related to lung injury.13", "line": 96, "relation": "increases"}
a(CHEBI:"angiotensin II")	increases	path(MESH:"Vascular Remodeling")	{"annotations": {"PublicationStatus": {"Preprint": true}, "PublicationType": {"Review": true}, "Section": {"Full Text": true}}, "citation": {"authors": ["Cheng H", "Wang GQ", "Wang Y"], "date": "2020-03-27", "db": "PubMed", "db_id": "32221983", "db_name": "Journal of medical virology", "first": "Cheng H", "last": "Wang GQ"}, "evidence": "Ang II can not only promote the growth response of vascular smooth muscle cells but also directly promote vascular remodeling and prevent pneumonia and shunts related to lung injury.13", "line": 97, "relation": "increases"}
a(CHEBI:"angiotensin II")	decreases	path(DO:pneumonia)	{"annotations": {"PublicationStatus": {"Preprint": true}, "PublicationType": {"Review": true}, "Section": {"Full Text": true}}, "citation": {"authors": ["Cheng H", "Wang GQ", "Wang Y"], "date": "2020-03-27", "db": "PubMed", "db_id": "32221983", "db_name": "Journal of medical virology", "first": "Cheng H", "last": "Wang GQ"}, "evidence": "Ang II can not only promote the growth response of vascular smooth muscle cells but also directly promote vascular remodeling and prevent pneumonia and shunts related to lung injury.13", "line": 98, "relation": "decreases"}
a(CHEBI:"angiotensin II")	decreases	path(MESH:"Lung Injury")	{"annotations": {"PublicationStatus": {"Preprint": true}, "PublicationType": {"Review": true}, "Section": {"Full Text": true}}, "citation": {"authors": ["Cheng H", "Wang GQ", "Wang Y"], "date": "2020-03-27", "db": "PubMed", "db_id": "32221983", "db_name": "Journal of medical virology", "first": "Cheng H", "last": "Wang GQ"}, "evidence": "Ang II can not only promote the growth response of vascular smooth muscle cells but also directly promote vascular remodeling and prevent pneumonia and shunts related to lung injury.13", "line": 99, "relation": "decreases"}
a(CHEBI:"angiotensin II")	increases	path(DO:"pulmonary edema")	{"annotations": {"PublicationStatus": {"Preprint": true}, "PublicationType": {"Review": true}, "Section": {"Full Text": true}}, "citation": {"authors": ["Cheng H", "Wang GQ", "Wang Y"], "date": "2020-03-27", "db": "PubMed", "db_id": "32221983", "db_name": "Journal of medical virology", "first": "Cheng H", "last": "Wang GQ"}, "evidence": "However, Ang II can also promote the occurrence of pulmonary edema and impair lung function.14", "line": 104, "relation": "increases"}
a(CHEBI:"angiotensin II")	association	path(HP:"Decreased pulmonary function")	{"annotations": {"PublicationStatus": {"Preprint": true}, "PublicationType": {"Review": true}, "Section": {"Full Text": true}}, "citation": {"authors": ["Cheng H", "Wang GQ", "Wang Y"], "date": "2020-03-27", "db": "PubMed", "db_id": "32221983", "db_name": "Journal of medical virology", "first": "Cheng H", "last": "Wang GQ"}, "evidence": "However, Ang II can also promote the occurrence of pulmonary edema and impair lung function.14", "line": 105, "relation": "association"}
a(CHEBI:"angiotensin II")	increases	path(MESH:"Acute Lung Injury")	{"annotations": {"MeSHAnatomy": {"Plasma": true}, "PublicationStatus": {"Preprint": true}, "PublicationType": {"Review": true}, "Section": {"Full Text": true}, "Species": {"10090": true}}, "citation": {"authors": ["Cheng H", "Wang GQ", "Wang Y"], "date": "2020-03-27", "db": "PubMed", "db_id": "32221983", "db_name": "Journal of medical virology", "first": "Cheng H", "last": "Wang GQ"}, "evidence": "Recombinant human ACE2 (rhACE2) protein treatment could reduce plasma Ang II levels and reduce acute lung injury in ACE2 KO mice and wild- type mice", "line": 149, "relation": "increases"}
a(CHEBI:"angiotensin II")	increases	path(DO:atherosclerosis)	{"annotations": {"MeSHAnatomy": {"Cardiovascular System": true}, "PublicationStatus": {"Preprint": true}, "PublicationType": {"Review": true}, "Section": {"Full Text": true}}, "citation": {"authors": ["Cheng H", "Wang GQ", "Wang Y"], "date": "2020-03-27", "db": "PubMed", "db_id": "32221983", "db_name": "Journal of medical virology", "first": "Cheng H", "last": "Wang GQ"}, "evidence": "Ang II promotes atherosclerosis in the cardiovascular system and promotes inflammation, oxidative stress, and migration of endothelial cells and vascular smooth muscle cells.24", "line": 213, "relation": "increases"}
a(CHEBI:"angiotensin II")	increases	path(DO:hypertension)	{"annotations": {"PublicationStatus": {"Preprint": true}, "PublicationType": {"Review": true}, "Section": {"Full Text": true}}, "citation": {"authors": ["Cheng H", "Wang GQ", "Wang Y"], "date": "2020-03-27", "db": "PubMed", "db_id": "32221983", "db_name": "Journal of medical virology", "first": "Cheng H", "last": "Wang GQ"}, "evidence": "ACE2 has a protective effect on many diseases with reduced expression of ACE2, such as hypertension, diabetes, and cardiovascular diseases, because it antagonizes the role of Ang II.", "line": 225, "relation": "increases"}
a(CHEBI:"angiotensin II")	increases	path(DO:hypertension)	{"annotations": {"PublicationStatus": {"Preprint": true}, "PublicationType": {"Review": true}, "Section": {"Full Text": true}}, "citation": {"authors": ["Cheng H", "Wang GQ", "Wang Y"], "date": "2020-03-27", "db": "PubMed", "db_id": "32221983", "db_name": "Journal of medical virology", "first": "Cheng H", "last": "Wang GQ"}, "evidence": "Studies have shown that the protective mechanism of ACE2 against hypertension is most likely achieved by degradation of Ang II26.", "line": 238, "relation": "increases"}
a(CHEBI:"angiotensin II")	increases	path(DO:"diabetes mellitus")	{"annotations": {"PublicationStatus": {"Preprint": true}, "PublicationType": {"Review": true}, "Section": {"Full Text": true}}, "citation": {"authors": ["Cheng H", "Wang GQ", "Wang Y"], "date": "2020-03-27", "db": "PubMed", "db_id": "32221983", "db_name": "Journal of medical virology", "first": "Cheng H", "last": "Wang GQ"}, "evidence": "ACE2 has a protective effect on many diseases with reduced expression of ACE2, such as hypertension, diabetes, and cardiovascular diseases, because it antagonizes the role of Ang II.", "line": 226, "relation": "increases"}
a(CHEBI:"angiotensin II")	increases	path(DO:"cardiovascular system disease")	{"annotations": {"PublicationStatus": {"Preprint": true}, "PublicationType": {"Review": true}, "Section": {"Full Text": true}}, "citation": {"authors": ["Cheng H", "Wang GQ", "Wang Y"], "date": "2020-03-27", "db": "PubMed", "db_id": "32221983", "db_name": "Journal of medical virology", "first": "Cheng H", "last": "Wang GQ"}, "evidence": "ACE2 has a protective effect on many diseases with reduced expression of ACE2, such as hypertension, diabetes, and cardiovascular diseases, because it antagonizes the role of Ang II.", "line": 227, "relation": "increases"}
a(CHEBI:"angiotensin II")	positiveCorrelation	path(MESH:"Ventricular Remodeling")	{"annotations": {"PublicationStatus": {"Preprint": true}, "PublicationType": {"Review": true}, "Section": {"Full Text": true}}, "citation": {"authors": ["Cheng H", "Wang GQ", "Wang Y"], "date": "2020-03-27", "db": "PubMed", "db_id": "32221983", "db_name": "Journal of medical virology", "first": "Cheng H", "last": "Wang GQ"}, "evidence": "ACE2 can also antagonize cardiac fibrosis and ventricular remodeling caused by the long-term effects of Ang II.", "line": 279, "relation": "positiveCorrelation"}
a(CHEBI:"angiotensin II")	positiveCorrelation	path(HP:"Myocardial fibrosis")	{"annotations": {"PublicationStatus": {"Preprint": true}, "PublicationType": {"Review": true}, "Section": {"Full Text": true}}, "citation": {"authors": ["Cheng H", "Wang GQ", "Wang Y"], "date": "2020-03-27", "db": "PubMed", "db_id": "32221983", "db_name": "Journal of medical virology", "first": "Cheng H", "last": "Wang GQ"}, "evidence": "ACE2 can also antagonize cardiac fibrosis and ventricular remodeling caused by the long-term effects of Ang II.", "line": 280, "relation": "positiveCorrelation"}
a(CHEBI:lisinopril)	decreases	path(DO:hypertension)	{"annotations": {"PublicationStatus": {"Preprint": true}, "PublicationType": {"Review": true}, "Section": {"Full Text": true}, "Species": {"10116": true}}, "citation": {"authors": ["Cheng H", "Wang GQ", "Wang Y"], "date": "2020-03-27", "db": "PubMed", "db_id": "32221983", "db_name": "Journal of medical virology", "first": "Cheng H", "last": "Wang GQ"}, "evidence": "Studies by Ferrario27 and others showed that ACE2 levels increased by 4.7 and 2.8 times when blood pressure decreased after applying ACEIs (lisinopril) and ARBs (losartan) to rats.", "line": 245, "relation": "decreases"}
a(CHEBI:losartan)	decreases	path(DO:hypertension)	{"annotations": {"PublicationStatus": {"Preprint": true}, "PublicationType": {"Review": true}, "Section": {"Full Text": true}, "Species": {"10116": true}}, "citation": {"authors": ["Cheng H", "Wang GQ", "Wang Y"], "date": "2020-03-27", "db": "PubMed", "db_id": "32221983", "db_name": "Journal of medical virology", "first": "Cheng H", "last": "Wang GQ"}, "evidence": "Studies by Ferrario27 and others showed that ACE2 levels increased by 4.7 and 2.8 times when blood pressure decreased after applying ACEIs (lisinopril) and ARBs (losartan) to rats.", "line": 246, "relation": "decreases"}
a(FIXME:"Recombinant Human Angiotensin Converting Enzyme 2 APN01")	decreases	a(CHEBI:"angiotensin II")	{"annotations": {"MeSHAnatomy": {"Plasma": true}, "PublicationStatus": {"Preprint": true}, "PublicationType": {"Review": true}, "Section": {"Full Text": true}, "Species": {"10090": true}}, "citation": {"authors": ["Cheng H", "Wang GQ", "Wang Y"], "date": "2020-03-27", "db": "PubMed", "db_id": "32221983", "db_name": "Journal of medical virology", "first": "Cheng H", "last": "Wang GQ"}, "evidence": "Recombinant human ACE2 (rhACE2) protein treatment could reduce plasma Ang II levels and reduce acute lung injury in ACE2 KO mice and wild- type mice", "line": 148, "relation": "decreases"}
a(FIXME:"Recombinant Human Angiotensin Converting Enzyme 2 APN01")	decreases	path(DO:"kidney failure")	{"annotations": {"PublicationStatus": {"Preprint": true}, "PublicationType": {"Review": true}, "Section": {"Full Text": true}}, "citation": {"authors": ["Cheng H", "Wang GQ", "Wang Y"], "date": "2020-03-27", "db": "PubMed", "db_id": "32221983", "db_name": "Journal of medical virology", "first": "Cheng H", "last": "Wang GQ"}, "evidence": "RhACE2 can reduce blood pressure while reducing renal damage34", "line": 295, "relation": "decreases"}
a(TAX:"Severe acute respiratory syndrome coronavirus 2")	partOf	complex(a(TAX:"Severe acute respiratory syndrome coronavirus 2"), p(HGNC:ACE2))	{"relation": "partOf"}
a(TAX:"Severe acute respiratory syndrome coronavirus 2")	decreases	act(p(HGNC:ACE2))	{"annotations": {"PublicationStatus": {"Preprint": true}, "PublicationType": {"Review": true}, "Section": {"Full Text": true}}, "citation": {"authors": ["Cheng H", "Wang GQ", "Wang Y"], "date": "2020-03-27", "db": "PubMed", "db_id": "32221983", "db_name": "Journal of medical virology", "first": "Cheng H", "last": "Wang GQ"}, "evidence": "SARS-CoV-2 infection reduces ACE2 activity and receptor consumption, further exacerbating pathophysiological mechanisms, such as Ang II/ACE2 regulation imbalance(showed in Fig.2.).", "line": 306, "object": {"modifier": "Activity"}, "relation": "decreases"}
a(TAX:"Severe acute respiratory syndrome coronavirus 2")	decreases	complex(a(CHEBI:"angiotensin II"), p(HGNC:ACE2))	{"annotations": {"PublicationStatus": {"Preprint": true}, "PublicationType": {"Review": true}, "Section": {"Full Text": true}}, "citation": {"authors": ["Cheng H", "Wang GQ", "Wang Y"], "date": "2020-03-27", "db": "PubMed", "db_id": "32221983", "db_name": "Journal of medical virology", "first": "Cheng H", "last": "Wang GQ"}, "evidence": "SARS-CoV-2 infection reduces ACE2 activity and receptor consumption, further exacerbating pathophysiological mechanisms, such as Ang II/ACE2 regulation imbalance(showed in Fig.2.).", "line": 307, "relation": "decreases"}
a(TAX:"Severe acute respiratory syndrome-related coronavirus")	partOf	complex(a(TAX:"Severe acute respiratory syndrome-related coronavirus"), p(HGNC:ACE2))	{"relation": "partOf"}
a(TAX:"Severe acute respiratory syndrome-related coronavirus")	increases	path(DO:pneumonia)	{"annotations": {"PublicationStatus": {"Preprint": true}, "PublicationType": {"Review": true}, "Section": {"Full Text": true}}, "citation": {"authors": ["Cheng H", "Wang GQ", "Wang Y"], "date": "2020-03-27", "db": "PubMed", "db_id": "32221983", "db_name": "Journal of medical virology", "first": "Cheng H", "last": "Wang GQ"}, "evidence": "What is puzzling is that SARS-CoV infection leads to highly lethal pneumonia compared to other common cold symptoms after other coronavirus infections.", "line": 167, "relation": "increases"}
a(TAX:"Severe acute respiratory syndrome-related coronavirus")	decreases	p(MGI:Ace2)	{"annotations": {"MeSHAnatomy": {"Lung": true}, "PublicationStatus": {"Preprint": true}, "PublicationType": {"Review": true}, "Section": {"Full Text": true}, "Species": {"10090": true}}, "citation": {"authors": ["Cheng H", "Wang GQ", "Wang Y"], "date": "2020-03-27", "db": "PubMed", "db_id": "32221983", "db_name": "Journal of medical virology", "first": "Cheng H", "last": "Wang GQ"}, "evidence": "The researchers found that SARS-CoV-infected or recombinant SARS-spike protein-treated wild-type mice exhibited significantly reduced ACE2 expression in the lungs.", "line": 175, "relation": "decreases"}
a(TAX:"Severe acute respiratory syndrome-related coronavirus")	association	p(UNIPROT:P59594)	{"annotations": {"MeSHAnatomy": {"Lung": true}, "PublicationStatus": {"Preprint": true}, "PublicationType": {"Review": true}, "Section": {"Full Text": true}, "Species": {"10090": true}}, "citation": {"authors": ["Cheng H", "Wang GQ", "Wang Y"], "date": "2020-03-27", "db": "PubMed", "db_id": "32221983", "db_name": "Journal of medical virology", "first": "Cheng H", "last": "Wang GQ"}, "evidence": "The researchers found that SARS-CoV-infected or recombinant SARS-spike protein-treated wild-type mice exhibited significantly reduced ACE2 expression in the lungs.", "line": 177, "relation": "association"}
bp(GO:"negative regulation of vascular permeability")	association	path(DO:"adult respiratory distress syndrome")	{"annotations": {"PublicationStatus": {"Preprint": true}, "PublicationType": {"Review": true}, "Section": {"Full Text": true}}, "citation": {"authors": ["Cheng H", "Wang GQ", "Wang Y"], "date": "2020-03-27", "db": "PubMed", "db_id": "32221983", "db_name": "Journal of medical virology", "first": "Cheng H", "last": "Wang GQ"}, "evidence": "It is characterized mainly by increased pulmonary vascular permeability and pulmonary edema.", "line": 116, "relation": "association"}
bp(GO:aging)	negativeCorrelation	p(HGNC:ACE2)	{"annotations": {"PublicationStatus": {"Preprint": true}, "PublicationType": {"Review": true}, "Section": {"Full Text": true}}, "citation": {"authors": ["Cheng H", "Wang GQ", "Wang Y"], "date": "2020-03-27", "db": "PubMed", "db_id": "32221983", "db_name": "Journal of medical virology", "first": "Cheng H", "last": "Wang GQ"}, "evidence": "The expression of ACE2 decreases with increasing age.", "line": 300, "relation": "negativeCorrelation"}
bp(MESH:"Renin-Angiotensin System")	association	p(HGNC:ACE2)	{"annotations": {"PublicationStatus": {"Preprint": true}, "PublicationType": {"Review": true}, "Section": {"Full Text": true}}, "citation": {"authors": ["Cheng H", "Wang GQ", "Wang Y"], "date": "2020-03-27", "db": "PubMed", "db_id": "32221983", "db_name": "Journal of medical virology", "first": "Cheng H", "last": "Wang GQ"}, "evidence": "Angiotensin-converting enzyme 2 (ACE2) is a crucial component of the renin-angiotensin system (RAS).", "line": 52, "relation": "association"}
p(HGNC:ACE2)	partOf	complex(a(CHEBI:"angiotensin II"), p(HGNC:ACE2))	{"relation": "partOf"}
p(HGNC:ACE2)	partOf	complex(a(TAX:"Severe acute respiratory syndrome coronavirus 2"), p(HGNC:ACE2))	{"relation": "partOf"}
p(HGNC:ACE2)	partOf	complex(a(TAX:"Severe acute respiratory syndrome-related coronavirus"), p(HGNC:ACE2))	{"relation": "partOf"}
p(HGNC:ACE2)	association	bp(MESH:"Renin-Angiotensin System")	{"annotations": {"PublicationStatus": {"Preprint": true}, "PublicationType": {"Review": true}, "Section": {"Full Text": true}}, "citation": {"authors": ["Cheng H", "Wang GQ", "Wang Y"], "date": "2020-03-27", "db": "PubMed", "db_id": "32221983", "db_name": "Journal of medical virology", "first": "Cheng H", "last": "Wang GQ"}, "evidence": "Angiotensin-converting enzyme 2 (ACE2) is a crucial component of the renin-angiotensin system (RAS).", "line": 52, "relation": "association"}
act(p(HGNC:ACE2))	decreases	path(HP:"Hyperactive renin-angiotensin system")	{"annotations": {"PublicationStatus": {"Preprint": true}, "PublicationType": {"Review": true}, "Section": {"Full Text": true}}, "citation": {"authors": ["Cheng H", "Wang GQ", "Wang Y"], "date": "2020-03-27", "db": "PubMed", "db_id": "32221983", "db_name": "Journal of medical virology", "first": "Cheng H", "last": "Wang GQ"}, "evidence": "ACE2 antagonizes the activation of the classical RAS system and protects against organ damage, protecting against hypertension, diabetes, and cardiovascular disease.", "line": 58, "relation": "decreases", "subject": {"modifier": "Activity"}}
act(p(HGNC:ACE2))	negativeCorrelation	path(DO:"adult respiratory distress syndrome")	{"annotations": {"PublicationStatus": {"Preprint": true}, "PublicationType": {"Review": true}, "Section": {"Full Text": true}}, "citation": {"authors": ["Cheng H", "Wang GQ", "Wang Y"], "date": "2020-03-27", "db": "PubMed", "db_id": "32221983", "db_name": "Journal of medical virology", "first": "Cheng H", "last": "Wang GQ"}, "evidence": "ARDS is a clinical high-mortality disease, and ACE2 has a protective effect on this type of acute lung injury.", "line": 77, "relation": "negativeCorrelation", "subject": {"modifier": "Activity"}}
act(p(HGNC:ACE2))	negativeCorrelation	path(MESH:"Acute Lung Injury")	{"annotations": {"MeSHAnatomy": {"Lung": true}, "PublicationStatus": {"Preprint": true}, "PublicationType": {"Review": true}, "Section": {"Full Text": true}}, "citation": {"authors": ["Cheng H", "Wang GQ", "Wang Y"], "date": "2020-03-27", "db": "PubMed", "db_id": "32221983", "db_name": "Journal of medical virology", "first": "Cheng H", "last": "Wang GQ"}, "evidence": "ACE2 is highly expressed in the lung, and Imai14 et al. confirmed the protective effect of ACE2 in acute lung injury.", "line": 130, "relation": "negativeCorrelation", "subject": {"modifier": "Activity"}}
act(p(HGNC:ACE2))	decreases	a(CHEBI:"angiotensin II")	{"annotations": {"MeSHAnatomy": {"Lung": true, "Plasma": true}, "PublicationStatus": {"Preprint": true}, "PublicationType": {"Review": true}, "Section": {"Full Text": true}, "Species": {"10090": true}}, "citation": {"authors": ["Cheng H", "Wang GQ", "Wang Y"], "date": "2020-03-27", "db": "PubMed", "db_id": "32221983", "db_name": "Journal of medical virology", "first": "Cheng H", "last": "Wang GQ"}, "evidence": "The inhalation of acidic gas significantly increased the levels of Ang II in the lung and plasma of wild-type mice, and the levels of Ang II in the lung and plasma of acid-induced ACE2 knockout (ACE2 KO) mice were further increased.", "line": 140, "relation": "decreases", "subject": {"modifier": "Activity"}}
act(p(HGNC:ACE2))	decreases	a(CHEBI:"angiotensin II")	{"annotations": {"PublicationStatus": {"Preprint": true}, "PublicationType": {"Review": true}, "Section": {"Full Text": true}}, "citation": {"authors": ["Cheng H", "Wang GQ", "Wang Y"], "date": "2020-03-27", "db": "PubMed", "db_id": "32221983", "db_name": "Journal of medical virology", "first": "Cheng H", "last": "Wang GQ"}, "evidence": "ACE2 has a protective effect on many diseases with reduced expression of ACE2, such as hypertension, diabetes, and cardiovascular diseases, because it antagonizes the role of Ang II.", "line": 224, "relation": "decreases", "subject": {"modifier": "Activity"}}
act(p(HGNC:ACE2))	increases	deg(a(CHEBI:"angiotensin II"))	{"annotations": {"PublicationStatus": {"Preprint": true}, "PublicationType": {"Review": true}, "Section": {"Full Text": true}}, "citation": {"authors": ["Cheng H", "Wang GQ", "Wang Y"], "date": "2020-03-27", "db": "PubMed", "db_id": "32221983", "db_name": "Journal of medical virology", "first": "Cheng H", "last": "Wang GQ"}, "evidence": "Studies have shown that the protective mechanism of ACE2 against hypertension is most likely achieved by degradation of Ang II26.", "line": 237, "object": {"modifier": "Degradation"}, "relation": "increases", "subject": {"modifier": "Activity"}}
act(p(HGNC:ACE2))	decreases	path(DO:"severe acute respiratory syndrome")	{"annotations": {"PublicationStatus": {"Preprint": true}, "PublicationType": {"Review": true}, "Section": {"Full Text": true}}, "citation": {"authors": ["Cheng H", "Wang GQ", "Wang Y"], "date": "2020-03-27", "db": "PubMed", "db_id": "32221983", "db_name": "Journal of medical virology", "first": "Cheng H", "last": "Wang GQ"}, "evidence": "Therefore, the downregulation of ACE2 expression in SARS-CoV infection may play a causal role in the pathogenesis of SARS, which provides a reasonable explanation for the progression of SARS patients into ARDS.", "line": 191, "relation": "decreases", "subject": {"modifier": "Activity"}}
act(p(HGNC:ACE2))	decreases	path(DO:proteinuria)	{"annotations": {"MeSHAnatomy": {"Kidney": true}, "MeSHDisease": {"Diabetic Nephropathies": true}, "PublicationStatus": {"Preprint": true}, "PublicationType": {"Review": true}, "Section": {"Full Text": true}}, "citation": {"authors": ["Cheng H", "Wang GQ", "Wang Y"], "date": "2020-03-27", "db": "PubMed", "db_id": "32221983", "db_name": "Journal of medical virology", "first": "Cheng H", "last": "Wang GQ"}, "evidence": "In diabetic nephropathy, downregulation of renal tubular ACE2 is associated with proteinuria and tubular damage32, and further inhibition of ACE2 aggravates renal damage33.", "line": 288, "relation": "decreases", "subject": {"modifier": "Activity"}}
act(p(HGNC:ACE2))	decreases	path(DO:"kidney failure")	{"annotations": {"MeSHAnatomy": {"Kidney": true}, "MeSHDisease": {"Diabetic Nephropathies": true}, "PublicationStatus": {"Preprint": true}, "PublicationType": {"Review": true}, "Section": {"Full Text": true}}, "citation": {"authors": ["Cheng H", "Wang GQ", "Wang Y"], "date": "2020-03-27", "db": "PubMed", "db_id": "32221983", "db_name": "Journal of medical virology", "first": "Cheng H", "last": "Wang GQ"}, "evidence": "In diabetic nephropathy, downregulation of renal tubular ACE2 is associated with proteinuria and tubular damage32, and further inhibition of ACE2 aggravates renal damage33.", "line": 289, "relation": "decreases", "subject": {"modifier": "Activity"}}
p(HGNC:ACE2)	negativeCorrelation	bp(GO:aging)	{"annotations": {"PublicationStatus": {"Preprint": true}, "PublicationType": {"Review": true}, "Section": {"Full Text": true}}, "citation": {"authors": ["Cheng H", "Wang GQ", "Wang Y"], "date": "2020-03-27", "db": "PubMed", "db_id": "32221983", "db_name": "Journal of medical virology", "first": "Cheng H", "last": "Wang GQ"}, "evidence": "The expression of ACE2 decreases with increasing age.", "line": 300, "relation": "negativeCorrelation"}
complex(a(CHEBI:"angiotensin II"), p(HGNC:AGTR1))	increases	path(MESH:"Acute Lung Injury")	{"annotations": {"PublicationStatus": {"Preprint": true}, "PublicationType": {"Review": true}, "Section": {"Full Text": true}}, "citation": {"authors": ["Cheng H", "Wang GQ", "Wang Y"], "date": "2020-03-27", "db": "PubMed", "db_id": "32221983", "db_name": "Journal of medical virology", "first": "Cheng H", "last": "Wang GQ"}, "evidence": "Studies have further demonstrated that Ang II plays a role in acute lung injury via AT1R.", "line": 156, "relation": "increases"}
p(HGNC:AGTR1)	partOf	complex(a(CHEBI:"angiotensin II"), p(HGNC:AGTR1))	{"relation": "partOf"}
complex(a(TAX:"Severe acute respiratory syndrome coronavirus 2"), p(HGNC:ACE2))	increases	bp(GO:"viral entry into host cell")	{"annotations": {"MeSHAnatomy": {"Alveolar Epithelial Cells": true}, "PublicationStatus": {"Preprint": true}, "PublicationType": {"Review": true}, "Section": {"Full Text": true}, "Species": {"9606": true}}, "citation": {"authors": ["Cheng H", "Wang GQ", "Wang Y"], "date": "2020-03-27", "db": "PubMed", "db_id": "32221983", "db_name": "Journal of medical virology", "first": "Cheng H", "last": "Wang GQ"}, "evidence": "Similar to SARS-CoV, SARS-CoV-2 also uses the ACE2 receptor to invade human alveolar epithelial cells.", "line": 69, "relation": "increases"}
complex(a(TAX:"Severe acute respiratory syndrome-related coronavirus"), p(HGNC:ACE2))	increases	bp(GO:"viral entry into host cell")	{"annotations": {"MeSHAnatomy": {"Alveolar Epithelial Cells": true}, "PublicationStatus": {"Preprint": true}, "PublicationType": {"Review": true}, "Section": {"Full Text": true}, "Species": {"9606": true}}, "citation": {"authors": ["Cheng H", "Wang GQ", "Wang Y"], "date": "2020-03-27", "db": "PubMed", "db_id": "32221983", "db_name": "Journal of medical virology", "first": "Cheng H", "last": "Wang GQ"}, "evidence": "Similar to SARS-CoV, SARS-CoV-2 also uses the ACE2 receptor to invade human alveolar epithelial cells.", "line": 70, "relation": "increases"}
complex(a(TAX:"Severe acute respiratory syndrome-related coronavirus"), p(HGNC:ACE2))	increases	bp(GO:"viral entry into host cell")	{"annotations": {"PublicationStatus": {"Preprint": true}, "PublicationType": {"Review": true}, "Section": {"Full Text": true}}, "citation": {"authors": ["Cheng H", "Wang GQ", "Wang Y"], "date": "2020-03-27", "db": "PubMed", "db_id": "32221983", "db_name": "Journal of medical virology", "first": "Cheng H", "last": "Wang GQ"}, "evidence": "ACE2 is also one of the primary receptors for SARS-CoV invasion into the human body.15", "line": 161, "relation": "increases"}
act(p(MGI:Ace2))	negativeCorrelation	path(MESH:"Acute Lung Injury")	{"annotations": {"MeSHAnatomy": {"Lung": true}, "PublicationStatus": {"Preprint": true}, "PublicationType": {"Review": true}, "Section": {"Full Text": true}, "Species": {"10090": true}}, "citation": {"authors": ["Cheng H", "Wang GQ", "Wang Y"], "date": "2020-03-27", "db": "PubMed", "db_id": "32221983", "db_name": "Journal of medical virology", "first": "Cheng H", "last": "Wang GQ"}, "evidence": "These mice showed increased severity of pathological conditions in acute lung injury.", "line": 183, "relation": "negativeCorrelation", "subject": {"modifier": "Activity"}}
p(RGD:Ace2)	negativeCorrelation	path(DO:hypertension)	{"annotations": {"PublicationStatus": {"Preprint": true}, "PublicationType": {"Review": true}, "Section": {"Full Text": true}, "Species": {"10116": true}}, "citation": {"authors": ["Cheng H", "Wang GQ", "Wang Y"], "date": "2020-03-27", "db": "PubMed", "db_id": "32221983", "db_name": "Journal of medical virology", "first": "Cheng H", "last": "Wang GQ"}, "evidence": "Studies by Ferrario27 and others showed that ACE2 levels increased by 4.7 and 2.8 times when blood pressure decreased after applying ACEIs (lisinopril) and ARBs (losartan) to rats.", "line": 247, "relation": "negativeCorrelation"}
p(UNIPROT:P59594)	decreases	p(MGI:Ace2)	{"annotations": {"MeSHAnatomy": {"Lung": true}, "PublicationStatus": {"Preprint": true}, "PublicationType": {"Review": true}, "Section": {"Full Text": true}, "Species": {"10090": true}}, "citation": {"authors": ["Cheng H", "Wang GQ", "Wang Y"], "date": "2020-03-27", "db": "PubMed", "db_id": "32221983", "db_name": "Journal of medical virology", "first": "Cheng H", "last": "Wang GQ"}, "evidence": "The researchers found that SARS-CoV-infected or recombinant SARS-spike protein-treated wild-type mice exhibited significantly reduced ACE2 expression in the lungs.", "line": 176, "relation": "decreases"}
p(UNIPROT:P59594)	association	a(TAX:"Severe acute respiratory syndrome-related coronavirus")	{"annotations": {"MeSHAnatomy": {"Lung": true}, "PublicationStatus": {"Preprint": true}, "PublicationType": {"Review": true}, "Section": {"Full Text": true}, "Species": {"10090": true}}, "citation": {"authors": ["Cheng H", "Wang GQ", "Wang Y"], "date": "2020-03-27", "db": "PubMed", "db_id": "32221983", "db_name": "Journal of medical virology", "first": "Cheng H", "last": "Wang GQ"}, "evidence": "The researchers found that SARS-CoV-infected or recombinant SARS-spike protein-treated wild-type mice exhibited significantly reduced ACE2 expression in the lungs.", "line": 177, "relation": "association"}
path(DO:"COVID-19")	increases	path(DO:"adult respiratory distress syndrome")	{"annotations": {"PublicationStatus": {"Preprint": true}, "PublicationType": {"Review": true}, "Section": {"Full Text": true}}, "citation": {"authors": ["Cheng H", "Wang GQ", "Wang Y"], "date": "2020-03-27", "db": "PubMed", "db_id": "32221983", "db_name": "Journal of medical virology", "first": "Cheng H", "last": "Wang GQ"}, "evidence": "COVID-19 ARDS patients and SARS patients have typical ARDS pathology in the lung.17", "line": 197, "relation": "increases"}
path(DO:"adult respiratory distress syndrome")	negativeCorrelation	act(p(HGNC:ACE2))	{"annotations": {"PublicationStatus": {"Preprint": true}, "PublicationType": {"Review": true}, "Section": {"Full Text": true}}, "citation": {"authors": ["Cheng H", "Wang GQ", "Wang Y"], "date": "2020-03-27", "db": "PubMed", "db_id": "32221983", "db_name": "Journal of medical virology", "first": "Cheng H", "last": "Wang GQ"}, "evidence": "ARDS is a clinical high-mortality disease, and ACE2 has a protective effect on this type of acute lung injury.", "line": 77, "object": {"modifier": "Activity"}, "relation": "negativeCorrelation"}
path(DO:"adult respiratory distress syndrome")	association	path(MESH:"Lung Injury")	{"annotations": {"PublicationStatus": {"Preprint": true}, "PublicationType": {"Review": true}, "Section": {"Full Text": true}}, "citation": {"authors": ["Cheng H", "Wang GQ", "Wang Y"], "date": "2020-03-27", "db": "PubMed", "db_id": "32221983", "db_name": "Journal of medical virology", "first": "Cheng H", "last": "Wang GQ"}, "evidence": "ARDS(acute respiratory distress syndrome)is the most severe form of acute lung injury.", "line": 110, "relation": "association"}
path(DO:"adult respiratory distress syndrome")	increases	path(DO:"pulmonary edema")	{"annotations": {"PublicationStatus": {"Preprint": true}, "PublicationType": {"Review": true}, "Section": {"Full Text": true}}, "citation": {"authors": ["Cheng H", "Wang GQ", "Wang Y"], "date": "2020-03-27", "db": "PubMed", "db_id": "32221983", "db_name": "Journal of medical virology", "first": "Cheng H", "last": "Wang GQ"}, "evidence": "It is characterized mainly by increased pulmonary vascular permeability and pulmonary edema.", "line": 115, "relation": "increases"}
path(DO:"adult respiratory distress syndrome")	association	bp(GO:"negative regulation of vascular permeability")	{"annotations": {"PublicationStatus": {"Preprint": true}, "PublicationType": {"Review": true}, "Section": {"Full Text": true}}, "citation": {"authors": ["Cheng H", "Wang GQ", "Wang Y"], "date": "2020-03-27", "db": "PubMed", "db_id": "32221983", "db_name": "Journal of medical virology", "first": "Cheng H", "last": "Wang GQ"}, "evidence": "It is characterized mainly by increased pulmonary vascular permeability and pulmonary edema.", "line": 116, "relation": "association"}
path(DO:"kidney failure")	positiveCorrelation	path(DO:hypertension)	{"annotations": {"PublicationStatus": {"Preprint": true}, "PublicationType": {"Review": true}, "Section": {"Full Text": true}}, "citation": {"authors": ["Cheng H", "Wang GQ", "Wang Y"], "date": "2020-03-27", "db": "PubMed", "db_id": "32221983", "db_name": "Journal of medical virology", "first": "Cheng H", "last": "Wang GQ"}, "evidence": "RhACE2 can reduce blood pressure while reducing renal damage34", "line": 296, "relation": "positiveCorrelation"}
path(DO:"severe acute respiratory syndrome")	increases	path(DO:"adult respiratory distress syndrome")	{"annotations": {"PublicationStatus": {"Preprint": true}, "PublicationType": {"Review": true}, "Section": {"Full Text": true}}, "citation": {"authors": ["Cheng H", "Wang GQ", "Wang Y"], "date": "2020-03-27", "db": "PubMed", "db_id": "32221983", "db_name": "Journal of medical virology", "first": "Cheng H", "last": "Wang GQ"}, "evidence": "Therefore, the downregulation of ACE2 expression in SARS-CoV infection may play a causal role in the pathogenesis of SARS, which provides a reasonable explanation for the progression of SARS patients into ARDS.", "line": 192, "relation": "increases"}
path(DO:atherosclerosis)	increases	bp(GO:"inflammatory response")	{"annotations": {"MeSHAnatomy": {"Cardiovascular System": true}, "PublicationStatus": {"Preprint": true}, "PublicationType": {"Review": true}, "Section": {"Full Text": true}}, "citation": {"authors": ["Cheng H", "Wang GQ", "Wang Y"], "date": "2020-03-27", "db": "PubMed", "db_id": "32221983", "db_name": "Journal of medical virology", "first": "Cheng H", "last": "Wang GQ"}, "evidence": "Ang II promotes atherosclerosis in the cardiovascular system and promotes inflammation, oxidative stress, and migration of endothelial cells and vascular smooth muscle cells.24", "line": 214, "relation": "increases"}
path(DO:atherosclerosis)	increases	bp(MESH:"Oxidative Stress")	{"annotations": {"MeSHAnatomy": {"Cardiovascular System": true}, "PublicationStatus": {"Preprint": true}, "PublicationType": {"Review": true}, "Section": {"Full Text": true}}, "citation": {"authors": ["Cheng H", "Wang GQ", "Wang Y"], "date": "2020-03-27", "db": "PubMed", "db_id": "32221983", "db_name": "Journal of medical virology", "first": "Cheng H", "last": "Wang GQ"}, "evidence": "Ang II promotes atherosclerosis in the cardiovascular system and promotes inflammation, oxidative stress, and migration of endothelial cells and vascular smooth muscle cells.24", "line": 215, "relation": "increases"}
path(DO:atherosclerosis)	increases	bp(GO:"endothelial cell migration")	{"annotations": {"MeSHAnatomy": {"Cardiovascular System": true}, "PublicationStatus": {"Preprint": true}, "PublicationType": {"Review": true}, "Section": {"Full Text": true}}, "citation": {"authors": ["Cheng H", "Wang GQ", "Wang Y"], "date": "2020-03-27", "db": "PubMed", "db_id": "32221983", "db_name": "Journal of medical virology", "first": "Cheng H", "last": "Wang GQ"}, "evidence": "Ang II promotes atherosclerosis in the cardiovascular system and promotes inflammation, oxidative stress, and migration of endothelial cells and vascular smooth muscle cells.24", "line": 216, "relation": "increases"}
path(DO:atherosclerosis)	increases	bp(GO:"vascular associated smooth muscle cell migration")	{"annotations": {"MeSHAnatomy": {"Cardiovascular System": true}, "PublicationStatus": {"Preprint": true}, "PublicationType": {"Review": true}, "Section": {"Full Text": true}}, "citation": {"authors": ["Cheng H", "Wang GQ", "Wang Y"], "date": "2020-03-27", "db": "PubMed", "db_id": "32221983", "db_name": "Journal of medical virology", "first": "Cheng H", "last": "Wang GQ"}, "evidence": "Ang II promotes atherosclerosis in the cardiovascular system and promotes inflammation, oxidative stress, and migration of endothelial cells and vascular smooth muscle cells.24", "line": 217, "relation": "increases"}
path(DO:atherosclerosis)	positiveCorrelation	path(HP:"Hyperactive renin-angiotensin system")	{"annotations": {"Mouse_Type": {"ApoE-/-ACE2-/-": true}, "PublicationStatus": {"Preprint": true}, "PublicationType": {"Review": true}, "Section": {"Full Text": true}, "Species": {"10090": true}}, "citation": {"authors": ["Cheng H", "Wang GQ", "Wang Y"], "date": "2020-03-27", "db": "PubMed", "db_id": "32221983", "db_name": "Journal of medical virology", "first": "Cheng H", "last": "Wang GQ"}, "evidence": "It was also found that RAS blockade could prevent atherosclerosis in ApoE/ACE2 double knockout mice.", "line": 272, "relation": "positiveCorrelation"}
path(DO:hypertension)	positiveCorrelation	path(HP:"Hyperactive renin-angiotensin system")	{"annotations": {"PublicationStatus": {"Preprint": true}, "PublicationType": {"Review": true}, "Section": {"Full Text": true}}, "citation": {"authors": ["Cheng H", "Wang GQ", "Wang Y"], "date": "2020-03-27", "db": "PubMed", "db_id": "32221983", "db_name": "Journal of medical virology", "first": "Cheng H", "last": "Wang GQ"}, "evidence": "RAS activation is an important pathophysiological mechanism of hypertension, and RAS blockers are widely used.", "line": 232, "relation": "positiveCorrelation"}
path(DO:hypertension)	negativeCorrelation	p(RGD:Ace2)	{"annotations": {"PublicationStatus": {"Preprint": true}, "PublicationType": {"Review": true}, "Section": {"Full Text": true}, "Species": {"10116": true}}, "citation": {"authors": ["Cheng H", "Wang GQ", "Wang Y"], "date": "2020-03-27", "db": "PubMed", "db_id": "32221983", "db_name": "Journal of medical virology", "first": "Cheng H", "last": "Wang GQ"}, "evidence": "Studies by Ferrario27 and others showed that ACE2 levels increased by 4.7 and 2.8 times when blood pressure decreased after applying ACEIs (lisinopril) and ARBs (losartan) to rats.", "line": 247, "relation": "negativeCorrelation"}
path(DO:hypertension)	positiveCorrelation	path(DO:"kidney failure")	{"annotations": {"PublicationStatus": {"Preprint": true}, "PublicationType": {"Review": true}, "Section": {"Full Text": true}}, "citation": {"authors": ["Cheng H", "Wang GQ", "Wang Y"], "date": "2020-03-27", "db": "PubMed", "db_id": "32221983", "db_name": "Journal of medical virology", "first": "Cheng H", "last": "Wang GQ"}, "evidence": "RhACE2 can reduce blood pressure while reducing renal damage34", "line": 296, "relation": "positiveCorrelation"}
path(DO:pneumonia)	increases	path(DO:"adult respiratory distress syndrome")	{"annotations": {"PublicationStatus": {"Preprint": true}, "PublicationType": {"Review": true}, "Section": {"Full Text": true}}, "citation": {"authors": ["Cheng H", "Wang GQ", "Wang Y"], "date": "2020-03-27", "db": "PubMed", "db_id": "32221983", "db_name": "Journal of medical virology", "first": "Cheng H", "last": "Wang GQ"}, "evidence": "It is often induced by sepsis, aspiration, and pneumonia (including that caused by SARS coronavirus, bird flu, and human influenza viruses).", "line": 124, "relation": "increases"}
path(DO:pneumonia)	increases	a(MESH:Mortality)	{"annotations": {"Custom_Disease": {"COVID-19": true}, "PublicationStatus": {"Preprint": true}, "PublicationType": {"Review": true}, "Section": {"Full Text": true}}, "citation": {"authors": ["Cheng H", "Wang GQ", "Wang Y"], "date": "2020-03-27", "db": "PubMed", "db_id": "32221983", "db_name": "Journal of medical virology", "first": "Cheng H", "last": "Wang GQ"}, "evidence": "A retrospective study of 8866 cases22 showed that these factors, such as being male, being over 60 years of age, and having pneumonia at diagnosis, were significantly positively correlated with the increase in mortality.", "line": 205, "relation": "increases"}
path(HP:"Decreased pulmonary function")	association	a(CHEBI:"angiotensin II")	{"annotations": {"PublicationStatus": {"Preprint": true}, "PublicationType": {"Review": true}, "Section": {"Full Text": true}}, "citation": {"authors": ["Cheng H", "Wang GQ", "Wang Y"], "date": "2020-03-27", "db": "PubMed", "db_id": "32221983", "db_name": "Journal of medical virology", "first": "Cheng H", "last": "Wang GQ"}, "evidence": "However, Ang II can also promote the occurrence of pulmonary edema and impair lung function.14", "line": 105, "relation": "association"}
path(HP:"Hyperactive renin-angiotensin system")	increases	path(HP:"cell and tissue damage")	{"annotations": {"PublicationStatus": {"Preprint": true}, "PublicationType": {"Review": true}, "Section": {"Full Text": true}}, "citation": {"authors": ["Cheng H", "Wang GQ", "Wang Y"], "date": "2020-03-27", "db": "PubMed", "db_id": "32221983", "db_name": "Journal of medical virology", "first": "Cheng H", "last": "Wang GQ"}, "evidence": "ACE2 antagonizes the activation of the classical RAS system and protects against organ damage, protecting against hypertension, diabetes, and cardiovascular disease.", "line": 59, "relation": "increases"}
path(HP:"Hyperactive renin-angiotensin system")	increases	path(DO:hypertension)	{"annotations": {"PublicationStatus": {"Preprint": true}, "PublicationType": {"Review": true}, "Section": {"Full Text": true}}, "citation": {"authors": ["Cheng H", "Wang GQ", "Wang Y"], "date": "2020-03-27", "db": "PubMed", "db_id": "32221983", "db_name": "Journal of medical virology", "first": "Cheng H", "last": "Wang GQ"}, "evidence": "ACE2 antagonizes the activation of the classical RAS system and protects against organ damage, protecting against hypertension, diabetes, and cardiovascular disease.", "line": 60, "relation": "increases"}
path(HP:"Hyperactive renin-angiotensin system")	positiveCorrelation	path(DO:hypertension)	{"annotations": {"PublicationStatus": {"Preprint": true}, "PublicationType": {"Review": true}, "Section": {"Full Text": true}}, "citation": {"authors": ["Cheng H", "Wang GQ", "Wang Y"], "date": "2020-03-27", "db": "PubMed", "db_id": "32221983", "db_name": "Journal of medical virology", "first": "Cheng H", "last": "Wang GQ"}, "evidence": "RAS activation is an important pathophysiological mechanism of hypertension, and RAS blockers are widely used.", "line": 232, "relation": "positiveCorrelation"}
path(HP:"Hyperactive renin-angiotensin system")	increases	path(DO:"diabetes mellitus")	{"annotations": {"PublicationStatus": {"Preprint": true}, "PublicationType": {"Review": true}, "Section": {"Full Text": true}}, "citation": {"authors": ["Cheng H", "Wang GQ", "Wang Y"], "date": "2020-03-27", "db": "PubMed", "db_id": "32221983", "db_name": "Journal of medical virology", "first": "Cheng H", "last": "Wang GQ"}, "evidence": "ACE2 antagonizes the activation of the classical RAS system and protects against organ damage, protecting against hypertension, diabetes, and cardiovascular disease.", "line": 61, "relation": "increases"}
path(HP:"Hyperactive renin-angiotensin system")	increases	path(DO:"cardiovascular system disease")	{"annotations": {"PublicationStatus": {"Preprint": true}, "PublicationType": {"Review": true}, "Section": {"Full Text": true}}, "citation": {"authors": ["Cheng H", "Wang GQ", "Wang Y"], "date": "2020-03-27", "db": "PubMed", "db_id": "32221983", "db_name": "Journal of medical virology", "first": "Cheng H", "last": "Wang GQ"}, "evidence": "ACE2 antagonizes the activation of the classical RAS system and protects against organ damage, protecting against hypertension, diabetes, and cardiovascular disease.", "line": 62, "relation": "increases"}
path(HP:"Hyperactive renin-angiotensin system")	regulates	bp(GO:"homeostatic process")	{"annotations": {"PublicationStatus": {"Preprint": true}, "PublicationType": {"Review": true}, "Section": {"Full Text": true}}, "citation": {"authors": ["Cheng H", "Wang GQ", "Wang Y"], "date": "2020-03-27", "db": "PubMed", "db_id": "32221983", "db_name": "Journal of medical virology", "first": "Cheng H", "last": "Wang GQ"}, "evidence": "The renin-angiotensin system (RAS) is a critical homeostasis regulation of the human body (showed in Fig.1.).1", "line": 82, "relation": "regulates"}
path(HP:"Hyperactive renin-angiotensin system")	positiveCorrelation	path(DO:atherosclerosis)	{"annotations": {"Mouse_Type": {"ApoE-/-ACE2-/-": true}, "PublicationStatus": {"Preprint": true}, "PublicationType": {"Review": true}, "Section": {"Full Text": true}, "Species": {"10090": true}}, "citation": {"authors": ["Cheng H", "Wang GQ", "Wang Y"], "date": "2020-03-27", "db": "PubMed", "db_id": "32221983", "db_name": "Journal of medical virology", "first": "Cheng H", "last": "Wang GQ"}, "evidence": "It was also found that RAS blockade could prevent atherosclerosis in ApoE/ACE2 double knockout mice.", "line": 272, "relation": "positiveCorrelation"}
path(HP:"Myocardial fibrosis")	positiveCorrelation	a(CHEBI:"angiotensin II")	{"annotations": {"PublicationStatus": {"Preprint": true}, "PublicationType": {"Review": true}, "Section": {"Full Text": true}}, "citation": {"authors": ["Cheng H", "Wang GQ", "Wang Y"], "date": "2020-03-27", "db": "PubMed", "db_id": "32221983", "db_name": "Journal of medical virology", "first": "Cheng H", "last": "Wang GQ"}, "evidence": "ACE2 can also antagonize cardiac fibrosis and ventricular remodeling caused by the long-term effects of Ang II.", "line": 280, "relation": "positiveCorrelation"}
path(HP:Aspiration)	increases	path(DO:"adult respiratory distress syndrome")	{"annotations": {"PublicationStatus": {"Preprint": true}, "PublicationType": {"Review": true}, "Section": {"Full Text": true}}, "citation": {"authors": ["Cheng H", "Wang GQ", "Wang Y"], "date": "2020-03-27", "db": "PubMed", "db_id": "32221983", "db_name": "Journal of medical virology", "first": "Cheng H", "last": "Wang GQ"}, "evidence": "It is often induced by sepsis, aspiration, and pneumonia (including that caused by SARS coronavirus, bird flu, and human influenza viruses).", "line": 123, "relation": "increases"}
path(MESH:"Acute Lung Injury")	negativeCorrelation	act(p(HGNC:ACE2))	{"annotations": {"MeSHAnatomy": {"Lung": true}, "PublicationStatus": {"Preprint": true}, "PublicationType": {"Review": true}, "Section": {"Full Text": true}}, "citation": {"authors": ["Cheng H", "Wang GQ", "Wang Y"], "date": "2020-03-27", "db": "PubMed", "db_id": "32221983", "db_name": "Journal of medical virology", "first": "Cheng H", "last": "Wang GQ"}, "evidence": "ACE2 is highly expressed in the lung, and Imai14 et al. confirmed the protective effect of ACE2 in acute lung injury.", "line": 130, "object": {"modifier": "Activity"}, "relation": "negativeCorrelation"}
path(MESH:"Acute Lung Injury")	negativeCorrelation	act(p(MGI:Ace2))	{"annotations": {"MeSHAnatomy": {"Lung": true}, "PublicationStatus": {"Preprint": true}, "PublicationType": {"Review": true}, "Section": {"Full Text": true}, "Species": {"10090": true}}, "citation": {"authors": ["Cheng H", "Wang GQ", "Wang Y"], "date": "2020-03-27", "db": "PubMed", "db_id": "32221983", "db_name": "Journal of medical virology", "first": "Cheng H", "last": "Wang GQ"}, "evidence": "These mice showed increased severity of pathological conditions in acute lung injury.", "line": 183, "object": {"modifier": "Activity"}, "relation": "negativeCorrelation"}
path(MESH:"Lung Injury")	association	path(DO:"adult respiratory distress syndrome")	{"annotations": {"PublicationStatus": {"Preprint": true}, "PublicationType": {"Review": true}, "Section": {"Full Text": true}}, "citation": {"authors": ["Cheng H", "Wang GQ", "Wang Y"], "date": "2020-03-27", "db": "PubMed", "db_id": "32221983", "db_name": "Journal of medical virology", "first": "Cheng H", "last": "Wang GQ"}, "evidence": "ARDS(acute respiratory distress syndrome)is the most severe form of acute lung injury.", "line": 110, "relation": "association"}
path(MESH:"Ventricular Remodeling")	positiveCorrelation	a(CHEBI:"angiotensin II")	{"annotations": {"PublicationStatus": {"Preprint": true}, "PublicationType": {"Review": true}, "Section": {"Full Text": true}}, "citation": {"authors": ["Cheng H", "Wang GQ", "Wang Y"], "date": "2020-03-27", "db": "PubMed", "db_id": "32221983", "db_name": "Journal of medical virology", "first": "Cheng H", "last": "Wang GQ"}, "evidence": "ACE2 can also antagonize cardiac fibrosis and ventricular remodeling caused by the long-term effects of Ang II.", "line": 279, "relation": "positiveCorrelation"}
path(MESH:Hypoxia)	increases	path(HP:"Hyperactive renin-angiotensin system")	{"annotations": {"PublicationStatus": {"Preprint": true}, "PublicationType": {"Review": true}, "Section": {"Full Text": true}}, "citation": {"authors": ["Cheng H", "Wang GQ", "Wang Y"], "date": "2020-03-27", "db": "PubMed", "db_id": "32221983", "db_name": "Journal of medical virology", "first": "Cheng H", "last": "Wang GQ"}, "evidence": "RAS is activated during hypoxia", "line": 90, "relation": "increases"}
path(MESH:Sepsis)	increases	path(DO:"adult respiratory distress syndrome")	{"annotations": {"PublicationStatus": {"Preprint": true}, "PublicationType": {"Review": true}, "Section": {"Full Text": true}}, "citation": {"authors": ["Cheng H", "Wang GQ", "Wang Y"], "date": "2020-03-27", "db": "PubMed", "db_id": "32221983", "db_name": "Journal of medical virology", "first": "Cheng H", "last": "Wang GQ"}, "evidence": "It is often induced by sepsis, aspiration, and pneumonia (including that caused by SARS coronavirus, bird flu, and human influenza viruses).", "line": 122, "relation": "increases"}
