a(CHEBI:"angiotensin II")	increases	bp(GO:vasoconstriction)	{"annotations": {"PublicationStatus": {"Published": true}, "PublicationType": {"Report": true}, "Section": {"Full Text": true}}, "citation": {"db": "DOI", "db_id": "10.1056/NEJMsr2005760"}, "evidence": "ACE2 is a key counterregulatory enzyme that degrades angiotensin II to angiotensin-(1\u20137), thereby attenuating its effects on vasoconstriction, sodium retention, and fibrosis. Although angiotensin II is the primary substrate of ACE2, that enzyme also cleaves angiotensin I to angiotensin-(1\u20139) and participates in the hydrolysis of other peptides.16", "line": 60, "relation": "increases"}
a(CHEBI:"angiotensin II")	increases	path(MESH:Hypernatremia)	{"annotations": {"PublicationStatus": {"Published": true}, "PublicationType": {"Report": true}, "Section": {"Full Text": true}}, "citation": {"db": "DOI", "db_id": "10.1056/NEJMsr2005760"}, "evidence": "ACE2 is a key counterregulatory enzyme that degrades angiotensin II to angiotensin-(1\u20137), thereby attenuating its effects on vasoconstriction, sodium retention, and fibrosis. Although angiotensin II is the primary substrate of ACE2, that enzyme also cleaves angiotensin I to angiotensin-(1\u20139) and participates in the hydrolysis of other peptides.16", "line": 61, "relation": "increases"}
a(CHEBI:"angiotensin II")	increases	path(MESH:Fibrosis)	{"annotations": {"PublicationStatus": {"Published": true}, "PublicationType": {"Report": true}, "Section": {"Full Text": true}}, "citation": {"db": "DOI", "db_id": "10.1056/NEJMsr2005760"}, "evidence": "ACE2 is a key counterregulatory enzyme that degrades angiotensin II to angiotensin-(1\u20137), thereby attenuating its effects on vasoconstriction, sodium retention, and fibrosis. Although angiotensin II is the primary substrate of ACE2, that enzyme also cleaves angiotensin I to angiotensin-(1\u20139) and participates in the hydrolysis of other peptides.16", "line": 62, "relation": "increases"}
a(CHEBI:"angiotensin II")	increases	path(HP:"cell and tissue damage")	{"annotations": {"Custom_Disease": {"COVID-19": true}, "PublicationStatus": {"Published": true}, "PublicationType": {"Report": true}, "Section": {"Full Text": true}}, "citation": {"db": "DOI", "db_id": "10.1056/NEJMsr2005760"}, "evidence": "It has been postulated but unproven that unabated angiotensin II activity may be in part responsible for organ injury in Covid-19.43,44", "line": 101, "relation": "increases"}
a(CHEBI:"angiotensin II")	regulates	a(TAX:"Severe acute respiratory syndrome coronavirus 2")	{"annotations": {"Custom_Disease": {"COVID-19": true}, "MeSHAnatomy": {"Plasma": true}, "PublicationStatus": {"Published": true}, "PublicationType": {"Report": true}, "Section": {"Full Text": true}}, "citation": {"db": "DOI", "db_id": "10.1056/NEJMsr2005760"}, "evidence": "In a small study, patients with Covid-19 appeared to have elevated levels of plasma angiotensin II, which were in turn correlated with total viral load and degree of lung injury.44", "line": 133, "relation": "regulates"}
a(CHEBI:"angiotensin II")	regulates	path(MESH:"Lung Injury")	{"annotations": {"Custom_Disease": {"COVID-19": true}, "MeSHAnatomy": {"Plasma": true}, "PublicationStatus": {"Published": true}, "PublicationType": {"Report": true}, "Section": {"Full Text": true}}, "citation": {"db": "DOI", "db_id": "10.1056/NEJMsr2005760"}, "evidence": "In a small study, patients with Covid-19 appeared to have elevated levels of plasma angiotensin II, which were in turn correlated with total viral load and degree of lung injury.44", "line": 134, "relation": "regulates"}
a(CHEBI:"angiotensin II")	increases	path(MESH:"Heart Injuries")	{"annotations": {"PublicationStatus": {"Published": true}, "PublicationType": {"Report": true}, "Section": {"Full Text": true}, "Species": {"10090": true}}, "citation": {"db": "DOI", "db_id": "10.1056/NEJMsr2005760"}, "evidence": "ACE2 has a well-recognized role in myocardial recovery and injury response; in one study, ACE2 knockout in animal models contributed to adverse left ventricular remodeling in response to acute injury driven by angiotensin II.55", "line": 144, "relation": "increases"}
a(CHEBI:captopril)	increases	a(CHEBI:"Ile(5)-angiotensin II (1-7)")	{"annotations": {"PublicationStatus": {"Published": true}, "PublicationType": {"Report": true}, "Section": {"Full Text": true}}, "citation": {"db": "DOI", "db_id": "10.1056/NEJMsr2005760"}, "evidence": "however, with exposure to captopril monotherapy over a period of 6 months, angiotensin-(1\u20137) levels increased.36", "line": 75, "relation": "increases"}
a(CHEBI:losartan)	decreases	path(DO:"COVID-19")	{"annotations": {"PublicationStatus": {"Published": true}, "PublicationType": {"Report": true}, "Section": {"Full Text": true}}, "citation": {"db": "DOI", "db_id": "10.1056/NEJMsr2005760"}, "evidence": "In addition, paired trials of losartan as a treatment for Covid-19 are being conducted among patients who have not previously received treatment with a RAAS inhibitor and are either hospitalized (NCT04312009. opens in new tab) or not hospitalized (NCT04311177. opens in new tab).", "line": 155, "relation": "decreases"}
a(CHEBI:olmesartan)	increases	p(HGNC:ACE2)	{"annotations": {"MeSHAnatomy": {"Urine": true}, "MeSHDisease": {"Hypertension": true}, "PublicationStatus": {"Published": true}, "PublicationType": {"Report": true}, "Section": {"Full Text": true}}, "citation": {"db": "DOI", "db_id": "10.1056/NEJMsr2005760"}, "evidence": "In a longitudinal cohort study involving Japanese patients with hypertension, urinary ACE2 levels were higher among patients who received long-term treatment with the ARB olmesartan than among untreated control patients, but that association was not observed with the ACE inhibitor enalapril or with other ARBs (losartan, candesartan, valsartan, and telmisartan).41", "line": 86, "relation": "increases"}
a(MESH:"Angiotensin Receptor Antagonists")	increases	p(HGNC:ACE2)	{"annotations": {"PublicationStatus": {"Published": true}, "PublicationType": {"Report": true}, "Section": {"Full Text": true}}, "citation": {"db": "DOI", "db_id": "10.1056/NEJMsr2005760"}, "evidence": "Similarly, animal models have had inconsistent findings with respect to the effects of ARBs on ACE2, with some showing that ARBs may increase messenger RNA expression or protein levels of ACE2 in tissue21,26-34 and others showing no effect.23", "line": 69, "relation": "increases"}
a(MESH:"Angiotensin Receptor Antagonists")	increases	r(HGNC:ACE2)	{"annotations": {"PublicationStatus": {"Published": true}, "PublicationType": {"Report": true}, "Section": {"Full Text": true}}, "citation": {"db": "DOI", "db_id": "10.1056/NEJMsr2005760"}, "evidence": "Similarly, animal models have had inconsistent findings with respect to the effects of ARBs on ACE2, with some showing that ARBs may increase messenger RNA expression or protein levels of ACE2 in tissue21,26-34 and others showing no effect.23", "line": 70, "relation": "increases"}
a(TAX:"Severe acute respiratory syndrome coronavirus 2")	partOf	complex(a(TAX:"Severe acute respiratory syndrome coronavirus 2"), p(HGNC:ACE2))	{"relation": "partOf"}
a(TAX:"Severe acute respiratory syndrome coronavirus 2")	decreases	act(p(HGNC:ACE2))	{"annotations": {"PublicationStatus": {"Published": true}, "PublicationType": {"Report": true}, "Section": {"Full Text": true}}, "citation": {"db": "DOI", "db_id": "10.1056/NEJMsr2005760"}, "evidence": "SARS-CoV-2 appears not only to gain initial entry through ACE2 but also to subsequently down-regulate ACE2 expression such that the enzyme is unable to exert protective effects in organs", "line": 95, "object": {"modifier": "Activity"}, "relation": "decreases"}
complex(a(TAX:"Severe acute respiratory syndrome coronavirus 2"), p(HGNC:ACE2))	increases	bp(GO:"viral entry into host cell")	{"annotations": {"PublicationStatus": {"Published": true}, "PublicationType": {"Report": true}, "Section": {"Full Text": true}}, "citation": {"db": "DOI", "db_id": "10.1056/NEJMsr2005760"}, "evidence": "SARS-CoV-2 appears not only to gain initial entry through ACE2 but also to subsequently down-regulate ACE2 expression such that the enzyme is unable to exert protective effects in organs", "line": 94, "relation": "increases"}
p(HGNC:ACE2)	partOf	complex(a(TAX:"Severe acute respiratory syndrome coronavirus 2"), p(HGNC:ACE2))	{"relation": "partOf"}
act(p(HGNC:ACE2))	increases	rxn(reactants(a(CHEBI:"angiotensin II")), products(a(CHEBI:"Ile(5)-angiotensin II (1-7)")))	{"annotations": {"PublicationStatus": {"Published": true}, "PublicationType": {"Report": true}, "Section": {"Full Text": true}}, "citation": {"db": "DOI", "db_id": "10.1056/NEJMsr2005760"}, "evidence": "ACE2 is a key counterregulatory enzyme that degrades angiotensin II to angiotensin-(1\u20137), thereby attenuating its effects on vasoconstriction, sodium retention, and fibrosis. Although angiotensin II is the primary substrate of ACE2, that enzyme also cleaves angiotensin I to angiotensin-(1\u20139) and participates in the hydrolysis of other peptides.16", "line": 58, "relation": "increases", "subject": {"modifier": "Activity"}}
act(p(HGNC:ACE2))	increases	rxn(reactants(a(CHEBI:"angiotensin II")), products(a(CHEBI:"Angiotensin (1-9)")))	{"annotations": {"PublicationStatus": {"Published": true}, "PublicationType": {"Report": true}, "Section": {"Full Text": true}}, "citation": {"db": "DOI", "db_id": "10.1056/NEJMsr2005760"}, "evidence": "ACE2 is a key counterregulatory enzyme that degrades angiotensin II to angiotensin-(1\u20137), thereby attenuating its effects on vasoconstriction, sodium retention, and fibrosis. Although angiotensin II is the primary substrate of ACE2, that enzyme also cleaves angiotensin I to angiotensin-(1\u20139) and participates in the hydrolysis of other peptides.16", "line": 59, "relation": "increases", "subject": {"modifier": "Activity"}}
act(p(COVID:S))	decreases	p(HGNC:ACE2)	{"annotations": {"Custom_Disease": {"COVID-19": true}, "PublicationStatus": {"Published": true}, "PublicationType": {"Report": true}, "Section": {"Full Text": true}}, "citation": {"db": "DOI", "db_id": "10.1056/NEJMsr2005760"}, "evidence": "After the initial engagement of SARS-CoV-2 spike protein, there is subsequent down-regulation of ACE2 abundance on cell surfaces.45", "line": 106, "relation": "decreases", "subject": {"modifier": "Activity"}}
act(p(COVID:S))	increases	path(MESH:"Acute Lung Injury")	{"annotations": {"PublicationStatus": {"Published": true}, "PublicationType": {"Report": true}, "Section": {"Full Text": true}, "Species": {"10090": true}}, "citation": {"db": "DOI", "db_id": "10.1056/NEJMsr2005760"}, "evidence": "Indeed, in experimental mouse models, exposure to SARS-CoV-1 spike protein induced acute lung injury, which is limited by RAAS blockade.45", "line": 114, "relation": "increases", "subject": {"modifier": "Activity"}}
act(p(MGI:Ace2))	decreases	path(MESH:"Acute Lung Injury")	{"annotations": {"PublicationStatus": {"Published": true}, "PublicationType": {"Report": true}, "Section": {"Full Text": true}, "Species": {"10090": true}}, "citation": {"db": "DOI", "db_id": "10.1056/NEJMsr2005760"}, "evidence": "Other mouse models have suggested that dysregulation of ACE2 may mediate acute lung injury that is secondary to virulent strains of influenza48,49 and respiratory syncytial virus.50", "line": 123, "relation": "decreases", "subject": {"modifier": "Activity"}}
act(p(MGI:Ace2))	positiveCorrelation	path(MESH:"Ventricular Remodeling")	{"annotations": {"PublicationStatus": {"Published": true}, "PublicationType": {"Report": true}, "Section": {"Full Text": true}, "Species": {"10090": true}}, "citation": {"db": "DOI", "db_id": "10.1056/NEJMsr2005760"}, "evidence": "ACE2 has a well-recognized role in myocardial recovery and injury response; in one study, ACE2 knockout in animal models contributed to adverse left ventricular remodeling in response to acute injury driven by angiotensin II.55", "line": 146, "relation": "positiveCorrelation", "subject": {"modifier": "Activity"}}
path(DO:"COVID-19")	increases	a(CHEBI:"angiotensin II")	{"annotations": {"Custom_Disease": {"COVID-19": true}, "MeSHAnatomy": {"Plasma": true}, "PublicationStatus": {"Published": true}, "PublicationType": {"Report": true}, "Section": {"Full Text": true}}, "citation": {"db": "DOI", "db_id": "10.1056/NEJMsr2005760"}, "evidence": "In a small study, patients with Covid-19 appeared to have elevated levels of plasma angiotensin II, which were in turn correlated with total viral load and degree of lung injury.44", "line": 132, "relation": "increases"}
path(DO:"COVID-19")	association	path(DO:"myocardial infarction")	{"annotations": {"PublicationStatus": {"Published": true}, "PublicationType": {"Report": true}, "Section": {"Full Text": true}}, "citation": {"db": "DOI", "db_id": "10.1056/NEJMsr2005760"}, "evidence": "Among patients with unstable clinical status, myocardial injury associated with Covid-19 may pose even higher early risks after withdrawal of RAAS inhibitors.", "line": 161, "relation": "association"}
path(DO:"myocardial infarction")	association	path(DO:"COVID-19")	{"annotations": {"PublicationStatus": {"Published": true}, "PublicationType": {"Report": true}, "Section": {"Full Text": true}}, "citation": {"db": "DOI", "db_id": "10.1056/NEJMsr2005760"}, "evidence": "Among patients with unstable clinical status, myocardial injury associated with Covid-19 may pose even higher early risks after withdrawal of RAAS inhibitors.", "line": 161, "relation": "association"}
path(HP:"Hyperactive renin-angiotensin system")	increases	path(MESH:"Acute Lung Injury")	{"annotations": {"PublicationStatus": {"Published": true}, "PublicationType": {"Report": true}, "Section": {"Full Text": true}, "Species": {"10090": true}}, "citation": {"db": "DOI", "db_id": "10.1056/NEJMsr2005760"}, "evidence": "Indeed, in experimental mouse models, exposure to SARS-CoV-1 spike protein induced acute lung injury, which is limited by RAAS blockade.45", "line": 115, "relation": "increases"}
path(MESH:"Heart Injuries")	negativeCorrelation	path(MESH:"Ventricular Remodeling")	{"annotations": {"PublicationStatus": {"Published": true}, "PublicationType": {"Report": true}, "Section": {"Full Text": true}, "Species": {"10090": true}}, "citation": {"db": "DOI", "db_id": "10.1056/NEJMsr2005760"}, "evidence": "ACE2 has a well-recognized role in myocardial recovery and injury response; in one study, ACE2 knockout in animal models contributed to adverse left ventricular remodeling in response to acute injury driven by angiotensin II.55", "line": 145, "relation": "negativeCorrelation"}
path(MESH:"Ventricular Remodeling")	negativeCorrelation	path(MESH:"Heart Injuries")	{"annotations": {"PublicationStatus": {"Published": true}, "PublicationType": {"Report": true}, "Section": {"Full Text": true}, "Species": {"10090": true}}, "citation": {"db": "DOI", "db_id": "10.1056/NEJMsr2005760"}, "evidence": "ACE2 has a well-recognized role in myocardial recovery and injury response; in one study, ACE2 knockout in animal models contributed to adverse left ventricular remodeling in response to acute injury driven by angiotensin II.55", "line": 145, "relation": "negativeCorrelation"}
path(MESH:"Ventricular Remodeling")	positiveCorrelation	act(p(MGI:Ace2))	{"annotations": {"PublicationStatus": {"Published": true}, "PublicationType": {"Report": true}, "Section": {"Full Text": true}, "Species": {"10090": true}}, "citation": {"db": "DOI", "db_id": "10.1056/NEJMsr2005760"}, "evidence": "ACE2 has a well-recognized role in myocardial recovery and injury response; in one study, ACE2 knockout in animal models contributed to adverse left ventricular remodeling in response to acute injury driven by angiotensin II.55", "line": 146, "object": {"modifier": "Activity"}, "relation": "positiveCorrelation"}
rxn(reactants(a(CHEBI:"angiotensin II")), products(a(CHEBI:"Angiotensin (1-9)")))	hasReactant	a(CHEBI:"angiotensin II")	{"relation": "hasReactant"}
rxn(reactants(a(CHEBI:"angiotensin II")), products(a(CHEBI:"Angiotensin (1-9)")))	hasProduct	a(CHEBI:"Angiotensin (1-9)")	{"relation": "hasProduct"}
rxn(reactants(a(CHEBI:"angiotensin II")), products(a(CHEBI:"Ile(5)-angiotensin II (1-7)")))	hasReactant	a(CHEBI:"angiotensin II")	{"relation": "hasReactant"}
rxn(reactants(a(CHEBI:"angiotensin II")), products(a(CHEBI:"Ile(5)-angiotensin II (1-7)")))	hasProduct	a(CHEBI:"Ile(5)-angiotensin II (1-7)")	{"relation": "hasProduct"}
