a(CHEBI:"angiotensin receptor antagonist")	decreases	path(MESH:Death)	{"annotations": {"Custom_Disease": {"COVID-19": true}, "PublicationStatus": {"Published": true}, "PublicationType": {"Research": true}, "Section": {"Results": true}, "Species": {"9606": true}}, "citation": {"authors": ["Bi J", "Di W", "Gao H", "He X", "Li Z", "Liu L", "Meng J", "Ou M", "Wang Z", "Xiao G", "Yang R", "Zhang G", "Zhang J"], "date": "2020-12-01", "db": "PubMed", "db_id": "32228222", "db_name": "Renin-angiotensin system inhibitors improve the clinical outcomes of COVID-19 patients with hypertension.", "first": "Meng J", "journal": "Emerging microbes &amp; infections", "last": "Zhang G", "pages": "757-760", "volume": "9"}, "evidence": "In contrast, in the ACEI/ARB group, only 4 patients (23.5%) were cate- gorized into severe subgroups and no patients died (Figure 1(A)).", "line": 54, "relation": "decreases"}
a(CHEBI:"angiotensin receptor antagonist")	decreases	p(HGNC:IL6)	{"annotations": {"Custom_Disease": {"COVID-19": true}, "MeSHAnatomy": {"Blood": true}, "PublicationStatus": {"Published": true}, "PublicationType": {"Research": true}, "Section": {"Results": true}, "Species": {"9606": true}}, "citation": {"authors": ["Bi J", "Di W", "Gao H", "He X", "Li Z", "Liu L", "Meng J", "Ou M", "Wang Z", "Xiao G", "Yang R", "Zhang G", "Zhang J"], "date": "2020-12-01", "db": "PubMed", "db_id": "32228222", "db_name": "Renin-angiotensin system inhibitors improve the clinical outcomes of COVID-19 patients with hypertension.", "first": "Meng J", "journal": "Emerging microbes &amp; infections", "last": "Zhang G", "pages": "757-760", "volume": "9"}, "evidence": "As shown in Figure 1(B), there was a trend toward lower IL-6 levels in patients from the ACEI/ARB group.", "line": 61, "relation": "decreases"}
a(CHEBI:"angiotensin receptor antagonist")	increases	a(FIXME:"CD3-Positive T-Lymphocytes")	{"annotations": {"Custom_Disease": {"COVID-19": true}, "MeSHAnatomy": {"Blood": true}, "PublicationStatus": {"Published": true}, "PublicationType": {"Research": true}, "Section": {"Results": true}, "Species": {"9606": true}}, "citation": {"authors": ["Bi J", "Di W", "Gao H", "He X", "Li Z", "Liu L", "Meng J", "Ou M", "Wang Z", "Xiao G", "Yang R", "Zhang G", "Zhang J"], "date": "2020-12-01", "db": "PubMed", "db_id": "32228222", "db_name": "Renin-angiotensin system inhibitors improve the clinical outcomes of COVID-19 patients with hypertension.", "first": "Meng J", "journal": "Emerging microbes &amp; infections", "last": "Zhang G", "pages": "757-760", "volume": "9"}, "evidence": "The absolute number of CD3+ and CD8+ T cells in the ACEI/ARB group was significantly higher than that in the non-ACEI/ARB group.", "line": 68, "relation": "increases"}
a(CHEBI:"angiotensin receptor antagonist")	increases	a(MESH:"CD8-Positive T-Lymphocytes")	{"annotations": {"Custom_Disease": {"COVID-19": true}, "MeSHAnatomy": {"Blood": true}, "PublicationStatus": {"Published": true}, "PublicationType": {"Research": true}, "Section": {"Results": true}, "Species": {"9606": true}}, "citation": {"authors": ["Bi J", "Di W", "Gao H", "He X", "Li Z", "Liu L", "Meng J", "Ou M", "Wang Z", "Xiao G", "Yang R", "Zhang G", "Zhang J"], "date": "2020-12-01", "db": "PubMed", "db_id": "32228222", "db_name": "Renin-angiotensin system inhibitors improve the clinical outcomes of COVID-19 patients with hypertension.", "first": "Meng J", "journal": "Emerging microbes &amp; infections", "last": "Zhang G", "pages": "757-760", "volume": "9"}, "evidence": "The absolute number of CD3+ and CD8+ T cells in the ACEI/ARB group was significantly higher than that in the non-ACEI/ARB group.", "line": 70, "relation": "increases"}
a(CHEBI:"angiotensin receptor antagonist")	decreases	a(TAX:"Severe acute respiratory syndrome coronavirus 2")	{"annotations": {"Custom_Disease": {"COVID-19": true}, "PublicationStatus": {"Published": true}, "PublicationType": {"Research": true}, "Section": {"Results": true}, "Species": {"9606": true}}, "citation": {"authors": ["Bi J", "Di W", "Gao H", "He X", "Li Z", "Liu L", "Meng J", "Ou M", "Wang Z", "Xiao G", "Yang R", "Zhang G", "Zhang J"], "date": "2020-12-01", "db": "PubMed", "db_id": "32228222", "db_name": "Renin-angiotensin system inhibitors improve the clinical outcomes of COVID-19 patients with hypertension.", "first": "Meng J", "journal": "Emerging microbes &amp; infections", "last": "Zhang G", "pages": "757-760", "volume": "9"}, "evidence": "In addition, although the viral load was not different between the two groups at hospital admission, the peak viral load during hospitalization in the ACEI/ ARB group was significantly lower than that in the non-ACEI/ARB group (Figure 1(D)).", "line": 81, "relation": "decreases"}
a(MESH:"Angiotensin-Converting Enzyme Inhibitors")	decreases	path(MESH:Death)	{"annotations": {"Custom_Disease": {"COVID-19": true}, "PublicationStatus": {"Published": true}, "PublicationType": {"Research": true}, "Section": {"Results": true}, "Species": {"9606": true}}, "citation": {"authors": ["Bi J", "Di W", "Gao H", "He X", "Li Z", "Liu L", "Meng J", "Ou M", "Wang Z", "Xiao G", "Yang R", "Zhang G", "Zhang J"], "date": "2020-12-01", "db": "PubMed", "db_id": "32228222", "db_name": "Renin-angiotensin system inhibitors improve the clinical outcomes of COVID-19 patients with hypertension.", "first": "Meng J", "journal": "Emerging microbes &amp; infections", "last": "Zhang G", "pages": "757-760", "volume": "9"}, "evidence": "In contrast, in the ACEI/ARB group, only 4 patients (23.5%) were cate- gorized into severe subgroups and no patients died (Figure 1(A)).", "line": 55, "relation": "decreases"}
a(MESH:"Angiotensin-Converting Enzyme Inhibitors")	decreases	p(HGNC:IL6)	{"annotations": {"Custom_Disease": {"COVID-19": true}, "MeSHAnatomy": {"Blood": true}, "PublicationStatus": {"Published": true}, "PublicationType": {"Research": true}, "Section": {"Results": true}, "Species": {"9606": true}}, "citation": {"authors": ["Bi J", "Di W", "Gao H", "He X", "Li Z", "Liu L", "Meng J", "Ou M", "Wang Z", "Xiao G", "Yang R", "Zhang G", "Zhang J"], "date": "2020-12-01", "db": "PubMed", "db_id": "32228222", "db_name": "Renin-angiotensin system inhibitors improve the clinical outcomes of COVID-19 patients with hypertension.", "first": "Meng J", "journal": "Emerging microbes &amp; infections", "last": "Zhang G", "pages": "757-760", "volume": "9"}, "evidence": "As shown in Figure 1(B), there was a trend toward lower IL-6 levels in patients from the ACEI/ARB group.", "line": 62, "relation": "decreases"}
a(MESH:"Angiotensin-Converting Enzyme Inhibitors")	increases	a(FIXME:"CD3-Positive T-Lymphocytes")	{"annotations": {"Custom_Disease": {"COVID-19": true}, "MeSHAnatomy": {"Blood": true}, "PublicationStatus": {"Published": true}, "PublicationType": {"Research": true}, "Section": {"Results": true}, "Species": {"9606": true}}, "citation": {"authors": ["Bi J", "Di W", "Gao H", "He X", "Li Z", "Liu L", "Meng J", "Ou M", "Wang Z", "Xiao G", "Yang R", "Zhang G", "Zhang J"], "date": "2020-12-01", "db": "PubMed", "db_id": "32228222", "db_name": "Renin-angiotensin system inhibitors improve the clinical outcomes of COVID-19 patients with hypertension.", "first": "Meng J", "journal": "Emerging microbes &amp; infections", "last": "Zhang G", "pages": "757-760", "volume": "9"}, "evidence": "The absolute number of CD3+ and CD8+ T cells in the ACEI/ARB group was significantly higher than that in the non-ACEI/ARB group.", "line": 69, "relation": "increases"}
a(MESH:"Angiotensin-Converting Enzyme Inhibitors")	increases	a(MESH:"CD8-Positive T-Lymphocytes")	{"annotations": {"Custom_Disease": {"COVID-19": true}, "MeSHAnatomy": {"Blood": true}, "PublicationStatus": {"Published": true}, "PublicationType": {"Research": true}, "Section": {"Results": true}, "Species": {"9606": true}}, "citation": {"authors": ["Bi J", "Di W", "Gao H", "He X", "Li Z", "Liu L", "Meng J", "Ou M", "Wang Z", "Xiao G", "Yang R", "Zhang G", "Zhang J"], "date": "2020-12-01", "db": "PubMed", "db_id": "32228222", "db_name": "Renin-angiotensin system inhibitors improve the clinical outcomes of COVID-19 patients with hypertension.", "first": "Meng J", "journal": "Emerging microbes &amp; infections", "last": "Zhang G", "pages": "757-760", "volume": "9"}, "evidence": "The absolute number of CD3+ and CD8+ T cells in the ACEI/ARB group was significantly higher than that in the non-ACEI/ARB group.", "line": 71, "relation": "increases"}
a(MESH:"Angiotensin-Converting Enzyme Inhibitors")	decreases	a(TAX:"Severe acute respiratory syndrome coronavirus 2")	{"annotations": {"Custom_Disease": {"COVID-19": true}, "PublicationStatus": {"Published": true}, "PublicationType": {"Research": true}, "Section": {"Results": true}, "Species": {"9606": true}}, "citation": {"authors": ["Bi J", "Di W", "Gao H", "He X", "Li Z", "Liu L", "Meng J", "Ou M", "Wang Z", "Xiao G", "Yang R", "Zhang G", "Zhang J"], "date": "2020-12-01", "db": "PubMed", "db_id": "32228222", "db_name": "Renin-angiotensin system inhibitors improve the clinical outcomes of COVID-19 patients with hypertension.", "first": "Meng J", "journal": "Emerging microbes &amp; infections", "last": "Zhang G", "pages": "757-760", "volume": "9"}, "evidence": "In addition, although the viral load was not different between the two groups at hospital admission, the peak viral load during hospitalization in the ACEI/ ARB group was significantly lower than that in the non-ACEI/ARB group (Figure 1(D)).", "line": 82, "relation": "decreases"}
act(p(HGNC:ACE2))	increases	p(HGNC:IL6)	{"annotations": {"Custom_Disease": {"COVID-19": true}, "MeSHAnatomy": {"Blood": true}, "PublicationStatus": {"Published": true}, "PublicationType": {"Research": true}, "Section": {"Results": true}, "Species": {"9606": true}}, "citation": {"authors": ["Bi J", "Di W", "Gao H", "He X", "Li Z", "Liu L", "Meng J", "Ou M", "Wang Z", "Xiao G", "Yang R", "Zhang G", "Zhang J"], "date": "2020-12-01", "db": "PubMed", "db_id": "32228222", "db_name": "Renin-angiotensin system inhibitors improve the clinical outcomes of COVID-19 patients with hypertension.", "first": "Meng J", "journal": "Emerging microbes &amp; infections", "last": "Zhang G", "pages": "757-760", "volume": "9"}, "evidence": "As shown in Figure 1(B), there was a trend toward lower IL-6 levels in patients from the ACEI/ARB group.", "line": 63, "relation": "increases", "subject": {"modifier": "Activity"}}
act(p(HGNC:ACE2))	decreases	a(FIXME:"CD3-Positive T-Lymphocytes")	{"annotations": {"Custom_Disease": {"COVID-19": true}, "MeSHAnatomy": {"Blood": true}, "PublicationStatus": {"Published": true}, "PublicationType": {"Research": true}, "Section": {"Results": true}, "Species": {"9606": true}}, "citation": {"authors": ["Bi J", "Di W", "Gao H", "He X", "Li Z", "Liu L", "Meng J", "Ou M", "Wang Z", "Xiao G", "Yang R", "Zhang G", "Zhang J"], "date": "2020-12-01", "db": "PubMed", "db_id": "32228222", "db_name": "Renin-angiotensin system inhibitors improve the clinical outcomes of COVID-19 patients with hypertension.", "first": "Meng J", "journal": "Emerging microbes &amp; infections", "last": "Zhang G", "pages": "757-760", "volume": "9"}, "evidence": "The absolute number of CD3+ and CD8+ T cells in the ACEI/ARB group was significantly higher than that in the non-ACEI/ARB group.", "line": 72, "relation": "decreases", "subject": {"modifier": "Activity"}}
act(p(HGNC:ACE2))	decreases	a(MESH:"CD8-Positive T-Lymphocytes")	{"annotations": {"Custom_Disease": {"COVID-19": true}, "MeSHAnatomy": {"Blood": true}, "PublicationStatus": {"Published": true}, "PublicationType": {"Research": true}, "Section": {"Results": true}, "Species": {"9606": true}}, "citation": {"authors": ["Bi J", "Di W", "Gao H", "He X", "Li Z", "Liu L", "Meng J", "Ou M", "Wang Z", "Xiao G", "Yang R", "Zhang G", "Zhang J"], "date": "2020-12-01", "db": "PubMed", "db_id": "32228222", "db_name": "Renin-angiotensin system inhibitors improve the clinical outcomes of COVID-19 patients with hypertension.", "first": "Meng J", "journal": "Emerging microbes &amp; infections", "last": "Zhang G", "pages": "757-760", "volume": "9"}, "evidence": "The absolute number of CD3+ and CD8+ T cells in the ACEI/ARB group was significantly higher than that in the non-ACEI/ARB group.", "line": 73, "relation": "decreases", "subject": {"modifier": "Activity"}}
path(DO:"COVID-19")	increases	path(DO:hypertension)	{"annotations": {"Custom_Disease": {"COVID-19": true}, "PublicationStatus": {"Published": true}, "PublicationType": {"Research": true}, "Section": {"Results": true}, "Species": {"9606": true}}, "citation": {"authors": ["Bi J", "Di W", "Gao H", "He X", "Li Z", "Liu L", "Meng J", "Ou M", "Wang Z", "Xiao G", "Yang R", "Zhang G", "Zhang J"], "date": "2020-12-01", "db": "PubMed", "db_id": "32228222", "db_name": "Renin-angiotensin system inhibitors improve the clinical outcomes of COVID-19 patients with hypertension.", "first": "Meng J", "journal": "Emerging microbes &amp; infections", "last": "Zhang G", "pages": "757-760", "volume": "9"}, "evidence": "A total of 417 COVID-19 patients were admitted to the Shenzhen Third People\u2019s Hospital as of 23 February 2020. Among these patients, 51 (12.23%) had hyper-tension.", "line": 48, "relation": "increases"}
path(DO:"COVID-19")	increases	path(MESH:Death)	{"annotations": {"Custom_Disease": {"COVID-19": true}, "PublicationStatus": {"Published": true}, "PublicationType": {"Research": true}, "Section": {"Results": true}, "Species": {"9606": true}}, "citation": {"authors": ["Bi J", "Di W", "Gao H", "He X", "Li Z", "Liu L", "Meng J", "Ou M", "Wang Z", "Xiao G", "Yang R", "Zhang G", "Zhang J"], "date": "2020-12-01", "db": "PubMed", "db_id": "32228222", "db_name": "Renin-angiotensin system inhibitors improve the clinical outcomes of COVID-19 patients with hypertension.", "first": "Meng J", "journal": "Emerging microbes &amp; infections", "last": "Zhang G", "pages": "757-760", "volume": "9"}, "evidence": "In contrast, in the ACEI/ARB group, only 4 patients (23.5%) were cate- gorized into severe subgroups and no patients died (Figure 1(A)).", "line": 53, "relation": "increases"}
