a(CHEBI:corticosteroid)	decreases	bp(GO:"inflammatory response")	{"annotations": {"PublicationStatus": {"Published": true}, "PublicationType": {"Letter": true}, "Section": {"Full Text": true}}, "citation": {"authors": ["Ritchie AI", "Singanayagam A"], "date": "2020-04-04", "db": "PubMed", "db_id": "32220278", "db_name": "Lancet (London, England)", "first": "Ritchie AI", "last": "Singanayagam A", "pages": "1111", "volume": "395"}, "evidence": "The authors hypothesise that approaches such as corticosteroids or Janus kinase (JAK) inhibitors could be considered if hyperinflammation is present.", "line": 65, "relation": "decreases"}
a(CHEBI:corticosteroid)	decreases	bp(GO:"immune response")	{"annotations": {"PublicationStatus": {"Published": true}, "PublicationType": {"Letter": true}, "Section": {"Full Text": true}}, "citation": {"authors": ["Ritchie AI", "Singanayagam A"], "date": "2020-04-04", "db": "PubMed", "db_id": "32220278", "db_name": "Lancet (London, England)", "first": "Ritchie AI", "last": "Singanayagam A", "pages": "1111", "volume": "395"}, "evidence": "Accordingly, findings from multiple studies in humans and animals indicate that corticosteroid immunosuppression (both inhaled and systemic) impairs induction of anti-viral type-I interferon responses to a range of respiratory viruses,3,4 effects that are likely to also occur in the context of COVID-19.", "line": 74, "relation": "decreases"}
a(CHEBI:tofacitinib)	decreases	bp(GO:"interferon-alpha secretion")	{"annotations": {"BioAssay": {"in vitro": true}, "PublicationStatus": {"Published": true}, "PublicationType": {"Letter": true}, "Section": {"Full Text": true}}, "citation": {"authors": ["Ritchie AI", "Singanayagam A"], "date": "2020-04-04", "db": "PubMed", "db_id": "32220278", "db_name": "Lancet (London, England)", "first": "Ritchie AI", "last": "Singanayagam A", "pages": "1111", "volume": "395"}, "evidence": "Tofacitinib has been shown to inhibit interferon\u03b1 production in vitro. Suppression of interferon or other mediators (eg, interleukin 6) could also promote secondary bacterial infection and further complicate the disease course.", "line": 88, "relation": "decreases"}
a(TAX:"Severe acute respiratory syndrome coronavirus 2")	positiveCorrelation	bp(GO:"inflammatory response")	{"annotations": {"PublicationStatus": {"Published": true}, "PublicationType": {"Letter": true}, "Section": {"Full Text": true}}, "citation": {"authors": ["Ritchie AI", "Singanayagam A"], "date": "2020-04-04", "db": "PubMed", "db_id": "32220278", "db_name": "Lancet (London, England)", "first": "Ritchie AI", "last": "Singanayagam A", "pages": "1111", "volume": "395"}, "evidence": "However, correlation does not equal causation, and it is equally plausible that increased virus burden (secondary to failure of the immune response to control infection) drives inflammation and consequent severity (as shown for other viruse) rather than augmented inflammation being an inappropriate host response that requires correction.", "line": 59, "relation": "positiveCorrelation"}
bp(GO:"JAK-STAT cascade")	association	bp(GO:"type I interferon signaling pathway")	{"annotations": {"PublicationStatus": {"Published": true}, "PublicationType": {"Letter": true}, "Section": {"Full Text": true}}, "citation": {"authors": ["Ritchie AI", "Singanayagam A"], "date": "2020-04-04", "db": "PubMed", "db_id": "32220278", "db_name": "Lancet (London, England)", "first": "Ritchie AI", "last": "Singanayagam A", "pages": "1111", "volume": "395"}, "evidence": "JAK-STAT signalling is a major component of the type-I interferon pathway.", "line": 80, "relation": "association"}
bp(GO:"immune response")	increases	bp(GO:"type I interferon signaling pathway")	{"annotations": {"PublicationStatus": {"Published": true}, "PublicationType": {"Letter": true}, "Section": {"Full Text": true}}, "citation": {"authors": ["Ritchie AI", "Singanayagam A"], "date": "2020-04-04", "db": "PubMed", "db_id": "32220278", "db_name": "Lancet (London, England)", "first": "Ritchie AI", "last": "Singanayagam A", "pages": "1111", "volume": "395"}, "evidence": "Accordingly, findings from multiple studies in humans and animals indicate that corticosteroid immunosuppression (both inhaled and systemic) impairs induction of anti-viral type-I interferon responses to a range of respiratory viruses,3,4 effects that are likely to also occur in the context of COVID-19.", "line": 75, "relation": "increases"}
bp(GO:"inflammatory response")	positiveCorrelation	a(TAX:"Severe acute respiratory syndrome coronavirus 2")	{"annotations": {"PublicationStatus": {"Published": true}, "PublicationType": {"Letter": true}, "Section": {"Full Text": true}}, "citation": {"authors": ["Ritchie AI", "Singanayagam A"], "date": "2020-04-04", "db": "PubMed", "db_id": "32220278", "db_name": "Lancet (London, England)", "first": "Ritchie AI", "last": "Singanayagam A", "pages": "1111", "volume": "395"}, "evidence": "However, correlation does not equal causation, and it is equally plausible that increased virus burden (secondary to failure of the immune response to control infection) drives inflammation and consequent severity (as shown for other viruse) rather than augmented inflammation being an inappropriate host response that requires correction.", "line": 59, "relation": "positiveCorrelation"}
bp(GO:"type I interferon signaling pathway")	association	bp(GO:"JAK-STAT cascade")	{"annotations": {"PublicationStatus": {"Published": true}, "PublicationType": {"Letter": true}, "Section": {"Full Text": true}}, "citation": {"authors": ["Ritchie AI", "Singanayagam A"], "date": "2020-04-04", "db": "PubMed", "db_id": "32220278", "db_name": "Lancet (London, England)", "first": "Ritchie AI", "last": "Singanayagam A", "pages": "1111", "volume": "395"}, "evidence": "JAK-STAT signalling is a major component of the type-I interferon pathway.", "line": 80, "relation": "association"}
act(p(GFAM:"Jak family tyrosine kinases"))	increases	bp(GO:"inflammatory response")	{"annotations": {"PublicationStatus": {"Published": true}, "PublicationType": {"Letter": true}, "Section": {"Full Text": true}}, "citation": {"authors": ["Ritchie AI", "Singanayagam A"], "date": "2020-04-04", "db": "PubMed", "db_id": "32220278", "db_name": "Lancet (London, England)", "first": "Ritchie AI", "last": "Singanayagam A", "pages": "1111", "volume": "395"}, "evidence": "The authors hypothesise that approaches such as corticosteroids or Janus kinase (JAK) inhibitors could be considered if hyperinflammation is present.", "line": 66, "relation": "increases", "subject": {"modifier": "Activity"}}
act(p(HGNC:IL6))	decreases	path(DO:"bacterial infectious disease")	{"annotations": {"PublicationStatus": {"Published": true}, "PublicationType": {"Letter": true}, "Section": {"Full Text": true}, "Type_Of_Infection": {"secondary infection": true}}, "citation": {"authors": ["Ritchie AI", "Singanayagam A"], "date": "2020-04-04", "db": "PubMed", "db_id": "32220278", "db_name": "Lancet (London, England)", "first": "Ritchie AI", "last": "Singanayagam A", "pages": "1111", "volume": "395"}, "evidence": "Tofacitinib has been shown to inhibit interferon\u03b1 production in vitro. Suppression of interferon or other mediators (eg, interleukin 6) could also promote secondary bacterial infection and further complicate the disease course.", "line": 92, "relation": "decreases", "subject": {"modifier": "Activity"}}
act(p(PFAM:Interferon))	decreases	path(DO:"bacterial infectious disease")	{"annotations": {"PublicationStatus": {"Published": true}, "PublicationType": {"Letter": true}, "Section": {"Full Text": true}, "Type_Of_Infection": {"secondary infection": true}}, "citation": {"authors": ["Ritchie AI", "Singanayagam A"], "date": "2020-04-04", "db": "PubMed", "db_id": "32220278", "db_name": "Lancet (London, England)", "first": "Ritchie AI", "last": "Singanayagam A", "pages": "1111", "volume": "395"}, "evidence": "Tofacitinib has been shown to inhibit interferon\u03b1 production in vitro. Suppression of interferon or other mediators (eg, interleukin 6) could also promote secondary bacterial infection and further complicate the disease course.", "line": 91, "relation": "decreases", "subject": {"modifier": "Activity"}}
path(DO:"COVID-19")	increases	bp(GO:"inflammatory response")	{"annotations": {"PublicationStatus": {"Published": true}, "PublicationType": {"Letter": true}, "Section": {"Full Text": true}}, "citation": {"authors": ["Ritchie AI", "Singanayagam A"], "date": "2020-04-04", "db": "PubMed", "db_id": "32220278", "db_name": "Lancet (London, England)", "first": "Ritchie AI", "last": "Singanayagam A", "pages": "1111", "volume": "395"}, "evidence": "Mehta and colleagues postulate that hyperinflammation in coronavirus disease 2019 (COVID-19) could be a driver of severity that is amenable to therapeutic targeting since retro spective data have shown that systemic inflammation is associated with adverse outcome", "line": 50, "relation": "increases"}
