a(TAX:"Severe acute respiratory syndrome coronavirus 2")	increases	bp(GO:"syncytium formation")	{"annotations": {"CellLine": {"Huh7 cell": true}, "Custom_Disease": {"COVID-19": true}, "PublicationStatus": {"Published": true}, "PublicationType": {"Research": true}, "Section": {"Results": true}, "Species": {"9606": true}}, "citation": {"authors": ["Bao L", "Du L", "Feng S", "Jiang S", "Lan Q", "Liu M", "Liu S", "Lu L", "Qi F", "Qin C", "Shi Z", "Sun F", "Wang C", "Xia S", "Xu W", "Zhu Y"], "date": "2020-04-01", "db": "PubMed", "db_id": "32231345", "db_name": "Cell research", "first": "Xia S", "last": "Lu L", "pages": "343-355", "volume": "30"}, "evidence": "Indeed, in live SARS-CoV-2 infection, we found a typical syncytium phenomenon naturally formed by infected cells, which is rarely reported in SARS-CoV infection (Fig. 1c). ", "line": 94, "relation": "increases"}
bp(GO:"induction by virus of host cell-cell fusion")	increases	bp(GO:"syncytium formation")	{"annotations": {"CellLine": {"HEK293-T-REx cell": true}, "Custom_Disease": {"COVID-19": true}, "PublicationStatus": {"Published": true}, "PublicationType": {"Research": true}, "Section": {"Results": true}, "Species": {"9606": true}}, "citation": {"authors": ["Bao L", "Du L", "Feng S", "Jiang S", "Lan Q", "Liu M", "Liu S", "Lu L", "Qi F", "Qin C", "Shi Z", "Sun F", "Wang C", "Xia S", "Xu W", "Zhu Y"], "date": "2020-04-01", "db": "PubMed", "db_id": "32231345", "db_name": "Cell research", "first": "Xia S", "last": "Lu L", "pages": "343-355", "volume": "30"}, "evidence": "Here, we further systematically evaluated the broad-spectrum surface-fusion inhibitory activity of EK1C4 on cell\u2013cell fusion mediated by S proteins of divergent coronaviruses, including SARS-CoV, MERS-CoV, HCoV-OC43, HCoV-NL63 and HCoV-229E.Among them, SARS-CoV has the closest relative to SARS-CoV-2, and its S protein-mediated cell\u2013cell fusion could be effectively inhibited by EK1C4 with IC50 of 4.3\u2009nM, which is about 94-fold more active than that of EK1 (IC50\u2009=\u2009409.3\u2009nM) (Fig. 5a).", "line": 110, "relation": "increases"}
complex(p(COVID:S), p(HGNC:ACE2))	increases	path(MESH:Virulence)	{"annotations": {"Custom_Disease": {"COVID-19": true}, "PublicationStatus": {"Published": true}, "PublicationType": {"Research": true}, "Section": {"Results": true}, "Species": {"9606": true}}, "citation": {"authors": ["Bao L", "Du L", "Feng S", "Jiang S", "Lan Q", "Liu M", "Liu S", "Lu L", "Qi F", "Qin C", "Shi Z", "Sun F", "Wang C", "Xia S", "Xu W", "Zhu Y"], "date": "2020-04-01", "db": "PubMed", "db_id": "32231345", "db_name": "Cell research", "first": "Xia S", "last": "Lu L", "pages": "343-355", "volume": "30"}, "evidence": "Recent biophysical and structural evidence showed that SARS-CoV-2 S protein binds hACE2 with 10-fold to 20-fold higher affinity than SARS-CoV S protein, suggesting the higher infectivity of the new virus.12", "line": 89, "relation": "increases"}
complex(p(COVID:S), p(HGNC:ACE2))	increases	bp(GO:"syncytium formation")	{"annotations": {"CellLine": {"HEK293-T-REx cell": true}, "Custom_Disease": {"COVID-19": true}, "PublicationStatus": {"Published": true}, "PublicationType": {"Research": true}, "Section": {"Results": true}, "Species": {"9606": true}}, "citation": {"authors": ["Bao L", "Du L", "Feng S", "Jiang S", "Lan Q", "Liu M", "Liu S", "Lu L", "Qi F", "Qin C", "Shi Z", "Sun F", "Wang C", "Xia S", "Xu W", "Zhu Y"], "date": "2020-04-01", "db": "PubMed", "db_id": "32231345", "db_name": "Cell research", "first": "Xia S", "last": "Lu L", "pages": "343-355", "volume": "30"}, "evidence": "After effector cells and target cells were cocultured at 37\u2009\u00b0C for 2\u2009h, the fused cells showed at least 2-fold larger size than normal cells and multiple nuclei, and these cells were observed in the SARS-CoV-2 group, but not the SARS-CoV group.", "line": 100, "relation": "increases"}
p(COVID:S)	partOf	complex(p(COVID:S), p(HGNC:ACE2))	{"relation": "partOf"}
p(COVID:S)	hasVariant	p(COVID:S, frag("?"))	{"relation": "hasVariant"}
p(COVID:S)	hasVariant	p(COVID:S, frag("14_685"))	{"relation": "hasVariant"}
p(COVID:S)	increases	bp(GO:"induction by virus of host cell-cell fusion")	{"annotations": {"CellLine": {"HEK293-T-REx cell": true}, "Custom_Disease": {"COVID-19": true}, "PublicationStatus": {"Published": true}, "PublicationType": {"Research": true}, "Section": {"Results": true}, "Species": {"9606": true}}, "citation": {"authors": ["Bao L", "Du L", "Feng S", "Jiang S", "Lan Q", "Liu M", "Liu S", "Lu L", "Qi F", "Qin C", "Shi Z", "Sun F", "Wang C", "Xia S", "Xu W", "Zhu Y"], "date": "2020-04-01", "db": "PubMed", "db_id": "32231345", "db_name": "Cell research", "first": "Xia S", "last": "Lu L", "pages": "343-355", "volume": "30"}, "evidence": "Here, we further systematically evaluated the broad-spectrum surface-fusion inhibitory activity of EK1C4 on cell\u2013cell fusion mediated by S proteins of divergent coronaviruses, including SARS-CoV, MERS-CoV, HCoV-OC43, HCoV-NL63 and HCoV-229E.Among them, SARS-CoV has the closest relative to SARS-CoV-2, and its S protein-mediated cell\u2013cell fusion could be effectively inhibited by EK1C4 with IC50 of 4.3\u2009nM, which is about 94-fold more active than that of EK1 (IC50\u2009=\u2009409.3\u2009nM) (Fig. 5a).", "line": 109, "relation": "increases"}
p(HGNC:ACE2)	partOf	complex(p(COVID:S), p(HGNC:ACE2))	{"relation": "partOf"}
complex(p(COVID:S, frag("?")), p(FIXME:EK1C4))	decreases	path(MESH:Virulence)	{"annotations": {"CellLine": {"HEK293-T-REx cell": true}, "Custom_Disease": {"COVID-19": true}, "PublicationStatus": {"Published": true}, "PublicationType": {"Research": true}, "Section": {"Results": true}, "Species": {"9606": true}}, "citation": {"authors": ["Bao L", "Du L", "Feng S", "Jiang S", "Lan Q", "Liu M", "Liu S", "Lu L", "Qi F", "Qin C", "Shi Z", "Sun F", "Wang C", "Xia S", "Xu W", "Zhu Y"], "date": "2020-04-01", "db": "PubMed", "db_id": "32231345", "db_name": "Cell research", "first": "Xia S", "last": "Lu L", "pages": "343-355", "volume": "30"}, "evidence": "These results suggested that increased antiviral activity of EK1C4 should be related to its increased binding affinity with HR1, but their detailed interactions require further studies.", "line": 124, "relation": "decreases"}
p(COVID:S, frag("?"))	partOf	complex(p(COVID:S, frag("?")), p(FIXME:EK1C4))	{"relation": "partOf"}
p(FIXME:EK1C4)	partOf	complex(p(COVID:S, frag("?")), p(FIXME:EK1C4))	{"relation": "partOf"}
p(FIXME:EK1C4)	decreases	act(p(COVID:S))	{"annotations": {"CellLine": {"HEK293-T-REx cell": true}, "Custom_Disease": {"COVID-19": true}, "PublicationStatus": {"Published": true}, "PublicationType": {"Research": true}, "Section": {"Results": true}, "Species": {"9606": true}}, "citation": {"authors": ["Bao L", "Du L", "Feng S", "Jiang S", "Lan Q", "Liu M", "Liu S", "Lu L", "Qi F", "Qin C", "Shi Z", "Sun F", "Wang C", "Xia S", "Xu W", "Zhu Y"], "date": "2020-04-01", "db": "PubMed", "db_id": "32231345", "db_name": "Cell research", "first": "Xia S", "last": "Lu L", "pages": "343-355", "volume": "30"}, "evidence": "Here, we further systematically evaluated the broad-spectrum surface-fusion inhibitory activity of EK1C4 on cell\u2013cell fusion mediated by S proteins of divergent coronaviruses, including SARS-CoV, MERS-CoV, HCoV-OC43, HCoV-NL63 and HCoV-229E.Among them, SARS-CoV has the closest relative to SARS-CoV-2, and its S protein-mediated cell\u2013cell fusion could be effectively inhibited by EK1C4 with IC50 of 4.3\u2009nM, which is about 94-fold more active than that of EK1 (IC50\u2009=\u2009409.3\u2009nM) (Fig. 5a).", "line": 111, "object": {"modifier": "Activity"}, "relation": "decreases"}
p(FIXME:EK1C4)	decreases	a(TAX:"Severe acute respiratory syndrome coronavirus 2")	{"annotations": {"CellLine": {"HEK293-T-REx cell": true}, "Custom_Disease": {"COVID-19": true}, "PublicationStatus": {"Published": true}, "PublicationType": {"Research": true}, "Section": {"Results": true}, "Species": {"9606": true}}, "citation": {"authors": ["Bao L", "Du L", "Feng S", "Jiang S", "Lan Q", "Liu M", "Liu S", "Lu L", "Qi F", "Qin C", "Shi Z", "Sun F", "Wang C", "Xia S", "Xu W", "Zhu Y"], "date": "2020-04-01", "db": "PubMed", "db_id": "32231345", "db_name": "Cell research", "first": "Xia S", "last": "Lu L", "pages": "343-355", "volume": "30"}, "evidence": "Importantly, EK1C4 effectively blocked SARS-CoV-2 infection at the cellular level in a dose-dependent manner with IC50 of 36.5\u2009nM, being 67-fold more active than that of EK1 (IC50\u2009=\u20092,468\u2009nM) (Fig. 6a), which is consistent to the results of cell\u2013cell fusion assay and PsV infection assay mediated by SARS-CoV-2 S protein.", "line": 115, "relation": "decreases"}
p(FIXME:EK1C4)	decreases	bp(GO:"induction by virus of host cell-cell fusion")	{"annotations": {"CellLine": {"HEK293-T-REx cell": true}, "Custom_Disease": {"COVID-19": true}, "PublicationStatus": {"Published": true}, "PublicationType": {"Research": true}, "Section": {"Results": true}, "Species": {"9606": true}}, "citation": {"authors": ["Bao L", "Du L", "Feng S", "Jiang S", "Lan Q", "Liu M", "Liu S", "Lu L", "Qi F", "Qin C", "Shi Z", "Sun F", "Wang C", "Xia S", "Xu W", "Zhu Y"], "date": "2020-04-01", "db": "PubMed", "db_id": "32231345", "db_name": "Cell research", "first": "Xia S", "last": "Lu L", "pages": "343-355", "volume": "30"}, "evidence": "Therefore, the selectivity index (SI\u2009=\u2009CC50/IC50) of EK1C4 is >136, suggesting that EK1C4 is a promising SARS-CoV-2 fusion inhibitor with little, or even no, toxic effect in vitro.", "line": 119, "relation": "decreases"}
p(FIXME:EK1C4)	causesNoChange	bp(EFO:"cytotoxicity measurement")	{"annotations": {"CellLine": {"HEK293-T-REx cell": true}, "Custom_Disease": {"COVID-19": true}, "PublicationStatus": {"Published": true}, "PublicationType": {"Research": true}, "Section": {"Results": true}, "Species": {"9606": true}}, "citation": {"authors": ["Bao L", "Du L", "Feng S", "Jiang S", "Lan Q", "Liu M", "Liu S", "Lu L", "Qi F", "Qin C", "Shi Z", "Sun F", "Wang C", "Xia S", "Xu W", "Zhu Y"], "date": "2020-04-01", "db": "PubMed", "db_id": "32231345", "db_name": "Cell research", "first": "Xia S", "last": "Lu L", "pages": "343-355", "volume": "30"}, "evidence": "Therefore, the selectivity index (SI\u2009=\u2009CC50/IC50) of EK1C4 is >136, suggesting that EK1C4 is a promising SARS-CoV-2 fusion inhibitor with little, or even no, toxic effect in vitro.", "line": 120, "relation": "causesNoChange"}
p(COVID:S, frag("14_685"))	increases	bp(GO:"receptor binding")	{"annotations": {"Custom_Disease": {"COVID-19": true}, "PublicationStatus": {"Published": true}, "PublicationType": {"Research": true}, "Section": {"Results": true}, "Species": {"9606": true}}, "citation": {"authors": ["Bao L", "Du L", "Feng S", "Jiang S", "Lan Q", "Liu M", "Liu S", "Lu L", "Qi F", "Qin C", "Shi Z", "Sun F", "Wang C", "Xia S", "Xu W", "Zhu Y"], "date": "2020-04-01", "db": "PubMed", "db_id": "32231345", "db_name": "Cell research", "first": "Xia S", "last": "Lu L", "pages": "343-355", "volume": "30"}, "evidence": "S1 subunit is located within the N-terminal 14\u2013685 amino acids of S protein, containing N-terminal domain (NTD), receptor binding domain (RBD), and receptor binding motif (RBM). S2 subunit contains fusion peptide (FP), heptad repeat 1 (HR1), heptad repeat 2 (HR2), transmembrane domain (TM) and cytoplasmic domain (CP) (Fig. 1b).", "line": 85, "relation": "increases"}
p(FIXME:EK1C)	decreases	bp(GO:"syncytium formation")	{"annotations": {"CellLine": {"HEK293-T-REx cell": true}, "Custom_Disease": {"COVID-19": true}, "PublicationStatus": {"Published": true}, "PublicationType": {"Research": true}, "Section": {"Results": true}, "Species": {"9606": true}}, "citation": {"authors": ["Bao L", "Du L", "Feng S", "Jiang S", "Lan Q", "Liu M", "Liu S", "Lu L", "Qi F", "Qin C", "Shi Z", "Sun F", "Wang C", "Xia S", "Xu W", "Zhu Y"], "date": "2020-04-01", "db": "PubMed", "db_id": "32231345", "db_name": "Cell research", "first": "Xia S", "last": "Lu L", "pages": "343-355", "volume": "30"}, "evidence": "Both of them could completely inhibit SARS-CoV-2 mediated cell\u2013cell fusion at the concentration of 2.5\u2009\u03bcM (Fig. 4b).", "line": 104, "relation": "decreases"}
p(FIXME:EK1P)	decreases	bp(GO:"syncytium formation")	{"annotations": {"CellLine": {"HEK293-T-REx cell": true}, "Custom_Disease": {"COVID-19": true}, "PublicationStatus": {"Published": true}, "PublicationType": {"Research": true}, "Section": {"Results": true}, "Species": {"9606": true}}, "citation": {"authors": ["Bao L", "Du L", "Feng S", "Jiang S", "Lan Q", "Liu M", "Liu S", "Lu L", "Qi F", "Qin C", "Shi Z", "Sun F", "Wang C", "Xia S", "Xu W", "Zhu Y"], "date": "2020-04-01", "db": "PubMed", "db_id": "32231345", "db_name": "Cell research", "first": "Xia S", "last": "Lu L", "pages": "343-355", "volume": "30"}, "evidence": "Both of them could completely inhibit SARS-CoV-2 mediated cell\u2013cell fusion at the concentration of 2.5\u2009\u03bcM (Fig. 4b).", "line": 105, "relation": "decreases"}
