a(CHEBI:"sialic acid")	positiveCorrelation	p(HGNC:IL6)	{"annotations": {"PublicationStatus": {"Published": true}, "PublicationType": {"Research": true}, "Section": {"Results": true}, "Severity": {"severe": true}, "Species": {"9606": true}}, "citation": {"authors": ["Cai T", "Fan L", "Gao G", "Hua X", "Huang Z", "Lou K", "Zhu Z"], "date": "2020-04-22", "db": "PubMed", "db_id": "32334118", "db_name": "Clinical value of immune-inflammatory parameters to assess the severity of coronavirus disease 2019.", "first": "Zhu Z", "journal": "International journal of infectious diseases : IJID : official publication of the International Society for Infectious Diseases", "last": "Gao G", "pages": "332-339", "volume": "95"}, "evidence": "The baseline IL-6 was positively correlated with neutrophil% (r=0.398,P<0.001), NLR (r=0.428, P<0.001), fibrinogen (r=0.370, P<0.001), SA (r=0.420, P<0.001), CRP (r=0.468, P<0.001), IL-10 (r=0.638, P<0.001) and IFN-\u03b3 (r=0.434, P<0.001).", "line": 92, "relation": "positiveCorrelation"}
a(MESH:"Blood Platelets")	negativeCorrelation	p(HGNC:IL6)	{"annotations": {"PublicationStatus": {"Published": true}, "PublicationType": {"Research": true}, "Section": {"Results": true}, "Severity": {"severe": true}, "Species": {"9606": true}}, "citation": {"authors": ["Cai T", "Fan L", "Gao G", "Hua X", "Huang Z", "Lou K", "Zhu Z"], "date": "2020-04-22", "db": "PubMed", "db_id": "32334118", "db_name": "Clinical value of immune-inflammatory parameters to assess the severity of coronavirus disease 2019.", "first": "Zhu Z", "journal": "International journal of infectious diseases : IJID : official publication of the International Society for Infectious Diseases", "last": "Gao G", "pages": "332-339", "volume": "95"}, "evidence": "Meanwhile, it was negatively correlated with lymphocyte% (r=-0.438, P<0.001), lymphocyte count (r=-0.446, P<0.001) and platelet count (r=-0.375, P<0.001). Additional, IL-6 was higher in patients with hypertension than without hypertension (P=0.001)) (Figure 2).", "line": 102, "relation": "negativeCorrelation"}
a(MESH:Lymphocytes)	negativeCorrelation	p(HGNC:IL6)	{"annotations": {"PublicationStatus": {"Published": true}, "PublicationType": {"Research": true}, "Section": {"Results": true}, "Severity": {"severe": true}, "Species": {"9606": true}}, "citation": {"authors": ["Cai T", "Fan L", "Gao G", "Hua X", "Huang Z", "Lou K", "Zhu Z"], "date": "2020-04-22", "db": "PubMed", "db_id": "32334118", "db_name": "Clinical value of immune-inflammatory parameters to assess the severity of coronavirus disease 2019.", "first": "Zhu Z", "journal": "International journal of infectious diseases : IJID : official publication of the International Society for Infectious Diseases", "last": "Gao G", "pages": "332-339", "volume": "95"}, "evidence": "Meanwhile, it was negatively correlated with lymphocyte% (r=-0.438, P<0.001), lymphocyte count (r=-0.446, P<0.001) and platelet count (r=-0.375, P<0.001). Additional, IL-6 was higher in patients with hypertension than without hypertension (P=0.001)) (Figure 2).", "line": 101, "relation": "negativeCorrelation"}
a(MESH:Neutrophils)	positiveCorrelation	p(HGNC:IL6)	{"annotations": {"PublicationStatus": {"Published": true}, "PublicationType": {"Research": true}, "Section": {"Results": true}, "Severity": {"severe": true}, "Species": {"9606": true}}, "citation": {"authors": ["Cai T", "Fan L", "Gao G", "Hua X", "Huang Z", "Lou K", "Zhu Z"], "date": "2020-04-22", "db": "PubMed", "db_id": "32334118", "db_name": "Clinical value of immune-inflammatory parameters to assess the severity of coronavirus disease 2019.", "first": "Zhu Z", "journal": "International journal of infectious diseases : IJID : official publication of the International Society for Infectious Diseases", "last": "Gao G", "pages": "332-339", "volume": "95"}, "evidence": "The baseline IL-6 was positively correlated with neutrophil% (r=0.398,P<0.001), NLR (r=0.428, P<0.001), fibrinogen (r=0.370, P<0.001), SA (r=0.420, P<0.001), CRP (r=0.468, P<0.001), IL-10 (r=0.638, P<0.001) and IFN-\u03b3 (r=0.434, P<0.001).", "line": 88, "relation": "positiveCorrelation"}
p(HGNC:CRP)	positiveCorrelation	p(HGNC:IL6)	{"annotations": {"PublicationStatus": {"Published": true}, "PublicationType": {"Research": true}, "Section": {"Results": true}, "Severity": {"severe": true}, "Species": {"9606": true}}, "citation": {"authors": ["Cai T", "Fan L", "Gao G", "Hua X", "Huang Z", "Lou K", "Zhu Z"], "date": "2020-04-22", "db": "PubMed", "db_id": "32334118", "db_name": "Clinical value of immune-inflammatory parameters to assess the severity of coronavirus disease 2019.", "first": "Zhu Z", "journal": "International journal of infectious diseases : IJID : official publication of the International Society for Infectious Diseases", "last": "Gao G", "pages": "332-339", "volume": "95"}, "evidence": "The baseline IL-6 was positively correlated with neutrophil% (r=0.398,P<0.001), NLR (r=0.428, P<0.001), fibrinogen (r=0.370, P<0.001), SA (r=0.420, P<0.001), CRP (r=0.468, P<0.001), IL-10 (r=0.638, P<0.001) and IFN-\u03b3 (r=0.434, P<0.001).", "line": 93, "relation": "positiveCorrelation"}
p(HGNC:FGA)	positiveCorrelation	p(HGNC:IL6)	{"annotations": {"PublicationStatus": {"Published": true}, "PublicationType": {"Research": true}, "Section": {"Results": true}, "Severity": {"severe": true}, "Species": {"9606": true}}, "citation": {"authors": ["Cai T", "Fan L", "Gao G", "Hua X", "Huang Z", "Lou K", "Zhu Z"], "date": "2020-04-22", "db": "PubMed", "db_id": "32334118", "db_name": "Clinical value of immune-inflammatory parameters to assess the severity of coronavirus disease 2019.", "first": "Zhu Z", "journal": "International journal of infectious diseases : IJID : official publication of the International Society for Infectious Diseases", "last": "Gao G", "pages": "332-339", "volume": "95"}, "evidence": "The baseline IL-6 was positively correlated with neutrophil% (r=0.398,P<0.001), NLR (r=0.428, P<0.001), fibrinogen (r=0.370, P<0.001), SA (r=0.420, P<0.001), CRP (r=0.468, P<0.001), IL-10 (r=0.638, P<0.001) and IFN-\u03b3 (r=0.434, P<0.001).", "line": 89, "relation": "positiveCorrelation"}
p(HGNC:FGB)	positiveCorrelation	p(HGNC:IL6)	{"annotations": {"PublicationStatus": {"Published": true}, "PublicationType": {"Research": true}, "Section": {"Results": true}, "Severity": {"severe": true}, "Species": {"9606": true}}, "citation": {"authors": ["Cai T", "Fan L", "Gao G", "Hua X", "Huang Z", "Lou K", "Zhu Z"], "date": "2020-04-22", "db": "PubMed", "db_id": "32334118", "db_name": "Clinical value of immune-inflammatory parameters to assess the severity of coronavirus disease 2019.", "first": "Zhu Z", "journal": "International journal of infectious diseases : IJID : official publication of the International Society for Infectious Diseases", "last": "Gao G", "pages": "332-339", "volume": "95"}, "evidence": "The baseline IL-6 was positively correlated with neutrophil% (r=0.398,P<0.001), NLR (r=0.428, P<0.001), fibrinogen (r=0.370, P<0.001), SA (r=0.420, P<0.001), CRP (r=0.468, P<0.001), IL-10 (r=0.638, P<0.001) and IFN-\u03b3 (r=0.434, P<0.001).", "line": 90, "relation": "positiveCorrelation"}
p(HGNC:FGG)	positiveCorrelation	p(HGNC:IL6)	{"annotations": {"PublicationStatus": {"Published": true}, "PublicationType": {"Research": true}, "Section": {"Results": true}, "Severity": {"severe": true}, "Species": {"9606": true}}, "citation": {"authors": ["Cai T", "Fan L", "Gao G", "Hua X", "Huang Z", "Lou K", "Zhu Z"], "date": "2020-04-22", "db": "PubMed", "db_id": "32334118", "db_name": "Clinical value of immune-inflammatory parameters to assess the severity of coronavirus disease 2019.", "first": "Zhu Z", "journal": "International journal of infectious diseases : IJID : official publication of the International Society for Infectious Diseases", "last": "Gao G", "pages": "332-339", "volume": "95"}, "evidence": "The baseline IL-6 was positively correlated with neutrophil% (r=0.398,P<0.001), NLR (r=0.428, P<0.001), fibrinogen (r=0.370, P<0.001), SA (r=0.420, P<0.001), CRP (r=0.468, P<0.001), IL-10 (r=0.638, P<0.001) and IFN-\u03b3 (r=0.434, P<0.001).", "line": 91, "relation": "positiveCorrelation"}
p(HGNC:IFNG)	positiveCorrelation	p(HGNC:IL6)	{"annotations": {"PublicationStatus": {"Published": true}, "PublicationType": {"Research": true}, "Section": {"Results": true}, "Severity": {"severe": true}, "Species": {"9606": true}}, "citation": {"authors": ["Cai T", "Fan L", "Gao G", "Hua X", "Huang Z", "Lou K", "Zhu Z"], "date": "2020-04-22", "db": "PubMed", "db_id": "32334118", "db_name": "Clinical value of immune-inflammatory parameters to assess the severity of coronavirus disease 2019.", "first": "Zhu Z", "journal": "International journal of infectious diseases : IJID : official publication of the International Society for Infectious Diseases", "last": "Gao G", "pages": "332-339", "volume": "95"}, "evidence": "The baseline IL-6 was positively correlated with neutrophil% (r=0.398,P<0.001), NLR (r=0.428, P<0.001), fibrinogen (r=0.370, P<0.001), SA (r=0.420, P<0.001), CRP (r=0.468, P<0.001), IL-10 (r=0.638, P<0.001) and IFN-\u03b3 (r=0.434, P<0.001).", "line": 95, "relation": "positiveCorrelation"}
p(HGNC:IL10)	positiveCorrelation	p(HGNC:IL6)	{"annotations": {"PublicationStatus": {"Published": true}, "PublicationType": {"Research": true}, "Section": {"Results": true}, "Severity": {"severe": true}, "Species": {"9606": true}}, "citation": {"authors": ["Cai T", "Fan L", "Gao G", "Hua X", "Huang Z", "Lou K", "Zhu Z"], "date": "2020-04-22", "db": "PubMed", "db_id": "32334118", "db_name": "Clinical value of immune-inflammatory parameters to assess the severity of coronavirus disease 2019.", "first": "Zhu Z", "journal": "International journal of infectious diseases : IJID : official publication of the International Society for Infectious Diseases", "last": "Gao G", "pages": "332-339", "volume": "95"}, "evidence": "The baseline IL-6 was positively correlated with neutrophil% (r=0.398,P<0.001), NLR (r=0.428, P<0.001), fibrinogen (r=0.370, P<0.001), SA (r=0.420, P<0.001), CRP (r=0.468, P<0.001), IL-10 (r=0.638, P<0.001) and IFN-\u03b3 (r=0.434, P<0.001).", "line": 94, "relation": "positiveCorrelation"}
p(HGNC:IL6)	positiveCorrelation	a(MESH:Neutrophils)	{"annotations": {"PublicationStatus": {"Published": true}, "PublicationType": {"Research": true}, "Section": {"Results": true}, "Severity": {"severe": true}, "Species": {"9606": true}}, "citation": {"authors": ["Cai T", "Fan L", "Gao G", "Hua X", "Huang Z", "Lou K", "Zhu Z"], "date": "2020-04-22", "db": "PubMed", "db_id": "32334118", "db_name": "Clinical value of immune-inflammatory parameters to assess the severity of coronavirus disease 2019.", "first": "Zhu Z", "journal": "International journal of infectious diseases : IJID : official publication of the International Society for Infectious Diseases", "last": "Gao G", "pages": "332-339", "volume": "95"}, "evidence": "The baseline IL-6 was positively correlated with neutrophil% (r=0.398,P<0.001), NLR (r=0.428, P<0.001), fibrinogen (r=0.370, P<0.001), SA (r=0.420, P<0.001), CRP (r=0.468, P<0.001), IL-10 (r=0.638, P<0.001) and IFN-\u03b3 (r=0.434, P<0.001).", "line": 88, "relation": "positiveCorrelation"}
p(HGNC:IL6)	positiveCorrelation	p(HGNC:FGA)	{"annotations": {"PublicationStatus": {"Published": true}, "PublicationType": {"Research": true}, "Section": {"Results": true}, "Severity": {"severe": true}, "Species": {"9606": true}}, "citation": {"authors": ["Cai T", "Fan L", "Gao G", "Hua X", "Huang Z", "Lou K", "Zhu Z"], "date": "2020-04-22", "db": "PubMed", "db_id": "32334118", "db_name": "Clinical value of immune-inflammatory parameters to assess the severity of coronavirus disease 2019.", "first": "Zhu Z", "journal": "International journal of infectious diseases : IJID : official publication of the International Society for Infectious Diseases", "last": "Gao G", "pages": "332-339", "volume": "95"}, "evidence": "The baseline IL-6 was positively correlated with neutrophil% (r=0.398,P<0.001), NLR (r=0.428, P<0.001), fibrinogen (r=0.370, P<0.001), SA (r=0.420, P<0.001), CRP (r=0.468, P<0.001), IL-10 (r=0.638, P<0.001) and IFN-\u03b3 (r=0.434, P<0.001).", "line": 89, "relation": "positiveCorrelation"}
p(HGNC:IL6)	positiveCorrelation	p(HGNC:FGB)	{"annotations": {"PublicationStatus": {"Published": true}, "PublicationType": {"Research": true}, "Section": {"Results": true}, "Severity": {"severe": true}, "Species": {"9606": true}}, "citation": {"authors": ["Cai T", "Fan L", "Gao G", "Hua X", "Huang Z", "Lou K", "Zhu Z"], "date": "2020-04-22", "db": "PubMed", "db_id": "32334118", "db_name": "Clinical value of immune-inflammatory parameters to assess the severity of coronavirus disease 2019.", "first": "Zhu Z", "journal": "International journal of infectious diseases : IJID : official publication of the International Society for Infectious Diseases", "last": "Gao G", "pages": "332-339", "volume": "95"}, "evidence": "The baseline IL-6 was positively correlated with neutrophil% (r=0.398,P<0.001), NLR (r=0.428, P<0.001), fibrinogen (r=0.370, P<0.001), SA (r=0.420, P<0.001), CRP (r=0.468, P<0.001), IL-10 (r=0.638, P<0.001) and IFN-\u03b3 (r=0.434, P<0.001).", "line": 90, "relation": "positiveCorrelation"}
p(HGNC:IL6)	positiveCorrelation	p(HGNC:FGG)	{"annotations": {"PublicationStatus": {"Published": true}, "PublicationType": {"Research": true}, "Section": {"Results": true}, "Severity": {"severe": true}, "Species": {"9606": true}}, "citation": {"authors": ["Cai T", "Fan L", "Gao G", "Hua X", "Huang Z", "Lou K", "Zhu Z"], "date": "2020-04-22", "db": "PubMed", "db_id": "32334118", "db_name": "Clinical value of immune-inflammatory parameters to assess the severity of coronavirus disease 2019.", "first": "Zhu Z", "journal": "International journal of infectious diseases : IJID : official publication of the International Society for Infectious Diseases", "last": "Gao G", "pages": "332-339", "volume": "95"}, "evidence": "The baseline IL-6 was positively correlated with neutrophil% (r=0.398,P<0.001), NLR (r=0.428, P<0.001), fibrinogen (r=0.370, P<0.001), SA (r=0.420, P<0.001), CRP (r=0.468, P<0.001), IL-10 (r=0.638, P<0.001) and IFN-\u03b3 (r=0.434, P<0.001).", "line": 91, "relation": "positiveCorrelation"}
p(HGNC:IL6)	positiveCorrelation	a(CHEBI:"sialic acid")	{"annotations": {"PublicationStatus": {"Published": true}, "PublicationType": {"Research": true}, "Section": {"Results": true}, "Severity": {"severe": true}, "Species": {"9606": true}}, "citation": {"authors": ["Cai T", "Fan L", "Gao G", "Hua X", "Huang Z", "Lou K", "Zhu Z"], "date": "2020-04-22", "db": "PubMed", "db_id": "32334118", "db_name": "Clinical value of immune-inflammatory parameters to assess the severity of coronavirus disease 2019.", "first": "Zhu Z", "journal": "International journal of infectious diseases : IJID : official publication of the International Society for Infectious Diseases", "last": "Gao G", "pages": "332-339", "volume": "95"}, "evidence": "The baseline IL-6 was positively correlated with neutrophil% (r=0.398,P<0.001), NLR (r=0.428, P<0.001), fibrinogen (r=0.370, P<0.001), SA (r=0.420, P<0.001), CRP (r=0.468, P<0.001), IL-10 (r=0.638, P<0.001) and IFN-\u03b3 (r=0.434, P<0.001).", "line": 92, "relation": "positiveCorrelation"}
p(HGNC:IL6)	positiveCorrelation	p(HGNC:CRP)	{"annotations": {"PublicationStatus": {"Published": true}, "PublicationType": {"Research": true}, "Section": {"Results": true}, "Severity": {"severe": true}, "Species": {"9606": true}}, "citation": {"authors": ["Cai T", "Fan L", "Gao G", "Hua X", "Huang Z", "Lou K", "Zhu Z"], "date": "2020-04-22", "db": "PubMed", "db_id": "32334118", "db_name": "Clinical value of immune-inflammatory parameters to assess the severity of coronavirus disease 2019.", "first": "Zhu Z", "journal": "International journal of infectious diseases : IJID : official publication of the International Society for Infectious Diseases", "last": "Gao G", "pages": "332-339", "volume": "95"}, "evidence": "The baseline IL-6 was positively correlated with neutrophil% (r=0.398,P<0.001), NLR (r=0.428, P<0.001), fibrinogen (r=0.370, P<0.001), SA (r=0.420, P<0.001), CRP (r=0.468, P<0.001), IL-10 (r=0.638, P<0.001) and IFN-\u03b3 (r=0.434, P<0.001).", "line": 93, "relation": "positiveCorrelation"}
p(HGNC:IL6)	positiveCorrelation	p(HGNC:IL10)	{"annotations": {"PublicationStatus": {"Published": true}, "PublicationType": {"Research": true}, "Section": {"Results": true}, "Severity": {"severe": true}, "Species": {"9606": true}}, "citation": {"authors": ["Cai T", "Fan L", "Gao G", "Hua X", "Huang Z", "Lou K", "Zhu Z"], "date": "2020-04-22", "db": "PubMed", "db_id": "32334118", "db_name": "Clinical value of immune-inflammatory parameters to assess the severity of coronavirus disease 2019.", "first": "Zhu Z", "journal": "International journal of infectious diseases : IJID : official publication of the International Society for Infectious Diseases", "last": "Gao G", "pages": "332-339", "volume": "95"}, "evidence": "The baseline IL-6 was positively correlated with neutrophil% (r=0.398,P<0.001), NLR (r=0.428, P<0.001), fibrinogen (r=0.370, P<0.001), SA (r=0.420, P<0.001), CRP (r=0.468, P<0.001), IL-10 (r=0.638, P<0.001) and IFN-\u03b3 (r=0.434, P<0.001).", "line": 94, "relation": "positiveCorrelation"}
p(HGNC:IL6)	positiveCorrelation	p(HGNC:IFNG)	{"annotations": {"PublicationStatus": {"Published": true}, "PublicationType": {"Research": true}, "Section": {"Results": true}, "Severity": {"severe": true}, "Species": {"9606": true}}, "citation": {"authors": ["Cai T", "Fan L", "Gao G", "Hua X", "Huang Z", "Lou K", "Zhu Z"], "date": "2020-04-22", "db": "PubMed", "db_id": "32334118", "db_name": "Clinical value of immune-inflammatory parameters to assess the severity of coronavirus disease 2019.", "first": "Zhu Z", "journal": "International journal of infectious diseases : IJID : official publication of the International Society for Infectious Diseases", "last": "Gao G", "pages": "332-339", "volume": "95"}, "evidence": "The baseline IL-6 was positively correlated with neutrophil% (r=0.398,P<0.001), NLR (r=0.428, P<0.001), fibrinogen (r=0.370, P<0.001), SA (r=0.420, P<0.001), CRP (r=0.468, P<0.001), IL-10 (r=0.638, P<0.001) and IFN-\u03b3 (r=0.434, P<0.001).", "line": 95, "relation": "positiveCorrelation"}
p(HGNC:IL6)	negativeCorrelation	a(MESH:Lymphocytes)	{"annotations": {"PublicationStatus": {"Published": true}, "PublicationType": {"Research": true}, "Section": {"Results": true}, "Severity": {"severe": true}, "Species": {"9606": true}}, "citation": {"authors": ["Cai T", "Fan L", "Gao G", "Hua X", "Huang Z", "Lou K", "Zhu Z"], "date": "2020-04-22", "db": "PubMed", "db_id": "32334118", "db_name": "Clinical value of immune-inflammatory parameters to assess the severity of coronavirus disease 2019.", "first": "Zhu Z", "journal": "International journal of infectious diseases : IJID : official publication of the International Society for Infectious Diseases", "last": "Gao G", "pages": "332-339", "volume": "95"}, "evidence": "Meanwhile, it was negatively correlated with lymphocyte% (r=-0.438, P<0.001), lymphocyte count (r=-0.446, P<0.001) and platelet count (r=-0.375, P<0.001). Additional, IL-6 was higher in patients with hypertension than without hypertension (P=0.001)) (Figure 2).", "line": 101, "relation": "negativeCorrelation"}
p(HGNC:IL6)	negativeCorrelation	a(MESH:"Blood Platelets")	{"annotations": {"PublicationStatus": {"Published": true}, "PublicationType": {"Research": true}, "Section": {"Results": true}, "Severity": {"severe": true}, "Species": {"9606": true}}, "citation": {"authors": ["Cai T", "Fan L", "Gao G", "Hua X", "Huang Z", "Lou K", "Zhu Z"], "date": "2020-04-22", "db": "PubMed", "db_id": "32334118", "db_name": "Clinical value of immune-inflammatory parameters to assess the severity of coronavirus disease 2019.", "first": "Zhu Z", "journal": "International journal of infectious diseases : IJID : official publication of the International Society for Infectious Diseases", "last": "Gao G", "pages": "332-339", "volume": "95"}, "evidence": "Meanwhile, it was negatively correlated with lymphocyte% (r=-0.438, P<0.001), lymphocyte count (r=-0.446, P<0.001) and platelet count (r=-0.375, P<0.001). Additional, IL-6 was higher in patients with hypertension than without hypertension (P=0.001)) (Figure 2).", "line": 102, "relation": "negativeCorrelation"}
p(HGNC:IL6)	positiveCorrelation	path(DO:hypertension)	{"annotations": {"PublicationStatus": {"Published": true}, "PublicationType": {"Research": true}, "Section": {"Results": true}, "Severity": {"severe": true}, "Species": {"9606": true}}, "citation": {"authors": ["Cai T", "Fan L", "Gao G", "Hua X", "Huang Z", "Lou K", "Zhu Z"], "date": "2020-04-22", "db": "PubMed", "db_id": "32334118", "db_name": "Clinical value of immune-inflammatory parameters to assess the severity of coronavirus disease 2019.", "first": "Zhu Z", "journal": "International journal of infectious diseases : IJID : official publication of the International Society for Infectious Diseases", "last": "Gao G", "pages": "332-339", "volume": "95"}, "evidence": "Meanwhile, it was negatively correlated with lymphocyte% (r=-0.438, P<0.001), lymphocyte count (r=-0.446, P<0.001) and platelet count (r=-0.375, P<0.001). Additional, IL-6 was higher in patients with hypertension than without hypertension (P=0.001)) (Figure 2).", "line": 103, "relation": "positiveCorrelation"}
path(DO:"COVID-19")	positiveCorrelation	path(MESH:Fever)	{"annotations": {"PublicationStatus": {"Published": true}, "PublicationType": {"Research": true}, "Section": {"Results": true}, "Severity": {"severe": true}, "Species": {"9606": true}}, "citation": {"authors": ["Cai T", "Fan L", "Gao G", "Hua X", "Huang Z", "Lou K", "Zhu Z"], "date": "2020-04-22", "db": "PubMed", "db_id": "32334118", "db_name": "Clinical value of immune-inflammatory parameters to assess the severity of coronavirus disease 2019.", "first": "Zhu Z", "journal": "International journal of infectious diseases : IJID : official publication of the International Society for Infectious Diseases", "last": "Gao G", "pages": "332-339", "volume": "95"}, "evidence": "Fever (108 [85.04%]), cough (105 [82.86%]), fatigue (80 [62.99%]), expectoration (75 [59.06%]), anorexia (59 [46.46%]) and nausea (57 [44.88%]) were the most common symptoms. Hypertension (31 [24.42%]) was the most common underlying disease.", "line": 48, "relation": "positiveCorrelation"}
path(DO:"COVID-19")	positiveCorrelation	path(MESH:Cough)	{"annotations": {"PublicationStatus": {"Published": true}, "PublicationType": {"Research": true}, "Section": {"Results": true}, "Severity": {"severe": true}, "Species": {"9606": true}}, "citation": {"authors": ["Cai T", "Fan L", "Gao G", "Hua X", "Huang Z", "Lou K", "Zhu Z"], "date": "2020-04-22", "db": "PubMed", "db_id": "32334118", "db_name": "Clinical value of immune-inflammatory parameters to assess the severity of coronavirus disease 2019.", "first": "Zhu Z", "journal": "International journal of infectious diseases : IJID : official publication of the International Society for Infectious Diseases", "last": "Gao G", "pages": "332-339", "volume": "95"}, "evidence": "Fever (108 [85.04%]), cough (105 [82.86%]), fatigue (80 [62.99%]), expectoration (75 [59.06%]), anorexia (59 [46.46%]) and nausea (57 [44.88%]) were the most common symptoms. Hypertension (31 [24.42%]) was the most common underlying disease.", "line": 49, "relation": "positiveCorrelation"}
path(DO:"COVID-19")	positiveCorrelation	path(MESH:Fatigue)	{"annotations": {"PublicationStatus": {"Published": true}, "PublicationType": {"Research": true}, "Section": {"Results": true}, "Severity": {"severe": true}, "Species": {"9606": true}}, "citation": {"authors": ["Cai T", "Fan L", "Gao G", "Hua X", "Huang Z", "Lou K", "Zhu Z"], "date": "2020-04-22", "db": "PubMed", "db_id": "32334118", "db_name": "Clinical value of immune-inflammatory parameters to assess the severity of coronavirus disease 2019.", "first": "Zhu Z", "journal": "International journal of infectious diseases : IJID : official publication of the International Society for Infectious Diseases", "last": "Gao G", "pages": "332-339", "volume": "95"}, "evidence": "Fever (108 [85.04%]), cough (105 [82.86%]), fatigue (80 [62.99%]), expectoration (75 [59.06%]), anorexia (59 [46.46%]) and nausea (57 [44.88%]) were the most common symptoms. Hypertension (31 [24.42%]) was the most common underlying disease.", "line": 50, "relation": "positiveCorrelation"}
path(DO:"COVID-19")	positiveCorrelation	path(MESH:Sputum)	{"annotations": {"PublicationStatus": {"Published": true}, "PublicationType": {"Research": true}, "Section": {"Results": true}, "Severity": {"severe": true}, "Species": {"9606": true}}, "citation": {"authors": ["Cai T", "Fan L", "Gao G", "Hua X", "Huang Z", "Lou K", "Zhu Z"], "date": "2020-04-22", "db": "PubMed", "db_id": "32334118", "db_name": "Clinical value of immune-inflammatory parameters to assess the severity of coronavirus disease 2019.", "first": "Zhu Z", "journal": "International journal of infectious diseases : IJID : official publication of the International Society for Infectious Diseases", "last": "Gao G", "pages": "332-339", "volume": "95"}, "evidence": "Fever (108 [85.04%]), cough (105 [82.86%]), fatigue (80 [62.99%]), expectoration (75 [59.06%]), anorexia (59 [46.46%]) and nausea (57 [44.88%]) were the most common symptoms. Hypertension (31 [24.42%]) was the most common underlying disease.", "line": 51, "relation": "positiveCorrelation"}
path(DO:"COVID-19")	positiveCorrelation	path(HP:Anorexia)	{"annotations": {"PublicationStatus": {"Published": true}, "PublicationType": {"Research": true}, "Section": {"Results": true}, "Severity": {"severe": true}, "Species": {"9606": true}}, "citation": {"authors": ["Cai T", "Fan L", "Gao G", "Hua X", "Huang Z", "Lou K", "Zhu Z"], "date": "2020-04-22", "db": "PubMed", "db_id": "32334118", "db_name": "Clinical value of immune-inflammatory parameters to assess the severity of coronavirus disease 2019.", "first": "Zhu Z", "journal": "International journal of infectious diseases : IJID : official publication of the International Society for Infectious Diseases", "last": "Gao G", "pages": "332-339", "volume": "95"}, "evidence": "Fever (108 [85.04%]), cough (105 [82.86%]), fatigue (80 [62.99%]), expectoration (75 [59.06%]), anorexia (59 [46.46%]) and nausea (57 [44.88%]) were the most common symptoms. Hypertension (31 [24.42%]) was the most common underlying disease.", "line": 52, "relation": "positiveCorrelation"}
path(DO:"COVID-19")	positiveCorrelation	path(MESH:Nausea)	{"annotations": {"PublicationStatus": {"Published": true}, "PublicationType": {"Research": true}, "Section": {"Results": true}, "Severity": {"severe": true}, "Species": {"9606": true}}, "citation": {"authors": ["Cai T", "Fan L", "Gao G", "Hua X", "Huang Z", "Lou K", "Zhu Z"], "date": "2020-04-22", "db": "PubMed", "db_id": "32334118", "db_name": "Clinical value of immune-inflammatory parameters to assess the severity of coronavirus disease 2019.", "first": "Zhu Z", "journal": "International journal of infectious diseases : IJID : official publication of the International Society for Infectious Diseases", "last": "Gao G", "pages": "332-339", "volume": "95"}, "evidence": "Fever (108 [85.04%]), cough (105 [82.86%]), fatigue (80 [62.99%]), expectoration (75 [59.06%]), anorexia (59 [46.46%]) and nausea (57 [44.88%]) were the most common symptoms. Hypertension (31 [24.42%]) was the most common underlying disease.", "line": 53, "relation": "positiveCorrelation"}
path(DO:"COVID-19")	positiveCorrelation	path(DO:hypertension)	{"annotations": {"PublicationStatus": {"Published": true}, "PublicationType": {"Research": true}, "Section": {"Results": true}, "Severity": {"severe": true}, "Species": {"9606": true}}, "citation": {"authors": ["Cai T", "Fan L", "Gao G", "Hua X", "Huang Z", "Lou K", "Zhu Z"], "date": "2020-04-22", "db": "PubMed", "db_id": "32334118", "db_name": "Clinical value of immune-inflammatory parameters to assess the severity of coronavirus disease 2019.", "first": "Zhu Z", "journal": "International journal of infectious diseases : IJID : official publication of the International Society for Infectious Diseases", "last": "Gao G", "pages": "332-339", "volume": "95"}, "evidence": "Fever (108 [85.04%]), cough (105 [82.86%]), fatigue (80 [62.99%]), expectoration (75 [59.06%]), anorexia (59 [46.46%]) and nausea (57 [44.88%]) were the most common symptoms. Hypertension (31 [24.42%]) was the most common underlying disease.", "line": 54, "relation": "positiveCorrelation"}
path(DO:"COVID-19")	increases	a(MESH:Neutrophils)	{"annotations": {"Assay": {"reverse transcription polymerase chain reaction": true}, "PublicationStatus": {"Published": true}, "PublicationType": {"Research": true}, "Sample": {"nasopharynx-swab": true, "sputum": true, "throat-swab": true}, "Section": {"Results": true}, "Severity": {"severe": true}, "Species": {"9606": true}}, "citation": {"authors": ["Cai T", "Fan L", "Gao G", "Hua X", "Huang Z", "Lou K", "Zhu Z"], "date": "2020-04-22", "db": "PubMed", "db_id": "32334118", "db_name": "Clinical value of immune-inflammatory parameters to assess the severity of coronavirus disease 2019.", "first": "Zhu Z", "journal": "International journal of infectious diseases : IJID : official publication of the International Society for Infectious Diseases", "last": "Gao G", "pages": "332-339", "volume": "95"}, "evidence": "Neutrophil%, neutrophil-to-lymphocyte ratio (NLR), fibrinogen, sialic acid (SA), C-reaction protein (CRP), IL-6, interleukin-10 (IL-10) and interferon-\u03b3 (IFN-\u03b3) in the severe group were significantly higher than those in the non-severe group (P<0.05).", "line": 62, "relation": "increases"}
path(DO:"COVID-19")	increases	p(HGNC:FGA)	{"annotations": {"Assay": {"reverse transcription polymerase chain reaction": true}, "PublicationStatus": {"Published": true}, "PublicationType": {"Research": true}, "Sample": {"nasopharynx-swab": true, "sputum": true, "throat-swab": true}, "Section": {"Results": true}, "Severity": {"severe": true}, "Species": {"9606": true}}, "citation": {"authors": ["Cai T", "Fan L", "Gao G", "Hua X", "Huang Z", "Lou K", "Zhu Z"], "date": "2020-04-22", "db": "PubMed", "db_id": "32334118", "db_name": "Clinical value of immune-inflammatory parameters to assess the severity of coronavirus disease 2019.", "first": "Zhu Z", "journal": "International journal of infectious diseases : IJID : official publication of the International Society for Infectious Diseases", "last": "Gao G", "pages": "332-339", "volume": "95"}, "evidence": "Neutrophil%, neutrophil-to-lymphocyte ratio (NLR), fibrinogen, sialic acid (SA), C-reaction protein (CRP), IL-6, interleukin-10 (IL-10) and interferon-\u03b3 (IFN-\u03b3) in the severe group were significantly higher than those in the non-severe group (P<0.05).", "line": 63, "relation": "increases"}
path(DO:"COVID-19")	increases	p(HGNC:FGB)	{"annotations": {"Assay": {"reverse transcription polymerase chain reaction": true}, "PublicationStatus": {"Published": true}, "PublicationType": {"Research": true}, "Sample": {"nasopharynx-swab": true, "sputum": true, "throat-swab": true}, "Section": {"Results": true}, "Severity": {"severe": true}, "Species": {"9606": true}}, "citation": {"authors": ["Cai T", "Fan L", "Gao G", "Hua X", "Huang Z", "Lou K", "Zhu Z"], "date": "2020-04-22", "db": "PubMed", "db_id": "32334118", "db_name": "Clinical value of immune-inflammatory parameters to assess the severity of coronavirus disease 2019.", "first": "Zhu Z", "journal": "International journal of infectious diseases : IJID : official publication of the International Society for Infectious Diseases", "last": "Gao G", "pages": "332-339", "volume": "95"}, "evidence": "Neutrophil%, neutrophil-to-lymphocyte ratio (NLR), fibrinogen, sialic acid (SA), C-reaction protein (CRP), IL-6, interleukin-10 (IL-10) and interferon-\u03b3 (IFN-\u03b3) in the severe group were significantly higher than those in the non-severe group (P<0.05).", "line": 64, "relation": "increases"}
path(DO:"COVID-19")	increases	p(HGNC:FGG)	{"annotations": {"Assay": {"reverse transcription polymerase chain reaction": true}, "PublicationStatus": {"Published": true}, "PublicationType": {"Research": true}, "Sample": {"nasopharynx-swab": true, "sputum": true, "throat-swab": true}, "Section": {"Results": true}, "Severity": {"severe": true}, "Species": {"9606": true}}, "citation": {"authors": ["Cai T", "Fan L", "Gao G", "Hua X", "Huang Z", "Lou K", "Zhu Z"], "date": "2020-04-22", "db": "PubMed", "db_id": "32334118", "db_name": "Clinical value of immune-inflammatory parameters to assess the severity of coronavirus disease 2019.", "first": "Zhu Z", "journal": "International journal of infectious diseases : IJID : official publication of the International Society for Infectious Diseases", "last": "Gao G", "pages": "332-339", "volume": "95"}, "evidence": "Neutrophil%, neutrophil-to-lymphocyte ratio (NLR), fibrinogen, sialic acid (SA), C-reaction protein (CRP), IL-6, interleukin-10 (IL-10) and interferon-\u03b3 (IFN-\u03b3) in the severe group were significantly higher than those in the non-severe group (P<0.05).", "line": 65, "relation": "increases"}
path(DO:"COVID-19")	increases	p(HGNC:CRP)	{"annotations": {"Assay": {"reverse transcription polymerase chain reaction": true}, "PublicationStatus": {"Published": true}, "PublicationType": {"Research": true}, "Sample": {"nasopharynx-swab": true, "sputum": true, "throat-swab": true}, "Section": {"Results": true}, "Severity": {"severe": true}, "Species": {"9606": true}}, "citation": {"authors": ["Cai T", "Fan L", "Gao G", "Hua X", "Huang Z", "Lou K", "Zhu Z"], "date": "2020-04-22", "db": "PubMed", "db_id": "32334118", "db_name": "Clinical value of immune-inflammatory parameters to assess the severity of coronavirus disease 2019.", "first": "Zhu Z", "journal": "International journal of infectious diseases : IJID : official publication of the International Society for Infectious Diseases", "last": "Gao G", "pages": "332-339", "volume": "95"}, "evidence": "Neutrophil%, neutrophil-to-lymphocyte ratio (NLR), fibrinogen, sialic acid (SA), C-reaction protein (CRP), IL-6, interleukin-10 (IL-10) and interferon-\u03b3 (IFN-\u03b3) in the severe group were significantly higher than those in the non-severe group (P<0.05).", "line": 66, "relation": "increases"}
path(DO:"COVID-19")	increases	p(HGNC:IL10)	{"annotations": {"Assay": {"reverse transcription polymerase chain reaction": true}, "PublicationStatus": {"Published": true}, "PublicationType": {"Research": true}, "Sample": {"nasopharynx-swab": true, "sputum": true, "throat-swab": true}, "Section": {"Results": true}, "Severity": {"severe": true}, "Species": {"9606": true}}, "citation": {"authors": ["Cai T", "Fan L", "Gao G", "Hua X", "Huang Z", "Lou K", "Zhu Z"], "date": "2020-04-22", "db": "PubMed", "db_id": "32334118", "db_name": "Clinical value of immune-inflammatory parameters to assess the severity of coronavirus disease 2019.", "first": "Zhu Z", "journal": "International journal of infectious diseases : IJID : official publication of the International Society for Infectious Diseases", "last": "Gao G", "pages": "332-339", "volume": "95"}, "evidence": "Neutrophil%, neutrophil-to-lymphocyte ratio (NLR), fibrinogen, sialic acid (SA), C-reaction protein (CRP), IL-6, interleukin-10 (IL-10) and interferon-\u03b3 (IFN-\u03b3) in the severe group were significantly higher than those in the non-severe group (P<0.05).", "line": 67, "relation": "increases"}
path(DO:"COVID-19")	increases	p(HGNC:IFNG)	{"annotations": {"Assay": {"reverse transcription polymerase chain reaction": true}, "PublicationStatus": {"Published": true}, "PublicationType": {"Research": true}, "Sample": {"nasopharynx-swab": true, "sputum": true, "throat-swab": true}, "Section": {"Results": true}, "Severity": {"severe": true}, "Species": {"9606": true}}, "citation": {"authors": ["Cai T", "Fan L", "Gao G", "Hua X", "Huang Z", "Lou K", "Zhu Z"], "date": "2020-04-22", "db": "PubMed", "db_id": "32334118", "db_name": "Clinical value of immune-inflammatory parameters to assess the severity of coronavirus disease 2019.", "first": "Zhu Z", "journal": "International journal of infectious diseases : IJID : official publication of the International Society for Infectious Diseases", "last": "Gao G", "pages": "332-339", "volume": "95"}, "evidence": "Neutrophil%, neutrophil-to-lymphocyte ratio (NLR), fibrinogen, sialic acid (SA), C-reaction protein (CRP), IL-6, interleukin-10 (IL-10) and interferon-\u03b3 (IFN-\u03b3) in the severe group were significantly higher than those in the non-severe group (P<0.05).", "line": 68, "relation": "increases"}
path(DO:"COVID-19")	decreases	a(MESH:Lymphocytes)	{"annotations": {"Assay": {"reverse transcription polymerase chain reaction": true}, "PublicationStatus": {"Published": true}, "PublicationType": {"Research": true}, "Sample": {"nasopharynx-swab": true, "sputum": true, "throat-swab": true}, "Section": {"Results": true}, "Severity": {"severe": true}, "Species": {"9606": true}}, "citation": {"authors": ["Cai T", "Fan L", "Gao G", "Hua X", "Huang Z", "Lou K", "Zhu Z"], "date": "2020-04-22", "db": "PubMed", "db_id": "32334118", "db_name": "Clinical value of immune-inflammatory parameters to assess the severity of coronavirus disease 2019.", "first": "Zhu Z", "journal": "International journal of infectious diseases : IJID : official publication of the International Society for Infectious Diseases", "last": "Gao G", "pages": "332-339", "volume": "95"}, "evidence": "While lymphocyte%, lymphocyte count and platelet count were significantly lower in the severe group when compared with the non-severe group (P<0.05).", "line": 79, "relation": "decreases"}
path(DO:"COVID-19")	decreases	a(MESH:"Blood Platelets")	{"annotations": {"Assay": {"reverse transcription polymerase chain reaction": true}, "PublicationStatus": {"Published": true}, "PublicationType": {"Research": true}, "Sample": {"nasopharynx-swab": true, "sputum": true, "throat-swab": true}, "Section": {"Results": true}, "Severity": {"severe": true}, "Species": {"9606": true}}, "citation": {"authors": ["Cai T", "Fan L", "Gao G", "Hua X", "Huang Z", "Lou K", "Zhu Z"], "date": "2020-04-22", "db": "PubMed", "db_id": "32334118", "db_name": "Clinical value of immune-inflammatory parameters to assess the severity of coronavirus disease 2019.", "first": "Zhu Z", "journal": "International journal of infectious diseases : IJID : official publication of the International Society for Infectious Diseases", "last": "Gao G", "pages": "332-339", "volume": "95"}, "evidence": "While lymphocyte%, lymphocyte count and platelet count were significantly lower in the severe group when compared with the non-severe group (P<0.05).", "line": 80, "relation": "decreases"}
path(DO:hypertension)	positiveCorrelation	path(DO:"COVID-19")	{"annotations": {"PublicationStatus": {"Published": true}, "PublicationType": {"Research": true}, "Section": {"Results": true}, "Severity": {"severe": true}, "Species": {"9606": true}}, "citation": {"authors": ["Cai T", "Fan L", "Gao G", "Hua X", "Huang Z", "Lou K", "Zhu Z"], "date": "2020-04-22", "db": "PubMed", "db_id": "32334118", "db_name": "Clinical value of immune-inflammatory parameters to assess the severity of coronavirus disease 2019.", "first": "Zhu Z", "journal": "International journal of infectious diseases : IJID : official publication of the International Society for Infectious Diseases", "last": "Gao G", "pages": "332-339", "volume": "95"}, "evidence": "Fever (108 [85.04%]), cough (105 [82.86%]), fatigue (80 [62.99%]), expectoration (75 [59.06%]), anorexia (59 [46.46%]) and nausea (57 [44.88%]) were the most common symptoms. Hypertension (31 [24.42%]) was the most common underlying disease.", "line": 54, "relation": "positiveCorrelation"}
path(DO:hypertension)	positiveCorrelation	p(HGNC:IL6)	{"annotations": {"PublicationStatus": {"Published": true}, "PublicationType": {"Research": true}, "Section": {"Results": true}, "Severity": {"severe": true}, "Species": {"9606": true}}, "citation": {"authors": ["Cai T", "Fan L", "Gao G", "Hua X", "Huang Z", "Lou K", "Zhu Z"], "date": "2020-04-22", "db": "PubMed", "db_id": "32334118", "db_name": "Clinical value of immune-inflammatory parameters to assess the severity of coronavirus disease 2019.", "first": "Zhu Z", "journal": "International journal of infectious diseases : IJID : official publication of the International Society for Infectious Diseases", "last": "Gao G", "pages": "332-339", "volume": "95"}, "evidence": "Meanwhile, it was negatively correlated with lymphocyte% (r=-0.438, P<0.001), lymphocyte count (r=-0.446, P<0.001) and platelet count (r=-0.375, P<0.001). Additional, IL-6 was higher in patients with hypertension than without hypertension (P=0.001)) (Figure 2).", "line": 103, "relation": "positiveCorrelation"}
path(HP:Anorexia)	positiveCorrelation	path(DO:"COVID-19")	{"annotations": {"PublicationStatus": {"Published": true}, "PublicationType": {"Research": true}, "Section": {"Results": true}, "Severity": {"severe": true}, "Species": {"9606": true}}, "citation": {"authors": ["Cai T", "Fan L", "Gao G", "Hua X", "Huang Z", "Lou K", "Zhu Z"], "date": "2020-04-22", "db": "PubMed", "db_id": "32334118", "db_name": "Clinical value of immune-inflammatory parameters to assess the severity of coronavirus disease 2019.", "first": "Zhu Z", "journal": "International journal of infectious diseases : IJID : official publication of the International Society for Infectious Diseases", "last": "Gao G", "pages": "332-339", "volume": "95"}, "evidence": "Fever (108 [85.04%]), cough (105 [82.86%]), fatigue (80 [62.99%]), expectoration (75 [59.06%]), anorexia (59 [46.46%]) and nausea (57 [44.88%]) were the most common symptoms. Hypertension (31 [24.42%]) was the most common underlying disease.", "line": 52, "relation": "positiveCorrelation"}
path(MESH:Cough)	positiveCorrelation	path(DO:"COVID-19")	{"annotations": {"PublicationStatus": {"Published": true}, "PublicationType": {"Research": true}, "Section": {"Results": true}, "Severity": {"severe": true}, "Species": {"9606": true}}, "citation": {"authors": ["Cai T", "Fan L", "Gao G", "Hua X", "Huang Z", "Lou K", "Zhu Z"], "date": "2020-04-22", "db": "PubMed", "db_id": "32334118", "db_name": "Clinical value of immune-inflammatory parameters to assess the severity of coronavirus disease 2019.", "first": "Zhu Z", "journal": "International journal of infectious diseases : IJID : official publication of the International Society for Infectious Diseases", "last": "Gao G", "pages": "332-339", "volume": "95"}, "evidence": "Fever (108 [85.04%]), cough (105 [82.86%]), fatigue (80 [62.99%]), expectoration (75 [59.06%]), anorexia (59 [46.46%]) and nausea (57 [44.88%]) were the most common symptoms. Hypertension (31 [24.42%]) was the most common underlying disease.", "line": 49, "relation": "positiveCorrelation"}
path(MESH:Fatigue)	positiveCorrelation	path(DO:"COVID-19")	{"annotations": {"PublicationStatus": {"Published": true}, "PublicationType": {"Research": true}, "Section": {"Results": true}, "Severity": {"severe": true}, "Species": {"9606": true}}, "citation": {"authors": ["Cai T", "Fan L", "Gao G", "Hua X", "Huang Z", "Lou K", "Zhu Z"], "date": "2020-04-22", "db": "PubMed", "db_id": "32334118", "db_name": "Clinical value of immune-inflammatory parameters to assess the severity of coronavirus disease 2019.", "first": "Zhu Z", "journal": "International journal of infectious diseases : IJID : official publication of the International Society for Infectious Diseases", "last": "Gao G", "pages": "332-339", "volume": "95"}, "evidence": "Fever (108 [85.04%]), cough (105 [82.86%]), fatigue (80 [62.99%]), expectoration (75 [59.06%]), anorexia (59 [46.46%]) and nausea (57 [44.88%]) were the most common symptoms. Hypertension (31 [24.42%]) was the most common underlying disease.", "line": 50, "relation": "positiveCorrelation"}
path(MESH:Fever)	positiveCorrelation	path(DO:"COVID-19")	{"annotations": {"PublicationStatus": {"Published": true}, "PublicationType": {"Research": true}, "Section": {"Results": true}, "Severity": {"severe": true}, "Species": {"9606": true}}, "citation": {"authors": ["Cai T", "Fan L", "Gao G", "Hua X", "Huang Z", "Lou K", "Zhu Z"], "date": "2020-04-22", "db": "PubMed", "db_id": "32334118", "db_name": "Clinical value of immune-inflammatory parameters to assess the severity of coronavirus disease 2019.", "first": "Zhu Z", "journal": "International journal of infectious diseases : IJID : official publication of the International Society for Infectious Diseases", "last": "Gao G", "pages": "332-339", "volume": "95"}, "evidence": "Fever (108 [85.04%]), cough (105 [82.86%]), fatigue (80 [62.99%]), expectoration (75 [59.06%]), anorexia (59 [46.46%]) and nausea (57 [44.88%]) were the most common symptoms. Hypertension (31 [24.42%]) was the most common underlying disease.", "line": 48, "relation": "positiveCorrelation"}
path(MESH:Nausea)	positiveCorrelation	path(DO:"COVID-19")	{"annotations": {"PublicationStatus": {"Published": true}, "PublicationType": {"Research": true}, "Section": {"Results": true}, "Severity": {"severe": true}, "Species": {"9606": true}}, "citation": {"authors": ["Cai T", "Fan L", "Gao G", "Hua X", "Huang Z", "Lou K", "Zhu Z"], "date": "2020-04-22", "db": "PubMed", "db_id": "32334118", "db_name": "Clinical value of immune-inflammatory parameters to assess the severity of coronavirus disease 2019.", "first": "Zhu Z", "journal": "International journal of infectious diseases : IJID : official publication of the International Society for Infectious Diseases", "last": "Gao G", "pages": "332-339", "volume": "95"}, "evidence": "Fever (108 [85.04%]), cough (105 [82.86%]), fatigue (80 [62.99%]), expectoration (75 [59.06%]), anorexia (59 [46.46%]) and nausea (57 [44.88%]) were the most common symptoms. Hypertension (31 [24.42%]) was the most common underlying disease.", "line": 53, "relation": "positiveCorrelation"}
path(MESH:Sputum)	positiveCorrelation	path(DO:"COVID-19")	{"annotations": {"PublicationStatus": {"Published": true}, "PublicationType": {"Research": true}, "Section": {"Results": true}, "Severity": {"severe": true}, "Species": {"9606": true}}, "citation": {"authors": ["Cai T", "Fan L", "Gao G", "Hua X", "Huang Z", "Lou K", "Zhu Z"], "date": "2020-04-22", "db": "PubMed", "db_id": "32334118", "db_name": "Clinical value of immune-inflammatory parameters to assess the severity of coronavirus disease 2019.", "first": "Zhu Z", "journal": "International journal of infectious diseases : IJID : official publication of the International Society for Infectious Diseases", "last": "Gao G", "pages": "332-339", "volume": "95"}, "evidence": "Fever (108 [85.04%]), cough (105 [82.86%]), fatigue (80 [62.99%]), expectoration (75 [59.06%]), anorexia (59 [46.46%]) and nausea (57 [44.88%]) were the most common symptoms. Hypertension (31 [24.42%]) was the most common underlying disease.", "line": 51, "relation": "positiveCorrelation"}
