a(FIXME:"bilateral involvement")	association	path(DO:"COVID-19")	{"annotations": {"Custom_Disease": {"COVID-19": true}, "PublicationStatus": {"Preprint": true}, "PublicationType": {"Research": true}, "Section": {"Results": true}, "Species": {"9606": true}, "Technique": {"computed tomography": true}}, "citation": {"authors": ["Alba C", "Ma\u00f1as N", "Olivares D", "Rey E", "Sagastagoitia I", "Taxonera C"], "date": "2020-05-02", "db": "PubMed", "db_id": "32359205", "db_name": "2019 Novel Coronavirus Disease (COVID-19) in patients with Inflammatory Bowel Diseases.", "first": "Taxonera C", "journal": "Alimentary pharmacology &amp; therapeutics", "last": "Rey E"}, "evidence": "On admission, bilateral abnormalities on chest radiography or computed tomography (CT) were detected in all but one hospitalized patients.", "line": 52, "relation": "association"}
p(HGNC:LDHA)	positiveCorrelation	path(DO:"COVID-19")	{"annotations": {"Custom_Disease": {"COVID-19": true}, "PublicationStatus": {"Preprint": true}, "PublicationType": {"Research": true}, "Section": {"Results": true}, "Species": {"9606": true}}, "citation": {"authors": ["Alba C", "Ma\u00f1as N", "Olivares D", "Rey E", "Sagastagoitia I", "Taxonera C"], "date": "2020-05-02", "db": "PubMed", "db_id": "32359205", "db_name": "2019 Novel Coronavirus Disease (COVID-19) in patients with Inflammatory Bowel Diseases.", "first": "Taxonera C", "journal": "Alimentary pharmacology &amp; therapeutics", "last": "Rey E"}, "evidence": "The majority of patients showed lymphopenia and had elevated C-reactive protein, fibrinogen lactate dehydrogenase, ferritin, and D-dimer levels (supplementary Table 1).", "line": 63, "relation": "positiveCorrelation"}
p(HGNC:LDHB)	positiveCorrelation	path(DO:"COVID-19")	{"annotations": {"Custom_Disease": {"COVID-19": true}, "PublicationStatus": {"Preprint": true}, "PublicationType": {"Research": true}, "Section": {"Results": true}, "Species": {"9606": true}}, "citation": {"authors": ["Alba C", "Ma\u00f1as N", "Olivares D", "Rey E", "Sagastagoitia I", "Taxonera C"], "date": "2020-05-02", "db": "PubMed", "db_id": "32359205", "db_name": "2019 Novel Coronavirus Disease (COVID-19) in patients with Inflammatory Bowel Diseases.", "first": "Taxonera C", "journal": "Alimentary pharmacology &amp; therapeutics", "last": "Rey E"}, "evidence": "The majority of patients showed lymphopenia and had elevated C-reactive protein, fibrinogen lactate dehydrogenase, ferritin, and D-dimer levels (supplementary Table 1).", "line": 64, "relation": "positiveCorrelation"}
p(HGNC:LDHC)	positiveCorrelation	path(DO:"COVID-19")	{"annotations": {"Custom_Disease": {"COVID-19": true}, "PublicationStatus": {"Preprint": true}, "PublicationType": {"Research": true}, "Section": {"Results": true}, "Species": {"9606": true}}, "citation": {"authors": ["Alba C", "Ma\u00f1as N", "Olivares D", "Rey E", "Sagastagoitia I", "Taxonera C"], "date": "2020-05-02", "db": "PubMed", "db_id": "32359205", "db_name": "2019 Novel Coronavirus Disease (COVID-19) in patients with Inflammatory Bowel Diseases.", "first": "Taxonera C", "journal": "Alimentary pharmacology &amp; therapeutics", "last": "Rey E"}, "evidence": "The majority of patients showed lymphopenia and had elevated C-reactive protein, fibrinogen lactate dehydrogenase, ferritin, and D-dimer levels (supplementary Table 1).", "line": 65, "relation": "positiveCorrelation"}
p(HGNC:LDHD)	positiveCorrelation	path(DO:"COVID-19")	{"annotations": {"Custom_Disease": {"COVID-19": true}, "PublicationStatus": {"Preprint": true}, "PublicationType": {"Research": true}, "Section": {"Results": true}, "Species": {"9606": true}}, "citation": {"authors": ["Alba C", "Ma\u00f1as N", "Olivares D", "Rey E", "Sagastagoitia I", "Taxonera C"], "date": "2020-05-02", "db": "PubMed", "db_id": "32359205", "db_name": "2019 Novel Coronavirus Disease (COVID-19) in patients with Inflammatory Bowel Diseases.", "first": "Taxonera C", "journal": "Alimentary pharmacology &amp; therapeutics", "last": "Rey E"}, "evidence": "The majority of patients showed lymphopenia and had elevated C-reactive protein, fibrinogen lactate dehydrogenase, ferritin, and D-dimer levels (supplementary Table 1).", "line": 66, "relation": "positiveCorrelation"}
path(DO:"COVID-19")	increases	path(MESH:Nausea)	{"annotations": {"Custom_Disease": {"COVID-19": true}, "PublicationStatus": {"Preprint": true}, "PublicationType": {"Research": true}, "Section": {"Results": true}, "Species": {"9606": true}}, "citation": {"authors": ["Alba C", "Ma\u00f1as N", "Olivares D", "Rey E", "Sagastagoitia I", "Taxonera C"], "date": "2020-05-02", "db": "PubMed", "db_id": "32359205", "db_name": "2019 Novel Coronavirus Disease (COVID-19) in patients with Inflammatory Bowel Diseases.", "first": "Taxonera C", "journal": "Alimentary pharmacology &amp; therapeutics", "last": "Rey E"}, "evidence": "Two patients (16.6%) had nausea/vomiting.", "line": 45, "relation": "increases"}
path(DO:"COVID-19")	association	path(HP:Vomiting)	{"annotations": {"Custom_Disease": {"COVID-19": true}, "PublicationStatus": {"Preprint": true}, "PublicationType": {"Research": true}, "Section": {"Results": true}, "Species": {"9606": true}}, "citation": {"authors": ["Alba C", "Ma\u00f1as N", "Olivares D", "Rey E", "Sagastagoitia I", "Taxonera C"], "date": "2020-05-02", "db": "PubMed", "db_id": "32359205", "db_name": "2019 Novel Coronavirus Disease (COVID-19) in patients with Inflammatory Bowel Diseases.", "first": "Taxonera C", "journal": "Alimentary pharmacology &amp; therapeutics", "last": "Rey E"}, "evidence": "Two patients (16.6%) had nausea/vomiting.", "line": 46, "relation": "association"}
path(DO:"COVID-19")	association	a(FIXME:"bilateral involvement")	{"annotations": {"Custom_Disease": {"COVID-19": true}, "PublicationStatus": {"Preprint": true}, "PublicationType": {"Research": true}, "Section": {"Results": true}, "Species": {"9606": true}, "Technique": {"computed tomography": true}}, "citation": {"authors": ["Alba C", "Ma\u00f1as N", "Olivares D", "Rey E", "Sagastagoitia I", "Taxonera C"], "date": "2020-05-02", "db": "PubMed", "db_id": "32359205", "db_name": "2019 Novel Coronavirus Disease (COVID-19) in patients with Inflammatory Bowel Diseases.", "first": "Taxonera C", "journal": "Alimentary pharmacology &amp; therapeutics", "last": "Rey E"}, "evidence": "On admission, bilateral abnormalities on chest radiography or computed tomography (CT) were detected in all but one hospitalized patients.", "line": 52, "relation": "association"}
path(DO:"COVID-19")	increases	path(DO:lymphopenia)	{"annotations": {"Custom_Disease": {"COVID-19": true}, "PublicationStatus": {"Preprint": true}, "PublicationType": {"Research": true}, "Section": {"Results": true}, "Species": {"9606": true}}, "citation": {"authors": ["Alba C", "Ma\u00f1as N", "Olivares D", "Rey E", "Sagastagoitia I", "Taxonera C"], "date": "2020-05-02", "db": "PubMed", "db_id": "32359205", "db_name": "2019 Novel Coronavirus Disease (COVID-19) in patients with Inflammatory Bowel Diseases.", "first": "Taxonera C", "journal": "Alimentary pharmacology &amp; therapeutics", "last": "Rey E"}, "evidence": "The majority of patients showed lymphopenia and had elevated C-reactive protein, fibrinogen lactate dehydrogenase, ferritin, and D-dimer levels (supplementary Table 1).", "line": 60, "relation": "increases"}
path(DO:"COVID-19")	association	path(HP:"Elevated C-reactive protein level")	{"annotations": {"Custom_Disease": {"COVID-19": true}, "PublicationStatus": {"Preprint": true}, "PublicationType": {"Research": true}, "Section": {"Results": true}, "Species": {"9606": true}}, "citation": {"authors": ["Alba C", "Ma\u00f1as N", "Olivares D", "Rey E", "Sagastagoitia I", "Taxonera C"], "date": "2020-05-02", "db": "PubMed", "db_id": "32359205", "db_name": "2019 Novel Coronavirus Disease (COVID-19) in patients with Inflammatory Bowel Diseases.", "first": "Taxonera C", "journal": "Alimentary pharmacology &amp; therapeutics", "last": "Rey E"}, "evidence": "The majority of patients showed lymphopenia and had elevated C-reactive protein, fibrinogen lactate dehydrogenase, ferritin, and D-dimer levels (supplementary Table 1).", "line": 61, "relation": "association"}
path(DO:"COVID-19")	increases	complex(GO:"fibrinogen complex")	{"annotations": {"Custom_Disease": {"COVID-19": true}, "PublicationStatus": {"Preprint": true}, "PublicationType": {"Research": true}, "Section": {"Results": true}, "Species": {"9606": true}}, "citation": {"authors": ["Alba C", "Ma\u00f1as N", "Olivares D", "Rey E", "Sagastagoitia I", "Taxonera C"], "date": "2020-05-02", "db": "PubMed", "db_id": "32359205", "db_name": "2019 Novel Coronavirus Disease (COVID-19) in patients with Inflammatory Bowel Diseases.", "first": "Taxonera C", "journal": "Alimentary pharmacology &amp; therapeutics", "last": "Rey E"}, "evidence": "The majority of patients showed lymphopenia and had elevated C-reactive protein, fibrinogen lactate dehydrogenase, ferritin, and D-dimer levels (supplementary Table 1).", "line": 62, "relation": "increases"}
path(DO:"COVID-19")	positiveCorrelation	p(HGNC:LDHA)	{"annotations": {"Custom_Disease": {"COVID-19": true}, "PublicationStatus": {"Preprint": true}, "PublicationType": {"Research": true}, "Section": {"Results": true}, "Species": {"9606": true}}, "citation": {"authors": ["Alba C", "Ma\u00f1as N", "Olivares D", "Rey E", "Sagastagoitia I", "Taxonera C"], "date": "2020-05-02", "db": "PubMed", "db_id": "32359205", "db_name": "2019 Novel Coronavirus Disease (COVID-19) in patients with Inflammatory Bowel Diseases.", "first": "Taxonera C", "journal": "Alimentary pharmacology &amp; therapeutics", "last": "Rey E"}, "evidence": "The majority of patients showed lymphopenia and had elevated C-reactive protein, fibrinogen lactate dehydrogenase, ferritin, and D-dimer levels (supplementary Table 1).", "line": 63, "relation": "positiveCorrelation"}
path(DO:"COVID-19")	positiveCorrelation	p(HGNC:LDHB)	{"annotations": {"Custom_Disease": {"COVID-19": true}, "PublicationStatus": {"Preprint": true}, "PublicationType": {"Research": true}, "Section": {"Results": true}, "Species": {"9606": true}}, "citation": {"authors": ["Alba C", "Ma\u00f1as N", "Olivares D", "Rey E", "Sagastagoitia I", "Taxonera C"], "date": "2020-05-02", "db": "PubMed", "db_id": "32359205", "db_name": "2019 Novel Coronavirus Disease (COVID-19) in patients with Inflammatory Bowel Diseases.", "first": "Taxonera C", "journal": "Alimentary pharmacology &amp; therapeutics", "last": "Rey E"}, "evidence": "The majority of patients showed lymphopenia and had elevated C-reactive protein, fibrinogen lactate dehydrogenase, ferritin, and D-dimer levels (supplementary Table 1).", "line": 64, "relation": "positiveCorrelation"}
path(DO:"COVID-19")	positiveCorrelation	p(HGNC:LDHC)	{"annotations": {"Custom_Disease": {"COVID-19": true}, "PublicationStatus": {"Preprint": true}, "PublicationType": {"Research": true}, "Section": {"Results": true}, "Species": {"9606": true}}, "citation": {"authors": ["Alba C", "Ma\u00f1as N", "Olivares D", "Rey E", "Sagastagoitia I", "Taxonera C"], "date": "2020-05-02", "db": "PubMed", "db_id": "32359205", "db_name": "2019 Novel Coronavirus Disease (COVID-19) in patients with Inflammatory Bowel Diseases.", "first": "Taxonera C", "journal": "Alimentary pharmacology &amp; therapeutics", "last": "Rey E"}, "evidence": "The majority of patients showed lymphopenia and had elevated C-reactive protein, fibrinogen lactate dehydrogenase, ferritin, and D-dimer levels (supplementary Table 1).", "line": 65, "relation": "positiveCorrelation"}
path(DO:"COVID-19")	positiveCorrelation	p(HGNC:LDHD)	{"annotations": {"Custom_Disease": {"COVID-19": true}, "PublicationStatus": {"Preprint": true}, "PublicationType": {"Research": true}, "Section": {"Results": true}, "Species": {"9606": true}}, "citation": {"authors": ["Alba C", "Ma\u00f1as N", "Olivares D", "Rey E", "Sagastagoitia I", "Taxonera C"], "date": "2020-05-02", "db": "PubMed", "db_id": "32359205", "db_name": "2019 Novel Coronavirus Disease (COVID-19) in patients with Inflammatory Bowel Diseases.", "first": "Taxonera C", "journal": "Alimentary pharmacology &amp; therapeutics", "last": "Rey E"}, "evidence": "The majority of patients showed lymphopenia and had elevated C-reactive protein, fibrinogen lactate dehydrogenase, ferritin, and D-dimer levels (supplementary Table 1).", "line": 66, "relation": "positiveCorrelation"}
path(DO:"COVID-19")	increases	p(PFAM:Ferritin)	{"annotations": {"Custom_Disease": {"COVID-19": true}, "PublicationStatus": {"Preprint": true}, "PublicationType": {"Research": true}, "Section": {"Results": true}, "Species": {"9606": true}}, "citation": {"authors": ["Alba C", "Ma\u00f1as N", "Olivares D", "Rey E", "Sagastagoitia I", "Taxonera C"], "date": "2020-05-02", "db": "PubMed", "db_id": "32359205", "db_name": "2019 Novel Coronavirus Disease (COVID-19) in patients with Inflammatory Bowel Diseases.", "first": "Taxonera C", "journal": "Alimentary pharmacology &amp; therapeutics", "last": "Rey E"}, "evidence": "The majority of patients showed lymphopenia and had elevated C-reactive protein, fibrinogen lactate dehydrogenase, ferritin, and D-dimer levels (supplementary Table 1).", "line": 67, "relation": "increases"}
path(DO:"COVID-19")	increases	p(MESH:"fibrin fragment D")	{"annotations": {"Custom_Disease": {"COVID-19": true}, "PublicationStatus": {"Preprint": true}, "PublicationType": {"Research": true}, "Section": {"Results": true}, "Species": {"9606": true}}, "citation": {"authors": ["Alba C", "Ma\u00f1as N", "Olivares D", "Rey E", "Sagastagoitia I", "Taxonera C"], "date": "2020-05-02", "db": "PubMed", "db_id": "32359205", "db_name": "2019 Novel Coronavirus Disease (COVID-19) in patients with Inflammatory Bowel Diseases.", "first": "Taxonera C", "journal": "Alimentary pharmacology &amp; therapeutics", "last": "Rey E"}, "evidence": "The majority of patients showed lymphopenia and had elevated C-reactive protein, fibrinogen lactate dehydrogenase, ferritin, and D-dimer levels (supplementary Table 1).", "line": 68, "relation": "increases"}
path(HP:"Elevated C-reactive protein level")	association	path(DO:"COVID-19")	{"annotations": {"Custom_Disease": {"COVID-19": true}, "PublicationStatus": {"Preprint": true}, "PublicationType": {"Research": true}, "Section": {"Results": true}, "Species": {"9606": true}}, "citation": {"authors": ["Alba C", "Ma\u00f1as N", "Olivares D", "Rey E", "Sagastagoitia I", "Taxonera C"], "date": "2020-05-02", "db": "PubMed", "db_id": "32359205", "db_name": "2019 Novel Coronavirus Disease (COVID-19) in patients with Inflammatory Bowel Diseases.", "first": "Taxonera C", "journal": "Alimentary pharmacology &amp; therapeutics", "last": "Rey E"}, "evidence": "The majority of patients showed lymphopenia and had elevated C-reactive protein, fibrinogen lactate dehydrogenase, ferritin, and D-dimer levels (supplementary Table 1).", "line": 61, "relation": "association"}
path(HP:Vomiting)	association	path(DO:"COVID-19")	{"annotations": {"Custom_Disease": {"COVID-19": true}, "PublicationStatus": {"Preprint": true}, "PublicationType": {"Research": true}, "Section": {"Results": true}, "Species": {"9606": true}}, "citation": {"authors": ["Alba C", "Ma\u00f1as N", "Olivares D", "Rey E", "Sagastagoitia I", "Taxonera C"], "date": "2020-05-02", "db": "PubMed", "db_id": "32359205", "db_name": "2019 Novel Coronavirus Disease (COVID-19) in patients with Inflammatory Bowel Diseases.", "first": "Taxonera C", "journal": "Alimentary pharmacology &amp; therapeutics", "last": "Rey E"}, "evidence": "Two patients (16.6%) had nausea/vomiting.", "line": 46, "relation": "association"}
