path(DO:"COVID-19")	positiveCorrelation	path(MESH:Fever)	{"annotations": {"PublicationStatus": {"Published": true}, "PublicationType": {"Research": true}, "Section": {"Results": true}, "Species": {"9606": true}}, "citation": {"authors": ["Nie S", "Zhang G", "Zhang Z"], "date": "2020-05-02", "db": "PubMed", "db_id": "32358956", "db_name": "Longitudinal Change of SARS-Cov2 Antibodies in Patients with COVID-19.", "first": "Zhang G", "journal": "The Journal of infectious diseases", "last": "Zhang Z"}, "evidence": "With the exception of 10 patients who reported no symptoms (8.93%), most common symptoms were fever (61, 54.46%), cough (52, 46.43%), fatigue (29, 25.89%), dizziness (2,1.79%), pharyngeal pain (15, 13.39%), diarrhoea (11, 9.82%), vomiting (2, 1.79%), myalgia (2,1.79%), headache (4, 3.57%), and eye discomfort (1, 0.89%) (Table 1).", "line": 48, "relation": "positiveCorrelation"}
path(DO:"COVID-19")	positiveCorrelation	path(MESH:Cough)	{"annotations": {"PublicationStatus": {"Published": true}, "PublicationType": {"Research": true}, "Section": {"Results": true}, "Species": {"9606": true}}, "citation": {"authors": ["Nie S", "Zhang G", "Zhang Z"], "date": "2020-05-02", "db": "PubMed", "db_id": "32358956", "db_name": "Longitudinal Change of SARS-Cov2 Antibodies in Patients with COVID-19.", "first": "Zhang G", "journal": "The Journal of infectious diseases", "last": "Zhang Z"}, "evidence": "With the exception of 10 patients who reported no symptoms (8.93%), most common symptoms were fever (61, 54.46%), cough (52, 46.43%), fatigue (29, 25.89%), dizziness (2,1.79%), pharyngeal pain (15, 13.39%), diarrhoea (11, 9.82%), vomiting (2, 1.79%), myalgia (2,1.79%), headache (4, 3.57%), and eye discomfort (1, 0.89%) (Table 1).", "line": 49, "relation": "positiveCorrelation"}
path(DO:"COVID-19")	positiveCorrelation	path(MESH:Fatigue)	{"annotations": {"PublicationStatus": {"Published": true}, "PublicationType": {"Research": true}, "Section": {"Results": true}, "Species": {"9606": true}}, "citation": {"authors": ["Nie S", "Zhang G", "Zhang Z"], "date": "2020-05-02", "db": "PubMed", "db_id": "32358956", "db_name": "Longitudinal Change of SARS-Cov2 Antibodies in Patients with COVID-19.", "first": "Zhang G", "journal": "The Journal of infectious diseases", "last": "Zhang Z"}, "evidence": "With the exception of 10 patients who reported no symptoms (8.93%), most common symptoms were fever (61, 54.46%), cough (52, 46.43%), fatigue (29, 25.89%), dizziness (2,1.79%), pharyngeal pain (15, 13.39%), diarrhoea (11, 9.82%), vomiting (2, 1.79%), myalgia (2,1.79%), headache (4, 3.57%), and eye discomfort (1, 0.89%) (Table 1).", "line": 50, "relation": "positiveCorrelation"}
path(DO:"COVID-19")	positiveCorrelation	path(MESH:Dizziness)	{"annotations": {"PublicationStatus": {"Published": true}, "PublicationType": {"Research": true}, "Section": {"Results": true}, "Species": {"9606": true}}, "citation": {"authors": ["Nie S", "Zhang G", "Zhang Z"], "date": "2020-05-02", "db": "PubMed", "db_id": "32358956", "db_name": "Longitudinal Change of SARS-Cov2 Antibodies in Patients with COVID-19.", "first": "Zhang G", "journal": "The Journal of infectious diseases", "last": "Zhang Z"}, "evidence": "With the exception of 10 patients who reported no symptoms (8.93%), most common symptoms were fever (61, 54.46%), cough (52, 46.43%), fatigue (29, 25.89%), dizziness (2,1.79%), pharyngeal pain (15, 13.39%), diarrhoea (11, 9.82%), vomiting (2, 1.79%), myalgia (2,1.79%), headache (4, 3.57%), and eye discomfort (1, 0.89%) (Table 1).", "line": 51, "relation": "positiveCorrelation"}
path(DO:"COVID-19")	positiveCorrelation	path(DO:pharyngitis)	{"annotations": {"PublicationStatus": {"Published": true}, "PublicationType": {"Research": true}, "Section": {"Results": true}, "Species": {"9606": true}}, "citation": {"authors": ["Nie S", "Zhang G", "Zhang Z"], "date": "2020-05-02", "db": "PubMed", "db_id": "32358956", "db_name": "Longitudinal Change of SARS-Cov2 Antibodies in Patients with COVID-19.", "first": "Zhang G", "journal": "The Journal of infectious diseases", "last": "Zhang Z"}, "evidence": "With the exception of 10 patients who reported no symptoms (8.93%), most common symptoms were fever (61, 54.46%), cough (52, 46.43%), fatigue (29, 25.89%), dizziness (2,1.79%), pharyngeal pain (15, 13.39%), diarrhoea (11, 9.82%), vomiting (2, 1.79%), myalgia (2,1.79%), headache (4, 3.57%), and eye discomfort (1, 0.89%) (Table 1).", "line": 52, "relation": "positiveCorrelation"}
path(DO:"COVID-19")	positiveCorrelation	path(DO:diarrhea)	{"annotations": {"PublicationStatus": {"Published": true}, "PublicationType": {"Research": true}, "Section": {"Results": true}, "Species": {"9606": true}}, "citation": {"authors": ["Nie S", "Zhang G", "Zhang Z"], "date": "2020-05-02", "db": "PubMed", "db_id": "32358956", "db_name": "Longitudinal Change of SARS-Cov2 Antibodies in Patients with COVID-19.", "first": "Zhang G", "journal": "The Journal of infectious diseases", "last": "Zhang Z"}, "evidence": "With the exception of 10 patients who reported no symptoms (8.93%), most common symptoms were fever (61, 54.46%), cough (52, 46.43%), fatigue (29, 25.89%), dizziness (2,1.79%), pharyngeal pain (15, 13.39%), diarrhoea (11, 9.82%), vomiting (2, 1.79%), myalgia (2,1.79%), headache (4, 3.57%), and eye discomfort (1, 0.89%) (Table 1).", "line": 53, "relation": "positiveCorrelation"}
path(DO:"COVID-19")	positiveCorrelation	path(MESH:Vomiting)	{"annotations": {"PublicationStatus": {"Published": true}, "PublicationType": {"Research": true}, "Section": {"Results": true}, "Species": {"9606": true}}, "citation": {"authors": ["Nie S", "Zhang G", "Zhang Z"], "date": "2020-05-02", "db": "PubMed", "db_id": "32358956", "db_name": "Longitudinal Change of SARS-Cov2 Antibodies in Patients with COVID-19.", "first": "Zhang G", "journal": "The Journal of infectious diseases", "last": "Zhang Z"}, "evidence": "With the exception of 10 patients who reported no symptoms (8.93%), most common symptoms were fever (61, 54.46%), cough (52, 46.43%), fatigue (29, 25.89%), dizziness (2,1.79%), pharyngeal pain (15, 13.39%), diarrhoea (11, 9.82%), vomiting (2, 1.79%), myalgia (2,1.79%), headache (4, 3.57%), and eye discomfort (1, 0.89%) (Table 1).", "line": 54, "relation": "positiveCorrelation"}
path(DO:"COVID-19")	positiveCorrelation	path(MESH:Myalgia)	{"annotations": {"PublicationStatus": {"Published": true}, "PublicationType": {"Research": true}, "Section": {"Results": true}, "Species": {"9606": true}}, "citation": {"authors": ["Nie S", "Zhang G", "Zhang Z"], "date": "2020-05-02", "db": "PubMed", "db_id": "32358956", "db_name": "Longitudinal Change of SARS-Cov2 Antibodies in Patients with COVID-19.", "first": "Zhang G", "journal": "The Journal of infectious diseases", "last": "Zhang Z"}, "evidence": "With the exception of 10 patients who reported no symptoms (8.93%), most common symptoms were fever (61, 54.46%), cough (52, 46.43%), fatigue (29, 25.89%), dizziness (2,1.79%), pharyngeal pain (15, 13.39%), diarrhoea (11, 9.82%), vomiting (2, 1.79%), myalgia (2,1.79%), headache (4, 3.57%), and eye discomfort (1, 0.89%) (Table 1).", "line": 55, "relation": "positiveCorrelation"}
path(DO:"COVID-19")	positiveCorrelation	path(MESH:Headache)	{"annotations": {"PublicationStatus": {"Published": true}, "PublicationType": {"Research": true}, "Section": {"Results": true}, "Species": {"9606": true}}, "citation": {"authors": ["Nie S", "Zhang G", "Zhang Z"], "date": "2020-05-02", "db": "PubMed", "db_id": "32358956", "db_name": "Longitudinal Change of SARS-Cov2 Antibodies in Patients with COVID-19.", "first": "Zhang G", "journal": "The Journal of infectious diseases", "last": "Zhang Z"}, "evidence": "With the exception of 10 patients who reported no symptoms (8.93%), most common symptoms were fever (61, 54.46%), cough (52, 46.43%), fatigue (29, 25.89%), dizziness (2,1.79%), pharyngeal pain (15, 13.39%), diarrhoea (11, 9.82%), vomiting (2, 1.79%), myalgia (2,1.79%), headache (4, 3.57%), and eye discomfort (1, 0.89%) (Table 1).", "line": 56, "relation": "positiveCorrelation"}
path(DO:"COVID-19")	positiveCorrelation	path(FIXME:"eye discomfort")	{"annotations": {"PublicationStatus": {"Published": true}, "PublicationType": {"Research": true}, "Section": {"Results": true}, "Species": {"9606": true}}, "citation": {"authors": ["Nie S", "Zhang G", "Zhang Z"], "date": "2020-05-02", "db": "PubMed", "db_id": "32358956", "db_name": "Longitudinal Change of SARS-Cov2 Antibodies in Patients with COVID-19.", "first": "Zhang G", "journal": "The Journal of infectious diseases", "last": "Zhang Z"}, "evidence": "With the exception of 10 patients who reported no symptoms (8.93%), most common symptoms were fever (61, 54.46%), cough (52, 46.43%), fatigue (29, 25.89%), dizziness (2,1.79%), pharyngeal pain (15, 13.39%), diarrhoea (11, 9.82%), vomiting (2, 1.79%), myalgia (2,1.79%), headache (4, 3.57%), and eye discomfort (1, 0.89%) (Table 1).", "line": 57, "relation": "positiveCorrelation"}
path(DO:"COVID-19")	increases	a(MESH:"Immunoglobulin M")	{"annotations": {"Assay": {"Antibody assay": true}, "PublicationStatus": {"Published": true}, "PublicationType": {"Research": true}, "Sample": {"nasopharyxn swab": true, "oropharynx swab": true}, "Section": {"Results": true}, "Species": {"9606": true}}, "citation": {"authors": ["Nie S", "Zhang G", "Zhang Z"], "date": "2020-05-02", "db": "PubMed", "db_id": "32358956", "db_name": "Longitudinal Change of SARS-Cov2 Antibodies in Patients with COVID-19.", "first": "Zhang G", "journal": "The Journal of infectious diseases", "last": "Zhang Z"}, "evidence": "Fifty-eight (51.79%) of 112 patients were positive for IgM (20.93 \u00b1 45.94 AU/ml, mean \u00b1 SD) and IgG (122.26 \u00b1 60.94 AU/ml), 7 (6.25%) were negative for both antibodies, 1 (0.89%) was positive for IgM with no response to IgG, and 46 (41.07%) were positive for IgG but not for IgM.", "line": 63, "relation": "increases"}
path(DO:"COVID-19")	increases	a(MESH:"Immunoglobulin M")	{"annotations": {"Assay": {"Antibody assay": true}, "PublicationStatus": {"Published": true}, "PublicationType": {"Research": true}, "Sample": {"nasopharyxn swab": true, "oropharynx swab": true}, "Section": {"Results": true}, "Species": {"9606": true}, "Timeline": {"10 days": true}}, "citation": {"authors": ["Nie S", "Zhang G", "Zhang Z"], "date": "2020-05-02", "db": "PubMed", "db_id": "32358956", "db_name": "Longitudinal Change of SARS-Cov2 Antibodies in Patients with COVID-19.", "first": "Zhang G", "journal": "The Journal of infectious diseases", "last": "Zhang Z"}, "evidence": "Among the 7 patients who were tested for serological antibody within 10 days after the onset of the disease, 4 were positive for both antibodies (6-8 days after disease onset), one was positive for only IgM (4 days after the onset of the disease), and two patients were negative for both antibodies.", "line": 84, "relation": "increases"}
path(DO:"COVID-19")	increases	a(MESH:"Immunoglobulin M")	{"annotations": {"Assay": {"Antibody assay": true}, "PublicationStatus": {"Published": true}, "PublicationType": {"Research": true}, "Sample": {"nasopharyxn swab": true, "oropharynx swab": true}, "Section": {"Results": true}, "Species": {"9606": true}, "Timeline": {"10-20 days": true}}, "citation": {"authors": ["Nie S", "Zhang G", "Zhang Z"], "date": "2020-05-02", "db": "PubMed", "db_id": "32358956", "db_name": "Longitudinal Change of SARS-Cov2 Antibodies in Patients with COVID-19.", "first": "Zhang G", "journal": "The Journal of infectious diseases", "last": "Zhang Z"}, "evidence": "Among the 10 patients who underwent serological antibody testing 10-20 days after disease onset, 5 were positive for both IgM (37.42\u00b118.69) and IgG (161.19\u00b116.80) antibodies, 3 were positive for IgG (43.46\u00b120.42).", "line": 95, "relation": "increases"}
path(DO:"COVID-19")	increases	a(MESH:"Immunoglobulin M")	{"annotations": {"Assay": {"Antibody assay": true}, "PublicationStatus": {"Published": true}, "PublicationType": {"Research": true}, "Sample": {"nasopharyxn swab": true, "oropharynx swab": true}, "Section": {"Results": true}, "Species": {"9606": true}, "Timeline": {"40-50 days": true}}, "citation": {"authors": ["Nie S", "Zhang G", "Zhang Z"], "date": "2020-05-02", "db": "PubMed", "db_id": "32358956", "db_name": "Longitudinal Change of SARS-Cov2 Antibodies in Patients with COVID-19.", "first": "Zhang G", "journal": "The Journal of infectious diseases", "last": "Zhang Z"}, "evidence": "Among the 8 patients who underwent serological antibody testing 40-50 days after disease onset, 4 patients were positive for both IgM (35.48\u00b110.74) and IgG (174.53\u00b112.17) antibodies, and the rest were positive for IgG (86.01\u00b171.63); 5 out of 8 patients showed a positive nucleic acid test when the antibody test was implemented.", "line": 106, "relation": "increases"}
path(DO:"COVID-19")	increases	a(MESH:"Immunoglobulin G")	{"annotations": {"Assay": {"Antibody assay": true}, "PublicationStatus": {"Published": true}, "PublicationType": {"Research": true}, "Sample": {"nasopharyxn swab": true, "oropharynx swab": true}, "Section": {"Results": true}, "Species": {"9606": true}}, "citation": {"authors": ["Nie S", "Zhang G", "Zhang Z"], "date": "2020-05-02", "db": "PubMed", "db_id": "32358956", "db_name": "Longitudinal Change of SARS-Cov2 Antibodies in Patients with COVID-19.", "first": "Zhang G", "journal": "The Journal of infectious diseases", "last": "Zhang Z"}, "evidence": "Fifty-eight (51.79%) of 112 patients were positive for IgM (20.93 \u00b1 45.94 AU/ml, mean \u00b1 SD) and IgG (122.26 \u00b1 60.94 AU/ml), 7 (6.25%) were negative for both antibodies, 1 (0.89%) was positive for IgM with no response to IgG, and 46 (41.07%) were positive for IgG but not for IgM.", "line": 64, "relation": "increases"}
path(DO:"COVID-19")	increases	a(MESH:"Immunoglobulin G")	{"annotations": {"Assay": {"Antibody assay": true}, "PublicationStatus": {"Published": true}, "PublicationType": {"Research": true}, "Sample": {"nasopharyxn swab": true, "oropharynx swab": true}, "Section": {"Results": true}, "Species": {"9606": true}, "Timeline": {"20-30 days": true, "30-40 days": true, "40-50 days": true}}, "citation": {"authors": ["Nie S", "Zhang G", "Zhang Z"], "date": "2020-05-02", "db": "PubMed", "db_id": "32358956", "db_name": "Longitudinal Change of SARS-Cov2 Antibodies in Patients with COVID-19.", "first": "Zhang G", "journal": "The Journal of infectious diseases", "last": "Zhang Z"}, "evidence": "Compared to the IgG titres tested within 10 days after the onset of COVID-19, the IgG titers tested 20-30 days (p=0.0025), 30-40 days (p=0.0147) and 40-50 days (p=0.0049) after disease onset were significantly higher (Table 2).", "line": 73, "relation": "increases"}
path(DO:"COVID-19")	increases	a(MESH:"Immunoglobulin G")	{"annotations": {"Assay": {"Antibody assay": true}, "PublicationStatus": {"Published": true}, "PublicationType": {"Research": true}, "Sample": {"nasopharyxn swab": true, "oropharynx swab": true}, "Section": {"Results": true}, "Species": {"9606": true}, "Timeline": {"10-20 days": true}}, "citation": {"authors": ["Nie S", "Zhang G", "Zhang Z"], "date": "2020-05-02", "db": "PubMed", "db_id": "32358956", "db_name": "Longitudinal Change of SARS-Cov2 Antibodies in Patients with COVID-19.", "first": "Zhang G", "journal": "The Journal of infectious diseases", "last": "Zhang Z"}, "evidence": "Among the 10 patients who underwent serological antibody testing 10-20 days after disease onset, 5 were positive for both IgM (37.42\u00b118.69) and IgG (161.19\u00b116.80) antibodies, 3 were positive for IgG (43.46\u00b120.42).", "line": 94, "relation": "increases"}
path(DO:"COVID-19")	increases	a(MESH:"Immunoglobulin G")	{"annotations": {"Assay": {"Antibody assay": true}, "PublicationStatus": {"Published": true}, "PublicationType": {"Research": true}, "Sample": {"nasopharyxn swab": true, "oropharynx swab": true}, "Section": {"Results": true}, "Species": {"9606": true}, "Timeline": {"40-50 days": true}}, "citation": {"authors": ["Nie S", "Zhang G", "Zhang Z"], "date": "2020-05-02", "db": "PubMed", "db_id": "32358956", "db_name": "Longitudinal Change of SARS-Cov2 Antibodies in Patients with COVID-19.", "first": "Zhang G", "journal": "The Journal of infectious diseases", "last": "Zhang Z"}, "evidence": "Among the 8 patients who underwent serological antibody testing 40-50 days after disease onset, 4 patients were positive for both IgM (35.48\u00b110.74) and IgG (174.53\u00b112.17) antibodies, and the rest were positive for IgG (86.01\u00b171.63); 5 out of 8 patients showed a positive nucleic acid test when the antibody test was implemented.", "line": 105, "relation": "increases"}
path(DO:diarrhea)	positiveCorrelation	path(DO:"COVID-19")	{"annotations": {"PublicationStatus": {"Published": true}, "PublicationType": {"Research": true}, "Section": {"Results": true}, "Species": {"9606": true}}, "citation": {"authors": ["Nie S", "Zhang G", "Zhang Z"], "date": "2020-05-02", "db": "PubMed", "db_id": "32358956", "db_name": "Longitudinal Change of SARS-Cov2 Antibodies in Patients with COVID-19.", "first": "Zhang G", "journal": "The Journal of infectious diseases", "last": "Zhang Z"}, "evidence": "With the exception of 10 patients who reported no symptoms (8.93%), most common symptoms were fever (61, 54.46%), cough (52, 46.43%), fatigue (29, 25.89%), dizziness (2,1.79%), pharyngeal pain (15, 13.39%), diarrhoea (11, 9.82%), vomiting (2, 1.79%), myalgia (2,1.79%), headache (4, 3.57%), and eye discomfort (1, 0.89%) (Table 1).", "line": 53, "relation": "positiveCorrelation"}
path(DO:pharyngitis)	positiveCorrelation	path(DO:"COVID-19")	{"annotations": {"PublicationStatus": {"Published": true}, "PublicationType": {"Research": true}, "Section": {"Results": true}, "Species": {"9606": true}}, "citation": {"authors": ["Nie S", "Zhang G", "Zhang Z"], "date": "2020-05-02", "db": "PubMed", "db_id": "32358956", "db_name": "Longitudinal Change of SARS-Cov2 Antibodies in Patients with COVID-19.", "first": "Zhang G", "journal": "The Journal of infectious diseases", "last": "Zhang Z"}, "evidence": "With the exception of 10 patients who reported no symptoms (8.93%), most common symptoms were fever (61, 54.46%), cough (52, 46.43%), fatigue (29, 25.89%), dizziness (2,1.79%), pharyngeal pain (15, 13.39%), diarrhoea (11, 9.82%), vomiting (2, 1.79%), myalgia (2,1.79%), headache (4, 3.57%), and eye discomfort (1, 0.89%) (Table 1).", "line": 52, "relation": "positiveCorrelation"}
path(FIXME:"eye discomfort")	positiveCorrelation	path(DO:"COVID-19")	{"annotations": {"PublicationStatus": {"Published": true}, "PublicationType": {"Research": true}, "Section": {"Results": true}, "Species": {"9606": true}}, "citation": {"authors": ["Nie S", "Zhang G", "Zhang Z"], "date": "2020-05-02", "db": "PubMed", "db_id": "32358956", "db_name": "Longitudinal Change of SARS-Cov2 Antibodies in Patients with COVID-19.", "first": "Zhang G", "journal": "The Journal of infectious diseases", "last": "Zhang Z"}, "evidence": "With the exception of 10 patients who reported no symptoms (8.93%), most common symptoms were fever (61, 54.46%), cough (52, 46.43%), fatigue (29, 25.89%), dizziness (2,1.79%), pharyngeal pain (15, 13.39%), diarrhoea (11, 9.82%), vomiting (2, 1.79%), myalgia (2,1.79%), headache (4, 3.57%), and eye discomfort (1, 0.89%) (Table 1).", "line": 57, "relation": "positiveCorrelation"}
path(MESH:Cough)	positiveCorrelation	path(DO:"COVID-19")	{"annotations": {"PublicationStatus": {"Published": true}, "PublicationType": {"Research": true}, "Section": {"Results": true}, "Species": {"9606": true}}, "citation": {"authors": ["Nie S", "Zhang G", "Zhang Z"], "date": "2020-05-02", "db": "PubMed", "db_id": "32358956", "db_name": "Longitudinal Change of SARS-Cov2 Antibodies in Patients with COVID-19.", "first": "Zhang G", "journal": "The Journal of infectious diseases", "last": "Zhang Z"}, "evidence": "With the exception of 10 patients who reported no symptoms (8.93%), most common symptoms were fever (61, 54.46%), cough (52, 46.43%), fatigue (29, 25.89%), dizziness (2,1.79%), pharyngeal pain (15, 13.39%), diarrhoea (11, 9.82%), vomiting (2, 1.79%), myalgia (2,1.79%), headache (4, 3.57%), and eye discomfort (1, 0.89%) (Table 1).", "line": 49, "relation": "positiveCorrelation"}
path(MESH:Dizziness)	positiveCorrelation	path(DO:"COVID-19")	{"annotations": {"PublicationStatus": {"Published": true}, "PublicationType": {"Research": true}, "Section": {"Results": true}, "Species": {"9606": true}}, "citation": {"authors": ["Nie S", "Zhang G", "Zhang Z"], "date": "2020-05-02", "db": "PubMed", "db_id": "32358956", "db_name": "Longitudinal Change of SARS-Cov2 Antibodies in Patients with COVID-19.", "first": "Zhang G", "journal": "The Journal of infectious diseases", "last": "Zhang Z"}, "evidence": "With the exception of 10 patients who reported no symptoms (8.93%), most common symptoms were fever (61, 54.46%), cough (52, 46.43%), fatigue (29, 25.89%), dizziness (2,1.79%), pharyngeal pain (15, 13.39%), diarrhoea (11, 9.82%), vomiting (2, 1.79%), myalgia (2,1.79%), headache (4, 3.57%), and eye discomfort (1, 0.89%) (Table 1).", "line": 51, "relation": "positiveCorrelation"}
path(MESH:Fatigue)	positiveCorrelation	path(DO:"COVID-19")	{"annotations": {"PublicationStatus": {"Published": true}, "PublicationType": {"Research": true}, "Section": {"Results": true}, "Species": {"9606": true}}, "citation": {"authors": ["Nie S", "Zhang G", "Zhang Z"], "date": "2020-05-02", "db": "PubMed", "db_id": "32358956", "db_name": "Longitudinal Change of SARS-Cov2 Antibodies in Patients with COVID-19.", "first": "Zhang G", "journal": "The Journal of infectious diseases", "last": "Zhang Z"}, "evidence": "With the exception of 10 patients who reported no symptoms (8.93%), most common symptoms were fever (61, 54.46%), cough (52, 46.43%), fatigue (29, 25.89%), dizziness (2,1.79%), pharyngeal pain (15, 13.39%), diarrhoea (11, 9.82%), vomiting (2, 1.79%), myalgia (2,1.79%), headache (4, 3.57%), and eye discomfort (1, 0.89%) (Table 1).", "line": 50, "relation": "positiveCorrelation"}
path(MESH:Fever)	positiveCorrelation	path(DO:"COVID-19")	{"annotations": {"PublicationStatus": {"Published": true}, "PublicationType": {"Research": true}, "Section": {"Results": true}, "Species": {"9606": true}}, "citation": {"authors": ["Nie S", "Zhang G", "Zhang Z"], "date": "2020-05-02", "db": "PubMed", "db_id": "32358956", "db_name": "Longitudinal Change of SARS-Cov2 Antibodies in Patients with COVID-19.", "first": "Zhang G", "journal": "The Journal of infectious diseases", "last": "Zhang Z"}, "evidence": "With the exception of 10 patients who reported no symptoms (8.93%), most common symptoms were fever (61, 54.46%), cough (52, 46.43%), fatigue (29, 25.89%), dizziness (2,1.79%), pharyngeal pain (15, 13.39%), diarrhoea (11, 9.82%), vomiting (2, 1.79%), myalgia (2,1.79%), headache (4, 3.57%), and eye discomfort (1, 0.89%) (Table 1).", "line": 48, "relation": "positiveCorrelation"}
path(MESH:Headache)	positiveCorrelation	path(DO:"COVID-19")	{"annotations": {"PublicationStatus": {"Published": true}, "PublicationType": {"Research": true}, "Section": {"Results": true}, "Species": {"9606": true}}, "citation": {"authors": ["Nie S", "Zhang G", "Zhang Z"], "date": "2020-05-02", "db": "PubMed", "db_id": "32358956", "db_name": "Longitudinal Change of SARS-Cov2 Antibodies in Patients with COVID-19.", "first": "Zhang G", "journal": "The Journal of infectious diseases", "last": "Zhang Z"}, "evidence": "With the exception of 10 patients who reported no symptoms (8.93%), most common symptoms were fever (61, 54.46%), cough (52, 46.43%), fatigue (29, 25.89%), dizziness (2,1.79%), pharyngeal pain (15, 13.39%), diarrhoea (11, 9.82%), vomiting (2, 1.79%), myalgia (2,1.79%), headache (4, 3.57%), and eye discomfort (1, 0.89%) (Table 1).", "line": 56, "relation": "positiveCorrelation"}
path(MESH:Myalgia)	positiveCorrelation	path(DO:"COVID-19")	{"annotations": {"PublicationStatus": {"Published": true}, "PublicationType": {"Research": true}, "Section": {"Results": true}, "Species": {"9606": true}}, "citation": {"authors": ["Nie S", "Zhang G", "Zhang Z"], "date": "2020-05-02", "db": "PubMed", "db_id": "32358956", "db_name": "Longitudinal Change of SARS-Cov2 Antibodies in Patients with COVID-19.", "first": "Zhang G", "journal": "The Journal of infectious diseases", "last": "Zhang Z"}, "evidence": "With the exception of 10 patients who reported no symptoms (8.93%), most common symptoms were fever (61, 54.46%), cough (52, 46.43%), fatigue (29, 25.89%), dizziness (2,1.79%), pharyngeal pain (15, 13.39%), diarrhoea (11, 9.82%), vomiting (2, 1.79%), myalgia (2,1.79%), headache (4, 3.57%), and eye discomfort (1, 0.89%) (Table 1).", "line": 55, "relation": "positiveCorrelation"}
path(MESH:Vomiting)	positiveCorrelation	path(DO:"COVID-19")	{"annotations": {"PublicationStatus": {"Published": true}, "PublicationType": {"Research": true}, "Section": {"Results": true}, "Species": {"9606": true}}, "citation": {"authors": ["Nie S", "Zhang G", "Zhang Z"], "date": "2020-05-02", "db": "PubMed", "db_id": "32358956", "db_name": "Longitudinal Change of SARS-Cov2 Antibodies in Patients with COVID-19.", "first": "Zhang G", "journal": "The Journal of infectious diseases", "last": "Zhang Z"}, "evidence": "With the exception of 10 patients who reported no symptoms (8.93%), most common symptoms were fever (61, 54.46%), cough (52, 46.43%), fatigue (29, 25.89%), dizziness (2,1.79%), pharyngeal pain (15, 13.39%), diarrhoea (11, 9.82%), vomiting (2, 1.79%), myalgia (2,1.79%), headache (4, 3.57%), and eye discomfort (1, 0.89%) (Table 1).", "line": 54, "relation": "positiveCorrelation"}
