a(CHEBI:"Interferon alfa-2a")	decreases	path(DO:"COVID-19")	{"annotations": {"Disease_Stage": {"critical": true, "non-severe": true, "severe": true}, "PublicationStatus": {"Published": true}, "PublicationType": {"Research": true}, "Section": {"Results": true}, "Species": {"9606": true}}, "citation": {"authors": ["Chen S", "Deng Y", "Fu Y", "Gao Z", "Hao JJ", "Hu L", "Li H", "Liu J", "Long H", "Ma Y", "Ren HW", "Shao C", "Wang CZ", "Wang J", "Wang JM", "Wang Z", "Xu QB", "Yanagihara R", "Yu WX", "Zuo Y"], "date": "2020-05-03", "db": "PubMed", "db_id": "32361738", "db_name": "Risk Factors Associated with Clinical Outcomes in 323 COVID-19 Hospitalized Patients in Wuhan, China.", "first": "Hu L", "journal": "Clinical infectious diseases : an official publication of the Infectious Diseases Society of America", "last": "Deng Y"}, "evidence": "Interferon-\u03b1 was also given more often to patients with unfavorable than favorable outcomes (9.5% vs. 6.2%).", "line": 108, "relation": "decreases"}
a(CHEBI:corticosteroid)	decreases	path(DO:"COVID-19")	{"annotations": {"Disease_Stage": {"critical": true, "non-severe": true, "severe": true}, "PublicationStatus": {"Published": true}, "PublicationType": {"Research": true}, "Section": {"Results": true}, "Species": {"9606": true}}, "citation": {"authors": ["Chen S", "Deng Y", "Fu Y", "Gao Z", "Hao JJ", "Hu L", "Li H", "Liu J", "Long H", "Ma Y", "Ren HW", "Shao C", "Wang CZ", "Wang J", "Wang JM", "Wang Z", "Xu QB", "Yanagihara R", "Yu WX", "Zuo Y"], "date": "2020-05-03", "db": "PubMed", "db_id": "32361738", "db_name": "Risk Factors Associated with Clinical Outcomes in 323 COVID-19 Hospitalized Patients in Wuhan, China.", "first": "Hu L", "journal": "Clinical infectious diseases : an official publication of the Infectious Diseases Society of America", "last": "Deng Y"}, "evidence": "Also, 60.7% (196/323) of patients were given corticosteroid and glucocorticoid, and 95.7% (309/323) received alternative therapy or traditional Chinese medicine.", "line": 101, "relation": "decreases"}
a(CHEBI:ganciclovir)	decreases	path(DO:"COVID-19")	{"annotations": {"Disease_Stage": {"critical": true, "non-severe": true, "severe": true}, "PublicationStatus": {"Published": true}, "PublicationType": {"Research": true}, "Section": {"Results": true}, "Species": {"9606": true}}, "citation": {"authors": ["Chen S", "Deng Y", "Fu Y", "Gao Z", "Hao JJ", "Hu L", "Li H", "Liu J", "Long H", "Ma Y", "Ren HW", "Shao C", "Wang CZ", "Wang J", "Wang JM", "Wang Z", "Xu QB", "Yanagihara R", "Yu WX", "Zuo Y"], "date": "2020-05-03", "db": "PubMed", "db_id": "32361738", "db_name": "Risk Factors Associated with Clinical Outcomes in 323 COVID-19 Hospitalized Patients in Wuhan, China.", "first": "Hu L", "journal": "Clinical infectious diseases : an official publication of the Infectious Diseases Society of America", "last": "Deng Y"}, "evidence": "Oseltamivir (69.7%, 225/323), ganciclovir (71.2%, 230/323), and arbidol (208/323, 64.4%) were the three most frequently used antiviral medications.", "line": 88, "relation": "decreases"}
a(CHEBI:glucocorticoid)	decreases	path(DO:"COVID-19")	{"annotations": {"Disease_Stage": {"critical": true, "non-severe": true, "severe": true}, "PublicationStatus": {"Published": true}, "PublicationType": {"Research": true}, "Section": {"Results": true}, "Species": {"9606": true}}, "citation": {"authors": ["Chen S", "Deng Y", "Fu Y", "Gao Z", "Hao JJ", "Hu L", "Li H", "Liu J", "Long H", "Ma Y", "Ren HW", "Shao C", "Wang CZ", "Wang J", "Wang JM", "Wang Z", "Xu QB", "Yanagihara R", "Yu WX", "Zuo Y"], "date": "2020-05-03", "db": "PubMed", "db_id": "32361738", "db_name": "Risk Factors Associated with Clinical Outcomes in 323 COVID-19 Hospitalized Patients in Wuhan, China.", "first": "Hu L", "journal": "Clinical infectious diseases : an official publication of the Infectious Diseases Society of America", "last": "Deng Y"}, "evidence": "Also, 60.7% (196/323) of patients were given corticosteroid and glucocorticoid, and 95.7% (309/323) received alternative therapy or traditional Chinese medicine.", "line": 102, "relation": "decreases"}
a(CHEBI:glucose)	positiveCorrelation	path(DO:"COVID-19")	{"annotations": {"Disease_Stage": {"critical": true, "non-severe": true, "severe": true}, "PublicationStatus": {"Published": true}, "PublicationType": {"Research": true}, "Section": {"Results": true}, "Species": {"9606": true}}, "citation": {"authors": ["Chen S", "Deng Y", "Fu Y", "Gao Z", "Hao JJ", "Hu L", "Li H", "Liu J", "Long H", "Ma Y", "Ren HW", "Shao C", "Wang CZ", "Wang J", "Wang JM", "Wang Z", "Xu QB", "Yanagihara R", "Yu WX", "Zuo Y"], "date": "2020-05-03", "db": "PubMed", "db_id": "32361738", "db_name": "Risk Factors Associated with Clinical Outcomes in 323 COVID-19 Hospitalized Patients in Wuhan, China.", "first": "Hu L", "journal": "Clinical infectious diseases : an official publication of the Infectious Diseases Society of America", "last": "Deng Y"}, "evidence": "Laboratory findings between patients with favorable and unfavorable outcomes showed differences in leukocyte and neutrophil counts and C-reactive protein, as well as lactate dehydrogenase, creatinine, alanine aminotransferase, aspartate aminotransferase, blood urea nitrogen, glucose, and serum amyloid A, which were all higher among patients with unfavorable outcomes.", "line": 79, "relation": "positiveCorrelation"}
a(CHEBI:moxifloxacin)	decreases	path(DO:"COVID-19")	{"annotations": {"Disease_Stage": {"critical": true, "non-severe": true, "severe": true}, "PublicationStatus": {"Published": true}, "PublicationType": {"Research": true}, "Section": {"Results": true}, "Species": {"9606": true}}, "citation": {"authors": ["Chen S", "Deng Y", "Fu Y", "Gao Z", "Hao JJ", "Hu L", "Li H", "Liu J", "Long H", "Ma Y", "Ren HW", "Shao C", "Wang CZ", "Wang J", "Wang JM", "Wang Z", "Xu QB", "Yanagihara R", "Yu WX", "Zuo Y"], "date": "2020-05-03", "db": "PubMed", "db_id": "32361738", "db_name": "Risk Factors Associated with Clinical Outcomes in 323 COVID-19 Hospitalized Patients in Wuhan, China.", "first": "Hu L", "journal": "Clinical infectious diseases : an official publication of the Infectious Diseases Society of America", "last": "Deng Y"}, "evidence": "And one or more courses of moxifloxacin, a broadspectrum antibiotic, was administered to 94.1% (304/323) of patients.", "line": 95, "relation": "decreases"}
a(CHEBI:oseltamivir)	decreases	path(DO:"COVID-19")	{"annotations": {"Disease_Stage": {"critical": true, "non-severe": true, "severe": true}, "PublicationStatus": {"Published": true}, "PublicationType": {"Research": true}, "Section": {"Results": true}, "Species": {"9606": true}}, "citation": {"authors": ["Chen S", "Deng Y", "Fu Y", "Gao Z", "Hao JJ", "Hu L", "Li H", "Liu J", "Long H", "Ma Y", "Ren HW", "Shao C", "Wang CZ", "Wang J", "Wang JM", "Wang Z", "Xu QB", "Yanagihara R", "Yu WX", "Zuo Y"], "date": "2020-05-03", "db": "PubMed", "db_id": "32361738", "db_name": "Risk Factors Associated with Clinical Outcomes in 323 COVID-19 Hospitalized Patients in Wuhan, China.", "first": "Hu L", "journal": "Clinical infectious diseases : an official publication of the Infectious Diseases Society of America", "last": "Deng Y"}, "evidence": "Oseltamivir (69.7%, 225/323), ganciclovir (71.2%, 230/323), and arbidol (208/323, 64.4%) were the three most frequently used antiviral medications.", "line": 87, "relation": "decreases"}
a(CHEBI:umifenovir)	decreases	path(DO:"COVID-19")	{"annotations": {"Disease_Stage": {"critical": true, "non-severe": true, "severe": true}, "PublicationStatus": {"Published": true}, "PublicationType": {"Research": true}, "Section": {"Results": true}, "Species": {"9606": true}}, "citation": {"authors": ["Chen S", "Deng Y", "Fu Y", "Gao Z", "Hao JJ", "Hu L", "Li H", "Liu J", "Long H", "Ma Y", "Ren HW", "Shao C", "Wang CZ", "Wang J", "Wang JM", "Wang Z", "Xu QB", "Yanagihara R", "Yu WX", "Zuo Y"], "date": "2020-05-03", "db": "PubMed", "db_id": "32361738", "db_name": "Risk Factors Associated with Clinical Outcomes in 323 COVID-19 Hospitalized Patients in Wuhan, China.", "first": "Hu L", "journal": "Clinical infectious diseases : an official publication of the Infectious Diseases Society of America", "last": "Deng Y"}, "evidence": "Oseltamivir (69.7%, 225/323), ganciclovir (71.2%, 230/323), and arbidol (208/323, 64.4%) were the three most frequently used antiviral medications.", "line": 89, "relation": "decreases"}
a(MESH:"Hypnotics and Sedatives")	decreases	path(DO:"COVID-19")	{"annotations": {"PublicationStatus": {"Published": true}, "PublicationType": {"Research": true}, "Section": {"Results": true}, "Species": {"9606": true}}, "citation": {"authors": ["Chen S", "Deng Y", "Fu Y", "Gao Z", "Hao JJ", "Hu L", "Li H", "Liu J", "Long H", "Ma Y", "Ren HW", "Shao C", "Wang CZ", "Wang J", "Wang JM", "Wang Z", "Xu QB", "Yanagihara R", "Yu WX", "Zuo Y"], "date": "2020-05-03", "db": "PubMed", "db_id": "32361738", "db_name": "Risk Factors Associated with Clinical Outcomes in 323 COVID-19 Hospitalized Patients in Wuhan, China.", "first": "Hu L", "journal": "Clinical infectious diseases : an official publication of the Infectious Diseases Society of America", "last": "Deng Y"}, "evidence": "The results indicated that age (patients over 65 years) (OR=3.546, 95%CI=1.626\u20137.733, p<0.001), smoking (OR=3.464, 95%CI=1.18\u201310.166, p=0.001), critical disease designation (OR=7.390, 95%CI=2.056\u201326.569, p=0.002), diabetes (OR=3.109, 95%CI=1.155\u20138.373, p=0.025), abnormal higher hypersensitive troponin I (>0.04 pg/mL) (OR=4.388, 95%CI=1.261\u201315.271, p=0.02), white blood cell count (>10x109 /L ) (OR=10.853, 95%CI=3.040\u201338.748, p<0.001) and neutrophil count (>75 x109 /L) (OR=5.929, 95%CI=2.299\u201315.290, p<0.001) were associated with unfavorable clinical outcome, and hypnotics showed significant protective effects on patient outcomes (OR=0.082, 95%CI=0.025\u20130.274, p<0.001) (Fig. 2A).", "line": 127, "relation": "decreases"}
a(MESH:"Medicine, Chinese Traditional")	decreases	path(DO:"COVID-19")	{"annotations": {"Disease_Stage": {"critical": true, "non-severe": true, "severe": true}, "PublicationStatus": {"Published": true}, "PublicationType": {"Research": true}, "Section": {"Results": true}, "Species": {"9606": true}}, "citation": {"authors": ["Chen S", "Deng Y", "Fu Y", "Gao Z", "Hao JJ", "Hu L", "Li H", "Liu J", "Long H", "Ma Y", "Ren HW", "Shao C", "Wang CZ", "Wang J", "Wang JM", "Wang Z", "Xu QB", "Yanagihara R", "Yu WX", "Zuo Y"], "date": "2020-05-03", "db": "PubMed", "db_id": "32361738", "db_name": "Risk Factors Associated with Clinical Outcomes in 323 COVID-19 Hospitalized Patients in Wuhan, China.", "first": "Hu L", "journal": "Clinical infectious diseases : an official publication of the Infectious Diseases Society of America", "last": "Deng Y"}, "evidence": "Also, 60.7% (196/323) of patients were given corticosteroid and glucocorticoid, and 95.7% (309/323) received alternative therapy or traditional Chinese medicine.", "line": 103, "relation": "decreases"}
a(MESH:"Oxygen Inhalation Therapy")	decreases	path(DO:"COVID-19")	{"annotations": {"Disease_Stage": {"critical": true, "non-severe": true, "severe": true}, "PublicationStatus": {"Published": true}, "PublicationType": {"Research": true}, "Section": {"Results": true}, "Species": {"9606": true}}, "citation": {"authors": ["Chen S", "Deng Y", "Fu Y", "Gao Z", "Hao JJ", "Hu L", "Li H", "Liu J", "Long H", "Ma Y", "Ren HW", "Shao C", "Wang CZ", "Wang J", "Wang JM", "Wang Z", "Xu QB", "Yanagihara R", "Yu WX", "Zuo Y"], "date": "2020-05-03", "db": "PubMed", "db_id": "32361738", "db_name": "Risk Factors Associated with Clinical Outcomes in 323 COVID-19 Hospitalized Patients in Wuhan, China.", "first": "Hu L", "journal": "Clinical infectious diseases : an official publication of the Infectious Diseases Society of America", "last": "Deng Y"}, "evidence": "Oxygen therapy via invasive ventilation and non-invasive ventilation was also given more often to patients with unfavorable clinical outcomes.", "line": 114, "relation": "decreases"}
a(MESH:Creatinine)	positiveCorrelation	path(DO:"COVID-19")	{"annotations": {"Disease_Stage": {"critical": true, "non-severe": true, "severe": true}, "PublicationStatus": {"Published": true}, "PublicationType": {"Research": true}, "Section": {"Results": true}, "Species": {"9606": true}}, "citation": {"authors": ["Chen S", "Deng Y", "Fu Y", "Gao Z", "Hao JJ", "Hu L", "Li H", "Liu J", "Long H", "Ma Y", "Ren HW", "Shao C", "Wang CZ", "Wang J", "Wang JM", "Wang Z", "Xu QB", "Yanagihara R", "Yu WX", "Zuo Y"], "date": "2020-05-03", "db": "PubMed", "db_id": "32361738", "db_name": "Risk Factors Associated with Clinical Outcomes in 323 COVID-19 Hospitalized Patients in Wuhan, China.", "first": "Hu L", "journal": "Clinical infectious diseases : an official publication of the Infectious Diseases Society of America", "last": "Deng Y"}, "evidence": "Laboratory findings between patients with favorable and unfavorable outcomes showed differences in leukocyte and neutrophil counts and C-reactive protein, as well as lactate dehydrogenase, creatinine, alanine aminotransferase, aspartate aminotransferase, blood urea nitrogen, glucose, and serum amyloid A, which were all higher among patients with unfavorable outcomes.", "line": 75, "relation": "positiveCorrelation"}
a(MESH:Leukocytes)	positiveCorrelation	path(DO:"COVID-19")	{"annotations": {"Disease_Stage": {"critical": true, "non-severe": true, "severe": true}, "PublicationStatus": {"Published": true}, "PublicationType": {"Research": true}, "Section": {"Results": true}, "Species": {"9606": true}}, "citation": {"authors": ["Chen S", "Deng Y", "Fu Y", "Gao Z", "Hao JJ", "Hu L", "Li H", "Liu J", "Long H", "Ma Y", "Ren HW", "Shao C", "Wang CZ", "Wang J", "Wang JM", "Wang Z", "Xu QB", "Yanagihara R", "Yu WX", "Zuo Y"], "date": "2020-05-03", "db": "PubMed", "db_id": "32361738", "db_name": "Risk Factors Associated with Clinical Outcomes in 323 COVID-19 Hospitalized Patients in Wuhan, China.", "first": "Hu L", "journal": "Clinical infectious diseases : an official publication of the Infectious Diseases Society of America", "last": "Deng Y"}, "evidence": "Laboratory findings between patients with favorable and unfavorable outcomes showed differences in leukocyte and neutrophil counts and C-reactive protein, as well as lactate dehydrogenase, creatinine, alanine aminotransferase, aspartate aminotransferase, blood urea nitrogen, glucose, and serum amyloid A, which were all higher among patients with unfavorable outcomes.", "line": 71, "relation": "positiveCorrelation"}
a(MESH:Leukocytes)	association	path(DO:"COVID-19")	{"annotations": {"PublicationStatus": {"Published": true}, "PublicationType": {"Research": true}, "Section": {"Results": true}, "Species": {"9606": true}}, "citation": {"authors": ["Chen S", "Deng Y", "Fu Y", "Gao Z", "Hao JJ", "Hu L", "Li H", "Liu J", "Long H", "Ma Y", "Ren HW", "Shao C", "Wang CZ", "Wang J", "Wang JM", "Wang Z", "Xu QB", "Yanagihara R", "Yu WX", "Zuo Y"], "date": "2020-05-03", "db": "PubMed", "db_id": "32361738", "db_name": "Risk Factors Associated with Clinical Outcomes in 323 COVID-19 Hospitalized Patients in Wuhan, China.", "first": "Hu L", "journal": "Clinical infectious diseases : an official publication of the Infectious Diseases Society of America", "last": "Deng Y"}, "evidence": "The results indicated that age (patients over 65 years) (OR=3.546, 95%CI=1.626\u20137.733, p<0.001), smoking (OR=3.464, 95%CI=1.18\u201310.166, p=0.001), critical disease designation (OR=7.390, 95%CI=2.056\u201326.569, p=0.002), diabetes (OR=3.109, 95%CI=1.155\u20138.373, p=0.025), abnormal higher hypersensitive troponin I (>0.04 pg/mL) (OR=4.388, 95%CI=1.261\u201315.271, p=0.02), white blood cell count (>10x109 /L ) (OR=10.853, 95%CI=3.040\u201338.748, p<0.001) and neutrophil count (>75 x109 /L) (OR=5.929, 95%CI=2.299\u201315.290, p<0.001) were associated with unfavorable clinical outcome, and hypnotics showed significant protective effects on patient outcomes (OR=0.082, 95%CI=0.025\u20130.274, p<0.001) (Fig. 2A).", "line": 125, "relation": "association"}
a(MESH:Neutrophils)	positiveCorrelation	path(DO:"COVID-19")	{"annotations": {"Disease_Stage": {"critical": true, "non-severe": true, "severe": true}, "PublicationStatus": {"Published": true}, "PublicationType": {"Research": true}, "Section": {"Results": true}, "Species": {"9606": true}}, "citation": {"authors": ["Chen S", "Deng Y", "Fu Y", "Gao Z", "Hao JJ", "Hu L", "Li H", "Liu J", "Long H", "Ma Y", "Ren HW", "Shao C", "Wang CZ", "Wang J", "Wang JM", "Wang Z", "Xu QB", "Yanagihara R", "Yu WX", "Zuo Y"], "date": "2020-05-03", "db": "PubMed", "db_id": "32361738", "db_name": "Risk Factors Associated with Clinical Outcomes in 323 COVID-19 Hospitalized Patients in Wuhan, China.", "first": "Hu L", "journal": "Clinical infectious diseases : an official publication of the Infectious Diseases Society of America", "last": "Deng Y"}, "evidence": "Laboratory findings between patients with favorable and unfavorable outcomes showed differences in leukocyte and neutrophil counts and C-reactive protein, as well as lactate dehydrogenase, creatinine, alanine aminotransferase, aspartate aminotransferase, blood urea nitrogen, glucose, and serum amyloid A, which were all higher among patients with unfavorable outcomes.", "line": 70, "relation": "positiveCorrelation"}
a(MESH:Neutrophils)	association	path(DO:"COVID-19")	{"annotations": {"PublicationStatus": {"Published": true}, "PublicationType": {"Research": true}, "Section": {"Results": true}, "Species": {"9606": true}}, "citation": {"authors": ["Chen S", "Deng Y", "Fu Y", "Gao Z", "Hao JJ", "Hu L", "Li H", "Liu J", "Long H", "Ma Y", "Ren HW", "Shao C", "Wang CZ", "Wang J", "Wang JM", "Wang Z", "Xu QB", "Yanagihara R", "Yu WX", "Zuo Y"], "date": "2020-05-03", "db": "PubMed", "db_id": "32361738", "db_name": "Risk Factors Associated with Clinical Outcomes in 323 COVID-19 Hospitalized Patients in Wuhan, China.", "first": "Hu L", "journal": "Clinical infectious diseases : an official publication of the Infectious Diseases Society of America", "last": "Deng Y"}, "evidence": "The results indicated that age (patients over 65 years) (OR=3.546, 95%CI=1.626\u20137.733, p<0.001), smoking (OR=3.464, 95%CI=1.18\u201310.166, p=0.001), critical disease designation (OR=7.390, 95%CI=2.056\u201326.569, p=0.002), diabetes (OR=3.109, 95%CI=1.155\u20138.373, p=0.025), abnormal higher hypersensitive troponin I (>0.04 pg/mL) (OR=4.388, 95%CI=1.261\u201315.271, p=0.02), white blood cell count (>10x109 /L ) (OR=10.853, 95%CI=3.040\u201338.748, p<0.001) and neutrophil count (>75 x109 /L) (OR=5.929, 95%CI=2.299\u201315.290, p<0.001) were associated with unfavorable clinical outcome, and hypnotics showed significant protective effects on patient outcomes (OR=0.082, 95%CI=0.025\u20130.274, p<0.001) (Fig. 2A).", "line": 126, "relation": "association"}
bp(GO:aging)	association	path(DO:"COVID-19")	{"annotations": {"PublicationStatus": {"Published": true}, "PublicationType": {"Research": true}, "Section": {"Results": true}, "Species": {"9606": true}}, "citation": {"authors": ["Chen S", "Deng Y", "Fu Y", "Gao Z", "Hao JJ", "Hu L", "Li H", "Liu J", "Long H", "Ma Y", "Ren HW", "Shao C", "Wang CZ", "Wang J", "Wang JM", "Wang Z", "Xu QB", "Yanagihara R", "Yu WX", "Zuo Y"], "date": "2020-05-03", "db": "PubMed", "db_id": "32361738", "db_name": "Risk Factors Associated with Clinical Outcomes in 323 COVID-19 Hospitalized Patients in Wuhan, China.", "first": "Hu L", "journal": "Clinical infectious diseases : an official publication of the Infectious Diseases Society of America", "last": "Deng Y"}, "evidence": "The results indicated that age (patients over 65 years) (OR=3.546, 95%CI=1.626\u20137.733, p<0.001), smoking (OR=3.464, 95%CI=1.18\u201310.166, p=0.001), critical disease designation (OR=7.390, 95%CI=2.056\u201326.569, p=0.002), diabetes (OR=3.109, 95%CI=1.155\u20138.373, p=0.025), abnormal higher hypersensitive troponin I (>0.04 pg/mL) (OR=4.388, 95%CI=1.261\u201315.271, p=0.02), white blood cell count (>10x109 /L ) (OR=10.853, 95%CI=3.040\u201338.748, p<0.001) and neutrophil count (>75 x109 /L) (OR=5.929, 95%CI=2.299\u201315.290, p<0.001) were associated with unfavorable clinical outcome, and hypnotics showed significant protective effects on patient outcomes (OR=0.082, 95%CI=0.025\u20130.274, p<0.001) (Fig. 2A).", "line": 119, "relation": "association"}
p(HGNC:CRP)	positiveCorrelation	path(DO:"COVID-19")	{"annotations": {"Disease_Stage": {"critical": true, "non-severe": true, "severe": true}, "PublicationStatus": {"Published": true}, "PublicationType": {"Research": true}, "Section": {"Results": true}, "Species": {"9606": true}}, "citation": {"authors": ["Chen S", "Deng Y", "Fu Y", "Gao Z", "Hao JJ", "Hu L", "Li H", "Liu J", "Long H", "Ma Y", "Ren HW", "Shao C", "Wang CZ", "Wang J", "Wang JM", "Wang Z", "Xu QB", "Yanagihara R", "Yu WX", "Zuo Y"], "date": "2020-05-03", "db": "PubMed", "db_id": "32361738", "db_name": "Risk Factors Associated with Clinical Outcomes in 323 COVID-19 Hospitalized Patients in Wuhan, China.", "first": "Hu L", "journal": "Clinical infectious diseases : an official publication of the Infectious Diseases Society of America", "last": "Deng Y"}, "evidence": "Laboratory findings between patients with favorable and unfavorable outcomes showed differences in leukocyte and neutrophil counts and C-reactive protein, as well as lactate dehydrogenase, creatinine, alanine aminotransferase, aspartate aminotransferase, blood urea nitrogen, glucose, and serum amyloid A, which were all higher among patients with unfavorable outcomes.", "line": 72, "relation": "positiveCorrelation"}
p(HGNC:GOT1)	positiveCorrelation	path(DO:"COVID-19")	{"annotations": {"Disease_Stage": {"critical": true, "non-severe": true, "severe": true}, "PublicationStatus": {"Published": true}, "PublicationType": {"Research": true}, "Section": {"Results": true}, "Species": {"9606": true}}, "citation": {"authors": ["Chen S", "Deng Y", "Fu Y", "Gao Z", "Hao JJ", "Hu L", "Li H", "Liu J", "Long H", "Ma Y", "Ren HW", "Shao C", "Wang CZ", "Wang J", "Wang JM", "Wang Z", "Xu QB", "Yanagihara R", "Yu WX", "Zuo Y"], "date": "2020-05-03", "db": "PubMed", "db_id": "32361738", "db_name": "Risk Factors Associated with Clinical Outcomes in 323 COVID-19 Hospitalized Patients in Wuhan, China.", "first": "Hu L", "journal": "Clinical infectious diseases : an official publication of the Infectious Diseases Society of America", "last": "Deng Y"}, "evidence": "Laboratory findings between patients with favorable and unfavorable outcomes showed differences in leukocyte and neutrophil counts and C-reactive protein, as well as lactate dehydrogenase, creatinine, alanine aminotransferase, aspartate aminotransferase, blood urea nitrogen, glucose, and serum amyloid A, which were all higher among patients with unfavorable outcomes.", "line": 77, "relation": "positiveCorrelation"}
p(HGNC:GOT2)	positiveCorrelation	path(DO:"COVID-19")	{"annotations": {"Disease_Stage": {"critical": true, "non-severe": true, "severe": true}, "PublicationStatus": {"Published": true}, "PublicationType": {"Research": true}, "Section": {"Results": true}, "Species": {"9606": true}}, "citation": {"authors": ["Chen S", "Deng Y", "Fu Y", "Gao Z", "Hao JJ", "Hu L", "Li H", "Liu J", "Long H", "Ma Y", "Ren HW", "Shao C", "Wang CZ", "Wang J", "Wang JM", "Wang Z", "Xu QB", "Yanagihara R", "Yu WX", "Zuo Y"], "date": "2020-05-03", "db": "PubMed", "db_id": "32361738", "db_name": "Risk Factors Associated with Clinical Outcomes in 323 COVID-19 Hospitalized Patients in Wuhan, China.", "first": "Hu L", "journal": "Clinical infectious diseases : an official publication of the Infectious Diseases Society of America", "last": "Deng Y"}, "evidence": "Laboratory findings between patients with favorable and unfavorable outcomes showed differences in leukocyte and neutrophil counts and C-reactive protein, as well as lactate dehydrogenase, creatinine, alanine aminotransferase, aspartate aminotransferase, blood urea nitrogen, glucose, and serum amyloid A, which were all higher among patients with unfavorable outcomes.", "line": 78, "relation": "positiveCorrelation"}
p(HGNC:GPT)	positiveCorrelation	path(DO:"COVID-19")	{"annotations": {"Disease_Stage": {"critical": true, "non-severe": true, "severe": true}, "PublicationStatus": {"Published": true}, "PublicationType": {"Research": true}, "Section": {"Results": true}, "Species": {"9606": true}}, "citation": {"authors": ["Chen S", "Deng Y", "Fu Y", "Gao Z", "Hao JJ", "Hu L", "Li H", "Liu J", "Long H", "Ma Y", "Ren HW", "Shao C", "Wang CZ", "Wang J", "Wang JM", "Wang Z", "Xu QB", "Yanagihara R", "Yu WX", "Zuo Y"], "date": "2020-05-03", "db": "PubMed", "db_id": "32361738", "db_name": "Risk Factors Associated with Clinical Outcomes in 323 COVID-19 Hospitalized Patients in Wuhan, China.", "first": "Hu L", "journal": "Clinical infectious diseases : an official publication of the Infectious Diseases Society of America", "last": "Deng Y"}, "evidence": "Laboratory findings between patients with favorable and unfavorable outcomes showed differences in leukocyte and neutrophil counts and C-reactive protein, as well as lactate dehydrogenase, creatinine, alanine aminotransferase, aspartate aminotransferase, blood urea nitrogen, glucose, and serum amyloid A, which were all higher among patients with unfavorable outcomes.", "line": 76, "relation": "positiveCorrelation"}
p(HGNC:LDHA)	positiveCorrelation	path(DO:"COVID-19")	{"annotations": {"Disease_Stage": {"critical": true, "non-severe": true, "severe": true}, "PublicationStatus": {"Published": true}, "PublicationType": {"Research": true}, "Section": {"Results": true}, "Species": {"9606": true}}, "citation": {"authors": ["Chen S", "Deng Y", "Fu Y", "Gao Z", "Hao JJ", "Hu L", "Li H", "Liu J", "Long H", "Ma Y", "Ren HW", "Shao C", "Wang CZ", "Wang J", "Wang JM", "Wang Z", "Xu QB", "Yanagihara R", "Yu WX", "Zuo Y"], "date": "2020-05-03", "db": "PubMed", "db_id": "32361738", "db_name": "Risk Factors Associated with Clinical Outcomes in 323 COVID-19 Hospitalized Patients in Wuhan, China.", "first": "Hu L", "journal": "Clinical infectious diseases : an official publication of the Infectious Diseases Society of America", "last": "Deng Y"}, "evidence": "Laboratory findings between patients with favorable and unfavorable outcomes showed differences in leukocyte and neutrophil counts and C-reactive protein, as well as lactate dehydrogenase, creatinine, alanine aminotransferase, aspartate aminotransferase, blood urea nitrogen, glucose, and serum amyloid A, which were all higher among patients with unfavorable outcomes.", "line": 73, "relation": "positiveCorrelation"}
p(HGNC:LDHB)	positiveCorrelation	path(DO:"COVID-19")	{"annotations": {"Disease_Stage": {"critical": true, "non-severe": true, "severe": true}, "PublicationStatus": {"Published": true}, "PublicationType": {"Research": true}, "Section": {"Results": true}, "Species": {"9606": true}}, "citation": {"authors": ["Chen S", "Deng Y", "Fu Y", "Gao Z", "Hao JJ", "Hu L", "Li H", "Liu J", "Long H", "Ma Y", "Ren HW", "Shao C", "Wang CZ", "Wang J", "Wang JM", "Wang Z", "Xu QB", "Yanagihara R", "Yu WX", "Zuo Y"], "date": "2020-05-03", "db": "PubMed", "db_id": "32361738", "db_name": "Risk Factors Associated with Clinical Outcomes in 323 COVID-19 Hospitalized Patients in Wuhan, China.", "first": "Hu L", "journal": "Clinical infectious diseases : an official publication of the Infectious Diseases Society of America", "last": "Deng Y"}, "evidence": "Laboratory findings between patients with favorable and unfavorable outcomes showed differences in leukocyte and neutrophil counts and C-reactive protein, as well as lactate dehydrogenase, creatinine, alanine aminotransferase, aspartate aminotransferase, blood urea nitrogen, glucose, and serum amyloid A, which were all higher among patients with unfavorable outcomes.", "line": 74, "relation": "positiveCorrelation"}
p(HGNC:SAA1)	positiveCorrelation	path(DO:"COVID-19")	{"annotations": {"Disease_Stage": {"critical": true, "non-severe": true, "severe": true}, "PublicationStatus": {"Published": true}, "PublicationType": {"Research": true}, "Section": {"Results": true}, "Species": {"9606": true}}, "citation": {"authors": ["Chen S", "Deng Y", "Fu Y", "Gao Z", "Hao JJ", "Hu L", "Li H", "Liu J", "Long H", "Ma Y", "Ren HW", "Shao C", "Wang CZ", "Wang J", "Wang JM", "Wang Z", "Xu QB", "Yanagihara R", "Yu WX", "Zuo Y"], "date": "2020-05-03", "db": "PubMed", "db_id": "32361738", "db_name": "Risk Factors Associated with Clinical Outcomes in 323 COVID-19 Hospitalized Patients in Wuhan, China.", "first": "Hu L", "journal": "Clinical infectious diseases : an official publication of the Infectious Diseases Society of America", "last": "Deng Y"}, "evidence": "Laboratory findings between patients with favorable and unfavorable outcomes showed differences in leukocyte and neutrophil counts and C-reactive protein, as well as lactate dehydrogenase, creatinine, alanine aminotransferase, aspartate aminotransferase, blood urea nitrogen, glucose, and serum amyloid A, which were all higher among patients with unfavorable outcomes.", "line": 80, "relation": "positiveCorrelation"}
p(HGNC:TNNI3)	association	path(DO:"COVID-19")	{"annotations": {"PublicationStatus": {"Published": true}, "PublicationType": {"Research": true}, "Section": {"Results": true}, "Species": {"9606": true}}, "citation": {"authors": ["Chen S", "Deng Y", "Fu Y", "Gao Z", "Hao JJ", "Hu L", "Li H", "Liu J", "Long H", "Ma Y", "Ren HW", "Shao C", "Wang CZ", "Wang J", "Wang JM", "Wang Z", "Xu QB", "Yanagihara R", "Yu WX", "Zuo Y"], "date": "2020-05-03", "db": "PubMed", "db_id": "32361738", "db_name": "Risk Factors Associated with Clinical Outcomes in 323 COVID-19 Hospitalized Patients in Wuhan, China.", "first": "Hu L", "journal": "Clinical infectious diseases : an official publication of the Infectious Diseases Society of America", "last": "Deng Y"}, "evidence": "The results indicated that age (patients over 65 years) (OR=3.546, 95%CI=1.626\u20137.733, p<0.001), smoking (OR=3.464, 95%CI=1.18\u201310.166, p=0.001), critical disease designation (OR=7.390, 95%CI=2.056\u201326.569, p=0.002), diabetes (OR=3.109, 95%CI=1.155\u20138.373, p=0.025), abnormal higher hypersensitive troponin I (>0.04 pg/mL) (OR=4.388, 95%CI=1.261\u201315.271, p=0.02), white blood cell count (>10x109 /L ) (OR=10.853, 95%CI=3.040\u201338.748, p<0.001) and neutrophil count (>75 x109 /L) (OR=5.929, 95%CI=2.299\u201315.290, p<0.001) were associated with unfavorable clinical outcome, and hypnotics showed significant protective effects on patient outcomes (OR=0.082, 95%CI=0.025\u20130.274, p<0.001) (Fig. 2A).", "line": 123, "relation": "association"}
p(HGNC:TNNT1)	association	path(DO:"COVID-19")	{"annotations": {"PublicationStatus": {"Published": true}, "PublicationType": {"Research": true}, "Section": {"Results": true}, "Species": {"9606": true}}, "citation": {"authors": ["Chen S", "Deng Y", "Fu Y", "Gao Z", "Hao JJ", "Hu L", "Li H", "Liu J", "Long H", "Ma Y", "Ren HW", "Shao C", "Wang CZ", "Wang J", "Wang JM", "Wang Z", "Xu QB", "Yanagihara R", "Yu WX", "Zuo Y"], "date": "2020-05-03", "db": "PubMed", "db_id": "32361738", "db_name": "Risk Factors Associated with Clinical Outcomes in 323 COVID-19 Hospitalized Patients in Wuhan, China.", "first": "Hu L", "journal": "Clinical infectious diseases : an official publication of the Infectious Diseases Society of America", "last": "Deng Y"}, "evidence": "The results indicated that age (patients over 65 years) (OR=3.546, 95%CI=1.626\u20137.733, p<0.001), smoking (OR=3.464, 95%CI=1.18\u201310.166, p=0.001), critical disease designation (OR=7.390, 95%CI=2.056\u201326.569, p=0.002), diabetes (OR=3.109, 95%CI=1.155\u20138.373, p=0.025), abnormal higher hypersensitive troponin I (>0.04 pg/mL) (OR=4.388, 95%CI=1.261\u201315.271, p=0.02), white blood cell count (>10x109 /L ) (OR=10.853, 95%CI=3.040\u201338.748, p<0.001) and neutrophil count (>75 x109 /L) (OR=5.929, 95%CI=2.299\u201315.290, p<0.001) were associated with unfavorable clinical outcome, and hypnotics showed significant protective effects on patient outcomes (OR=0.082, 95%CI=0.025\u20130.274, p<0.001) (Fig. 2A).", "line": 122, "relation": "association"}
p(HGNC:TNNT2)	association	path(DO:"COVID-19")	{"annotations": {"PublicationStatus": {"Published": true}, "PublicationType": {"Research": true}, "Section": {"Results": true}, "Species": {"9606": true}}, "citation": {"authors": ["Chen S", "Deng Y", "Fu Y", "Gao Z", "Hao JJ", "Hu L", "Li H", "Liu J", "Long H", "Ma Y", "Ren HW", "Shao C", "Wang CZ", "Wang J", "Wang JM", "Wang Z", "Xu QB", "Yanagihara R", "Yu WX", "Zuo Y"], "date": "2020-05-03", "db": "PubMed", "db_id": "32361738", "db_name": "Risk Factors Associated with Clinical Outcomes in 323 COVID-19 Hospitalized Patients in Wuhan, China.", "first": "Hu L", "journal": "Clinical infectious diseases : an official publication of the Infectious Diseases Society of America", "last": "Deng Y"}, "evidence": "The results indicated that age (patients over 65 years) (OR=3.546, 95%CI=1.626\u20137.733, p<0.001), smoking (OR=3.464, 95%CI=1.18\u201310.166, p=0.001), critical disease designation (OR=7.390, 95%CI=2.056\u201326.569, p=0.002), diabetes (OR=3.109, 95%CI=1.155\u20138.373, p=0.025), abnormal higher hypersensitive troponin I (>0.04 pg/mL) (OR=4.388, 95%CI=1.261\u201315.271, p=0.02), white blood cell count (>10x109 /L ) (OR=10.853, 95%CI=3.040\u201338.748, p<0.001) and neutrophil count (>75 x109 /L) (OR=5.929, 95%CI=2.299\u201315.290, p<0.001) were associated with unfavorable clinical outcome, and hypnotics showed significant protective effects on patient outcomes (OR=0.082, 95%CI=0.025\u20130.274, p<0.001) (Fig. 2A).", "line": 124, "relation": "association"}
path(DO:"COVID-19")	positiveCorrelation	path(MESH:Fever)	{"annotations": {"PublicationStatus": {"Published": true}, "PublicationType": {"Research": true}, "Section": {"Results": true}, "Species": {"9606": true}}, "citation": {"authors": ["Chen S", "Deng Y", "Fu Y", "Gao Z", "Hao JJ", "Hu L", "Li H", "Liu J", "Long H", "Ma Y", "Ren HW", "Shao C", "Wang CZ", "Wang J", "Wang JM", "Wang Z", "Xu QB", "Yanagihara R", "Yu WX", "Zuo Y"], "date": "2020-05-03", "db": "PubMed", "db_id": "32361738", "db_name": "Risk Factors Associated with Clinical Outcomes in 323 COVID-19 Hospitalized Patients in Wuhan, China.", "first": "Hu L", "journal": "Clinical infectious diseases : an official publication of the Infectious Diseases Society of America", "last": "Deng Y"}, "evidence": "On admission, fever (83.9%, 271/323) and cough (50.8%, 164/323) were the most common symptoms, while dyspnea (4.3%, 14/323), chest distress (0.9%, 3/323) and headache (0.9%, 3/323) were uncommon.", "line": 47, "relation": "positiveCorrelation"}
path(DO:"COVID-19")	positiveCorrelation	path(MESH:Cough)	{"annotations": {"PublicationStatus": {"Published": true}, "PublicationType": {"Research": true}, "Section": {"Results": true}, "Species": {"9606": true}}, "citation": {"authors": ["Chen S", "Deng Y", "Fu Y", "Gao Z", "Hao JJ", "Hu L", "Li H", "Liu J", "Long H", "Ma Y", "Ren HW", "Shao C", "Wang CZ", "Wang J", "Wang JM", "Wang Z", "Xu QB", "Yanagihara R", "Yu WX", "Zuo Y"], "date": "2020-05-03", "db": "PubMed", "db_id": "32361738", "db_name": "Risk Factors Associated with Clinical Outcomes in 323 COVID-19 Hospitalized Patients in Wuhan, China.", "first": "Hu L", "journal": "Clinical infectious diseases : an official publication of the Infectious Diseases Society of America", "last": "Deng Y"}, "evidence": "On admission, fever (83.9%, 271/323) and cough (50.8%, 164/323) were the most common symptoms, while dyspnea (4.3%, 14/323), chest distress (0.9%, 3/323) and headache (0.9%, 3/323) were uncommon.", "line": 48, "relation": "positiveCorrelation"}
path(DO:"COVID-19")	positiveCorrelation	path(MESH:Fatigue)	{"annotations": {"PublicationStatus": {"Published": true}, "PublicationType": {"Research": true}, "Section": {"Results": true}, "Species": {"9606": true}}, "citation": {"authors": ["Chen S", "Deng Y", "Fu Y", "Gao Z", "Hao JJ", "Hu L", "Li H", "Liu J", "Long H", "Ma Y", "Ren HW", "Shao C", "Wang CZ", "Wang J", "Wang JM", "Wang Z", "Xu QB", "Yanagihara R", "Yu WX", "Zuo Y"], "date": "2020-05-03", "db": "PubMed", "db_id": "32361738", "db_name": "Risk Factors Associated with Clinical Outcomes in 323 COVID-19 Hospitalized Patients in Wuhan, China.", "first": "Hu L", "journal": "Clinical infectious diseases : an official publication of the Infectious Diseases Society of America", "last": "Deng Y"}, "evidence": "On admission, fever (83.9%, 271/323) and cough (50.8%, 164/323) were the most common symptoms, while dyspnea (4.3%, 14/323), chest distress (0.9%, 3/323) and headache (0.9%, 3/323) were uncommon.", "line": 49, "relation": "positiveCorrelation"}
path(DO:"COVID-19")	positiveCorrelation	path(MESH:Dyspnea)	{"annotations": {"PublicationStatus": {"Published": true}, "PublicationType": {"Research": true}, "Section": {"Results": true}, "Species": {"9606": true}}, "citation": {"authors": ["Chen S", "Deng Y", "Fu Y", "Gao Z", "Hao JJ", "Hu L", "Li H", "Liu J", "Long H", "Ma Y", "Ren HW", "Shao C", "Wang CZ", "Wang J", "Wang JM", "Wang Z", "Xu QB", "Yanagihara R", "Yu WX", "Zuo Y"], "date": "2020-05-03", "db": "PubMed", "db_id": "32361738", "db_name": "Risk Factors Associated with Clinical Outcomes in 323 COVID-19 Hospitalized Patients in Wuhan, China.", "first": "Hu L", "journal": "Clinical infectious diseases : an official publication of the Infectious Diseases Society of America", "last": "Deng Y"}, "evidence": "On admission, fever (83.9%, 271/323) and cough (50.8%, 164/323) were the most common symptoms, while dyspnea (4.3%, 14/323), chest distress (0.9%, 3/323) and headache (0.9%, 3/323) were uncommon.", "line": 50, "relation": "positiveCorrelation"}
path(DO:"COVID-19")	positiveCorrelation	path(HP:"Respiratory distress")	{"annotations": {"PublicationStatus": {"Published": true}, "PublicationType": {"Research": true}, "Section": {"Results": true}, "Species": {"9606": true}}, "citation": {"authors": ["Chen S", "Deng Y", "Fu Y", "Gao Z", "Hao JJ", "Hu L", "Li H", "Liu J", "Long H", "Ma Y", "Ren HW", "Shao C", "Wang CZ", "Wang J", "Wang JM", "Wang Z", "Xu QB", "Yanagihara R", "Yu WX", "Zuo Y"], "date": "2020-05-03", "db": "PubMed", "db_id": "32361738", "db_name": "Risk Factors Associated with Clinical Outcomes in 323 COVID-19 Hospitalized Patients in Wuhan, China.", "first": "Hu L", "journal": "Clinical infectious diseases : an official publication of the Infectious Diseases Society of America", "last": "Deng Y"}, "evidence": "On admission, fever (83.9%, 271/323) and cough (50.8%, 164/323) were the most common symptoms, while dyspnea (4.3%, 14/323), chest distress (0.9%, 3/323) and headache (0.9%, 3/323) were uncommon.", "line": 51, "relation": "positiveCorrelation"}
path(DO:"COVID-19")	positiveCorrelation	path(DO:diarrhea)	{"annotations": {"PublicationStatus": {"Published": true}, "PublicationType": {"Research": true}, "Section": {"Results": true}, "Species": {"9606": true}}, "citation": {"authors": ["Chen S", "Deng Y", "Fu Y", "Gao Z", "Hao JJ", "Hu L", "Li H", "Liu J", "Long H", "Ma Y", "Ren HW", "Shao C", "Wang CZ", "Wang J", "Wang JM", "Wang Z", "Xu QB", "Yanagihara R", "Yu WX", "Zuo Y"], "date": "2020-05-03", "db": "PubMed", "db_id": "32361738", "db_name": "Risk Factors Associated with Clinical Outcomes in 323 COVID-19 Hospitalized Patients in Wuhan, China.", "first": "Hu L", "journal": "Clinical infectious diseases : an official publication of the Infectious Diseases Society of America", "last": "Deng Y"}, "evidence": "On admission, fever (83.9%, 271/323) and cough (50.8%, 164/323) were the most common symptoms, while dyspnea (4.3%, 14/323), chest distress (0.9%, 3/323) and headache (0.9%, 3/323) were uncommon.", "line": 52, "relation": "positiveCorrelation"}
path(DO:"COVID-19")	positiveCorrelation	path(MESH:Headache)	{"annotations": {"PublicationStatus": {"Published": true}, "PublicationType": {"Research": true}, "Section": {"Results": true}, "Species": {"9606": true}}, "citation": {"authors": ["Chen S", "Deng Y", "Fu Y", "Gao Z", "Hao JJ", "Hu L", "Li H", "Liu J", "Long H", "Ma Y", "Ren HW", "Shao C", "Wang CZ", "Wang J", "Wang JM", "Wang Z", "Xu QB", "Yanagihara R", "Yu WX", "Zuo Y"], "date": "2020-05-03", "db": "PubMed", "db_id": "32361738", "db_name": "Risk Factors Associated with Clinical Outcomes in 323 COVID-19 Hospitalized Patients in Wuhan, China.", "first": "Hu L", "journal": "Clinical infectious diseases : an official publication of the Infectious Diseases Society of America", "last": "Deng Y"}, "evidence": "On admission, fever (83.9%, 271/323) and cough (50.8%, 164/323) were the most common symptoms, while dyspnea (4.3%, 14/323), chest distress (0.9%, 3/323) and headache (0.9%, 3/323) were uncommon.", "line": 53, "relation": "positiveCorrelation"}
path(DO:"COVID-19")	positiveCorrelation	path(HP:"Ground-glass opacification on pulmonary HRCT")	{"annotations": {"Disease_Stage": {"critical": true, "non-severe": true, "severe": true}, "PublicationStatus": {"Published": true}, "PublicationType": {"Research": true}, "Section": {"Results": true}, "Species": {"9606": true}}, "citation": {"authors": ["Chen S", "Deng Y", "Fu Y", "Gao Z", "Hao JJ", "Hu L", "Li H", "Liu J", "Long H", "Ma Y", "Ren HW", "Shao C", "Wang CZ", "Wang J", "Wang JM", "Wang Z", "Xu QB", "Yanagihara R", "Yu WX", "Zuo Y"], "date": "2020-05-03", "db": "PubMed", "db_id": "32361738", "db_name": "Risk Factors Associated with Clinical Outcomes in 323 COVID-19 Hospitalized Patients in Wuhan, China.", "first": "Hu L", "journal": "Clinical infectious diseases : an official publication of the Infectious Diseases Society of America", "last": "Deng Y"}, "evidence": "Ground-glass opacity (GGO) findings were bilateral in 55.0% (83/151), 52.1% (76/146) and 26.9% (7/26) of patients in the non-severe, severe and critical disease groups, respectively.", "line": 58, "relation": "positiveCorrelation"}
path(DO:"COVID-19")	positiveCorrelation	path(HP:"Intralobular interstitial thickening")	{"annotations": {"PublicationStatus": {"Published": true}, "PublicationType": {"Research": true}, "Section": {"Results": true}, "Species": {"9606": true}}, "citation": {"authors": ["Chen S", "Deng Y", "Fu Y", "Gao Z", "Hao JJ", "Hu L", "Li H", "Liu J", "Long H", "Ma Y", "Ren HW", "Shao C", "Wang CZ", "Wang J", "Wang JM", "Wang Z", "Xu QB", "Yanagihara R", "Yu WX", "Zuo Y"], "date": "2020-05-03", "db": "PubMed", "db_id": "32361738", "db_name": "Risk Factors Associated with Clinical Outcomes in 323 COVID-19 Hospitalized Patients in Wuhan, China.", "first": "Hu L", "journal": "Clinical infectious diseases : an official publication of the Infectious Diseases Society of America", "last": "Deng Y"}, "evidence": "Multiple bilateral pulmonary consolidations and intralocular interstitial thickening were observed more frequently among patients with unfavorable outcomes (11.1%, 7/63) than those with favorable outcomes (0.8%,2/260).", "line": 63, "relation": "positiveCorrelation"}
path(DO:"COVID-19")	positiveCorrelation	path(FIXME:"Pulmonary Consolidation")	{"annotations": {"PublicationStatus": {"Published": true}, "PublicationType": {"Research": true}, "Section": {"Results": true}, "Species": {"9606": true}}, "citation": {"authors": ["Chen S", "Deng Y", "Fu Y", "Gao Z", "Hao JJ", "Hu L", "Li H", "Liu J", "Long H", "Ma Y", "Ren HW", "Shao C", "Wang CZ", "Wang J", "Wang JM", "Wang Z", "Xu QB", "Yanagihara R", "Yu WX", "Zuo Y"], "date": "2020-05-03", "db": "PubMed", "db_id": "32361738", "db_name": "Risk Factors Associated with Clinical Outcomes in 323 COVID-19 Hospitalized Patients in Wuhan, China.", "first": "Hu L", "journal": "Clinical infectious diseases : an official publication of the Infectious Diseases Society of America", "last": "Deng Y"}, "evidence": "Multiple bilateral pulmonary consolidations and intralocular interstitial thickening were observed more frequently among patients with unfavorable outcomes (11.1%, 7/63) than those with favorable outcomes (0.8%,2/260).", "line": 64, "relation": "positiveCorrelation"}
path(DO:"COVID-19")	positiveCorrelation	a(MESH:Neutrophils)	{"annotations": {"Disease_Stage": {"critical": true, "non-severe": true, "severe": true}, "PublicationStatus": {"Published": true}, "PublicationType": {"Research": true}, "Section": {"Results": true}, "Species": {"9606": true}}, "citation": {"authors": ["Chen S", "Deng Y", "Fu Y", "Gao Z", "Hao JJ", "Hu L", "Li H", "Liu J", "Long H", "Ma Y", "Ren HW", "Shao C", "Wang CZ", "Wang J", "Wang JM", "Wang Z", "Xu QB", "Yanagihara R", "Yu WX", "Zuo Y"], "date": "2020-05-03", "db": "PubMed", "db_id": "32361738", "db_name": "Risk Factors Associated with Clinical Outcomes in 323 COVID-19 Hospitalized Patients in Wuhan, China.", "first": "Hu L", "journal": "Clinical infectious diseases : an official publication of the Infectious Diseases Society of America", "last": "Deng Y"}, "evidence": "Laboratory findings between patients with favorable and unfavorable outcomes showed differences in leukocyte and neutrophil counts and C-reactive protein, as well as lactate dehydrogenase, creatinine, alanine aminotransferase, aspartate aminotransferase, blood urea nitrogen, glucose, and serum amyloid A, which were all higher among patients with unfavorable outcomes.", "line": 70, "relation": "positiveCorrelation"}
path(DO:"COVID-19")	association	a(MESH:Neutrophils)	{"annotations": {"PublicationStatus": {"Published": true}, "PublicationType": {"Research": true}, "Section": {"Results": true}, "Species": {"9606": true}}, "citation": {"authors": ["Chen S", "Deng Y", "Fu Y", "Gao Z", "Hao JJ", "Hu L", "Li H", "Liu J", "Long H", "Ma Y", "Ren HW", "Shao C", "Wang CZ", "Wang J", "Wang JM", "Wang Z", "Xu QB", "Yanagihara R", "Yu WX", "Zuo Y"], "date": "2020-05-03", "db": "PubMed", "db_id": "32361738", "db_name": "Risk Factors Associated with Clinical Outcomes in 323 COVID-19 Hospitalized Patients in Wuhan, China.", "first": "Hu L", "journal": "Clinical infectious diseases : an official publication of the Infectious Diseases Society of America", "last": "Deng Y"}, "evidence": "The results indicated that age (patients over 65 years) (OR=3.546, 95%CI=1.626\u20137.733, p<0.001), smoking (OR=3.464, 95%CI=1.18\u201310.166, p=0.001), critical disease designation (OR=7.390, 95%CI=2.056\u201326.569, p=0.002), diabetes (OR=3.109, 95%CI=1.155\u20138.373, p=0.025), abnormal higher hypersensitive troponin I (>0.04 pg/mL) (OR=4.388, 95%CI=1.261\u201315.271, p=0.02), white blood cell count (>10x109 /L ) (OR=10.853, 95%CI=3.040\u201338.748, p<0.001) and neutrophil count (>75 x109 /L) (OR=5.929, 95%CI=2.299\u201315.290, p<0.001) were associated with unfavorable clinical outcome, and hypnotics showed significant protective effects on patient outcomes (OR=0.082, 95%CI=0.025\u20130.274, p<0.001) (Fig. 2A).", "line": 126, "relation": "association"}
path(DO:"COVID-19")	positiveCorrelation	a(MESH:Leukocytes)	{"annotations": {"Disease_Stage": {"critical": true, "non-severe": true, "severe": true}, "PublicationStatus": {"Published": true}, "PublicationType": {"Research": true}, "Section": {"Results": true}, "Species": {"9606": true}}, "citation": {"authors": ["Chen S", "Deng Y", "Fu Y", "Gao Z", "Hao JJ", "Hu L", "Li H", "Liu J", "Long H", "Ma Y", "Ren HW", "Shao C", "Wang CZ", "Wang J", "Wang JM", "Wang Z", "Xu QB", "Yanagihara R", "Yu WX", "Zuo Y"], "date": "2020-05-03", "db": "PubMed", "db_id": "32361738", "db_name": "Risk Factors Associated with Clinical Outcomes in 323 COVID-19 Hospitalized Patients in Wuhan, China.", "first": "Hu L", "journal": "Clinical infectious diseases : an official publication of the Infectious Diseases Society of America", "last": "Deng Y"}, "evidence": "Laboratory findings between patients with favorable and unfavorable outcomes showed differences in leukocyte and neutrophil counts and C-reactive protein, as well as lactate dehydrogenase, creatinine, alanine aminotransferase, aspartate aminotransferase, blood urea nitrogen, glucose, and serum amyloid A, which were all higher among patients with unfavorable outcomes.", "line": 71, "relation": "positiveCorrelation"}
path(DO:"COVID-19")	association	a(MESH:Leukocytes)	{"annotations": {"PublicationStatus": {"Published": true}, "PublicationType": {"Research": true}, "Section": {"Results": true}, "Species": {"9606": true}}, "citation": {"authors": ["Chen S", "Deng Y", "Fu Y", "Gao Z", "Hao JJ", "Hu L", "Li H", "Liu J", "Long H", "Ma Y", "Ren HW", "Shao C", "Wang CZ", "Wang J", "Wang JM", "Wang Z", "Xu QB", "Yanagihara R", "Yu WX", "Zuo Y"], "date": "2020-05-03", "db": "PubMed", "db_id": "32361738", "db_name": "Risk Factors Associated with Clinical Outcomes in 323 COVID-19 Hospitalized Patients in Wuhan, China.", "first": "Hu L", "journal": "Clinical infectious diseases : an official publication of the Infectious Diseases Society of America", "last": "Deng Y"}, "evidence": "The results indicated that age (patients over 65 years) (OR=3.546, 95%CI=1.626\u20137.733, p<0.001), smoking (OR=3.464, 95%CI=1.18\u201310.166, p=0.001), critical disease designation (OR=7.390, 95%CI=2.056\u201326.569, p=0.002), diabetes (OR=3.109, 95%CI=1.155\u20138.373, p=0.025), abnormal higher hypersensitive troponin I (>0.04 pg/mL) (OR=4.388, 95%CI=1.261\u201315.271, p=0.02), white blood cell count (>10x109 /L ) (OR=10.853, 95%CI=3.040\u201338.748, p<0.001) and neutrophil count (>75 x109 /L) (OR=5.929, 95%CI=2.299\u201315.290, p<0.001) were associated with unfavorable clinical outcome, and hypnotics showed significant protective effects on patient outcomes (OR=0.082, 95%CI=0.025\u20130.274, p<0.001) (Fig. 2A).", "line": 125, "relation": "association"}
path(DO:"COVID-19")	positiveCorrelation	p(HGNC:CRP)	{"annotations": {"Disease_Stage": {"critical": true, "non-severe": true, "severe": true}, "PublicationStatus": {"Published": true}, "PublicationType": {"Research": true}, "Section": {"Results": true}, "Species": {"9606": true}}, "citation": {"authors": ["Chen S", "Deng Y", "Fu Y", "Gao Z", "Hao JJ", "Hu L", "Li H", "Liu J", "Long H", "Ma Y", "Ren HW", "Shao C", "Wang CZ", "Wang J", "Wang JM", "Wang Z", "Xu QB", "Yanagihara R", "Yu WX", "Zuo Y"], "date": "2020-05-03", "db": "PubMed", "db_id": "32361738", "db_name": "Risk Factors Associated with Clinical Outcomes in 323 COVID-19 Hospitalized Patients in Wuhan, China.", "first": "Hu L", "journal": "Clinical infectious diseases : an official publication of the Infectious Diseases Society of America", "last": "Deng Y"}, "evidence": "Laboratory findings between patients with favorable and unfavorable outcomes showed differences in leukocyte and neutrophil counts and C-reactive protein, as well as lactate dehydrogenase, creatinine, alanine aminotransferase, aspartate aminotransferase, blood urea nitrogen, glucose, and serum amyloid A, which were all higher among patients with unfavorable outcomes.", "line": 72, "relation": "positiveCorrelation"}
path(DO:"COVID-19")	positiveCorrelation	p(HGNC:LDHA)	{"annotations": {"Disease_Stage": {"critical": true, "non-severe": true, "severe": true}, "PublicationStatus": {"Published": true}, "PublicationType": {"Research": true}, "Section": {"Results": true}, "Species": {"9606": true}}, "citation": {"authors": ["Chen S", "Deng Y", "Fu Y", "Gao Z", "Hao JJ", "Hu L", "Li H", "Liu J", "Long H", "Ma Y", "Ren HW", "Shao C", "Wang CZ", "Wang J", "Wang JM", "Wang Z", "Xu QB", "Yanagihara R", "Yu WX", "Zuo Y"], "date": "2020-05-03", "db": "PubMed", "db_id": "32361738", "db_name": "Risk Factors Associated with Clinical Outcomes in 323 COVID-19 Hospitalized Patients in Wuhan, China.", "first": "Hu L", "journal": "Clinical infectious diseases : an official publication of the Infectious Diseases Society of America", "last": "Deng Y"}, "evidence": "Laboratory findings between patients with favorable and unfavorable outcomes showed differences in leukocyte and neutrophil counts and C-reactive protein, as well as lactate dehydrogenase, creatinine, alanine aminotransferase, aspartate aminotransferase, blood urea nitrogen, glucose, and serum amyloid A, which were all higher among patients with unfavorable outcomes.", "line": 73, "relation": "positiveCorrelation"}
path(DO:"COVID-19")	positiveCorrelation	p(HGNC:LDHB)	{"annotations": {"Disease_Stage": {"critical": true, "non-severe": true, "severe": true}, "PublicationStatus": {"Published": true}, "PublicationType": {"Research": true}, "Section": {"Results": true}, "Species": {"9606": true}}, "citation": {"authors": ["Chen S", "Deng Y", "Fu Y", "Gao Z", "Hao JJ", "Hu L", "Li H", "Liu J", "Long H", "Ma Y", "Ren HW", "Shao C", "Wang CZ", "Wang J", "Wang JM", "Wang Z", "Xu QB", "Yanagihara R", "Yu WX", "Zuo Y"], "date": "2020-05-03", "db": "PubMed", "db_id": "32361738", "db_name": "Risk Factors Associated with Clinical Outcomes in 323 COVID-19 Hospitalized Patients in Wuhan, China.", "first": "Hu L", "journal": "Clinical infectious diseases : an official publication of the Infectious Diseases Society of America", "last": "Deng Y"}, "evidence": "Laboratory findings between patients with favorable and unfavorable outcomes showed differences in leukocyte and neutrophil counts and C-reactive protein, as well as lactate dehydrogenase, creatinine, alanine aminotransferase, aspartate aminotransferase, blood urea nitrogen, glucose, and serum amyloid A, which were all higher among patients with unfavorable outcomes.", "line": 74, "relation": "positiveCorrelation"}
path(DO:"COVID-19")	positiveCorrelation	a(MESH:Creatinine)	{"annotations": {"Disease_Stage": {"critical": true, "non-severe": true, "severe": true}, "PublicationStatus": {"Published": true}, "PublicationType": {"Research": true}, "Section": {"Results": true}, "Species": {"9606": true}}, "citation": {"authors": ["Chen S", "Deng Y", "Fu Y", "Gao Z", "Hao JJ", "Hu L", "Li H", "Liu J", "Long H", "Ma Y", "Ren HW", "Shao C", "Wang CZ", "Wang J", "Wang JM", "Wang Z", "Xu QB", "Yanagihara R", "Yu WX", "Zuo Y"], "date": "2020-05-03", "db": "PubMed", "db_id": "32361738", "db_name": "Risk Factors Associated with Clinical Outcomes in 323 COVID-19 Hospitalized Patients in Wuhan, China.", "first": "Hu L", "journal": "Clinical infectious diseases : an official publication of the Infectious Diseases Society of America", "last": "Deng Y"}, "evidence": "Laboratory findings between patients with favorable and unfavorable outcomes showed differences in leukocyte and neutrophil counts and C-reactive protein, as well as lactate dehydrogenase, creatinine, alanine aminotransferase, aspartate aminotransferase, blood urea nitrogen, glucose, and serum amyloid A, which were all higher among patients with unfavorable outcomes.", "line": 75, "relation": "positiveCorrelation"}
path(DO:"COVID-19")	positiveCorrelation	p(HGNC:GPT)	{"annotations": {"Disease_Stage": {"critical": true, "non-severe": true, "severe": true}, "PublicationStatus": {"Published": true}, "PublicationType": {"Research": true}, "Section": {"Results": true}, "Species": {"9606": true}}, "citation": {"authors": ["Chen S", "Deng Y", "Fu Y", "Gao Z", "Hao JJ", "Hu L", "Li H", "Liu J", "Long H", "Ma Y", "Ren HW", "Shao C", "Wang CZ", "Wang J", "Wang JM", "Wang Z", "Xu QB", "Yanagihara R", "Yu WX", "Zuo Y"], "date": "2020-05-03", "db": "PubMed", "db_id": "32361738", "db_name": "Risk Factors Associated with Clinical Outcomes in 323 COVID-19 Hospitalized Patients in Wuhan, China.", "first": "Hu L", "journal": "Clinical infectious diseases : an official publication of the Infectious Diseases Society of America", "last": "Deng Y"}, "evidence": "Laboratory findings between patients with favorable and unfavorable outcomes showed differences in leukocyte and neutrophil counts and C-reactive protein, as well as lactate dehydrogenase, creatinine, alanine aminotransferase, aspartate aminotransferase, blood urea nitrogen, glucose, and serum amyloid A, which were all higher among patients with unfavorable outcomes.", "line": 76, "relation": "positiveCorrelation"}
path(DO:"COVID-19")	positiveCorrelation	p(HGNC:GOT1)	{"annotations": {"Disease_Stage": {"critical": true, "non-severe": true, "severe": true}, "PublicationStatus": {"Published": true}, "PublicationType": {"Research": true}, "Section": {"Results": true}, "Species": {"9606": true}}, "citation": {"authors": ["Chen S", "Deng Y", "Fu Y", "Gao Z", "Hao JJ", "Hu L", "Li H", "Liu J", "Long H", "Ma Y", "Ren HW", "Shao C", "Wang CZ", "Wang J", "Wang JM", "Wang Z", "Xu QB", "Yanagihara R", "Yu WX", "Zuo Y"], "date": "2020-05-03", "db": "PubMed", "db_id": "32361738", "db_name": "Risk Factors Associated with Clinical Outcomes in 323 COVID-19 Hospitalized Patients in Wuhan, China.", "first": "Hu L", "journal": "Clinical infectious diseases : an official publication of the Infectious Diseases Society of America", "last": "Deng Y"}, "evidence": "Laboratory findings between patients with favorable and unfavorable outcomes showed differences in leukocyte and neutrophil counts and C-reactive protein, as well as lactate dehydrogenase, creatinine, alanine aminotransferase, aspartate aminotransferase, blood urea nitrogen, glucose, and serum amyloid A, which were all higher among patients with unfavorable outcomes.", "line": 77, "relation": "positiveCorrelation"}
path(DO:"COVID-19")	positiveCorrelation	p(HGNC:GOT2)	{"annotations": {"Disease_Stage": {"critical": true, "non-severe": true, "severe": true}, "PublicationStatus": {"Published": true}, "PublicationType": {"Research": true}, "Section": {"Results": true}, "Species": {"9606": true}}, "citation": {"authors": ["Chen S", "Deng Y", "Fu Y", "Gao Z", "Hao JJ", "Hu L", "Li H", "Liu J", "Long H", "Ma Y", "Ren HW", "Shao C", "Wang CZ", "Wang J", "Wang JM", "Wang Z", "Xu QB", "Yanagihara R", "Yu WX", "Zuo Y"], "date": "2020-05-03", "db": "PubMed", "db_id": "32361738", "db_name": "Risk Factors Associated with Clinical Outcomes in 323 COVID-19 Hospitalized Patients in Wuhan, China.", "first": "Hu L", "journal": "Clinical infectious diseases : an official publication of the Infectious Diseases Society of America", "last": "Deng Y"}, "evidence": "Laboratory findings between patients with favorable and unfavorable outcomes showed differences in leukocyte and neutrophil counts and C-reactive protein, as well as lactate dehydrogenase, creatinine, alanine aminotransferase, aspartate aminotransferase, blood urea nitrogen, glucose, and serum amyloid A, which were all higher among patients with unfavorable outcomes.", "line": 78, "relation": "positiveCorrelation"}
path(DO:"COVID-19")	positiveCorrelation	a(CHEBI:glucose)	{"annotations": {"Disease_Stage": {"critical": true, "non-severe": true, "severe": true}, "PublicationStatus": {"Published": true}, "PublicationType": {"Research": true}, "Section": {"Results": true}, "Species": {"9606": true}}, "citation": {"authors": ["Chen S", "Deng Y", "Fu Y", "Gao Z", "Hao JJ", "Hu L", "Li H", "Liu J", "Long H", "Ma Y", "Ren HW", "Shao C", "Wang CZ", "Wang J", "Wang JM", "Wang Z", "Xu QB", "Yanagihara R", "Yu WX", "Zuo Y"], "date": "2020-05-03", "db": "PubMed", "db_id": "32361738", "db_name": "Risk Factors Associated with Clinical Outcomes in 323 COVID-19 Hospitalized Patients in Wuhan, China.", "first": "Hu L", "journal": "Clinical infectious diseases : an official publication of the Infectious Diseases Society of America", "last": "Deng Y"}, "evidence": "Laboratory findings between patients with favorable and unfavorable outcomes showed differences in leukocyte and neutrophil counts and C-reactive protein, as well as lactate dehydrogenase, creatinine, alanine aminotransferase, aspartate aminotransferase, blood urea nitrogen, glucose, and serum amyloid A, which were all higher among patients with unfavorable outcomes.", "line": 79, "relation": "positiveCorrelation"}
path(DO:"COVID-19")	positiveCorrelation	p(HGNC:SAA1)	{"annotations": {"Disease_Stage": {"critical": true, "non-severe": true, "severe": true}, "PublicationStatus": {"Published": true}, "PublicationType": {"Research": true}, "Section": {"Results": true}, "Species": {"9606": true}}, "citation": {"authors": ["Chen S", "Deng Y", "Fu Y", "Gao Z", "Hao JJ", "Hu L", "Li H", "Liu J", "Long H", "Ma Y", "Ren HW", "Shao C", "Wang CZ", "Wang J", "Wang JM", "Wang Z", "Xu QB", "Yanagihara R", "Yu WX", "Zuo Y"], "date": "2020-05-03", "db": "PubMed", "db_id": "32361738", "db_name": "Risk Factors Associated with Clinical Outcomes in 323 COVID-19 Hospitalized Patients in Wuhan, China.", "first": "Hu L", "journal": "Clinical infectious diseases : an official publication of the Infectious Diseases Society of America", "last": "Deng Y"}, "evidence": "Laboratory findings between patients with favorable and unfavorable outcomes showed differences in leukocyte and neutrophil counts and C-reactive protein, as well as lactate dehydrogenase, creatinine, alanine aminotransferase, aspartate aminotransferase, blood urea nitrogen, glucose, and serum amyloid A, which were all higher among patients with unfavorable outcomes.", "line": 80, "relation": "positiveCorrelation"}
path(DO:"COVID-19")	association	bp(GO:aging)	{"annotations": {"PublicationStatus": {"Published": true}, "PublicationType": {"Research": true}, "Section": {"Results": true}, "Species": {"9606": true}}, "citation": {"authors": ["Chen S", "Deng Y", "Fu Y", "Gao Z", "Hao JJ", "Hu L", "Li H", "Liu J", "Long H", "Ma Y", "Ren HW", "Shao C", "Wang CZ", "Wang J", "Wang JM", "Wang Z", "Xu QB", "Yanagihara R", "Yu WX", "Zuo Y"], "date": "2020-05-03", "db": "PubMed", "db_id": "32361738", "db_name": "Risk Factors Associated with Clinical Outcomes in 323 COVID-19 Hospitalized Patients in Wuhan, China.", "first": "Hu L", "journal": "Clinical infectious diseases : an official publication of the Infectious Diseases Society of America", "last": "Deng Y"}, "evidence": "The results indicated that age (patients over 65 years) (OR=3.546, 95%CI=1.626\u20137.733, p<0.001), smoking (OR=3.464, 95%CI=1.18\u201310.166, p=0.001), critical disease designation (OR=7.390, 95%CI=2.056\u201326.569, p=0.002), diabetes (OR=3.109, 95%CI=1.155\u20138.373, p=0.025), abnormal higher hypersensitive troponin I (>0.04 pg/mL) (OR=4.388, 95%CI=1.261\u201315.271, p=0.02), white blood cell count (>10x109 /L ) (OR=10.853, 95%CI=3.040\u201338.748, p<0.001) and neutrophil count (>75 x109 /L) (OR=5.929, 95%CI=2.299\u201315.290, p<0.001) were associated with unfavorable clinical outcome, and hypnotics showed significant protective effects on patient outcomes (OR=0.082, 95%CI=0.025\u20130.274, p<0.001) (Fig. 2A).", "line": 119, "relation": "association"}
path(DO:"COVID-19")	association	path(MESH:Smoking)	{"annotations": {"PublicationStatus": {"Published": true}, "PublicationType": {"Research": true}, "Section": {"Results": true}, "Species": {"9606": true}}, "citation": {"authors": ["Chen S", "Deng Y", "Fu Y", "Gao Z", "Hao JJ", "Hu L", "Li H", "Liu J", "Long H", "Ma Y", "Ren HW", "Shao C", "Wang CZ", "Wang J", "Wang JM", "Wang Z", "Xu QB", "Yanagihara R", "Yu WX", "Zuo Y"], "date": "2020-05-03", "db": "PubMed", "db_id": "32361738", "db_name": "Risk Factors Associated with Clinical Outcomes in 323 COVID-19 Hospitalized Patients in Wuhan, China.", "first": "Hu L", "journal": "Clinical infectious diseases : an official publication of the Infectious Diseases Society of America", "last": "Deng Y"}, "evidence": "The results indicated that age (patients over 65 years) (OR=3.546, 95%CI=1.626\u20137.733, p<0.001), smoking (OR=3.464, 95%CI=1.18\u201310.166, p=0.001), critical disease designation (OR=7.390, 95%CI=2.056\u201326.569, p=0.002), diabetes (OR=3.109, 95%CI=1.155\u20138.373, p=0.025), abnormal higher hypersensitive troponin I (>0.04 pg/mL) (OR=4.388, 95%CI=1.261\u201315.271, p=0.02), white blood cell count (>10x109 /L ) (OR=10.853, 95%CI=3.040\u201338.748, p<0.001) and neutrophil count (>75 x109 /L) (OR=5.929, 95%CI=2.299\u201315.290, p<0.001) were associated with unfavorable clinical outcome, and hypnotics showed significant protective effects on patient outcomes (OR=0.082, 95%CI=0.025\u20130.274, p<0.001) (Fig. 2A).", "line": 120, "relation": "association"}
path(DO:"COVID-19")	association	path(DO:"diabetes mellitus")	{"annotations": {"PublicationStatus": {"Published": true}, "PublicationType": {"Research": true}, "Section": {"Results": true}, "Species": {"9606": true}}, "citation": {"authors": ["Chen S", "Deng Y", "Fu Y", "Gao Z", "Hao JJ", "Hu L", "Li H", "Liu J", "Long H", "Ma Y", "Ren HW", "Shao C", "Wang CZ", "Wang J", "Wang JM", "Wang Z", "Xu QB", "Yanagihara R", "Yu WX", "Zuo Y"], "date": "2020-05-03", "db": "PubMed", "db_id": "32361738", "db_name": "Risk Factors Associated with Clinical Outcomes in 323 COVID-19 Hospitalized Patients in Wuhan, China.", "first": "Hu L", "journal": "Clinical infectious diseases : an official publication of the Infectious Diseases Society of America", "last": "Deng Y"}, "evidence": "The results indicated that age (patients over 65 years) (OR=3.546, 95%CI=1.626\u20137.733, p<0.001), smoking (OR=3.464, 95%CI=1.18\u201310.166, p=0.001), critical disease designation (OR=7.390, 95%CI=2.056\u201326.569, p=0.002), diabetes (OR=3.109, 95%CI=1.155\u20138.373, p=0.025), abnormal higher hypersensitive troponin I (>0.04 pg/mL) (OR=4.388, 95%CI=1.261\u201315.271, p=0.02), white blood cell count (>10x109 /L ) (OR=10.853, 95%CI=3.040\u201338.748, p<0.001) and neutrophil count (>75 x109 /L) (OR=5.929, 95%CI=2.299\u201315.290, p<0.001) were associated with unfavorable clinical outcome, and hypnotics showed significant protective effects on patient outcomes (OR=0.082, 95%CI=0.025\u20130.274, p<0.001) (Fig. 2A).", "line": 121, "relation": "association"}
path(DO:"COVID-19")	association	p(HGNC:TNNT1)	{"annotations": {"PublicationStatus": {"Published": true}, "PublicationType": {"Research": true}, "Section": {"Results": true}, "Species": {"9606": true}}, "citation": {"authors": ["Chen S", "Deng Y", "Fu Y", "Gao Z", "Hao JJ", "Hu L", "Li H", "Liu J", "Long H", "Ma Y", "Ren HW", "Shao C", "Wang CZ", "Wang J", "Wang JM", "Wang Z", "Xu QB", "Yanagihara R", "Yu WX", "Zuo Y"], "date": "2020-05-03", "db": "PubMed", "db_id": "32361738", "db_name": "Risk Factors Associated with Clinical Outcomes in 323 COVID-19 Hospitalized Patients in Wuhan, China.", "first": "Hu L", "journal": "Clinical infectious diseases : an official publication of the Infectious Diseases Society of America", "last": "Deng Y"}, "evidence": "The results indicated that age (patients over 65 years) (OR=3.546, 95%CI=1.626\u20137.733, p<0.001), smoking (OR=3.464, 95%CI=1.18\u201310.166, p=0.001), critical disease designation (OR=7.390, 95%CI=2.056\u201326.569, p=0.002), diabetes (OR=3.109, 95%CI=1.155\u20138.373, p=0.025), abnormal higher hypersensitive troponin I (>0.04 pg/mL) (OR=4.388, 95%CI=1.261\u201315.271, p=0.02), white blood cell count (>10x109 /L ) (OR=10.853, 95%CI=3.040\u201338.748, p<0.001) and neutrophil count (>75 x109 /L) (OR=5.929, 95%CI=2.299\u201315.290, p<0.001) were associated with unfavorable clinical outcome, and hypnotics showed significant protective effects on patient outcomes (OR=0.082, 95%CI=0.025\u20130.274, p<0.001) (Fig. 2A).", "line": 122, "relation": "association"}
path(DO:"COVID-19")	association	p(HGNC:TNNI3)	{"annotations": {"PublicationStatus": {"Published": true}, "PublicationType": {"Research": true}, "Section": {"Results": true}, "Species": {"9606": true}}, "citation": {"authors": ["Chen S", "Deng Y", "Fu Y", "Gao Z", "Hao JJ", "Hu L", "Li H", "Liu J", "Long H", "Ma Y", "Ren HW", "Shao C", "Wang CZ", "Wang J", "Wang JM", "Wang Z", "Xu QB", "Yanagihara R", "Yu WX", "Zuo Y"], "date": "2020-05-03", "db": "PubMed", "db_id": "32361738", "db_name": "Risk Factors Associated with Clinical Outcomes in 323 COVID-19 Hospitalized Patients in Wuhan, China.", "first": "Hu L", "journal": "Clinical infectious diseases : an official publication of the Infectious Diseases Society of America", "last": "Deng Y"}, "evidence": "The results indicated that age (patients over 65 years) (OR=3.546, 95%CI=1.626\u20137.733, p<0.001), smoking (OR=3.464, 95%CI=1.18\u201310.166, p=0.001), critical disease designation (OR=7.390, 95%CI=2.056\u201326.569, p=0.002), diabetes (OR=3.109, 95%CI=1.155\u20138.373, p=0.025), abnormal higher hypersensitive troponin I (>0.04 pg/mL) (OR=4.388, 95%CI=1.261\u201315.271, p=0.02), white blood cell count (>10x109 /L ) (OR=10.853, 95%CI=3.040\u201338.748, p<0.001) and neutrophil count (>75 x109 /L) (OR=5.929, 95%CI=2.299\u201315.290, p<0.001) were associated with unfavorable clinical outcome, and hypnotics showed significant protective effects on patient outcomes (OR=0.082, 95%CI=0.025\u20130.274, p<0.001) (Fig. 2A).", "line": 123, "relation": "association"}
path(DO:"COVID-19")	association	p(HGNC:TNNT2)	{"annotations": {"PublicationStatus": {"Published": true}, "PublicationType": {"Research": true}, "Section": {"Results": true}, "Species": {"9606": true}}, "citation": {"authors": ["Chen S", "Deng Y", "Fu Y", "Gao Z", "Hao JJ", "Hu L", "Li H", "Liu J", "Long H", "Ma Y", "Ren HW", "Shao C", "Wang CZ", "Wang J", "Wang JM", "Wang Z", "Xu QB", "Yanagihara R", "Yu WX", "Zuo Y"], "date": "2020-05-03", "db": "PubMed", "db_id": "32361738", "db_name": "Risk Factors Associated with Clinical Outcomes in 323 COVID-19 Hospitalized Patients in Wuhan, China.", "first": "Hu L", "journal": "Clinical infectious diseases : an official publication of the Infectious Diseases Society of America", "last": "Deng Y"}, "evidence": "The results indicated that age (patients over 65 years) (OR=3.546, 95%CI=1.626\u20137.733, p<0.001), smoking (OR=3.464, 95%CI=1.18\u201310.166, p=0.001), critical disease designation (OR=7.390, 95%CI=2.056\u201326.569, p=0.002), diabetes (OR=3.109, 95%CI=1.155\u20138.373, p=0.025), abnormal higher hypersensitive troponin I (>0.04 pg/mL) (OR=4.388, 95%CI=1.261\u201315.271, p=0.02), white blood cell count (>10x109 /L ) (OR=10.853, 95%CI=3.040\u201338.748, p<0.001) and neutrophil count (>75 x109 /L) (OR=5.929, 95%CI=2.299\u201315.290, p<0.001) were associated with unfavorable clinical outcome, and hypnotics showed significant protective effects on patient outcomes (OR=0.082, 95%CI=0.025\u20130.274, p<0.001) (Fig. 2A).", "line": 124, "relation": "association"}
path(DO:"diabetes mellitus")	association	path(DO:"COVID-19")	{"annotations": {"PublicationStatus": {"Published": true}, "PublicationType": {"Research": true}, "Section": {"Results": true}, "Species": {"9606": true}}, "citation": {"authors": ["Chen S", "Deng Y", "Fu Y", "Gao Z", "Hao JJ", "Hu L", "Li H", "Liu J", "Long H", "Ma Y", "Ren HW", "Shao C", "Wang CZ", "Wang J", "Wang JM", "Wang Z", "Xu QB", "Yanagihara R", "Yu WX", "Zuo Y"], "date": "2020-05-03", "db": "PubMed", "db_id": "32361738", "db_name": "Risk Factors Associated with Clinical Outcomes in 323 COVID-19 Hospitalized Patients in Wuhan, China.", "first": "Hu L", "journal": "Clinical infectious diseases : an official publication of the Infectious Diseases Society of America", "last": "Deng Y"}, "evidence": "The results indicated that age (patients over 65 years) (OR=3.546, 95%CI=1.626\u20137.733, p<0.001), smoking (OR=3.464, 95%CI=1.18\u201310.166, p=0.001), critical disease designation (OR=7.390, 95%CI=2.056\u201326.569, p=0.002), diabetes (OR=3.109, 95%CI=1.155\u20138.373, p=0.025), abnormal higher hypersensitive troponin I (>0.04 pg/mL) (OR=4.388, 95%CI=1.261\u201315.271, p=0.02), white blood cell count (>10x109 /L ) (OR=10.853, 95%CI=3.040\u201338.748, p<0.001) and neutrophil count (>75 x109 /L) (OR=5.929, 95%CI=2.299\u201315.290, p<0.001) were associated with unfavorable clinical outcome, and hypnotics showed significant protective effects on patient outcomes (OR=0.082, 95%CI=0.025\u20130.274, p<0.001) (Fig. 2A).", "line": 121, "relation": "association"}
path(DO:diarrhea)	positiveCorrelation	path(DO:"COVID-19")	{"annotations": {"PublicationStatus": {"Published": true}, "PublicationType": {"Research": true}, "Section": {"Results": true}, "Species": {"9606": true}}, "citation": {"authors": ["Chen S", "Deng Y", "Fu Y", "Gao Z", "Hao JJ", "Hu L", "Li H", "Liu J", "Long H", "Ma Y", "Ren HW", "Shao C", "Wang CZ", "Wang J", "Wang JM", "Wang Z", "Xu QB", "Yanagihara R", "Yu WX", "Zuo Y"], "date": "2020-05-03", "db": "PubMed", "db_id": "32361738", "db_name": "Risk Factors Associated with Clinical Outcomes in 323 COVID-19 Hospitalized Patients in Wuhan, China.", "first": "Hu L", "journal": "Clinical infectious diseases : an official publication of the Infectious Diseases Society of America", "last": "Deng Y"}, "evidence": "On admission, fever (83.9%, 271/323) and cough (50.8%, 164/323) were the most common symptoms, while dyspnea (4.3%, 14/323), chest distress (0.9%, 3/323) and headache (0.9%, 3/323) were uncommon.", "line": 52, "relation": "positiveCorrelation"}
path(FIXME:"Pulmonary Consolidation")	positiveCorrelation	path(DO:"COVID-19")	{"annotations": {"PublicationStatus": {"Published": true}, "PublicationType": {"Research": true}, "Section": {"Results": true}, "Species": {"9606": true}}, "citation": {"authors": ["Chen S", "Deng Y", "Fu Y", "Gao Z", "Hao JJ", "Hu L", "Li H", "Liu J", "Long H", "Ma Y", "Ren HW", "Shao C", "Wang CZ", "Wang J", "Wang JM", "Wang Z", "Xu QB", "Yanagihara R", "Yu WX", "Zuo Y"], "date": "2020-05-03", "db": "PubMed", "db_id": "32361738", "db_name": "Risk Factors Associated with Clinical Outcomes in 323 COVID-19 Hospitalized Patients in Wuhan, China.", "first": "Hu L", "journal": "Clinical infectious diseases : an official publication of the Infectious Diseases Society of America", "last": "Deng Y"}, "evidence": "Multiple bilateral pulmonary consolidations and intralocular interstitial thickening were observed more frequently among patients with unfavorable outcomes (11.1%, 7/63) than those with favorable outcomes (0.8%,2/260).", "line": 64, "relation": "positiveCorrelation"}
path(HP:"Ground-glass opacification on pulmonary HRCT")	positiveCorrelation	path(DO:"COVID-19")	{"annotations": {"Disease_Stage": {"critical": true, "non-severe": true, "severe": true}, "PublicationStatus": {"Published": true}, "PublicationType": {"Research": true}, "Section": {"Results": true}, "Species": {"9606": true}}, "citation": {"authors": ["Chen S", "Deng Y", "Fu Y", "Gao Z", "Hao JJ", "Hu L", "Li H", "Liu J", "Long H", "Ma Y", "Ren HW", "Shao C", "Wang CZ", "Wang J", "Wang JM", "Wang Z", "Xu QB", "Yanagihara R", "Yu WX", "Zuo Y"], "date": "2020-05-03", "db": "PubMed", "db_id": "32361738", "db_name": "Risk Factors Associated with Clinical Outcomes in 323 COVID-19 Hospitalized Patients in Wuhan, China.", "first": "Hu L", "journal": "Clinical infectious diseases : an official publication of the Infectious Diseases Society of America", "last": "Deng Y"}, "evidence": "Ground-glass opacity (GGO) findings were bilateral in 55.0% (83/151), 52.1% (76/146) and 26.9% (7/26) of patients in the non-severe, severe and critical disease groups, respectively.", "line": 58, "relation": "positiveCorrelation"}
path(HP:"Intralobular interstitial thickening")	positiveCorrelation	path(DO:"COVID-19")	{"annotations": {"PublicationStatus": {"Published": true}, "PublicationType": {"Research": true}, "Section": {"Results": true}, "Species": {"9606": true}}, "citation": {"authors": ["Chen S", "Deng Y", "Fu Y", "Gao Z", "Hao JJ", "Hu L", "Li H", "Liu J", "Long H", "Ma Y", "Ren HW", "Shao C", "Wang CZ", "Wang J", "Wang JM", "Wang Z", "Xu QB", "Yanagihara R", "Yu WX", "Zuo Y"], "date": "2020-05-03", "db": "PubMed", "db_id": "32361738", "db_name": "Risk Factors Associated with Clinical Outcomes in 323 COVID-19 Hospitalized Patients in Wuhan, China.", "first": "Hu L", "journal": "Clinical infectious diseases : an official publication of the Infectious Diseases Society of America", "last": "Deng Y"}, "evidence": "Multiple bilateral pulmonary consolidations and intralocular interstitial thickening were observed more frequently among patients with unfavorable outcomes (11.1%, 7/63) than those with favorable outcomes (0.8%,2/260).", "line": 63, "relation": "positiveCorrelation"}
path(HP:"Respiratory distress")	positiveCorrelation	path(DO:"COVID-19")	{"annotations": {"PublicationStatus": {"Published": true}, "PublicationType": {"Research": true}, "Section": {"Results": true}, "Species": {"9606": true}}, "citation": {"authors": ["Chen S", "Deng Y", "Fu Y", "Gao Z", "Hao JJ", "Hu L", "Li H", "Liu J", "Long H", "Ma Y", "Ren HW", "Shao C", "Wang CZ", "Wang J", "Wang JM", "Wang Z", "Xu QB", "Yanagihara R", "Yu WX", "Zuo Y"], "date": "2020-05-03", "db": "PubMed", "db_id": "32361738", "db_name": "Risk Factors Associated with Clinical Outcomes in 323 COVID-19 Hospitalized Patients in Wuhan, China.", "first": "Hu L", "journal": "Clinical infectious diseases : an official publication of the Infectious Diseases Society of America", "last": "Deng Y"}, "evidence": "On admission, fever (83.9%, 271/323) and cough (50.8%, 164/323) were the most common symptoms, while dyspnea (4.3%, 14/323), chest distress (0.9%, 3/323) and headache (0.9%, 3/323) were uncommon.", "line": 51, "relation": "positiveCorrelation"}
path(MESH:Cough)	positiveCorrelation	path(DO:"COVID-19")	{"annotations": {"PublicationStatus": {"Published": true}, "PublicationType": {"Research": true}, "Section": {"Results": true}, "Species": {"9606": true}}, "citation": {"authors": ["Chen S", "Deng Y", "Fu Y", "Gao Z", "Hao JJ", "Hu L", "Li H", "Liu J", "Long H", "Ma Y", "Ren HW", "Shao C", "Wang CZ", "Wang J", "Wang JM", "Wang Z", "Xu QB", "Yanagihara R", "Yu WX", "Zuo Y"], "date": "2020-05-03", "db": "PubMed", "db_id": "32361738", "db_name": "Risk Factors Associated with Clinical Outcomes in 323 COVID-19 Hospitalized Patients in Wuhan, China.", "first": "Hu L", "journal": "Clinical infectious diseases : an official publication of the Infectious Diseases Society of America", "last": "Deng Y"}, "evidence": "On admission, fever (83.9%, 271/323) and cough (50.8%, 164/323) were the most common symptoms, while dyspnea (4.3%, 14/323), chest distress (0.9%, 3/323) and headache (0.9%, 3/323) were uncommon.", "line": 48, "relation": "positiveCorrelation"}
path(MESH:Dyspnea)	positiveCorrelation	path(DO:"COVID-19")	{"annotations": {"PublicationStatus": {"Published": true}, "PublicationType": {"Research": true}, "Section": {"Results": true}, "Species": {"9606": true}}, "citation": {"authors": ["Chen S", "Deng Y", "Fu Y", "Gao Z", "Hao JJ", "Hu L", "Li H", "Liu J", "Long H", "Ma Y", "Ren HW", "Shao C", "Wang CZ", "Wang J", "Wang JM", "Wang Z", "Xu QB", "Yanagihara R", "Yu WX", "Zuo Y"], "date": "2020-05-03", "db": "PubMed", "db_id": "32361738", "db_name": "Risk Factors Associated with Clinical Outcomes in 323 COVID-19 Hospitalized Patients in Wuhan, China.", "first": "Hu L", "journal": "Clinical infectious diseases : an official publication of the Infectious Diseases Society of America", "last": "Deng Y"}, "evidence": "On admission, fever (83.9%, 271/323) and cough (50.8%, 164/323) were the most common symptoms, while dyspnea (4.3%, 14/323), chest distress (0.9%, 3/323) and headache (0.9%, 3/323) were uncommon.", "line": 50, "relation": "positiveCorrelation"}
path(MESH:Fatigue)	positiveCorrelation	path(DO:"COVID-19")	{"annotations": {"PublicationStatus": {"Published": true}, "PublicationType": {"Research": true}, "Section": {"Results": true}, "Species": {"9606": true}}, "citation": {"authors": ["Chen S", "Deng Y", "Fu Y", "Gao Z", "Hao JJ", "Hu L", "Li H", "Liu J", "Long H", "Ma Y", "Ren HW", "Shao C", "Wang CZ", "Wang J", "Wang JM", "Wang Z", "Xu QB", "Yanagihara R", "Yu WX", "Zuo Y"], "date": "2020-05-03", "db": "PubMed", "db_id": "32361738", "db_name": "Risk Factors Associated with Clinical Outcomes in 323 COVID-19 Hospitalized Patients in Wuhan, China.", "first": "Hu L", "journal": "Clinical infectious diseases : an official publication of the Infectious Diseases Society of America", "last": "Deng Y"}, "evidence": "On admission, fever (83.9%, 271/323) and cough (50.8%, 164/323) were the most common symptoms, while dyspnea (4.3%, 14/323), chest distress (0.9%, 3/323) and headache (0.9%, 3/323) were uncommon.", "line": 49, "relation": "positiveCorrelation"}
path(MESH:Fever)	positiveCorrelation	path(DO:"COVID-19")	{"annotations": {"PublicationStatus": {"Published": true}, "PublicationType": {"Research": true}, "Section": {"Results": true}, "Species": {"9606": true}}, "citation": {"authors": ["Chen S", "Deng Y", "Fu Y", "Gao Z", "Hao JJ", "Hu L", "Li H", "Liu J", "Long H", "Ma Y", "Ren HW", "Shao C", "Wang CZ", "Wang J", "Wang JM", "Wang Z", "Xu QB", "Yanagihara R", "Yu WX", "Zuo Y"], "date": "2020-05-03", "db": "PubMed", "db_id": "32361738", "db_name": "Risk Factors Associated with Clinical Outcomes in 323 COVID-19 Hospitalized Patients in Wuhan, China.", "first": "Hu L", "journal": "Clinical infectious diseases : an official publication of the Infectious Diseases Society of America", "last": "Deng Y"}, "evidence": "On admission, fever (83.9%, 271/323) and cough (50.8%, 164/323) were the most common symptoms, while dyspnea (4.3%, 14/323), chest distress (0.9%, 3/323) and headache (0.9%, 3/323) were uncommon.", "line": 47, "relation": "positiveCorrelation"}
path(MESH:Headache)	positiveCorrelation	path(DO:"COVID-19")	{"annotations": {"PublicationStatus": {"Published": true}, "PublicationType": {"Research": true}, "Section": {"Results": true}, "Species": {"9606": true}}, "citation": {"authors": ["Chen S", "Deng Y", "Fu Y", "Gao Z", "Hao JJ", "Hu L", "Li H", "Liu J", "Long H", "Ma Y", "Ren HW", "Shao C", "Wang CZ", "Wang J", "Wang JM", "Wang Z", "Xu QB", "Yanagihara R", "Yu WX", "Zuo Y"], "date": "2020-05-03", "db": "PubMed", "db_id": "32361738", "db_name": "Risk Factors Associated with Clinical Outcomes in 323 COVID-19 Hospitalized Patients in Wuhan, China.", "first": "Hu L", "journal": "Clinical infectious diseases : an official publication of the Infectious Diseases Society of America", "last": "Deng Y"}, "evidence": "On admission, fever (83.9%, 271/323) and cough (50.8%, 164/323) were the most common symptoms, while dyspnea (4.3%, 14/323), chest distress (0.9%, 3/323) and headache (0.9%, 3/323) were uncommon.", "line": 53, "relation": "positiveCorrelation"}
path(MESH:Smoking)	association	path(DO:"COVID-19")	{"annotations": {"PublicationStatus": {"Published": true}, "PublicationType": {"Research": true}, "Section": {"Results": true}, "Species": {"9606": true}}, "citation": {"authors": ["Chen S", "Deng Y", "Fu Y", "Gao Z", "Hao JJ", "Hu L", "Li H", "Liu J", "Long H", "Ma Y", "Ren HW", "Shao C", "Wang CZ", "Wang J", "Wang JM", "Wang Z", "Xu QB", "Yanagihara R", "Yu WX", "Zuo Y"], "date": "2020-05-03", "db": "PubMed", "db_id": "32361738", "db_name": "Risk Factors Associated with Clinical Outcomes in 323 COVID-19 Hospitalized Patients in Wuhan, China.", "first": "Hu L", "journal": "Clinical infectious diseases : an official publication of the Infectious Diseases Society of America", "last": "Deng Y"}, "evidence": "The results indicated that age (patients over 65 years) (OR=3.546, 95%CI=1.626\u20137.733, p<0.001), smoking (OR=3.464, 95%CI=1.18\u201310.166, p=0.001), critical disease designation (OR=7.390, 95%CI=2.056\u201326.569, p=0.002), diabetes (OR=3.109, 95%CI=1.155\u20138.373, p=0.025), abnormal higher hypersensitive troponin I (>0.04 pg/mL) (OR=4.388, 95%CI=1.261\u201315.271, p=0.02), white blood cell count (>10x109 /L ) (OR=10.853, 95%CI=3.040\u201338.748, p<0.001) and neutrophil count (>75 x109 /L) (OR=5.929, 95%CI=2.299\u201315.290, p<0.001) were associated with unfavorable clinical outcome, and hypnotics showed significant protective effects on patient outcomes (OR=0.082, 95%CI=0.025\u20130.274, p<0.001) (Fig. 2A).", "line": 120, "relation": "association"}
