a(CHEBI:Meperidine)	partOf	complex(a(CHEBI:Meperidine), p(COVID:ORF1ab, frag("819_2763")))	{"relation": "partOf"}
a(CHEBI:Naphazoline)	partOf	complex(a(CHEBI:Naphazoline), p(COVID:ORF1ab, frag("819_2763")))	{"relation": "partOf"}
a(CHEBI:amitriptyline)	partOf	complex(a(CHEBI:amitriptyline), p(COVID:ORF1ab, frag("819_2763")))	{"relation": "partOf"}
a(CHEBI:benzylpenicillin)	partOf	complex(a(CHEBI:benzylpenicillin), p(COVID:ORF1ab, frag("819_2763")))	{"relation": "partOf"}
a(CHEBI:chloroquine)	partOf	complex(a(CHEBI:chloroquine), p(COVID:ORF1ab, frag("819_2763")))	{"relation": "partOf"}
a(CHEBI:chlorothiazide)	partOf	complex(a(CHEBI:chlorothiazide), p(COVID:ORF1ab, frag("819_2763")))	{"relation": "partOf"}
a(CHEBI:cinacalcet)	partOf	complex(a(CHEBI:cinacalcet), p(COVID:ORF1ab, frag("819_2763")))	{"relation": "partOf"}
a(CHEBI:ethoheptazine)	partOf	complex(a(CHEBI:ethoheptazine), p(COVID:ORF1ab, frag("819_2763")))	{"relation": "partOf"}
a(CHEBI:formoterol)	partOf	complex(a(CHEBI:formoterol), p(COVID:ORF1ab, frag("819_2763")))	{"relation": "partOf"}
a(CHEBI:labetalol)	partOf	complex(a(CHEBI:labetalol), p(COVID:ORF1ab, frag("819_2763")))	{"relation": "partOf"}
a(CHEBI:levamisole)	partOf	complex(a(CHEBI:levamisole), p(COVID:ORF1ab, frag("819_2763")))	{"relation": "partOf"}
a(CHEBI:procainamide)	partOf	complex(a(CHEBI:procainamide), p(COVID:ORF1ab, frag("819_2763")))	{"relation": "partOf"}
a(CHEBI:terbinafine)	partOf	complex(a(CHEBI:terbinafine), p(COVID:ORF1ab, frag("819_2763")))	{"relation": "partOf"}
a(CHEBI:tetryzoline)	partOf	complex(a(CHEBI:tetryzoline), p(COVID:ORF1ab, frag("819_2763")))	{"relation": "partOf"}
a(CHEBI:ticlopidine)	partOf	complex(a(CHEBI:ticlopidine), p(COVID:ORF1ab, frag("819_2763")))	{"relation": "partOf"}
a(PUBCHEM:4891)	partOf	complex(a(PUBCHEM:4891), p(COVID:ORF1ab, frag("819_2763")))	{"relation": "partOf"}
complex(a(CHEBI:Meperidine), p(COVID:ORF1ab, frag("819_2763")))	decreases	p(COVID:ORF1ab, frag("819_2763"))	{"annotations": {"BioAssay": {"molecular docking": true}, "PublicationStatus": {"Published": true}, "PublicationType": {"Research": true}, "Section": {"Results": true}}, "citation": {"db": "DOI", "db_id": "10.26434/chemrxiv.11860011"}, "evidence": "These promising inhibitors of SARS-CoV-2 PLpro are listed in Table 1, and their docked poses are shown in Figure 2.", "line": 56, "relation": "decreases"}
p(COVID:ORF1ab, frag("819_2763"))	partOf	complex(a(CHEBI:Meperidine), p(COVID:ORF1ab, frag("819_2763")))	{"relation": "partOf"}
p(COVID:ORF1ab, frag("819_2763"))	partOf	complex(a(CHEBI:Naphazoline), p(COVID:ORF1ab, frag("819_2763")))	{"relation": "partOf"}
p(COVID:ORF1ab, frag("819_2763"))	partOf	complex(a(CHEBI:amitriptyline), p(COVID:ORF1ab, frag("819_2763")))	{"relation": "partOf"}
p(COVID:ORF1ab, frag("819_2763"))	partOf	complex(a(CHEBI:benzylpenicillin), p(COVID:ORF1ab, frag("819_2763")))	{"relation": "partOf"}
p(COVID:ORF1ab, frag("819_2763"))	partOf	complex(a(CHEBI:chloroquine), p(COVID:ORF1ab, frag("819_2763")))	{"relation": "partOf"}
p(COVID:ORF1ab, frag("819_2763"))	partOf	complex(a(CHEBI:chlorothiazide), p(COVID:ORF1ab, frag("819_2763")))	{"relation": "partOf"}
p(COVID:ORF1ab, frag("819_2763"))	partOf	complex(a(CHEBI:cinacalcet), p(COVID:ORF1ab, frag("819_2763")))	{"relation": "partOf"}
p(COVID:ORF1ab, frag("819_2763"))	partOf	complex(a(CHEBI:ethoheptazine), p(COVID:ORF1ab, frag("819_2763")))	{"relation": "partOf"}
p(COVID:ORF1ab, frag("819_2763"))	partOf	complex(a(CHEBI:formoterol), p(COVID:ORF1ab, frag("819_2763")))	{"relation": "partOf"}
p(COVID:ORF1ab, frag("819_2763"))	partOf	complex(a(CHEBI:labetalol), p(COVID:ORF1ab, frag("819_2763")))	{"relation": "partOf"}
p(COVID:ORF1ab, frag("819_2763"))	partOf	complex(a(CHEBI:levamisole), p(COVID:ORF1ab, frag("819_2763")))	{"relation": "partOf"}
p(COVID:ORF1ab, frag("819_2763"))	partOf	complex(a(CHEBI:procainamide), p(COVID:ORF1ab, frag("819_2763")))	{"relation": "partOf"}
p(COVID:ORF1ab, frag("819_2763"))	partOf	complex(a(CHEBI:terbinafine), p(COVID:ORF1ab, frag("819_2763")))	{"relation": "partOf"}
p(COVID:ORF1ab, frag("819_2763"))	partOf	complex(a(CHEBI:tetryzoline), p(COVID:ORF1ab, frag("819_2763")))	{"relation": "partOf"}
p(COVID:ORF1ab, frag("819_2763"))	partOf	complex(a(CHEBI:ticlopidine), p(COVID:ORF1ab, frag("819_2763")))	{"relation": "partOf"}
p(COVID:ORF1ab, frag("819_2763"))	partOf	complex(a(PUBCHEM:4891), p(COVID:ORF1ab, frag("819_2763")))	{"relation": "partOf"}
p(COVID:ORF1ab)	hasVariant	p(COVID:ORF1ab, frag("819_2763"))	{"relation": "hasVariant"}
complex(a(CHEBI:Naphazoline), p(COVID:ORF1ab, frag("819_2763")))	decreases	p(COVID:ORF1ab, frag("819_2763"))	{"annotations": {"BioAssay": {"molecular docking": true}, "PublicationStatus": {"Published": true}, "PublicationType": {"Research": true}, "Section": {"Results": true}}, "citation": {"db": "DOI", "db_id": "10.26434/chemrxiv.11860011"}, "evidence": "These promising inhibitors of SARS-CoV-2 PLpro are listed in Table 1, and their docked poses are shown in Figure 2.", "line": 49, "relation": "decreases"}
complex(a(CHEBI:amitriptyline), p(COVID:ORF1ab, frag("819_2763")))	decreases	p(COVID:ORF1ab, frag("819_2763"))	{"annotations": {"BioAssay": {"molecular docking": true}, "PublicationStatus": {"Published": true}, "PublicationType": {"Research": true}, "Section": {"Results": true}}, "citation": {"db": "DOI", "db_id": "10.26434/chemrxiv.11860011"}, "evidence": "These promising inhibitors of SARS-CoV-2 PLpro are listed in Table 1, and their docked poses are shown in Figure 2.", "line": 50, "relation": "decreases"}
complex(a(CHEBI:benzylpenicillin), p(COVID:ORF1ab, frag("819_2763")))	decreases	p(COVID:ORF1ab, frag("819_2763"))	{"annotations": {"BioAssay": {"molecular docking": true}, "PublicationStatus": {"Published": true}, "PublicationType": {"Research": true}, "Section": {"Results": true}}, "citation": {"db": "DOI", "db_id": "10.26434/chemrxiv.11860011"}, "evidence": "These promising inhibitors of SARS-CoV-2 PLpro are listed in Table 1, and their docked poses are shown in Figure 2.", "line": 48, "relation": "decreases"}
complex(a(CHEBI:chloroquine), p(COVID:ORF1ab, frag("819_2763")))	decreases	p(COVID:ORF1ab, frag("819_2763"))	{"annotations": {"BioAssay": {"molecular docking": true}, "PublicationStatus": {"Published": true}, "PublicationType": {"Research": true}, "Section": {"Results": true}}, "citation": {"db": "DOI", "db_id": "10.26434/chemrxiv.11860011"}, "evidence": "These promising inhibitors of SARS-CoV-2 PLpro are listed in Table 1, and their docked poses are shown in Figure 2.", "line": 46, "relation": "decreases"}
complex(a(CHEBI:chlorothiazide), p(COVID:ORF1ab, frag("819_2763")))	decreases	p(COVID:ORF1ab, frag("819_2763"))	{"annotations": {"BioAssay": {"molecular docking": true}, "PublicationStatus": {"Published": true}, "PublicationType": {"Research": true}, "Section": {"Results": true}}, "citation": {"db": "DOI", "db_id": "10.26434/chemrxiv.11860011"}, "evidence": "These promising inhibitors of SARS-CoV-2 PLpro are listed in Table 1, and their docked poses are shown in Figure 2.", "line": 45, "relation": "decreases"}
complex(a(CHEBI:cinacalcet), p(COVID:ORF1ab, frag("819_2763")))	decreases	p(COVID:ORF1ab, frag("819_2763"))	{"annotations": {"BioAssay": {"molecular docking": true}, "PublicationStatus": {"Published": true}, "PublicationType": {"Research": true}, "Section": {"Results": true}}, "citation": {"db": "DOI", "db_id": "10.26434/chemrxiv.11860011"}, "evidence": "These promising inhibitors of SARS-CoV-2 PLpro are listed in Table 1, and their docked poses are shown in Figure 2.", "line": 59, "relation": "decreases"}
complex(a(CHEBI:ethoheptazine), p(COVID:ORF1ab, frag("819_2763")))	decreases	p(COVID:ORF1ab, frag("819_2763"))	{"annotations": {"BioAssay": {"molecular docking": true}, "PublicationStatus": {"Published": true}, "PublicationType": {"Research": true}, "Section": {"Results": true}}, "citation": {"db": "DOI", "db_id": "10.26434/chemrxiv.11860011"}, "evidence": "These promising inhibitors of SARS-CoV-2 PLpro are listed in Table 1, and their docked poses are shown in Figure 2.", "line": 52, "relation": "decreases"}
complex(a(CHEBI:formoterol), p(COVID:ORF1ab, frag("819_2763")))	decreases	p(COVID:ORF1ab, frag("819_2763"))	{"annotations": {"BioAssay": {"molecular docking": true}, "PublicationStatus": {"Published": true}, "PublicationType": {"Research": true}, "Section": {"Results": true}}, "citation": {"db": "DOI", "db_id": "10.26434/chemrxiv.11860011"}, "evidence": "These promising inhibitors of SARS-CoV-2 PLpro are listed in Table 1, and their docked poses are shown in Figure 2.", "line": 47, "relation": "decreases"}
complex(a(CHEBI:labetalol), p(COVID:ORF1ab, frag("819_2763")))	decreases	p(COVID:ORF1ab, frag("819_2763"))	{"annotations": {"BioAssay": {"molecular docking": true}, "PublicationStatus": {"Published": true}, "PublicationType": {"Research": true}, "Section": {"Results": true}}, "citation": {"db": "DOI", "db_id": "10.26434/chemrxiv.11860011"}, "evidence": "These promising inhibitors of SARS-CoV-2 PLpro are listed in Table 1, and their docked poses are shown in Figure 2.", "line": 55, "relation": "decreases"}
complex(a(CHEBI:levamisole), p(COVID:ORF1ab, frag("819_2763")))	decreases	p(COVID:ORF1ab, frag("819_2763"))	{"annotations": {"BioAssay": {"molecular docking": true}, "PublicationStatus": {"Published": true}, "PublicationType": {"Research": true}, "Section": {"Results": true}}, "citation": {"db": "DOI", "db_id": "10.26434/chemrxiv.11860011"}, "evidence": "These promising inhibitors of SARS-CoV-2 PLpro are listed in Table 1, and their docked poses are shown in Figure 2.", "line": 51, "relation": "decreases"}
complex(a(CHEBI:procainamide), p(COVID:ORF1ab, frag("819_2763")))	decreases	p(COVID:ORF1ab, frag("819_2763"))	{"annotations": {"BioAssay": {"molecular docking": true}, "PublicationStatus": {"Published": true}, "PublicationType": {"Research": true}, "Section": {"Results": true}}, "citation": {"db": "DOI", "db_id": "10.26434/chemrxiv.11860011"}, "evidence": "These promising inhibitors of SARS-CoV-2 PLpro are listed in Table 1, and their docked poses are shown in Figure 2.", "line": 58, "relation": "decreases"}
complex(a(CHEBI:terbinafine), p(COVID:ORF1ab, frag("819_2763")))	decreases	p(COVID:ORF1ab, frag("819_2763"))	{"annotations": {"BioAssay": {"molecular docking": true}, "PublicationStatus": {"Published": true}, "PublicationType": {"Research": true}, "Section": {"Results": true}}, "citation": {"db": "DOI", "db_id": "10.26434/chemrxiv.11860011"}, "evidence": "These promising inhibitors of SARS-CoV-2 PLpro are listed in Table 1, and their docked poses are shown in Figure 2.", "line": 57, "relation": "decreases"}
complex(a(CHEBI:tetryzoline), p(COVID:ORF1ab, frag("819_2763")))	decreases	p(COVID:ORF1ab, frag("819_2763"))	{"annotations": {"BioAssay": {"molecular docking": true}, "PublicationStatus": {"Published": true}, "PublicationType": {"Research": true}, "Section": {"Results": true}}, "citation": {"db": "DOI", "db_id": "10.26434/chemrxiv.11860011"}, "evidence": "These promising inhibitors of SARS-CoV-2 PLpro are listed in Table 1, and their docked poses are shown in Figure 2.", "line": 54, "relation": "decreases"}
complex(a(CHEBI:ticlopidine), p(COVID:ORF1ab, frag("819_2763")))	decreases	p(COVID:ORF1ab, frag("819_2763"))	{"annotations": {"BioAssay": {"molecular docking": true}, "PublicationStatus": {"Published": true}, "PublicationType": {"Research": true}, "Section": {"Results": true}}, "citation": {"db": "DOI", "db_id": "10.26434/chemrxiv.11860011"}, "evidence": "These promising inhibitors of SARS-CoV-2 PLpro are listed in Table 1, and their docked poses are shown in Figure 2.", "line": 53, "relation": "decreases"}
complex(a(PUBCHEM:4891), p(COVID:ORF1ab, frag("819_2763")))	decreases	p(COVID:ORF1ab, frag("819_2763"))	{"annotations": {"BioAssay": {"molecular docking": true}, "PublicationStatus": {"Published": true}, "PublicationType": {"Research": true}, "Section": {"Results": true}}, "citation": {"db": "DOI", "db_id": "10.26434/chemrxiv.11860011"}, "evidence": "These promising inhibitors of SARS-CoV-2 PLpro are listed in Table 1, and their docked poses are shown in Figure 2.", "line": 44, "relation": "decreases"}
