a(CHEBI:daclatasvir)	partOf	complex(a(CHEBI:daclatasvir), p(COVID:ORF1ab, frag("4393_5324")))	{"relation": "partOf"}
a(CHEBI:daclatasvir)	partOf	complex(a(CHEBI:daclatasvir), p(COVID:ORF1ab, frag("819_2763")))	{"relation": "partOf"}
a(CHEBI:delavirdine)	partOf	complex(a(CHEBI:delavirdine), p(COVID:ORF1ab, frag("4393_5324")))	{"relation": "partOf"}
a(CHEBI:elbasvir)	partOf	complex(a(CHEBI:elbasvir), p(COVID:ORF1ab, frag("3264_3569")))	{"relation": "partOf"}
a(CHEBI:elbasvir)	partOf	complex(a(CHEBI:elbasvir), p(COVID:ORF1ab, frag("4393_5324")))	{"relation": "partOf"}
a(CHEBI:elbasvir)	partOf	complex(a(CHEBI:elbasvir), p(COVID:ORF1ab, frag("5325_5925")))	{"relation": "partOf"}
a(CHEBI:elbasvir)	partOf	complex(a(CHEBI:elbasvir), p(COVID:ORF1ab, frag("6799_7096")))	{"relation": "partOf"}
a(CHEBI:elbasvir)	partOf	complex(a(CHEBI:elbasvir), p(COVID:ORF1ab, frag("819_2763")))	{"relation": "partOf"}
a(CHEBI:elbasvir)	partOf	complex(a(CHEBI:elbasvir), p(COVID:S))	{"relation": "partOf"}
a(CHEBI:elbasvir)	partOf	complex(a(CHEBI:elbasvir), p(COVID:S), p(HGNC:ACE2))	{"relation": "partOf"}
a(CHEBI:elbasvir)	decreases	complex(a(GO:"RNA viral genome"), p(COVID:ORF1ab, frag("4393_5324")))	{"annotations": {"BioAssay": {"molecular docking": true}, "PublicationStatus": {"Preprint": true}, "PublicationType": {"Research": true}, "Section": {"Results": true}}, "citation": {"db": "DOI", "db_id": "10.26434/chemrxiv.12084822.v2"}, "evidence": "We found that elbasvir blocked RNA binding, although RdRP readily bound RNA in the absence of a drug (Figure 5, a & b).", "line": 73, "relation": "decreases"}
a(CHEBI:elbasvir)	decreases	complex(a(GO:"DNA viral genome"), p(COVID:ORF1ab, frag("5325_5925")))	{"annotations": {"BioAssay": {"molecular docking": true}, "PublicationStatus": {"Preprint": true}, "PublicationType": {"Research": true}, "Section": {"Results": true}}, "citation": {"db": "DOI", "db_id": "10.26434/chemrxiv.12084822.v2"}, "evidence": "Elbasvir prevented helicase from binding to ssDNA, in contrast to stable binding in the absence of drug (Figure 5, c & d).", "line": 78, "relation": "decreases"}
a(CHEBI:ribavirin)	partOf	complex(a(CHEBI:ribavirin), p(COVID:ORF1ab, frag("4393_5324")))	{"relation": "partOf"}
a(CHEBI:sofosbuvir)	partOf	complex(a(CHEBI:sofosbuvir), p(COVID:ORF1ab, frag("4393_5324")))	{"relation": "partOf"}
a(CHEBI:sofosbuvir)	partOf	complex(a(CHEBI:sofosbuvir), p(COVID:ORF1ab, frag("819_2763")))	{"relation": "partOf"}
a(GO:"DNA viral genome")	partOf	complex(a(GO:"DNA viral genome"), p(COVID:ORF1ab, frag("5325_5925")))	{"relation": "partOf"}
a(GO:"RNA viral genome")	partOf	complex(a(GO:"RNA viral genome"), p(COVID:ORF1ab, frag("4393_5324")))	{"relation": "partOf"}
a(PUBCHEM:89921642)	partOf	complex(a(PUBCHEM:89921642), p(COVID:ORF1ab, frag("819_2763")))	{"relation": "partOf"}
a(TAX:"Severe acute respiratory syndrome coronavirus 2")	association	bp(MESH:"Virus Replication")	{"annotations": {"BioAssay": {"molecular docking": true}, "PublicationStatus": {"Preprint": true}, "PublicationType": {"Research": true}, "Section": {"Results": true}}, "citation": {"db": "DOI", "db_id": "10.26434/chemrxiv.12084822.v2"}, "evidence": "We selected three viral proteins that play essential roles in replication of the RNA genome of SARS-CoV-2: (1) RNA-dependent RNA polymerase (RdRP), (2) papain-like proteinase, and (3) helicase.", "line": 49, "relation": "association"}
bp(GO:"viral entry into host cell")	increases	path(DO:"COVID-19")	{"annotations": {"BioAssay": {"molecular docking": true}, "PublicationStatus": {"Preprint": true}, "PublicationType": {"Research": true}, "Section": {"Results": true}}, "citation": {"db": "DOI", "db_id": "10.26434/chemrxiv.12084822.v2"}, "evidence": "Elbasvir is predicted to bind stably (\u0394G \u2264 \u201210.5) to RdRP, helicase, guanine-N7 methyltransferase, papain-like proteinase, proteinase SCL-PRO, and surface glycoprotein S, alone or in a complex with ACE2 (angiotensin converting enzyme 2), a host-cell protein exploited by SARS- CoV-2 for cell entry.", "line": 89, "relation": "increases"}
bp(MESH:"Virus Replication")	association	a(TAX:"Severe acute respiratory syndrome coronavirus 2")	{"annotations": {"BioAssay": {"molecular docking": true}, "PublicationStatus": {"Preprint": true}, "PublicationType": {"Research": true}, "Section": {"Results": true}}, "citation": {"db": "DOI", "db_id": "10.26434/chemrxiv.12084822.v2"}, "evidence": "We selected three viral proteins that play essential roles in replication of the RNA genome of SARS-CoV-2: (1) RNA-dependent RNA polymerase (RdRP), (2) papain-like proteinase, and (3) helicase.", "line": 49, "relation": "association"}
complex(a(CHEBI:daclatasvir), p(COVID:ORF1ab, frag("4393_5324")))	decreases	act(p(COVID:ORF1ab, frag("4393_5324")))	{"annotations": {"BioAssay": {"molecular docking": true}, "PublicationStatus": {"Preprint": true}, "PublicationType": {"Research": true}, "Section": {"Results": true}}, "citation": {"db": "DOI", "db_id": "10.26434/chemrxiv.12084822.v2"}, "evidence": "Other drugs predicted to have stable binding to RdRP include daclatasvir, delavirdine, ribavirin and sofosbuvir, but all showed lower affinity than elbasvir. We therefore focused on elbasvir as the most promising candidate for the RdRP target.", "line": 53, "object": {"modifier": "Activity"}, "relation": "decreases"}
p(COVID:ORF1ab, frag("4393_5324"))	partOf	complex(a(CHEBI:daclatasvir), p(COVID:ORF1ab, frag("4393_5324")))	{"relation": "partOf"}
p(COVID:ORF1ab, frag("4393_5324"))	partOf	complex(a(CHEBI:delavirdine), p(COVID:ORF1ab, frag("4393_5324")))	{"relation": "partOf"}
p(COVID:ORF1ab, frag("4393_5324"))	partOf	complex(a(CHEBI:elbasvir), p(COVID:ORF1ab, frag("4393_5324")))	{"relation": "partOf"}
p(COVID:ORF1ab, frag("4393_5324"))	partOf	complex(a(CHEBI:ribavirin), p(COVID:ORF1ab, frag("4393_5324")))	{"relation": "partOf"}
p(COVID:ORF1ab, frag("4393_5324"))	partOf	complex(a(CHEBI:sofosbuvir), p(COVID:ORF1ab, frag("4393_5324")))	{"relation": "partOf"}
p(COVID:ORF1ab, frag("4393_5324"))	partOf	complex(a(GO:"RNA viral genome"), p(COVID:ORF1ab, frag("4393_5324")))	{"relation": "partOf"}
act(p(COVID:ORF1ab, frag("4393_5324")))	increases	bp(MESH:"Virus Replication")	{"annotations": {"BioAssay": {"molecular docking": true}, "PublicationStatus": {"Preprint": true}, "PublicationType": {"Research": true}, "Section": {"Results": true}}, "citation": {"db": "DOI", "db_id": "10.26434/chemrxiv.12084822.v2"}, "evidence": "We selected three viral proteins that play essential roles in replication of the RNA genome of SARS-CoV-2: (1) RNA-dependent RNA polymerase (RdRP), (2) papain-like proteinase, and (3) helicase.", "line": 46, "relation": "increases", "subject": {"modifier": "Activity"}}
p(COVID:ORF1ab)	hasVariant	p(COVID:ORF1ab, frag("4393_5324"))	{"relation": "hasVariant"}
p(COVID:ORF1ab)	hasVariant	p(COVID:ORF1ab, frag("819_2763"))	{"relation": "hasVariant"}
p(COVID:ORF1ab)	hasVariant	p(COVID:ORF1ab, frag("3264_3569"))	{"relation": "hasVariant"}
p(COVID:ORF1ab)	hasVariant	p(COVID:ORF1ab, frag("5325_5925"))	{"relation": "hasVariant"}
p(COVID:ORF1ab)	hasVariant	p(COVID:ORF1ab, frag("6799_7096"))	{"relation": "hasVariant"}
complex(a(CHEBI:daclatasvir), p(COVID:ORF1ab, frag("819_2763")))	decreases	act(p(COVID:ORF1ab, frag("819_2763")))	{"annotations": {"BioAssay": {"molecular docking": true}, "PublicationStatus": {"Preprint": true}, "PublicationType": {"Research": true}, "Section": {"Results": true}}, "citation": {"db": "DOI", "db_id": "10.26434/chemrxiv.12084822.v2"}, "evidence": "Other drugs, including voxilaprevir, daclatasvir and sofosbuvir (Figure 3c), bound with lower stability (higher \u0394G) than elbasvir.", "line": 66, "object": {"modifier": "Activity"}, "relation": "decreases"}
p(COVID:ORF1ab, frag("819_2763"))	partOf	complex(a(CHEBI:daclatasvir), p(COVID:ORF1ab, frag("819_2763")))	{"relation": "partOf"}
p(COVID:ORF1ab, frag("819_2763"))	partOf	complex(a(CHEBI:elbasvir), p(COVID:ORF1ab, frag("819_2763")))	{"relation": "partOf"}
p(COVID:ORF1ab, frag("819_2763"))	partOf	complex(a(CHEBI:sofosbuvir), p(COVID:ORF1ab, frag("819_2763")))	{"relation": "partOf"}
p(COVID:ORF1ab, frag("819_2763"))	partOf	complex(a(PUBCHEM:89921642), p(COVID:ORF1ab, frag("819_2763")))	{"relation": "partOf"}
act(p(COVID:ORF1ab, frag("819_2763")))	increases	bp(MESH:"Virus Replication")	{"annotations": {"BioAssay": {"molecular docking": true}, "PublicationStatus": {"Preprint": true}, "PublicationType": {"Research": true}, "Section": {"Results": true}}, "citation": {"db": "DOI", "db_id": "10.26434/chemrxiv.12084822.v2"}, "evidence": "We selected three viral proteins that play essential roles in replication of the RNA genome of SARS-CoV-2: (1) RNA-dependent RNA polymerase (RdRP), (2) papain-like proteinase, and (3) helicase.", "line": 47, "relation": "increases", "subject": {"modifier": "Activity"}}
complex(a(CHEBI:delavirdine), p(COVID:ORF1ab, frag("4393_5324")))	decreases	act(p(COVID:ORF1ab, frag("4393_5324")))	{"annotations": {"BioAssay": {"molecular docking": true}, "PublicationStatus": {"Preprint": true}, "PublicationType": {"Research": true}, "Section": {"Results": true}}, "citation": {"db": "DOI", "db_id": "10.26434/chemrxiv.12084822.v2"}, "evidence": "Other drugs predicted to have stable binding to RdRP include daclatasvir, delavirdine, ribavirin and sofosbuvir, but all showed lower affinity than elbasvir. We therefore focused on elbasvir as the most promising candidate for the RdRP target.", "line": 54, "object": {"modifier": "Activity"}, "relation": "decreases"}
complex(a(CHEBI:elbasvir), p(COVID:ORF1ab, frag("3264_3569")))	decreases	act(p(COVID:ORF1ab, frag("3264_3569")))	{"annotations": {"BioAssay": {"molecular docking": true}, "PublicationStatus": {"Preprint": true}, "PublicationType": {"Research": true}, "Section": {"Results": true}}, "citation": {"db": "DOI", "db_id": "10.26434/chemrxiv.12084822.v2"}, "evidence": "Elbasvir is predicted to bind stably (\u0394G \u2264 \u201210.5) to RdRP, helicase, guanine-N7 methyltransferase, papain-like proteinase, proteinase SCL-PRO, and surface glycoprotein S, alone or in a complex with ACE2 (angiotensin converting enzyme 2), a host-cell protein exploited by SARS- CoV-2 for cell entry.", "line": 86, "object": {"modifier": "Activity"}, "relation": "decreases"}
p(COVID:ORF1ab, frag("3264_3569"))	partOf	complex(a(CHEBI:elbasvir), p(COVID:ORF1ab, frag("3264_3569")))	{"relation": "partOf"}
complex(a(CHEBI:elbasvir), p(COVID:ORF1ab, frag("4393_5324")))	decreases	act(p(COVID:ORF1ab, frag("4393_5324")))	{"annotations": {"BioAssay": {"molecular docking": true}, "PublicationStatus": {"Preprint": true}, "PublicationType": {"Research": true}, "Section": {"Results": true}}, "citation": {"db": "DOI", "db_id": "10.26434/chemrxiv.12084822.v2"}, "evidence": "Other drugs predicted to have stable binding to RdRP include daclatasvir, delavirdine, ribavirin and sofosbuvir, but all showed lower affinity than elbasvir. We therefore focused on elbasvir as the most promising candidate for the RdRP target.", "line": 57, "object": {"modifier": "Activity"}, "relation": "decreases"}
complex(a(CHEBI:elbasvir), p(COVID:ORF1ab, frag("4393_5324")))	decreases	act(p(COVID:ORF1ab, frag("4393_5324")))	{"annotations": {"BioAssay": {"molecular docking": true}, "PublicationStatus": {"Preprint": true}, "PublicationType": {"Research": true}, "Section": {"Results": true}}, "citation": {"db": "DOI", "db_id": "10.26434/chemrxiv.12084822.v2"}, "evidence": "Elbasvir is predicted to bind stably (\u0394G \u2264 \u201210.5) to RdRP, helicase, guanine-N7 methyltransferase, papain-like proteinase, proteinase SCL-PRO, and surface glycoprotein S, alone or in a complex with ACE2 (angiotensin converting enzyme 2), a host-cell protein exploited by SARS- CoV-2 for cell entry.", "line": 82, "object": {"modifier": "Activity"}, "relation": "decreases"}
complex(a(CHEBI:elbasvir), p(COVID:ORF1ab, frag("5325_5925")))	decreases	act(p(COVID:ORF1ab, frag("5325_5925")))	{"annotations": {"BioAssay": {"molecular docking": true}, "PublicationStatus": {"Preprint": true}, "PublicationType": {"Research": true}, "Section": {"Results": true}}, "citation": {"db": "DOI", "db_id": "10.26434/chemrxiv.12084822.v2"}, "evidence": "Elbasvir is predicted to bind stably (\u0394G \u2264 \u201210.5) to RdRP, helicase, guanine-N7 methyltransferase, papain-like proteinase, proteinase SCL-PRO, and surface glycoprotein S, alone or in a complex with ACE2 (angiotensin converting enzyme 2), a host-cell protein exploited by SARS- CoV-2 for cell entry.", "line": 83, "object": {"modifier": "Activity"}, "relation": "decreases"}
p(COVID:ORF1ab, frag("5325_5925"))	partOf	complex(a(CHEBI:elbasvir), p(COVID:ORF1ab, frag("5325_5925")))	{"relation": "partOf"}
p(COVID:ORF1ab, frag("5325_5925"))	partOf	complex(a(GO:"DNA viral genome"), p(COVID:ORF1ab, frag("5325_5925")))	{"relation": "partOf"}
act(p(COVID:ORF1ab, frag("5325_5925")))	increases	bp(MESH:"Virus Replication")	{"annotations": {"BioAssay": {"molecular docking": true}, "PublicationStatus": {"Preprint": true}, "PublicationType": {"Research": true}, "Section": {"Results": true}}, "citation": {"db": "DOI", "db_id": "10.26434/chemrxiv.12084822.v2"}, "evidence": "We selected three viral proteins that play essential roles in replication of the RNA genome of SARS-CoV-2: (1) RNA-dependent RNA polymerase (RdRP), (2) papain-like proteinase, and (3) helicase.", "line": 48, "relation": "increases", "subject": {"modifier": "Activity"}}
complex(a(CHEBI:elbasvir), p(COVID:ORF1ab, frag("6799_7096")))	decreases	act(p(COVID:ORF1ab, frag("6799_7096")))	{"annotations": {"BioAssay": {"molecular docking": true}, "PublicationStatus": {"Preprint": true}, "PublicationType": {"Research": true}, "Section": {"Results": true}}, "citation": {"db": "DOI", "db_id": "10.26434/chemrxiv.12084822.v2"}, "evidence": "Elbasvir is predicted to bind stably (\u0394G \u2264 \u201210.5) to RdRP, helicase, guanine-N7 methyltransferase, papain-like proteinase, proteinase SCL-PRO, and surface glycoprotein S, alone or in a complex with ACE2 (angiotensin converting enzyme 2), a host-cell protein exploited by SARS- CoV-2 for cell entry.", "line": 84, "object": {"modifier": "Activity"}, "relation": "decreases"}
p(COVID:ORF1ab, frag("6799_7096"))	partOf	complex(a(CHEBI:elbasvir), p(COVID:ORF1ab, frag("6799_7096")))	{"relation": "partOf"}
complex(a(CHEBI:elbasvir), p(COVID:ORF1ab, frag("819_2763")))	decreases	act(p(COVID:ORF1ab, frag("819_2763")))	{"annotations": {"BioAssay": {"molecular docking": true}, "PublicationStatus": {"Preprint": true}, "PublicationType": {"Research": true}, "Section": {"Results": true}}, "citation": {"db": "DOI", "db_id": "10.26434/chemrxiv.12084822.v2"}, "evidence": "Elbasvir showed the most stable binding to protease in solvent-based MMGBSA estimation of \u0394G, the free energy of binding (Figure 3c).", "line": 61, "object": {"modifier": "Activity"}, "relation": "decreases"}
complex(a(CHEBI:elbasvir), p(COVID:ORF1ab, frag("819_2763")))	decreases	act(p(COVID:ORF1ab, frag("819_2763")))	{"annotations": {"BioAssay": {"molecular docking": true}, "PublicationStatus": {"Preprint": true}, "PublicationType": {"Research": true}, "Section": {"Results": true}}, "citation": {"db": "DOI", "db_id": "10.26434/chemrxiv.12084822.v2"}, "evidence": "Elbasvir is predicted to bind stably (\u0394G \u2264 \u201210.5) to RdRP, helicase, guanine-N7 methyltransferase, papain-like proteinase, proteinase SCL-PRO, and surface glycoprotein S, alone or in a complex with ACE2 (angiotensin converting enzyme 2), a host-cell protein exploited by SARS- CoV-2 for cell entry.", "line": 85, "object": {"modifier": "Activity"}, "relation": "decreases"}
complex(a(CHEBI:elbasvir), p(COVID:S))	decreases	bp(GO:"viral entry into host cell")	{"annotations": {"BioAssay": {"molecular docking": true}, "PublicationStatus": {"Preprint": true}, "PublicationType": {"Research": true}, "Section": {"Results": true}}, "citation": {"db": "DOI", "db_id": "10.26434/chemrxiv.12084822.v2"}, "evidence": "Elbasvir is predicted to bind stably (\u0394G \u2264 \u201210.5) to RdRP, helicase, guanine-N7 methyltransferase, papain-like proteinase, proteinase SCL-PRO, and surface glycoprotein S, alone or in a complex with ACE2 (angiotensin converting enzyme 2), a host-cell protein exploited by SARS- CoV-2 for cell entry.", "line": 87, "relation": "decreases"}
p(COVID:S)	partOf	complex(a(CHEBI:elbasvir), p(COVID:S))	{"relation": "partOf"}
p(COVID:S)	partOf	complex(a(CHEBI:elbasvir), p(COVID:S), p(HGNC:ACE2))	{"relation": "partOf"}
complex(a(CHEBI:elbasvir), p(COVID:S), p(HGNC:ACE2))	decreases	bp(GO:"viral entry into host cell")	{"annotations": {"BioAssay": {"molecular docking": true}, "PublicationStatus": {"Preprint": true}, "PublicationType": {"Research": true}, "Section": {"Results": true}}, "citation": {"db": "DOI", "db_id": "10.26434/chemrxiv.12084822.v2"}, "evidence": "Elbasvir is predicted to bind stably (\u0394G \u2264 \u201210.5) to RdRP, helicase, guanine-N7 methyltransferase, papain-like proteinase, proteinase SCL-PRO, and surface glycoprotein S, alone or in a complex with ACE2 (angiotensin converting enzyme 2), a host-cell protein exploited by SARS- CoV-2 for cell entry.", "line": 88, "relation": "decreases"}
p(HGNC:ACE2)	partOf	complex(a(CHEBI:elbasvir), p(COVID:S), p(HGNC:ACE2))	{"relation": "partOf"}
complex(a(CHEBI:ribavirin), p(COVID:ORF1ab, frag("4393_5324")))	decreases	act(p(COVID:ORF1ab, frag("4393_5324")))	{"annotations": {"BioAssay": {"molecular docking": true}, "PublicationStatus": {"Preprint": true}, "PublicationType": {"Research": true}, "Section": {"Results": true}}, "citation": {"db": "DOI", "db_id": "10.26434/chemrxiv.12084822.v2"}, "evidence": "Other drugs predicted to have stable binding to RdRP include daclatasvir, delavirdine, ribavirin and sofosbuvir, but all showed lower affinity than elbasvir. We therefore focused on elbasvir as the most promising candidate for the RdRP target.", "line": 55, "object": {"modifier": "Activity"}, "relation": "decreases"}
complex(a(CHEBI:sofosbuvir), p(COVID:ORF1ab, frag("4393_5324")))	decreases	act(p(COVID:ORF1ab, frag("4393_5324")))	{"annotations": {"BioAssay": {"molecular docking": true}, "PublicationStatus": {"Preprint": true}, "PublicationType": {"Research": true}, "Section": {"Results": true}}, "citation": {"db": "DOI", "db_id": "10.26434/chemrxiv.12084822.v2"}, "evidence": "Other drugs predicted to have stable binding to RdRP include daclatasvir, delavirdine, ribavirin and sofosbuvir, but all showed lower affinity than elbasvir. We therefore focused on elbasvir as the most promising candidate for the RdRP target.", "line": 56, "object": {"modifier": "Activity"}, "relation": "decreases"}
complex(a(CHEBI:sofosbuvir), p(COVID:ORF1ab, frag("819_2763")))	decreases	act(p(COVID:ORF1ab, frag("819_2763")))	{"annotations": {"BioAssay": {"molecular docking": true}, "PublicationStatus": {"Preprint": true}, "PublicationType": {"Research": true}, "Section": {"Results": true}}, "citation": {"db": "DOI", "db_id": "10.26434/chemrxiv.12084822.v2"}, "evidence": "Other drugs, including voxilaprevir, daclatasvir and sofosbuvir (Figure 3c), bound with lower stability (higher \u0394G) than elbasvir.", "line": 67, "object": {"modifier": "Activity"}, "relation": "decreases"}
complex(a(GO:"RNA viral genome"), p(COVID:ORF1ab, frag("4393_5324")))	increases	bp(MESH:"Virus Replication")	{"annotations": {"BioAssay": {"molecular docking": true}, "PublicationStatus": {"Preprint": true}, "PublicationType": {"Research": true}, "Section": {"Results": true}}, "citation": {"db": "DOI", "db_id": "10.26434/chemrxiv.12084822.v2"}, "evidence": "We found that elbasvir blocked RNA binding, although RdRP readily bound RNA in the absence of a drug (Figure 5, a & b).", "line": 74, "relation": "increases"}
complex(a(PUBCHEM:89921642), p(COVID:ORF1ab, frag("819_2763")))	decreases	act(p(COVID:ORF1ab, frag("819_2763")))	{"annotations": {"BioAssay": {"molecular docking": true}, "PublicationStatus": {"Preprint": true}, "PublicationType": {"Research": true}, "Section": {"Results": true}}, "citation": {"db": "DOI", "db_id": "10.26434/chemrxiv.12084822.v2"}, "evidence": "Other drugs, including voxilaprevir, daclatasvir and sofosbuvir (Figure 3c), bound with lower stability (higher \u0394G) than elbasvir.", "line": 65, "object": {"modifier": "Activity"}, "relation": "decreases"}
