a(CHEBI:chloroquine)	regulates	act(p(UNIPROT:P10635))	{"annotations": {"bio2bel": {"drugbank": true}}, "citation": {"authors": ["Lennard MS", "Sijumbil G", "Simooya OO", "Tucker GT"], "date": "1998-03-01", "db": "PubMed", "db_id": "10896408", "db_name": "British journal of clinical pharmacology", "first": "Simooya OO", "last": "Tucker GT", "pages": "315-7", "volume": "45"}, "evidence": "From DrugBank", "line": 87, "object": {"modifier": "Activity"}, "relation": "regulates"}
a(CHEBI:chloroquine)	regulates	act(p(UNIPROT:P10635))	{"annotations": {"bio2bel": {"drugbank": true}}, "citation": {"authors": ["Baune B", "Beaune P", "Ducharme J", "Farinotti R", "Flinois JP", "Projean D", "Taburet AM"], "date": "2003-06-01", "db": "PubMed", "db_id": "12756207", "db_name": "Drug metabolism and disposition: the biological fate of chemicals", "first": "Projean D", "last": "Ducharme J", "pages": "748-54", "volume": "31"}, "evidence": "From DrugBank", "line": 112, "object": {"modifier": "Activity"}, "relation": "regulates"}
a(CHEBI:chloroquine)	regulates	act(p(UNIPROT:P10635))	{"annotations": {"bio2bel": {"drugbank": true}}, "citation": {"authors": ["Adedoyin A", "Branch RA", "Frye RF", "Mauro K"], "date": "1998-09-01", "db": "PubMed", "db_id": "9764961", "db_name": "British journal of clinical pharmacology", "first": "Adedoyin A", "last": "Branch RA", "pages": "215-9", "volume": "46"}, "evidence": "From DrugBank", "line": 564, "object": {"modifier": "Activity"}, "relation": "regulates"}
a(CHEBI:chloroquine)	regulates	act(p(UNIPROT:P09210))	{"annotations": {"bio2bel": {"drugbank": true}}, "citation": {"authors": ["Chen X", "Chen YZ", "Ji ZL"], "date": "2002-01-01", "db": "PubMed", "db_id": "11752352", "db_name": "Nucleic acids research", "first": "Chen X", "last": "Chen YZ", "pages": "412-5", "volume": "30"}, "evidence": "From DrugBank", "line": 101, "object": {"modifier": "Activity"}, "relation": "regulates"}
a(CHEBI:chloroquine)	regulates	act(p(UNIPROT:P08684))	{"annotations": {"bio2bel": {"drugbank": true}}, "citation": {"authors": ["Baune B", "Beaune P", "Ducharme J", "Farinotti R", "Flinois JP", "Projean D", "Taburet AM"], "date": "2003-06-01", "db": "PubMed", "db_id": "12756207", "db_name": "Drug metabolism and disposition: the biological fate of chemicals", "first": "Projean D", "last": "Ducharme J", "pages": "748-54", "volume": "31"}, "evidence": "From DrugBank", "line": 115, "object": {"modifier": "Activity"}, "relation": "regulates"}
a(CHEBI:chloroquine)	regulates	act(p(UNIPROT:P08684))	{"annotations": {"bio2bel": {"drugbank": true}}, "citation": {"authors": ["Andersson TB", "Bj\u00f6rkman A", "Gustafsson LL", "Li XQ", "Masimirembwa CM"], "date": "2003-09-01", "db": "PubMed", "db_id": "12920490", "db_name": "European journal of clinical pharmacology", "first": "Li XQ", "last": "Masimirembwa CM", "pages": "429-42", "volume": "59"}, "evidence": "From DrugBank", "line": 132, "object": {"modifier": "Activity"}, "relation": "regulates"}
a(CHEBI:chloroquine)	regulates	act(p(UNIPROT:P08684))	{"annotations": {"bio2bel": {"drugbank": true}}, "citation": {"authors": ["Kim KA", "Lee JS", "Lim S", "Park JY"], "date": "2003-08-01", "db": "PubMed", "db_id": "12967198", "db_name": "Archives of pharmacal research", "first": "Kim KA", "last": "Lim S", "pages": "631-7", "volume": "26"}, "evidence": "From DrugBank", "line": 146, "object": {"modifier": "Activity"}, "relation": "regulates"}
a(CHEBI:chloroquine)	regulates	act(p(UNIPROT:P04798))	{"annotations": {"bio2bel": {"drugbank": true}}, "citation": {"authors": ["Baune B", "Beaune P", "Ducharme J", "Farinotti R", "Flinois JP", "Projean D", "Taburet AM"], "date": "2003-06-01", "db": "PubMed", "db_id": "12756207", "db_name": "Drug metabolism and disposition: the biological fate of chemicals", "first": "Projean D", "last": "Ducharme J", "pages": "748-54", "volume": "31"}, "evidence": "From DrugBank", "line": 118, "object": {"modifier": "Activity"}, "relation": "regulates"}
a(CHEBI:chloroquine)	regulates	act(p(UNIPROT:P10632))	{"annotations": {"bio2bel": {"drugbank": true}}, "citation": {"authors": ["Baune B", "Beaune P", "Ducharme J", "Farinotti R", "Flinois JP", "Projean D", "Taburet AM"], "date": "2003-06-01", "db": "PubMed", "db_id": "12756207", "db_name": "Drug metabolism and disposition: the biological fate of chemicals", "first": "Projean D", "last": "Ducharme J", "pages": "748-54", "volume": "31"}, "evidence": "From DrugBank", "line": 121, "object": {"modifier": "Activity"}, "relation": "regulates"}
a(CHEBI:chloroquine)	regulates	act(p(UNIPROT:P10632))	{"annotations": {"bio2bel": {"drugbank": true}}, "citation": {"authors": ["Andersson TB", "Bj\u00f6rkman A", "Gustafsson LL", "Li XQ", "Masimirembwa CM"], "date": "2003-09-01", "db": "PubMed", "db_id": "12920490", "db_name": "European journal of clinical pharmacology", "first": "Li XQ", "last": "Masimirembwa CM", "pages": "429-42", "volume": "59"}, "evidence": "From DrugBank", "line": 135, "object": {"modifier": "Activity"}, "relation": "regulates"}
a(CHEBI:chloroquine)	regulates	act(p(UNIPROT:P10632))	{"annotations": {"bio2bel": {"drugbank": true}}, "citation": {"authors": ["Kim KA", "Lee JS", "Lim S", "Park JY"], "date": "2003-08-01", "db": "PubMed", "db_id": "12967198", "db_name": "Archives of pharmacal research", "first": "Kim KA", "last": "Lim S", "pages": "631-7", "volume": "26"}, "evidence": "From DrugBank", "line": 149, "object": {"modifier": "Activity"}, "relation": "regulates"}
a(CHEBI:chloroquine)	regulates	act(p(UNIPROT:P20815))	{"annotations": {"bio2bel": {"drugbank": true}}, "citation": {"authors": ["Kim KA", "Lee JS", "Lim S", "Park JY"], "date": "2003-08-01", "db": "PubMed", "db_id": "12967198", "db_name": "Archives of pharmacal research", "first": "Kim KA", "last": "Lim S", "pages": "631-7", "volume": "26"}, "evidence": "From DrugBank", "line": 152, "object": {"modifier": "Activity"}, "relation": "regulates"}
a(CHEBI:chloroquine)	regulates	act(p(UNIPROT:P20815))	{"annotations": {"bio2bel": {"drugbank": true}}, "citation": {"authors": ["Chung YJ", "Han K", "Ju JH", "Jung SH", "Kwok SK", "Lee JY", "Park KS", "Park SH", "Park SW", "Vinayagamoorthy N"], "date": "2016-01-01", "db": "PubMed", "db_id": "26316040", "db_name": "Arthritis &amp; rheumatology (Hoboken, N.J.)", "first": "Lee JY", "last": "Park SH", "pages": "184-90", "volume": "68"}, "evidence": "From DrugBank", "line": 509, "object": {"modifier": "Activity"}, "relation": "regulates"}
a(CHEBI:chloroquine)	regulates	act(p(UNIPROT:Q9NR96))	{"annotations": {"bio2bel": {"drugbank": true}}, "citation": {"authors": ["Chorny A", "Gamberale R", "Geffner J", "Raiden S", "Salamone G", "Schettini J", "Trevani AS", "Vermeulen M"], "date": "2003-11-01", "db": "PubMed", "db_id": "14579285", "db_name": "European journal of immunology", "first": "Trevani AS", "last": "Geffner J", "pages": "3164-74", "volume": "33"}, "evidence": "From DrugBank", "line": 169, "object": {"modifier": "Activity"}, "relation": "regulates"}
a(CHEBI:chloroquine)	regulates	act(p(UNIPROT:Q9NR96))	{"annotations": {"bio2bel": {"drugbank": true}}, "citation": {"authors": ["Bauer S", "Gellert T", "Lipford GB", "Luppa P", "Metzger J", "Rutz M", "Wagner H"], "date": "2004-09-01", "db": "PubMed", "db_id": "15307186", "db_name": "European journal of immunology", "first": "Rutz M", "last": "Bauer S", "pages": "2541-50", "volume": "34"}, "evidence": "From DrugBank", "line": 180, "object": {"modifier": "Activity"}, "relation": "regulates"}
a(CHEBI:chloroquine)	regulates	act(p(UNIPROT:Q9NR96))	{"annotations": {"bio2bel": {"drugbank": true}}, "citation": {"authors": ["Lenert P"], "date": "2005-04-01", "db": "PubMed", "db_id": "15762869", "db_name": "Clinical and experimental immunology", "first": "Lenert P", "last": "Lenert P", "pages": "1-10", "volume": "140"}, "evidence": "From DrugBank", "line": 191, "object": {"modifier": "Activity"}, "relation": "regulates"}
a(CHEBI:chloroquine)	regulates	act(p(UNIPROT:Q9NR96))	{"annotations": {"bio2bel": {"drugbank": true}}, "citation": {"authors": ["Akira S", "Aliberti J", "Golding B", "Huang LY", "Ishii KJ"], "date": "2005-09-15", "db": "PubMed", "db_id": "16148144", "db_name": "Journal of immunology (Baltimore, Md. : 1950)", "first": "Huang LY", "last": "Golding B", "pages": "3964-70", "volume": "175"}, "evidence": "From DrugBank", "line": 213, "object": {"modifier": "Activity"}, "relation": "regulates"}
a(CHEBI:chloroquine)	regulates	act(p(UNIPROT:Q9NR96))	{"annotations": {"bio2bel": {"drugbank": true}}, "citation": {"authors": ["Chen D", "Gehrs B", "Harris KW", "Ilvesaro JM", "Lehtonen N", "Merrell MA", "Rosenthal E", "Selander KS", "Shackley B", "Sorsa T"], "date": "2006-07-01", "db": "PubMed", "db_id": "16849519", "db_name": "Molecular cancer research : MCR", "first": "Merrell MA", "last": "Selander KS", "pages": "437-47", "volume": "4"}, "evidence": "From DrugBank", "line": 301, "object": {"modifier": "Activity"}, "relation": "regulates"}
a(CHEBI:chloroquine)	regulates	act(p(UNIPROT:P01375))	{"annotations": {"bio2bel": {"drugbank": true}}, "citation": {"authors": ["Byun MS", "Choi JH", "Jang CH", "Jue DM"], "date": "2006-06-01", "db": "PubMed", "db_id": "16418198", "db_name": "Rheumatology (Oxford, England)", "first": "Jang CH", "last": "Jue DM", "pages": "703-10", "volume": "45"}, "evidence": "From DrugBank", "line": 246, "object": {"modifier": "Activity"}, "relation": "regulates"}
a(CHEBI:chloroquine)	regulates	act(p(UNIPROT:P01375))	{"annotations": {"bio2bel": {"drugbank": true}}, "citation": {"authors": ["Karmeli F", "Lee J", "Rachmilewitz D", "Raz E", "Shteingart S", "Takabayashi K"], "date": "2006-05-01", "db": "PubMed", "db_id": "16670522", "db_name": "Inflammatory bowel diseases", "first": "Rachmilewitz D", "last": "Raz E", "pages": "339-45", "volume": "12"}, "evidence": "From DrugBank", "line": 279, "object": {"modifier": "Activity"}, "relation": "regulates"}
a(CHEBI:chloroquine)	regulates	act(p(UNIPROT:P01375))	{"annotations": {"bio2bel": {"drugbank": true}}, "citation": {"authors": ["Lesiak A", "McCauliffe DP", "Narbutt J", "Sysa-Jedrzejowska A", "Wozniacka A"], "date": "2006-01-01", "db": "PubMed", "db_id": "16761500", "db_name": "Lupus", "first": "Wozniacka A", "last": "Sysa-Jedrzejowska A", "pages": "268-75", "volume": "15"}, "evidence": "From DrugBank", "line": 290, "object": {"modifier": "Activity"}, "relation": "regulates"}
a(CHEBI:chloroquine)	regulates	act(p(UNIPROT:P01375))	{"annotations": {"bio2bel": {"drugbank": true}}, "citation": {"authors": ["Bae YS", "Baek SH", "Chin BR", "Kim JR", "Lee CH", "Lee JG", "Lee SH", "Lim EJ"], "date": "2006-08-07", "db": "PubMed", "db_id": "16870179", "db_name": "FEBS letters", "first": "Lim EJ", "last": "Baek SH", "pages": "4533-8", "volume": "580"}, "evidence": "From DrugBank", "line": 312, "object": {"modifier": "Activity"}, "relation": "regulates"}
a(CHEBI:chloroquine)	regulates	act(p(UNIPROT:P01375))	{"annotations": {"bio2bel": {"drugbank": true}}, "citation": {"authors": ["Bordon AP", "Calvi SA", "Dias-Melicio LA", "Golim MA", "Pera\u00e7oli MT", "Soares AM"], "date": "2007-06-01", "db": "PubMed", "db_id": "17456179", "db_name": "FEMS immunology and medical microbiology", "first": "Dias-Melicio LA", "last": "Soares AM", "pages": "133-43", "volume": "50"}, "evidence": "From DrugBank", "line": 393, "object": {"modifier": "Activity"}, "relation": "regulates"}
a(CHEBI:chloroquine)	regulates	act(p(UNIPROT:P08183))	{"annotations": {"bio2bel": {"drugbank": true}}, "citation": {"authors": ["Batty KT", "Crowe A", "Davis TM", "Ilett KF", "Karunajeewa HA"], "date": "2006-10-01", "db": "PubMed", "db_id": "16917012", "db_name": "Antimicrobial agents and chemotherapy", "first": "Crowe A", "last": "Davis TM", "pages": "3504-6", "volume": "50"}, "evidence": "From DrugBank", "line": 337, "object": {"modifier": "Activity"}, "relation": "regulates"}
a(CHEBI:darunavir)	regulates	act(p(UNIPROT:P08684))	{"annotations": {"bio2bel": {"drugbank": true}}, "citation": {"authors": ["Busse KH", "Penzak SR"], "date": "2007-08-01", "db": "PubMed", "db_id": "17646561", "db_name": "American journal of health-system pharmacy : AJHP : official journal of the American Society of Health-System Pharmacists", "first": "Busse KH", "last": "Penzak SR", "pages": "1593-602", "volume": "64"}, "evidence": "From DrugBank", "line": 404, "object": {"modifier": "Activity"}, "relation": "regulates"}
a(CHEBI:darunavir)	regulates	act(p(UNIPROT:P08684))	{"annotations": {"bio2bel": {"drugbank": true}}, "citation": {"authors": ["Tremblay CL"], "date": "2008-08-01", "db": "PubMed", "db_id": "19209258", "db_name": "Therapeutics and clinical risk management", "first": "Tremblay CL", "last": "Tremblay CL", "pages": "759-66", "volume": "4"}, "evidence": "From DrugBank", "line": 440, "object": {"modifier": "Activity"}, "relation": "regulates"}
a(CHEBI:darunavir)	regulates	act(p(UNIPROT:P08684))	{"annotations": {"bio2bel": {"drugbank": true}}, "citation": {"authors": ["Keam SJ", "McKeage K", "Perry CM"], "date": "2009-01-01", "db": "PubMed", "db_id": "19323590", "db_name": "Drugs", "first": "McKeage K", "last": "Keam SJ", "pages": "477-503", "volume": "69"}, "evidence": "From DrugBank", "line": 451, "object": {"modifier": "Activity"}, "relation": "regulates"}
a(CHEBI:darunavir)	regulates	act(p(UNIPROT:P08684))	{"annotations": {"bio2bel": {"drugbank": true}}, "citation": {"authors": ["Brown KC", "Kashuba AD", "Paul S"], "date": "2009-01-01", "db": "PubMed", "db_id": "19492868", "db_name": "Clinical pharmacokinetics", "first": "Brown KC", "last": "Kashuba AD", "pages": "211-41", "volume": "48"}, "evidence": "From DrugBank", "line": 462, "object": {"modifier": "Activity"}, "relation": "regulates"}
a(CHEBI:darunavir)	regulates	act(p(UNIPROT:Q9Y6L6))	{"annotations": {"bio2bel": {"drugbank": true}}, "citation": {"authors": ["Annaert P", "Augustijns P", "Stieger B", "Ye ZW"], "date": "2010-03-01", "db": "PubMed", "db_id": "20102298", "db_name": "Xenobiotica; the fate of foreign compounds in biological systems", "first": "Annaert P", "last": "Augustijns P", "pages": "163-76", "volume": "40"}, "evidence": "From DrugBank", "line": 487, "object": {"modifier": "Activity"}, "relation": "regulates"}
a(CHEBI:hydroxychloroquine)	regulates	act(p(UNIPROT:P10635))	{"annotations": {"bio2bel": {"drugbank": true}}, "citation": {"authors": ["Huupponen R", "Kallio J", "Pesonen U", "Pyykk\u00f6 K", "Scheinin M", "Somer M"], "date": "2000-06-01", "db": "PubMed", "db_id": "10848718", "db_name": "British journal of clinical pharmacology", "first": "Somer M", "last": "Scheinin M", "pages": "549-54", "volume": "49"}, "evidence": "From DrugBank", "line": 76, "object": {"modifier": "Activity"}, "relation": "regulates"}
a(CHEBI:hydroxychloroquine)	regulates	act(p(UNIPROT:Q9NYK1))	{"annotations": {"bio2bel": {"drugbank": true}}, "citation": {"authors": ["Chorny A", "Gamberale R", "Geffner J", "Raiden S", "Salamone G", "Schettini J", "Trevani AS", "Vermeulen M"], "date": "2003-11-01", "db": "PubMed", "db_id": "14579285", "db_name": "European journal of immunology", "first": "Trevani AS", "last": "Geffner J", "pages": "3164-74", "volume": "33"}, "evidence": "From DrugBank", "line": 163, "object": {"modifier": "Activity"}, "relation": "regulates"}
a(CHEBI:hydroxychloroquine)	regulates	act(p(UNIPROT:Q9NYK1))	{"annotations": {"bio2bel": {"drugbank": true}}, "citation": {"authors": ["Karlsson L", "Rao NL", "Sun S", "Thurmond R", "Venable J"], "date": "2007-12-01", "db": "PubMed", "db_id": "18220957", "db_name": "Inflammation &amp; allergy drug targets", "first": "Sun S", "last": "Karlsson L", "pages": "223-35", "volume": "6"}, "evidence": "From DrugBank", "line": 415, "object": {"modifier": "Activity"}, "relation": "regulates"}
a(CHEBI:hydroxychloroquine)	regulates	act(p(UNIPROT:Q9NR96))	{"annotations": {"bio2bel": {"drugbank": true}}, "citation": {"authors": ["Chorny A", "Gamberale R", "Geffner J", "Raiden S", "Salamone G", "Schettini J", "Trevani AS", "Vermeulen M"], "date": "2003-11-01", "db": "PubMed", "db_id": "14579285", "db_name": "European journal of immunology", "first": "Trevani AS", "last": "Geffner J", "pages": "3164-74", "volume": "33"}, "evidence": "From DrugBank", "line": 166, "object": {"modifier": "Activity"}, "relation": "regulates"}
a(CHEBI:hydroxychloroquine)	regulates	act(p(UNIPROT:Q9NR96))	{"annotations": {"bio2bel": {"drugbank": true}}, "citation": {"authors": ["Karlsson L", "Rao NL", "Sun S", "Thurmond R", "Venable J"], "date": "2007-12-01", "db": "PubMed", "db_id": "18220957", "db_name": "Inflammation &amp; allergy drug targets", "first": "Sun S", "last": "Karlsson L", "pages": "223-35", "volume": "6"}, "evidence": "From DrugBank", "line": 418, "object": {"modifier": "Activity"}, "relation": "regulates"}
a(CHEBI:hydroxychloroquine)	regulates	act(p(UNIPROT:P08183))	{"annotations": {"bio2bel": {"drugbank": true}}, "citation": {"authors": ["Batty KT", "Crowe A", "Davis TM", "Ilett KF", "Karunajeewa HA"], "date": "2006-10-01", "db": "PubMed", "db_id": "16917012", "db_name": "Antimicrobial agents and chemotherapy", "first": "Crowe A", "last": "Davis TM", "pages": "3504-6", "volume": "50"}, "evidence": "From DrugBank", "line": 334, "object": {"modifier": "Activity"}, "relation": "regulates"}
a(CHEBI:hydroxychloroquine)	regulates	act(p(UNIPROT:P08684))	{"annotations": {"bio2bel": {"drugbank": true}}, "citation": {"authors": ["Bae KS", "Cho JY", "Choi JS", "Im JS", "Jang IJ", "Kim TS", "Klein TA", "Lim HS", "Park JW", "Yeom JS"], "date": "2009-04-01", "db": "PubMed", "db_id": "19188392", "db_name": "Antimicrobial agents and chemotherapy", "first": "Lim HS", "last": "Park JW", "pages": "1468-75", "volume": "53"}, "evidence": "From DrugBank", "line": 429, "object": {"modifier": "Activity"}, "relation": "regulates"}
a(CHEBI:hydroxychloroquine)	regulates	act(p(UNIPROT:P08684))	{"annotations": {"bio2bel": {"drugbank": true}}, "citation": {"authors": ["Collins KP", "Gustafson DL", "Jackson KM"], "date": "2018-06-01", "db": "PubMed", "db_id": "29438998", "db_name": "The Journal of pharmacology and experimental therapeutics", "first": "Collins KP", "last": "Gustafson DL", "pages": "447-459", "volume": "365"}, "evidence": "From DrugBank", "line": 542, "object": {"modifier": "Activity"}, "relation": "regulates"}
a(CHEBI:hydroxychloroquine)	regulates	act(p(UNIPROT:P46721))	{"annotations": {"bio2bel": {"drugbank": true}}, "citation": {"authors": ["Chan T", "Gillies MC", "Lu X", "Madigan MC", "Shen W", "Xu C", "Zhou F", "Zhu L"], "date": "2016-02-01", "db": "PubMed", "db_id": "26429523", "db_name": "Journal of pharmaceutical sciences", "first": "Xu C", "last": "Zhou F", "pages": "884-890", "volume": "105"}, "evidence": "From DrugBank", "line": 520, "object": {"modifier": "Activity"}, "relation": "regulates"}
a(CHEBI:hydroxychloroquine)	regulates	act(p(UNIPROT:P02768))	{"annotations": {"bio2bel": {"drugbank": true}}, "citation": {"authors": ["Furst DE"], "date": "1996-06-01", "db": "PubMed", "db_id": "8803904", "db_name": "Lupus", "first": "Furst DE", "last": "Furst DE", "pages": "S11-5", "volume": "5 Suppl 1"}, "evidence": "From DrugBank", "line": 553, "object": {"modifier": "Activity"}, "relation": "regulates"}
a(CHEBI:ribavirin)	regulates	act(p(UNIPROT:P20839))	{"annotations": {"bio2bel": {"drugbank": true}}, "citation": {"authors": ["Chen X", "Chen YZ", "Ji ZL"], "date": "2002-01-01", "db": "PubMed", "db_id": "11752352", "db_name": "Nucleic acids research", "first": "Chen X", "last": "Chen YZ", "pages": "412-5", "volume": "30"}, "evidence": "From DrugBank", "line": 98, "object": {"modifier": "Activity"}, "relation": "regulates"}
a(CHEBI:ribavirin)	regulates	act(p(UNIPROT:P20839))	{"annotations": {"bio2bel": {"drugbank": true}}, "citation": {"authors": ["Alam J", "Cheung RC", "Ette E", "Gordon SC", "McHutchison JG", "McNair L", "Moseley S", "Pottage JC Jr", "Shiffman ML", "Wright TL"], "date": "2005-01-01", "db": "PubMed", "db_id": "16152757", "db_name": "Antiviral therapy", "first": "McHutchison JG", "last": "Alam J", "pages": "635-43", "volume": "10"}, "evidence": "From DrugBank", "line": 224, "object": {"modifier": "Activity"}, "relation": "regulates"}
a(CHEBI:ribavirin)	regulates	act(p(UNIPROT:P20839))	{"annotations": {"bio2bel": {"drugbank": true}}, "citation": {"authors": ["Gish RG"], "date": "2006-01-01", "db": "PubMed", "db_id": "16293677", "db_name": "The Journal of antimicrobial chemotherapy", "first": "Gish RG", "last": "Gish RG", "pages": "8-13", "volume": "57"}, "evidence": "From DrugBank", "line": 235, "object": {"modifier": "Activity"}, "relation": "regulates"}
a(CHEBI:ribavirin)	regulates	act(p(UNIPROT:P20839))	{"annotations": {"bio2bel": {"drugbank": true}}, "citation": {"authors": ["De Clercq E", "Leyssen P", "Neyts J"], "date": "2006-04-01", "db": "PubMed", "db_id": "16421290", "db_name": "Molecular pharmacology", "first": "Leyssen P", "last": "Neyts J", "pages": "1461-7", "volume": "69"}, "evidence": "From DrugBank", "line": 257, "object": {"modifier": "Activity"}, "relation": "regulates"}
a(CHEBI:ribavirin)	regulates	act(p(UNIPROT:P55263))	{"annotations": {"bio2bel": {"drugbank": true}}, "citation": {"authors": ["Hong Z", "Larson G", "Shim JH", "Walker H", "Wu JZ"], "date": "2005-06-01", "db": "PubMed", "db_id": "15917509", "db_name": "Antimicrobial agents and chemotherapy", "first": "Wu JZ", "last": "Hong Z", "pages": "2164-71", "volume": "49"}, "evidence": "From DrugBank", "line": 202, "object": {"modifier": "Activity"}, "relation": "regulates"}
a(CHEBI:ribavirin)	regulates	act(p(UNIPROT:P55263))	{"annotations": {"bio2bel": {"drugbank": true}}, "citation": {"authors": ["Arterburn JB", "Chung K", "Jeselnik M", "Jonsson CB", "Kumarapperuma SC", "Parker WB", "Sun Y"], "date": "2007-06-01", "db": "PubMed", "db_id": "17379518", "db_name": "Bioorganic &amp; medicinal chemistry letters", "first": "Kumarapperuma SC", "last": "Arterburn JB", "pages": "3203-7", "volume": "17"}, "evidence": "From DrugBank", "line": 382, "object": {"modifier": "Activity"}, "relation": "regulates"}
a(CHEBI:ribavirin)	regulates	act(p(UNIPROT:P12268))	{"annotations": {"bio2bel": {"drugbank": true}}, "citation": {"authors": ["Imming P", "Meyer A", "Sinning C"], "date": "2006-10-01", "db": "PubMed", "db_id": "17016423", "db_name": "Nature reviews. Drug discovery", "first": "Imming P", "last": "Meyer A", "pages": "821-34", "volume": "5"}, "evidence": "From DrugBank", "line": 348, "object": {"modifier": "Activity"}, "relation": "regulates"}
a(CHEBI:ribavirin)	regulates	act(p(UNIPROT:P12268))	{"annotations": {"bio2bel": {"drugbank": true}}, "citation": {"authors": ["Al-Lazikani B", "Hopkins AL", "Overington JP"], "date": "2006-12-01", "db": "PubMed", "db_id": "17139284", "db_name": "Nature reviews. Drug discovery", "first": "Overington JP", "last": "Hopkins AL", "pages": "993-6", "volume": "5"}, "evidence": "From DrugBank", "line": 365, "object": {"modifier": "Activity"}, "relation": "regulates"}
a(CHEBI:ribavirin)	regulates	act(p(UNIPROT:P49902))	{"annotations": {"bio2bel": {"drugbank": true}}, "citation": {"authors": ["Imming P", "Meyer A", "Sinning C"], "date": "2006-10-01", "db": "PubMed", "db_id": "17016423", "db_name": "Nature reviews. Drug discovery", "first": "Imming P", "last": "Meyer A", "pages": "821-34", "volume": "5"}, "evidence": "From DrugBank", "line": 351, "object": {"modifier": "Activity"}, "relation": "regulates"}
a(CHEBI:ribavirin)	regulates	act(p(UNIPROT:P49902))	{"annotations": {"bio2bel": {"drugbank": true}}, "citation": {"authors": ["Al-Lazikani B", "Hopkins AL", "Overington JP"], "date": "2006-12-01", "db": "PubMed", "db_id": "17139284", "db_name": "Nature reviews. Drug discovery", "first": "Overington JP", "last": "Hopkins AL", "pages": "993-6", "volume": "5"}, "evidence": "From DrugBank", "line": 368, "object": {"modifier": "Activity"}, "relation": "regulates"}
a(CHEBI:ribavirin)	regulates	act(p(UNIPROT:P22413))	{"annotations": {"bio2bel": {"drugbank": true}}, "citation": {"authors": ["Imming P", "Meyer A", "Sinning C"], "date": "2006-10-01", "db": "PubMed", "db_id": "17016423", "db_name": "Nature reviews. Drug discovery", "first": "Imming P", "last": "Meyer A", "pages": "821-34", "volume": "5"}, "evidence": "From DrugBank", "line": 354, "object": {"modifier": "Activity"}, "relation": "regulates"}
a(CHEBI:ribavirin)	regulates	act(p(UNIPROT:P22413))	{"annotations": {"bio2bel": {"drugbank": true}}, "citation": {"authors": ["Al-Lazikani B", "Hopkins AL", "Overington JP"], "date": "2006-12-01", "db": "PubMed", "db_id": "17139284", "db_name": "Nature reviews. Drug discovery", "first": "Overington JP", "last": "Hopkins AL", "pages": "993-6", "volume": "5"}, "evidence": "From DrugBank", "line": 371, "object": {"modifier": "Activity"}, "relation": "regulates"}
a(CHEBI:ribavirin)	regulates	act(p(UNIPROT:Q9HAS3))	{"annotations": {"bio2bel": {"drugbank": true}}, "citation": {"authors": ["Kikukawa T", "Miyauchi S", "Nakagaki T", "Sugawara M", "Takagi S", "Tero A", "Yamaguchi M", "Yamamoto T"], "date": "2010-03-01", "db": "PubMed", "db_id": "20096989", "db_name": "Biophysical chemistry", "first": "Yamamoto T", "last": "Nakagaki T", "pages": "59-65", "volume": "147"}, "evidence": "From DrugBank", "line": 473, "object": {"modifier": "Activity"}, "relation": "regulates"}
a(CHEBI:ribavirin)	regulates	act(p(UNIPROT:Q99808))	{"annotations": {"bio2bel": {"drugbank": true}}, "citation": {"authors": ["Kikukawa T", "Miyauchi S", "Nakagaki T", "Sugawara M", "Takagi S", "Tero A", "Yamaguchi M", "Yamamoto T"], "date": "2010-03-01", "db": "PubMed", "db_id": "20096989", "db_name": "Biophysical chemistry", "first": "Yamamoto T", "last": "Nakagaki T", "pages": "59-65", "volume": "147"}, "evidence": "From DrugBank", "line": 476, "object": {"modifier": "Activity"}, "relation": "regulates"}
a(CHEBI:ribavirin)	regulates	act(p(UNIPROT:Q99808))	{"annotations": {"bio2bel": {"drugbank": true}}, "citation": {"authors": ["Chiba K", "Fukuchi Y", "Furihata T", "Hashizume M", "Iikura M"], "date": "2010-04-01", "db": "PubMed", "db_id": "20185188", "db_name": "Journal of hepatology", "first": "Fukuchi Y", "last": "Chiba K", "pages": "486-92", "volume": "52"}, "evidence": "From DrugBank", "line": 498, "object": {"modifier": "Activity"}, "relation": "regulates"}
a(CHEBI:tocilizumab)	regulates	act(p(UNIPROT:P08887))	{"annotations": {"bio2bel": {"drugbank": true}}, "citation": {"authors": ["Maini RN", "Smolen JS"], "date": "2006-01-01", "db": "PubMed", "db_id": "16899109", "db_name": "Arthritis research &amp; therapy", "first": "Smolen JS", "last": "Maini RN", "pages": "S5", "volume": "8 Suppl 2"}, "evidence": "From DrugBank", "line": 323, "object": {"modifier": "Activity"}, "relation": "regulates"}
a(CHEBI:tocilizumab)	regulates	act(p(UNIPROT:P08684))	{"annotations": {"bio2bel": {"drugbank": true}}, "citation": {"authors": ["Afshari C", "Cosgrove PA", "Dunn RT 2nd", "Griffith LG", "Hamadeh H", "Long TJ", "McBride H", "Stolz DB"], "date": "2016-12-01", "db": "PubMed", "db_id": "27621203", "db_name": "Drug metabolism and disposition: the biological fate of chemicals", "first": "Long TJ", "last": "Griffith LG", "pages": "1940-1948", "volume": "44"}, "evidence": "From DrugBank", "line": 531, "object": {"modifier": "Activity"}, "relation": "regulates"}
a(DRUGBANK:DB00507)	regulates	act(p(UNIPROT:P41440))	{"annotations": {"bio2bel": {"drugbank": true}}, "citation": {"authors": ["Balamurugan K", "Said HM"], "date": "2006-07-01", "db": "PubMed", "db_id": "16495369", "db_name": "American journal of physiology. Cell physiology", "first": "Balamurugan K", "last": "Said HM", "pages": "C189-93", "volume": "291"}, "evidence": "From DrugBank", "line": 268, "object": {"modifier": "Activity"}, "relation": "regulates"}
