a(MESH:"CD4-Positive T-Lymphocytes")	negativeCorrelation	p(HGNC:IL6)	{"annotations": {"Cohort": {"ICU patients": true}, "Custom_Disease": {"COVID-19": true}, "PublicationStatus": {"Preprint": true}, "PublicationType": {"Research": true}, "Section": {"Results": true}, "Species": {"9606": true}}, "citation": {"db": "DOI", "db_id": "10.1101/2020.02.18.20024364"}, "evidence": "Interestingly, the concentration of these three cytokines was negatively correlated with total T cell counts, CD4 + counts, and CD8 + counts, respectively (Figure 2B).", "line": 71, "relation": "negativeCorrelation"}
a(MESH:"CD4-Positive T-Lymphocytes")	positiveCorrelation	path(DO:"COVID-19")	{"annotations": {"Custom_Disease": {"COVID-19": true}, "Disease_Stage": {"declining stage": true}, "MeSHAnatomy": {"Serum": true}, "PublicationStatus": {"Preprint": true}, "PublicationType": {"Research": true}, "Section": {"Results": true}, "Species": {"9606": true}}, "citation": {"db": "DOI", "db_id": "10.1101/2020.02.18.20024364"}, "evidence": "Interestingly, serum levels of IFN-\u03b3, IL-10, IL-6 and TNF-\u03b1 were significantly decreased in these patients in the decline period as compared with illness period, while counts of total T cells, CD4 + , and CD8 + T cell subsets recovered during the decline period (Figure 2C).", "line": 84, "relation": "positiveCorrelation"}
a(MESH:"CD4-Positive T-Lymphocytes")	association	surf(p(HGNC:HAVCR2))	{"annotations": {"Custom_Disease": {"COVID-19": true}, "Disease_Stage": {"prodromal stage": true}, "PublicationStatus": {"Preprint": true}, "PublicationType": {"Research": true}, "Section": {"Results": true}, "Species": {"9606": true}, "Technique": {"fluorescence-activated cell sorting": true}}, "citation": {"db": "DOI", "db_id": "10.1101/2020.02.18.20024364"}, "evidence": "FACs showed that these patients have very low level of PD-1 and Tim-3 on CD8 + and CD4 + T cells in the prodromal stage, however, their levels on CD8 + T cells was increased in overtly symptomatic stages, and highest levels were seen in ICU period (Figure 3C, D).", "line": 111, "object": {"effect": {"fromLoc": {"namespace": "bel", "name": "intracellular"}, "toLoc": {"namespace": "bel", "name": "cell surface"}}, "modifier": "Translocation"}, "relation": "association"}
a(MESH:"CD4-Positive T-Lymphocytes")	association	surf(p(HGNC:HAVCR2))	{"annotations": {"Cohort": {"ICU patients": true}, "Custom_Disease": {"COVID-19": true}, "Disease_Stage": {"Symptomatic": true}, "PublicationStatus": {"Preprint": true}, "PublicationType": {"Research": true}, "Section": {"Results": true}, "Species": {"9606": true}}, "citation": {"db": "DOI", "db_id": "10.1101/2020.02.18.20024364"}, "evidence": "Similarly, higher levels of Tim-3 was observed on CD4 + T cells from patients who are in ICU stage, although enhancing the expression of PD-1 on CD4 + T cells was not obviously during disease progress (Figure 3C, D).", "line": 126, "object": {"effect": {"fromLoc": {"namespace": "bel", "name": "intracellular"}, "toLoc": {"namespace": "bel", "name": "cell surface"}}, "modifier": "Translocation"}, "relation": "association"}
a(MESH:"CD8-Positive T-Lymphocytes")	negativeCorrelation	p(HGNC:IL10)	{"annotations": {"Cohort": {"ICU patients": true}, "Custom_Disease": {"COVID-19": true}, "PublicationStatus": {"Preprint": true}, "PublicationType": {"Research": true}, "Section": {"Results": true}, "Species": {"9606": true}}, "citation": {"db": "DOI", "db_id": "10.1101/2020.02.18.20024364"}, "evidence": "Interestingly, the concentration of these three cytokines was negatively correlated with total T cell counts, CD4 + counts, and CD8 + counts, respectively (Figure 2B).", "line": 72, "relation": "negativeCorrelation"}
a(MESH:"CD8-Positive T-Lymphocytes")	positiveCorrelation	path(DO:"COVID-19")	{"annotations": {"Custom_Disease": {"COVID-19": true}, "Disease_Stage": {"declining stage": true}, "MeSHAnatomy": {"Serum": true}, "PublicationStatus": {"Preprint": true}, "PublicationType": {"Research": true}, "Section": {"Results": true}, "Species": {"9606": true}}, "citation": {"db": "DOI", "db_id": "10.1101/2020.02.18.20024364"}, "evidence": "Interestingly, serum levels of IFN-\u03b3, IL-10, IL-6 and TNF-\u03b1 were significantly decreased in these patients in the decline period as compared with illness period, while counts of total T cells, CD4 + , and CD8 + T cell subsets recovered during the decline period (Figure 2C).", "line": 85, "relation": "positiveCorrelation"}
a(MESH:"CD8-Positive T-Lymphocytes")	association	surf(p(HGNC:PDCD1))	{"annotations": {"Cohort": {"ICU patients": true}, "Custom_Disease": {"COVID-19": true}, "PublicationStatus": {"Preprint": true}, "PublicationType": {"Research": true}, "Section": {"Results": true}, "Species": {"9606": true}}, "citation": {"db": "DOI", "db_id": "10.1101/2020.02.18.20024364"}, "evidence": "Furthermore, statistical analysis showed that the percentage of PD-1 + CD8 + T cells from ICU patients was significantly higher than from both Non-ICU cases and healthy controls (Figure 3B), indicating that SARS-CoV-2 viruses induce T cell exhaustion in COVID-19 patients, particularly in those requiring ICU care.", "line": 101, "object": {"effect": {"fromLoc": {"namespace": "bel", "name": "intracellular"}, "toLoc": {"namespace": "bel", "name": "cell surface"}}, "modifier": "Translocation"}, "relation": "association"}
a(MESH:"CD8-Positive T-Lymphocytes")	association	surf(p(HGNC:PDCD1))	{"annotations": {"Custom_Disease": {"COVID-19": true}, "Disease_Stage": {"prodromal stage": true}, "PublicationStatus": {"Preprint": true}, "PublicationType": {"Research": true}, "Section": {"Results": true}, "Species": {"9606": true}, "Technique": {"fluorescence-activated cell sorting": true}}, "citation": {"db": "DOI", "db_id": "10.1101/2020.02.18.20024364"}, "evidence": "FACs showed that these patients have very low level of PD-1 and Tim-3 on CD8 + and CD4 + T cells in the prodromal stage, however, their levels on CD8 + T cells was increased in overtly symptomatic stages, and highest levels were seen in ICU period (Figure 3C, D).", "line": 109, "object": {"effect": {"fromLoc": {"namespace": "bel", "name": "intracellular"}, "toLoc": {"namespace": "bel", "name": "cell surface"}}, "modifier": "Translocation"}, "relation": "association"}
a(MESH:"T-Lymphocytes")	negativeCorrelation	p(HGNC:TNF)	{"annotations": {"Cohort": {"ICU patients": true}, "Custom_Disease": {"COVID-19": true}, "PublicationStatus": {"Preprint": true}, "PublicationType": {"Research": true}, "Section": {"Results": true}, "Species": {"9606": true}}, "citation": {"db": "DOI", "db_id": "10.1101/2020.02.18.20024364"}, "evidence": "Interestingly, the concentration of these three cytokines was negatively correlated with total T cell counts, CD4 + counts, and CD8 + counts, respectively (Figure 2B).", "line": 70, "relation": "negativeCorrelation"}
a(MESH:"T-Lymphocytes")	positiveCorrelation	path(DO:"COVID-19")	{"annotations": {"Custom_Disease": {"COVID-19": true}, "Disease_Stage": {"declining stage": true}, "MeSHAnatomy": {"Serum": true}, "PublicationStatus": {"Preprint": true}, "PublicationType": {"Research": true}, "Section": {"Results": true}, "Species": {"9606": true}}, "citation": {"db": "DOI", "db_id": "10.1101/2020.02.18.20024364"}, "evidence": "Interestingly, serum levels of IFN-\u03b3, IL-10, IL-6 and TNF-\u03b1 were significantly decreased in these patients in the decline period as compared with illness period, while counts of total T cells, CD4 + , and CD8 + T cell subsets recovered during the decline period (Figure 2C).", "line": 83, "relation": "positiveCorrelation"}
a(MESH:"T-Lymphocytes")	association	surf(p(HGNC:PDCD1))	{"annotations": {"Custom_Disease": {"COVID-19": true}, "PublicationStatus": {"Preprint": true}, "PublicationType": {"Research": true}, "Section": {"Results": true}, "Species": {"9606": true}, "Technique": {"fluorescence-activated cell sorting": true}}, "citation": {"db": "DOI", "db_id": "10.1101/2020.02.18.20024364"}, "evidence": "FACs analysis illustrated that, T cells from COVID-19 patients have markedly higher levels of PD-1 compared to healthy controls (Figure 3A).", "line": 93, "object": {"effect": {"fromLoc": {"namespace": "bel", "name": "intracellular"}, "toLoc": {"namespace": "bel", "name": "cell surface"}}, "modifier": "Translocation"}, "relation": "association"}
surf(p(HGNC:HAVCR2))	negativeCorrelation	path(DO:"COVID-19")	{"annotations": {"Custom_Disease": {"COVID-19": true}, "Disease_Stage": {"prodromal stage": true}, "PublicationStatus": {"Preprint": true}, "PublicationType": {"Research": true}, "Section": {"Results": true}, "Species": {"9606": true}, "Technique": {"fluorescence-activated cell sorting": true}}, "citation": {"db": "DOI", "db_id": "10.1101/2020.02.18.20024364"}, "evidence": "FACs showed that these patients have very low level of PD-1 and Tim-3 on CD8 + and CD4 + T cells in the prodromal stage, however, their levels on CD8 + T cells was increased in overtly symptomatic stages, and highest levels were seen in ICU period (Figure 3C, D).", "line": 110, "relation": "negativeCorrelation", "subject": {"effect": {"fromLoc": {"namespace": "bel", "name": "intracellular"}, "toLoc": {"namespace": "bel", "name": "cell surface"}}, "modifier": "Translocation"}}
surf(p(HGNC:HAVCR2))	positiveCorrelation	path(DO:"COVID-19")	{"annotations": {"Cohort": {"ICU patients": true}, "Custom_Disease": {"COVID-19": true}, "Disease_Stage": {"Symptomatic": true}, "PublicationStatus": {"Preprint": true}, "PublicationType": {"Research": true}, "Section": {"Results": true}, "Species": {"9606": true}}, "citation": {"db": "DOI", "db_id": "10.1101/2020.02.18.20024364"}, "evidence": "Similarly, higher levels of Tim-3 was observed on CD4 + T cells from patients who are in ICU stage, although enhancing the expression of PD-1 on CD4 + T cells was not obviously during disease progress (Figure 3C, D).", "line": 125, "relation": "positiveCorrelation", "subject": {"effect": {"fromLoc": {"namespace": "bel", "name": "intracellular"}, "toLoc": {"namespace": "bel", "name": "cell surface"}}, "modifier": "Translocation"}}
surf(p(HGNC:HAVCR2))	association	a(MESH:"CD4-Positive T-Lymphocytes")	{"annotations": {"Custom_Disease": {"COVID-19": true}, "Disease_Stage": {"prodromal stage": true}, "PublicationStatus": {"Preprint": true}, "PublicationType": {"Research": true}, "Section": {"Results": true}, "Species": {"9606": true}, "Technique": {"fluorescence-activated cell sorting": true}}, "citation": {"db": "DOI", "db_id": "10.1101/2020.02.18.20024364"}, "evidence": "FACs showed that these patients have very low level of PD-1 and Tim-3 on CD8 + and CD4 + T cells in the prodromal stage, however, their levels on CD8 + T cells was increased in overtly symptomatic stages, and highest levels were seen in ICU period (Figure 3C, D).", "line": 111, "relation": "association", "subject": {"effect": {"fromLoc": {"namespace": "bel", "name": "intracellular"}, "toLoc": {"namespace": "bel", "name": "cell surface"}}, "modifier": "Translocation"}}
surf(p(HGNC:HAVCR2))	association	a(MESH:"CD4-Positive T-Lymphocytes")	{"annotations": {"Cohort": {"ICU patients": true}, "Custom_Disease": {"COVID-19": true}, "Disease_Stage": {"Symptomatic": true}, "PublicationStatus": {"Preprint": true}, "PublicationType": {"Research": true}, "Section": {"Results": true}, "Species": {"9606": true}}, "citation": {"db": "DOI", "db_id": "10.1101/2020.02.18.20024364"}, "evidence": "Similarly, higher levels of Tim-3 was observed on CD4 + T cells from patients who are in ICU stage, although enhancing the expression of PD-1 on CD4 + T cells was not obviously during disease progress (Figure 3C, D).", "line": 126, "relation": "association", "subject": {"effect": {"fromLoc": {"namespace": "bel", "name": "intracellular"}, "toLoc": {"namespace": "bel", "name": "cell surface"}}, "modifier": "Translocation"}}
p(HGNC:IFNG)	negativeCorrelation	path(DO:"COVID-19")	{"annotations": {"Custom_Disease": {"COVID-19": true}, "Disease_Stage": {"declining stage": true}, "MeSHAnatomy": {"Serum": true}, "PublicationStatus": {"Preprint": true}, "PublicationType": {"Research": true}, "Section": {"Results": true}, "Species": {"9606": true}}, "citation": {"db": "DOI", "db_id": "10.1101/2020.02.18.20024364"}, "evidence": "Interestingly, serum levels of IFN-\u03b3, IL-10, IL-6 and TNF-\u03b1 were significantly decreased in these patients in the decline period as compared with illness period, while counts of total T cells, CD4 + , and CD8 + T cell subsets recovered during the decline period (Figure 2C).", "line": 79, "relation": "negativeCorrelation"}
p(HGNC:IL10)	positiveCorrelation	path(DO:"COVID-19")	{"annotations": {"Cohort": {"ICU patients": true}, "Custom_Disease": {"COVID-19": true}, "PublicationStatus": {"Preprint": true}, "PublicationType": {"Research": true}, "Section": {"Results": true}, "Species": {"9606": true}}, "citation": {"db": "DOI", "db_id": "10.1101/2020.02.18.20024364"}, "evidence": "We only found the levels of TNF-\u03b1, IL-6 and IL-10 were significantly increased in infected patients, and statistical analysis illustrated that their levels in ICU patients are significantly higher than in Non-ICU patients (Figure 2A).", "line": 64, "relation": "positiveCorrelation"}
p(HGNC:IL10)	negativeCorrelation	path(DO:"COVID-19")	{"annotations": {"Custom_Disease": {"COVID-19": true}, "Disease_Stage": {"declining stage": true}, "MeSHAnatomy": {"Serum": true}, "PublicationStatus": {"Preprint": true}, "PublicationType": {"Research": true}, "Section": {"Results": true}, "Species": {"9606": true}}, "citation": {"db": "DOI", "db_id": "10.1101/2020.02.18.20024364"}, "evidence": "Interestingly, serum levels of IFN-\u03b3, IL-10, IL-6 and TNF-\u03b1 were significantly decreased in these patients in the decline period as compared with illness period, while counts of total T cells, CD4 + , and CD8 + T cell subsets recovered during the decline period (Figure 2C).", "line": 80, "relation": "negativeCorrelation"}
p(HGNC:IL10)	negativeCorrelation	a(MESH:"CD8-Positive T-Lymphocytes")	{"annotations": {"Cohort": {"ICU patients": true}, "Custom_Disease": {"COVID-19": true}, "PublicationStatus": {"Preprint": true}, "PublicationType": {"Research": true}, "Section": {"Results": true}, "Species": {"9606": true}}, "citation": {"db": "DOI", "db_id": "10.1101/2020.02.18.20024364"}, "evidence": "Interestingly, the concentration of these three cytokines was negatively correlated with total T cell counts, CD4 + counts, and CD8 + counts, respectively (Figure 2B).", "line": 72, "relation": "negativeCorrelation"}
p(HGNC:IL6)	positiveCorrelation	path(DO:"COVID-19")	{"annotations": {"Cohort": {"ICU patients": true}, "Custom_Disease": {"COVID-19": true}, "PublicationStatus": {"Preprint": true}, "PublicationType": {"Research": true}, "Section": {"Results": true}, "Species": {"9606": true}}, "citation": {"db": "DOI", "db_id": "10.1101/2020.02.18.20024364"}, "evidence": "We only found the levels of TNF-\u03b1, IL-6 and IL-10 were significantly increased in infected patients, and statistical analysis illustrated that their levels in ICU patients are significantly higher than in Non-ICU patients (Figure 2A).", "line": 63, "relation": "positiveCorrelation"}
p(HGNC:IL6)	negativeCorrelation	path(DO:"COVID-19")	{"annotations": {"Custom_Disease": {"COVID-19": true}, "Disease_Stage": {"declining stage": true}, "MeSHAnatomy": {"Serum": true}, "PublicationStatus": {"Preprint": true}, "PublicationType": {"Research": true}, "Section": {"Results": true}, "Species": {"9606": true}}, "citation": {"db": "DOI", "db_id": "10.1101/2020.02.18.20024364"}, "evidence": "Interestingly, serum levels of IFN-\u03b3, IL-10, IL-6 and TNF-\u03b1 were significantly decreased in these patients in the decline period as compared with illness period, while counts of total T cells, CD4 + , and CD8 + T cell subsets recovered during the decline period (Figure 2C).", "line": 81, "relation": "negativeCorrelation"}
p(HGNC:IL6)	negativeCorrelation	a(MESH:"CD4-Positive T-Lymphocytes")	{"annotations": {"Cohort": {"ICU patients": true}, "Custom_Disease": {"COVID-19": true}, "PublicationStatus": {"Preprint": true}, "PublicationType": {"Research": true}, "Section": {"Results": true}, "Species": {"9606": true}}, "citation": {"db": "DOI", "db_id": "10.1101/2020.02.18.20024364"}, "evidence": "Interestingly, the concentration of these three cytokines was negatively correlated with total T cell counts, CD4 + counts, and CD8 + counts, respectively (Figure 2B).", "line": 71, "relation": "negativeCorrelation"}
surf(p(HGNC:PDCD1))	positiveCorrelation	path(DO:"COVID-19")	{"annotations": {"Custom_Disease": {"COVID-19": true}, "PublicationStatus": {"Preprint": true}, "PublicationType": {"Research": true}, "Section": {"Results": true}, "Species": {"9606": true}, "Technique": {"fluorescence-activated cell sorting": true}}, "citation": {"db": "DOI", "db_id": "10.1101/2020.02.18.20024364"}, "evidence": "FACs analysis illustrated that, T cells from COVID-19 patients have markedly higher levels of PD-1 compared to healthy controls (Figure 3A).", "line": 92, "relation": "positiveCorrelation", "subject": {"effect": {"fromLoc": {"namespace": "bel", "name": "intracellular"}, "toLoc": {"namespace": "bel", "name": "cell surface"}}, "modifier": "Translocation"}}
surf(p(HGNC:PDCD1))	positiveCorrelation	path(DO:"COVID-19")	{"annotations": {"Cohort": {"ICU patients": true}, "Custom_Disease": {"COVID-19": true}, "PublicationStatus": {"Preprint": true}, "PublicationType": {"Research": true}, "Section": {"Results": true}, "Species": {"9606": true}}, "citation": {"db": "DOI", "db_id": "10.1101/2020.02.18.20024364"}, "evidence": "Furthermore, statistical analysis showed that the percentage of PD-1 + CD8 + T cells from ICU patients was significantly higher than from both Non-ICU cases and healthy controls (Figure 3B), indicating that SARS-CoV-2 viruses induce T cell exhaustion in COVID-19 patients, particularly in those requiring ICU care.", "line": 100, "relation": "positiveCorrelation", "subject": {"effect": {"fromLoc": {"namespace": "bel", "name": "intracellular"}, "toLoc": {"namespace": "bel", "name": "cell surface"}}, "modifier": "Translocation"}}
surf(p(HGNC:PDCD1))	negativeCorrelation	path(DO:"COVID-19")	{"annotations": {"Custom_Disease": {"COVID-19": true}, "Disease_Stage": {"prodromal stage": true}, "PublicationStatus": {"Preprint": true}, "PublicationType": {"Research": true}, "Section": {"Results": true}, "Species": {"9606": true}, "Technique": {"fluorescence-activated cell sorting": true}}, "citation": {"db": "DOI", "db_id": "10.1101/2020.02.18.20024364"}, "evidence": "FACs showed that these patients have very low level of PD-1 and Tim-3 on CD8 + and CD4 + T cells in the prodromal stage, however, their levels on CD8 + T cells was increased in overtly symptomatic stages, and highest levels were seen in ICU period (Figure 3C, D).", "line": 108, "relation": "negativeCorrelation", "subject": {"effect": {"fromLoc": {"namespace": "bel", "name": "intracellular"}, "toLoc": {"namespace": "bel", "name": "cell surface"}}, "modifier": "Translocation"}}
surf(p(HGNC:PDCD1))	positiveCorrelation	path(DO:"COVID-19")	{"annotations": {"Cohort": {"ICU patients": true}, "Custom_Disease": {"COVID-19": true}, "Disease_Stage": {"Symptomatic": true}, "PublicationStatus": {"Preprint": true}, "PublicationType": {"Research": true}, "Section": {"Results": true}, "Species": {"9606": true}, "Technique": {"fluorescence-activated cell sorting": true}}, "citation": {"db": "DOI", "db_id": "10.1101/2020.02.18.20024364"}, "evidence": "FACs showed that these patients have very low level of PD-1 and Tim-3 on CD8 + and CD4 + T cells in the prodromal stage, however, their levels on CD8 + T cells was increased in overtly symptomatic stages, and highest levels were seen in ICU period (Figure 3C, D).", "line": 115, "relation": "positiveCorrelation", "subject": {"effect": {"fromLoc": {"namespace": "bel", "name": "intracellular"}, "toLoc": {"namespace": "bel", "name": "cell surface"}}, "modifier": "Translocation"}}
surf(p(HGNC:PDCD1))	association	a(MESH:"T-Lymphocytes")	{"annotations": {"Custom_Disease": {"COVID-19": true}, "PublicationStatus": {"Preprint": true}, "PublicationType": {"Research": true}, "Section": {"Results": true}, "Species": {"9606": true}, "Technique": {"fluorescence-activated cell sorting": true}}, "citation": {"db": "DOI", "db_id": "10.1101/2020.02.18.20024364"}, "evidence": "FACs analysis illustrated that, T cells from COVID-19 patients have markedly higher levels of PD-1 compared to healthy controls (Figure 3A).", "line": 93, "relation": "association", "subject": {"effect": {"fromLoc": {"namespace": "bel", "name": "intracellular"}, "toLoc": {"namespace": "bel", "name": "cell surface"}}, "modifier": "Translocation"}}
surf(p(HGNC:PDCD1))	association	a(MESH:"CD8-Positive T-Lymphocytes")	{"annotations": {"Cohort": {"ICU patients": true}, "Custom_Disease": {"COVID-19": true}, "PublicationStatus": {"Preprint": true}, "PublicationType": {"Research": true}, "Section": {"Results": true}, "Species": {"9606": true}}, "citation": {"db": "DOI", "db_id": "10.1101/2020.02.18.20024364"}, "evidence": "Furthermore, statistical analysis showed that the percentage of PD-1 + CD8 + T cells from ICU patients was significantly higher than from both Non-ICU cases and healthy controls (Figure 3B), indicating that SARS-CoV-2 viruses induce T cell exhaustion in COVID-19 patients, particularly in those requiring ICU care.", "line": 101, "relation": "association", "subject": {"effect": {"fromLoc": {"namespace": "bel", "name": "intracellular"}, "toLoc": {"namespace": "bel", "name": "cell surface"}}, "modifier": "Translocation"}}
surf(p(HGNC:PDCD1))	association	a(MESH:"CD8-Positive T-Lymphocytes")	{"annotations": {"Custom_Disease": {"COVID-19": true}, "Disease_Stage": {"prodromal stage": true}, "PublicationStatus": {"Preprint": true}, "PublicationType": {"Research": true}, "Section": {"Results": true}, "Species": {"9606": true}, "Technique": {"fluorescence-activated cell sorting": true}}, "citation": {"db": "DOI", "db_id": "10.1101/2020.02.18.20024364"}, "evidence": "FACs showed that these patients have very low level of PD-1 and Tim-3 on CD8 + and CD4 + T cells in the prodromal stage, however, their levels on CD8 + T cells was increased in overtly symptomatic stages, and highest levels were seen in ICU period (Figure 3C, D).", "line": 109, "relation": "association", "subject": {"effect": {"fromLoc": {"namespace": "bel", "name": "intracellular"}, "toLoc": {"namespace": "bel", "name": "cell surface"}}, "modifier": "Translocation"}}
p(HGNC:TNF)	positiveCorrelation	path(DO:"COVID-19")	{"annotations": {"Cohort": {"ICU patients": true}, "Custom_Disease": {"COVID-19": true}, "PublicationStatus": {"Preprint": true}, "PublicationType": {"Research": true}, "Section": {"Results": true}, "Species": {"9606": true}}, "citation": {"db": "DOI", "db_id": "10.1101/2020.02.18.20024364"}, "evidence": "We only found the levels of TNF-\u03b1, IL-6 and IL-10 were significantly increased in infected patients, and statistical analysis illustrated that their levels in ICU patients are significantly higher than in Non-ICU patients (Figure 2A).", "line": 62, "relation": "positiveCorrelation"}
p(HGNC:TNF)	negativeCorrelation	path(DO:"COVID-19")	{"annotations": {"Custom_Disease": {"COVID-19": true}, "Disease_Stage": {"declining stage": true}, "MeSHAnatomy": {"Serum": true}, "PublicationStatus": {"Preprint": true}, "PublicationType": {"Research": true}, "Section": {"Results": true}, "Species": {"9606": true}}, "citation": {"db": "DOI", "db_id": "10.1101/2020.02.18.20024364"}, "evidence": "Interestingly, serum levels of IFN-\u03b3, IL-10, IL-6 and TNF-\u03b1 were significantly decreased in these patients in the decline period as compared with illness period, while counts of total T cells, CD4 + , and CD8 + T cell subsets recovered during the decline period (Figure 2C).", "line": 82, "relation": "negativeCorrelation"}
p(HGNC:TNF)	negativeCorrelation	a(MESH:"T-Lymphocytes")	{"annotations": {"Cohort": {"ICU patients": true}, "Custom_Disease": {"COVID-19": true}, "PublicationStatus": {"Preprint": true}, "PublicationType": {"Research": true}, "Section": {"Results": true}, "Species": {"9606": true}}, "citation": {"db": "DOI", "db_id": "10.1101/2020.02.18.20024364"}, "evidence": "Interestingly, the concentration of these three cytokines was negatively correlated with total T cell counts, CD4 + counts, and CD8 + counts, respectively (Figure 2B).", "line": 70, "relation": "negativeCorrelation"}
path(DO:"COVID-19")	decreases	a(MESH:"T-Lymphocytes")	{"annotations": {"Custom_Disease": {"COVID-19": true}, "PublicationStatus": {"Preprint": true}, "PublicationType": {"Research": true}, "Section": {"Results": true}, "Species": {"9606": true}}, "citation": {"db": "DOI", "db_id": "10.1101/2020.02.18.20024364"}, "evidence": "5.75% (359/499), 75.95% (379/499) and 71.54% (357/499) patients had remarkably low total T cell counts, CD4 + and CD8 + T cell counts, respectively.", "line": 47, "relation": "decreases"}
path(DO:"COVID-19")	decreases	a(MESH:"T-Lymphocytes")	{"annotations": {"Cohort": {"ICU patients": true}, "Custom_Disease": {"COVID-19": true}, "PublicationStatus": {"Preprint": true}, "PublicationType": {"Research": true}, "Section": {"Results": true}, "Species": {"9606": true}}, "citation": {"db": "DOI", "db_id": "10.1101/2020.02.18.20024364"}, "evidence": "The counts of total T cells, CD4 + and CD8 + T cells were significantly lower in ICU patients than Non-ICU cases (Figure 1B).", "line": 54, "relation": "decreases"}
path(DO:"COVID-19")	positiveCorrelation	a(MESH:"T-Lymphocytes")	{"annotations": {"Custom_Disease": {"COVID-19": true}, "Disease_Stage": {"declining stage": true}, "MeSHAnatomy": {"Serum": true}, "PublicationStatus": {"Preprint": true}, "PublicationType": {"Research": true}, "Section": {"Results": true}, "Species": {"9606": true}}, "citation": {"db": "DOI", "db_id": "10.1101/2020.02.18.20024364"}, "evidence": "Interestingly, serum levels of IFN-\u03b3, IL-10, IL-6 and TNF-\u03b1 were significantly decreased in these patients in the decline period as compared with illness period, while counts of total T cells, CD4 + , and CD8 + T cell subsets recovered during the decline period (Figure 2C).", "line": 83, "relation": "positiveCorrelation"}
path(DO:"COVID-19")	decreases	a(MESH:"CD4-Positive T-Lymphocytes")	{"annotations": {"Custom_Disease": {"COVID-19": true}, "PublicationStatus": {"Preprint": true}, "PublicationType": {"Research": true}, "Section": {"Results": true}, "Species": {"9606": true}}, "citation": {"db": "DOI", "db_id": "10.1101/2020.02.18.20024364"}, "evidence": "5.75% (359/499), 75.95% (379/499) and 71.54% (357/499) patients had remarkably low total T cell counts, CD4 + and CD8 + T cell counts, respectively.", "line": 48, "relation": "decreases"}
path(DO:"COVID-19")	decreases	a(MESH:"CD4-Positive T-Lymphocytes")	{"annotations": {"Cohort": {"ICU patients": true}, "Custom_Disease": {"COVID-19": true}, "PublicationStatus": {"Preprint": true}, "PublicationType": {"Research": true}, "Section": {"Results": true}, "Species": {"9606": true}}, "citation": {"db": "DOI", "db_id": "10.1101/2020.02.18.20024364"}, "evidence": "The counts of total T cells, CD4 + and CD8 + T cells were significantly lower in ICU patients than Non-ICU cases (Figure 1B).", "line": 55, "relation": "decreases"}
path(DO:"COVID-19")	positiveCorrelation	a(MESH:"CD4-Positive T-Lymphocytes")	{"annotations": {"Custom_Disease": {"COVID-19": true}, "Disease_Stage": {"declining stage": true}, "MeSHAnatomy": {"Serum": true}, "PublicationStatus": {"Preprint": true}, "PublicationType": {"Research": true}, "Section": {"Results": true}, "Species": {"9606": true}}, "citation": {"db": "DOI", "db_id": "10.1101/2020.02.18.20024364"}, "evidence": "Interestingly, serum levels of IFN-\u03b3, IL-10, IL-6 and TNF-\u03b1 were significantly decreased in these patients in the decline period as compared with illness period, while counts of total T cells, CD4 + , and CD8 + T cell subsets recovered during the decline period (Figure 2C).", "line": 84, "relation": "positiveCorrelation"}
path(DO:"COVID-19")	decreases	a(MESH:"CD8-Positive T-Lymphocytes")	{"annotations": {"Custom_Disease": {"COVID-19": true}, "PublicationStatus": {"Preprint": true}, "PublicationType": {"Research": true}, "Section": {"Results": true}, "Species": {"9606": true}}, "citation": {"db": "DOI", "db_id": "10.1101/2020.02.18.20024364"}, "evidence": "5.75% (359/499), 75.95% (379/499) and 71.54% (357/499) patients had remarkably low total T cell counts, CD4 + and CD8 + T cell counts, respectively.", "line": 49, "relation": "decreases"}
path(DO:"COVID-19")	decreases	a(MESH:"CD8-Positive T-Lymphocytes")	{"annotations": {"Cohort": {"ICU patients": true}, "Custom_Disease": {"COVID-19": true}, "PublicationStatus": {"Preprint": true}, "PublicationType": {"Research": true}, "Section": {"Results": true}, "Species": {"9606": true}}, "citation": {"db": "DOI", "db_id": "10.1101/2020.02.18.20024364"}, "evidence": "The counts of total T cells, CD4 + and CD8 + T cells were significantly lower in ICU patients than Non-ICU cases (Figure 1B).", "line": 56, "relation": "decreases"}
path(DO:"COVID-19")	positiveCorrelation	a(MESH:"CD8-Positive T-Lymphocytes")	{"annotations": {"Custom_Disease": {"COVID-19": true}, "Disease_Stage": {"declining stage": true}, "MeSHAnatomy": {"Serum": true}, "PublicationStatus": {"Preprint": true}, "PublicationType": {"Research": true}, "Section": {"Results": true}, "Species": {"9606": true}}, "citation": {"db": "DOI", "db_id": "10.1101/2020.02.18.20024364"}, "evidence": "Interestingly, serum levels of IFN-\u03b3, IL-10, IL-6 and TNF-\u03b1 were significantly decreased in these patients in the decline period as compared with illness period, while counts of total T cells, CD4 + , and CD8 + T cell subsets recovered during the decline period (Figure 2C).", "line": 85, "relation": "positiveCorrelation"}
path(DO:"COVID-19")	increases	a(MESH:"CD8-Positive T-Lymphocytes")	{"annotations": {"Cohort": {"ICU patients": true}, "Custom_Disease": {"COVID-19": true}, "PublicationStatus": {"Preprint": true}, "PublicationType": {"Research": true}, "Section": {"Results": true}, "Species": {"9606": true}}, "citation": {"db": "DOI", "db_id": "10.1101/2020.02.18.20024364"}, "evidence": "Furthermore, statistical analysis showed that the percentage of PD-1 + CD8 + T cells from ICU patients was significantly higher than from both Non-ICU cases and healthy controls (Figure 3B), indicating that SARS-CoV-2 viruses induce T cell exhaustion in COVID-19 patients, particularly in those requiring ICU care.", "line": 99, "relation": "increases"}
path(DO:"COVID-19")	positiveCorrelation	p(HGNC:TNF)	{"annotations": {"Cohort": {"ICU patients": true}, "Custom_Disease": {"COVID-19": true}, "PublicationStatus": {"Preprint": true}, "PublicationType": {"Research": true}, "Section": {"Results": true}, "Species": {"9606": true}}, "citation": {"db": "DOI", "db_id": "10.1101/2020.02.18.20024364"}, "evidence": "We only found the levels of TNF-\u03b1, IL-6 and IL-10 were significantly increased in infected patients, and statistical analysis illustrated that their levels in ICU patients are significantly higher than in Non-ICU patients (Figure 2A).", "line": 62, "relation": "positiveCorrelation"}
path(DO:"COVID-19")	negativeCorrelation	p(HGNC:TNF)	{"annotations": {"Custom_Disease": {"COVID-19": true}, "Disease_Stage": {"declining stage": true}, "MeSHAnatomy": {"Serum": true}, "PublicationStatus": {"Preprint": true}, "PublicationType": {"Research": true}, "Section": {"Results": true}, "Species": {"9606": true}}, "citation": {"db": "DOI", "db_id": "10.1101/2020.02.18.20024364"}, "evidence": "Interestingly, serum levels of IFN-\u03b3, IL-10, IL-6 and TNF-\u03b1 were significantly decreased in these patients in the decline period as compared with illness period, while counts of total T cells, CD4 + , and CD8 + T cell subsets recovered during the decline period (Figure 2C).", "line": 82, "relation": "negativeCorrelation"}
path(DO:"COVID-19")	positiveCorrelation	p(HGNC:IL6)	{"annotations": {"Cohort": {"ICU patients": true}, "Custom_Disease": {"COVID-19": true}, "PublicationStatus": {"Preprint": true}, "PublicationType": {"Research": true}, "Section": {"Results": true}, "Species": {"9606": true}}, "citation": {"db": "DOI", "db_id": "10.1101/2020.02.18.20024364"}, "evidence": "We only found the levels of TNF-\u03b1, IL-6 and IL-10 were significantly increased in infected patients, and statistical analysis illustrated that their levels in ICU patients are significantly higher than in Non-ICU patients (Figure 2A).", "line": 63, "relation": "positiveCorrelation"}
path(DO:"COVID-19")	negativeCorrelation	p(HGNC:IL6)	{"annotations": {"Custom_Disease": {"COVID-19": true}, "Disease_Stage": {"declining stage": true}, "MeSHAnatomy": {"Serum": true}, "PublicationStatus": {"Preprint": true}, "PublicationType": {"Research": true}, "Section": {"Results": true}, "Species": {"9606": true}}, "citation": {"db": "DOI", "db_id": "10.1101/2020.02.18.20024364"}, "evidence": "Interestingly, serum levels of IFN-\u03b3, IL-10, IL-6 and TNF-\u03b1 were significantly decreased in these patients in the decline period as compared with illness period, while counts of total T cells, CD4 + , and CD8 + T cell subsets recovered during the decline period (Figure 2C).", "line": 81, "relation": "negativeCorrelation"}
path(DO:"COVID-19")	positiveCorrelation	p(HGNC:IL10)	{"annotations": {"Cohort": {"ICU patients": true}, "Custom_Disease": {"COVID-19": true}, "PublicationStatus": {"Preprint": true}, "PublicationType": {"Research": true}, "Section": {"Results": true}, "Species": {"9606": true}}, "citation": {"db": "DOI", "db_id": "10.1101/2020.02.18.20024364"}, "evidence": "We only found the levels of TNF-\u03b1, IL-6 and IL-10 were significantly increased in infected patients, and statistical analysis illustrated that their levels in ICU patients are significantly higher than in Non-ICU patients (Figure 2A).", "line": 64, "relation": "positiveCorrelation"}
path(DO:"COVID-19")	negativeCorrelation	p(HGNC:IL10)	{"annotations": {"Custom_Disease": {"COVID-19": true}, "Disease_Stage": {"declining stage": true}, "MeSHAnatomy": {"Serum": true}, "PublicationStatus": {"Preprint": true}, "PublicationType": {"Research": true}, "Section": {"Results": true}, "Species": {"9606": true}}, "citation": {"db": "DOI", "db_id": "10.1101/2020.02.18.20024364"}, "evidence": "Interestingly, serum levels of IFN-\u03b3, IL-10, IL-6 and TNF-\u03b1 were significantly decreased in these patients in the decline period as compared with illness period, while counts of total T cells, CD4 + , and CD8 + T cell subsets recovered during the decline period (Figure 2C).", "line": 80, "relation": "negativeCorrelation"}
path(DO:"COVID-19")	negativeCorrelation	p(HGNC:IFNG)	{"annotations": {"Custom_Disease": {"COVID-19": true}, "Disease_Stage": {"declining stage": true}, "MeSHAnatomy": {"Serum": true}, "PublicationStatus": {"Preprint": true}, "PublicationType": {"Research": true}, "Section": {"Results": true}, "Species": {"9606": true}}, "citation": {"db": "DOI", "db_id": "10.1101/2020.02.18.20024364"}, "evidence": "Interestingly, serum levels of IFN-\u03b3, IL-10, IL-6 and TNF-\u03b1 were significantly decreased in these patients in the decline period as compared with illness period, while counts of total T cells, CD4 + , and CD8 + T cell subsets recovered during the decline period (Figure 2C).", "line": 79, "relation": "negativeCorrelation"}
path(DO:"COVID-19")	positiveCorrelation	surf(p(HGNC:PDCD1))	{"annotations": {"Custom_Disease": {"COVID-19": true}, "PublicationStatus": {"Preprint": true}, "PublicationType": {"Research": true}, "Section": {"Results": true}, "Species": {"9606": true}, "Technique": {"fluorescence-activated cell sorting": true}}, "citation": {"db": "DOI", "db_id": "10.1101/2020.02.18.20024364"}, "evidence": "FACs analysis illustrated that, T cells from COVID-19 patients have markedly higher levels of PD-1 compared to healthy controls (Figure 3A).", "line": 92, "object": {"effect": {"fromLoc": {"namespace": "bel", "name": "intracellular"}, "toLoc": {"namespace": "bel", "name": "cell surface"}}, "modifier": "Translocation"}, "relation": "positiveCorrelation"}
path(DO:"COVID-19")	positiveCorrelation	surf(p(HGNC:PDCD1))	{"annotations": {"Cohort": {"ICU patients": true}, "Custom_Disease": {"COVID-19": true}, "PublicationStatus": {"Preprint": true}, "PublicationType": {"Research": true}, "Section": {"Results": true}, "Species": {"9606": true}}, "citation": {"db": "DOI", "db_id": "10.1101/2020.02.18.20024364"}, "evidence": "Furthermore, statistical analysis showed that the percentage of PD-1 + CD8 + T cells from ICU patients was significantly higher than from both Non-ICU cases and healthy controls (Figure 3B), indicating that SARS-CoV-2 viruses induce T cell exhaustion in COVID-19 patients, particularly in those requiring ICU care.", "line": 100, "object": {"effect": {"fromLoc": {"namespace": "bel", "name": "intracellular"}, "toLoc": {"namespace": "bel", "name": "cell surface"}}, "modifier": "Translocation"}, "relation": "positiveCorrelation"}
path(DO:"COVID-19")	negativeCorrelation	surf(p(HGNC:PDCD1))	{"annotations": {"Custom_Disease": {"COVID-19": true}, "Disease_Stage": {"prodromal stage": true}, "PublicationStatus": {"Preprint": true}, "PublicationType": {"Research": true}, "Section": {"Results": true}, "Species": {"9606": true}, "Technique": {"fluorescence-activated cell sorting": true}}, "citation": {"db": "DOI", "db_id": "10.1101/2020.02.18.20024364"}, "evidence": "FACs showed that these patients have very low level of PD-1 and Tim-3 on CD8 + and CD4 + T cells in the prodromal stage, however, their levels on CD8 + T cells was increased in overtly symptomatic stages, and highest levels were seen in ICU period (Figure 3C, D).", "line": 108, "object": {"effect": {"fromLoc": {"namespace": "bel", "name": "intracellular"}, "toLoc": {"namespace": "bel", "name": "cell surface"}}, "modifier": "Translocation"}, "relation": "negativeCorrelation"}
path(DO:"COVID-19")	positiveCorrelation	surf(p(HGNC:PDCD1))	{"annotations": {"Cohort": {"ICU patients": true}, "Custom_Disease": {"COVID-19": true}, "Disease_Stage": {"Symptomatic": true}, "PublicationStatus": {"Preprint": true}, "PublicationType": {"Research": true}, "Section": {"Results": true}, "Species": {"9606": true}, "Technique": {"fluorescence-activated cell sorting": true}}, "citation": {"db": "DOI", "db_id": "10.1101/2020.02.18.20024364"}, "evidence": "FACs showed that these patients have very low level of PD-1 and Tim-3 on CD8 + and CD4 + T cells in the prodromal stage, however, their levels on CD8 + T cells was increased in overtly symptomatic stages, and highest levels were seen in ICU period (Figure 3C, D).", "line": 115, "object": {"effect": {"fromLoc": {"namespace": "bel", "name": "intracellular"}, "toLoc": {"namespace": "bel", "name": "cell surface"}}, "modifier": "Translocation"}, "relation": "positiveCorrelation"}
path(DO:"COVID-19")	negativeCorrelation	surf(p(HGNC:HAVCR2))	{"annotations": {"Custom_Disease": {"COVID-19": true}, "Disease_Stage": {"prodromal stage": true}, "PublicationStatus": {"Preprint": true}, "PublicationType": {"Research": true}, "Section": {"Results": true}, "Species": {"9606": true}, "Technique": {"fluorescence-activated cell sorting": true}}, "citation": {"db": "DOI", "db_id": "10.1101/2020.02.18.20024364"}, "evidence": "FACs showed that these patients have very low level of PD-1 and Tim-3 on CD8 + and CD4 + T cells in the prodromal stage, however, their levels on CD8 + T cells was increased in overtly symptomatic stages, and highest levels were seen in ICU period (Figure 3C, D).", "line": 110, "object": {"effect": {"fromLoc": {"namespace": "bel", "name": "intracellular"}, "toLoc": {"namespace": "bel", "name": "cell surface"}}, "modifier": "Translocation"}, "relation": "negativeCorrelation"}
path(DO:"COVID-19")	positiveCorrelation	surf(p(HGNC:HAVCR2))	{"annotations": {"Cohort": {"ICU patients": true}, "Custom_Disease": {"COVID-19": true}, "Disease_Stage": {"Symptomatic": true}, "PublicationStatus": {"Preprint": true}, "PublicationType": {"Research": true}, "Section": {"Results": true}, "Species": {"9606": true}}, "citation": {"db": "DOI", "db_id": "10.1101/2020.02.18.20024364"}, "evidence": "Similarly, higher levels of Tim-3 was observed on CD4 + T cells from patients who are in ICU stage, although enhancing the expression of PD-1 on CD4 + T cells was not obviously during disease progress (Figure 3C, D).", "line": 125, "object": {"effect": {"fromLoc": {"namespace": "bel", "name": "intracellular"}, "toLoc": {"namespace": "bel", "name": "cell surface"}}, "modifier": "Translocation"}, "relation": "positiveCorrelation"}
