a(GO:"blood microparticle")	positiveCorrelation	path(DO:"COVID-19")	{"annotations": {"BioAssay": {"flow cytometry": true}, "Custom_Disease": {"COVID-19": true}, "MeSHAnatomy": {"Plasma": true}, "PublicationStatus": {"Preprint": true}, "PublicationType": {"Research": true}, "Section": {"Results": true}, "Species": {"9606": true}}, "citation": {"db": "DOI", "db_id": "10.21203/rs.3.rs-19182/v1"}, "evidence": "The number of MPs in patients with COVID-19 was significantly higher than that in the control group (P<0.05).", "line": 52, "relation": "positiveCorrelation"}
a(GO:"blood microparticle")	positiveCorrelation	path(HP:Severity)	{"annotations": {"Analysis": {"Pearson correlation analysis": true}, "Custom_Disease": {"COVID-19": true}, "PublicationStatus": {"Preprint": true}, "PublicationType": {"Research": true}, "Section": {"Results": true}, "Species": {"9606": true}}, "citation": {"db": "DOI", "db_id": "10.21203/rs.3.rs-19182/v1"}, "evidence": "Pearson correlation analysis results showed a remarkably positive correlation of MP production and the expression of IL-6, IL-8 and IL-10 with the severity of COVID-19 (Table 4).", "line": 67, "relation": "positiveCorrelation"}
p(HGNC:CXCL8)	positiveCorrelation	path(DO:"COVID-19")	{"annotations": {"BioAssay": {"ELISA": true}, "Custom_Disease": {"COVID-19": true}, "MeSHAnatomy": {"Serum": true}, "PublicationStatus": {"Preprint": true}, "PublicationType": {"Research": true}, "Section": {"Results": true}, "Species": {"9606": true}}, "citation": {"db": "DOI", "db_id": "10.21203/rs.3.rs-19182/v1"}, "evidence": "The expression of IL-6, IL-8 and IL-10 in the serum of patients with COVID-19 increased significantly compared with the control group (P<0.05).", "line": 60, "relation": "positiveCorrelation"}
p(HGNC:CXCL8)	positiveCorrelation	path(HP:Severity)	{"annotations": {"Analysis": {"Pearson correlation analysis": true}, "Custom_Disease": {"COVID-19": true}, "PublicationStatus": {"Preprint": true}, "PublicationType": {"Research": true}, "Section": {"Results": true}, "Species": {"9606": true}}, "citation": {"db": "DOI", "db_id": "10.21203/rs.3.rs-19182/v1"}, "evidence": "Pearson correlation analysis results showed a remarkably positive correlation of MP production and the expression of IL-6, IL-8 and IL-10 with the severity of COVID-19 (Table 4).", "line": 69, "relation": "positiveCorrelation"}
p(HGNC:IL10)	positiveCorrelation	path(DO:"COVID-19")	{"annotations": {"BioAssay": {"ELISA": true}, "Custom_Disease": {"COVID-19": true}, "MeSHAnatomy": {"Serum": true}, "PublicationStatus": {"Preprint": true}, "PublicationType": {"Research": true}, "Section": {"Results": true}, "Species": {"9606": true}}, "citation": {"db": "DOI", "db_id": "10.21203/rs.3.rs-19182/v1"}, "evidence": "The expression of IL-6, IL-8 and IL-10 in the serum of patients with COVID-19 increased significantly compared with the control group (P<0.05).", "line": 61, "relation": "positiveCorrelation"}
p(HGNC:IL10)	positiveCorrelation	path(HP:Severity)	{"annotations": {"Analysis": {"Pearson correlation analysis": true}, "Custom_Disease": {"COVID-19": true}, "PublicationStatus": {"Preprint": true}, "PublicationType": {"Research": true}, "Section": {"Results": true}, "Species": {"9606": true}}, "citation": {"db": "DOI", "db_id": "10.21203/rs.3.rs-19182/v1"}, "evidence": "Pearson correlation analysis results showed a remarkably positive correlation of MP production and the expression of IL-6, IL-8 and IL-10 with the severity of COVID-19 (Table 4).", "line": 70, "relation": "positiveCorrelation"}
p(HGNC:IL6)	positiveCorrelation	path(DO:"COVID-19")	{"annotations": {"BioAssay": {"ELISA": true}, "Custom_Disease": {"COVID-19": true}, "MeSHAnatomy": {"Serum": true}, "PublicationStatus": {"Preprint": true}, "PublicationType": {"Research": true}, "Section": {"Results": true}, "Species": {"9606": true}}, "citation": {"db": "DOI", "db_id": "10.21203/rs.3.rs-19182/v1"}, "evidence": "The expression of IL-6, IL-8 and IL-10 in the serum of patients with COVID-19 increased significantly compared with the control group (P<0.05).", "line": 59, "relation": "positiveCorrelation"}
p(HGNC:IL6)	positiveCorrelation	path(HP:Severity)	{"annotations": {"Analysis": {"Pearson correlation analysis": true}, "Custom_Disease": {"COVID-19": true}, "PublicationStatus": {"Preprint": true}, "PublicationType": {"Research": true}, "Section": {"Results": true}, "Species": {"9606": true}}, "citation": {"db": "DOI", "db_id": "10.21203/rs.3.rs-19182/v1"}, "evidence": "Pearson correlation analysis results showed a remarkably positive correlation of MP production and the expression of IL-6, IL-8 and IL-10 with the severity of COVID-19 (Table 4).", "line": 68, "relation": "positiveCorrelation"}
path(DO:"COVID-19")	positiveCorrelation	a(GO:"blood microparticle")	{"annotations": {"BioAssay": {"flow cytometry": true}, "Custom_Disease": {"COVID-19": true}, "MeSHAnatomy": {"Plasma": true}, "PublicationStatus": {"Preprint": true}, "PublicationType": {"Research": true}, "Section": {"Results": true}, "Species": {"9606": true}}, "citation": {"db": "DOI", "db_id": "10.21203/rs.3.rs-19182/v1"}, "evidence": "The number of MPs in patients with COVID-19 was significantly higher than that in the control group (P<0.05).", "line": 52, "relation": "positiveCorrelation"}
path(DO:"COVID-19")	positiveCorrelation	p(HGNC:IL6)	{"annotations": {"BioAssay": {"ELISA": true}, "Custom_Disease": {"COVID-19": true}, "MeSHAnatomy": {"Serum": true}, "PublicationStatus": {"Preprint": true}, "PublicationType": {"Research": true}, "Section": {"Results": true}, "Species": {"9606": true}}, "citation": {"db": "DOI", "db_id": "10.21203/rs.3.rs-19182/v1"}, "evidence": "The expression of IL-6, IL-8 and IL-10 in the serum of patients with COVID-19 increased significantly compared with the control group (P<0.05).", "line": 59, "relation": "positiveCorrelation"}
path(DO:"COVID-19")	positiveCorrelation	p(HGNC:CXCL8)	{"annotations": {"BioAssay": {"ELISA": true}, "Custom_Disease": {"COVID-19": true}, "MeSHAnatomy": {"Serum": true}, "PublicationStatus": {"Preprint": true}, "PublicationType": {"Research": true}, "Section": {"Results": true}, "Species": {"9606": true}}, "citation": {"db": "DOI", "db_id": "10.21203/rs.3.rs-19182/v1"}, "evidence": "The expression of IL-6, IL-8 and IL-10 in the serum of patients with COVID-19 increased significantly compared with the control group (P<0.05).", "line": 60, "relation": "positiveCorrelation"}
path(DO:"COVID-19")	positiveCorrelation	p(HGNC:IL10)	{"annotations": {"BioAssay": {"ELISA": true}, "Custom_Disease": {"COVID-19": true}, "MeSHAnatomy": {"Serum": true}, "PublicationStatus": {"Preprint": true}, "PublicationType": {"Research": true}, "Section": {"Results": true}, "Species": {"9606": true}}, "citation": {"db": "DOI", "db_id": "10.21203/rs.3.rs-19182/v1"}, "evidence": "The expression of IL-6, IL-8 and IL-10 in the serum of patients with COVID-19 increased significantly compared with the control group (P<0.05).", "line": 61, "relation": "positiveCorrelation"}
path(HP:Severity)	positiveCorrelation	a(GO:"blood microparticle")	{"annotations": {"Analysis": {"Pearson correlation analysis": true}, "Custom_Disease": {"COVID-19": true}, "PublicationStatus": {"Preprint": true}, "PublicationType": {"Research": true}, "Section": {"Results": true}, "Species": {"9606": true}}, "citation": {"db": "DOI", "db_id": "10.21203/rs.3.rs-19182/v1"}, "evidence": "Pearson correlation analysis results showed a remarkably positive correlation of MP production and the expression of IL-6, IL-8 and IL-10 with the severity of COVID-19 (Table 4).", "line": 67, "relation": "positiveCorrelation"}
path(HP:Severity)	positiveCorrelation	p(HGNC:IL6)	{"annotations": {"Analysis": {"Pearson correlation analysis": true}, "Custom_Disease": {"COVID-19": true}, "PublicationStatus": {"Preprint": true}, "PublicationType": {"Research": true}, "Section": {"Results": true}, "Species": {"9606": true}}, "citation": {"db": "DOI", "db_id": "10.21203/rs.3.rs-19182/v1"}, "evidence": "Pearson correlation analysis results showed a remarkably positive correlation of MP production and the expression of IL-6, IL-8 and IL-10 with the severity of COVID-19 (Table 4).", "line": 68, "relation": "positiveCorrelation"}
path(HP:Severity)	positiveCorrelation	p(HGNC:CXCL8)	{"annotations": {"Analysis": {"Pearson correlation analysis": true}, "Custom_Disease": {"COVID-19": true}, "PublicationStatus": {"Preprint": true}, "PublicationType": {"Research": true}, "Section": {"Results": true}, "Species": {"9606": true}}, "citation": {"db": "DOI", "db_id": "10.21203/rs.3.rs-19182/v1"}, "evidence": "Pearson correlation analysis results showed a remarkably positive correlation of MP production and the expression of IL-6, IL-8 and IL-10 with the severity of COVID-19 (Table 4).", "line": 69, "relation": "positiveCorrelation"}
path(HP:Severity)	positiveCorrelation	p(HGNC:IL10)	{"annotations": {"Analysis": {"Pearson correlation analysis": true}, "Custom_Disease": {"COVID-19": true}, "PublicationStatus": {"Preprint": true}, "PublicationType": {"Research": true}, "Section": {"Results": true}, "Species": {"9606": true}}, "citation": {"db": "DOI", "db_id": "10.21203/rs.3.rs-19182/v1"}, "evidence": "Pearson correlation analysis results showed a remarkably positive correlation of MP production and the expression of IL-6, IL-8 and IL-10 with the severity of COVID-19 (Table 4).", "line": 70, "relation": "positiveCorrelation"}
