a(CHEBI:"6alpha-methylprednisolone")	partOf	composite(a(CHEBI:"6alpha-methylprednisolone"), a(CHEBI:thalidomide))	{"relation": "partOf"}
a(CHEBI:abacavir)	decreases	path(DO:"COVID-19")	{"annotations": {"Custom_Disease": {"COVID-19": true}, "PublicationStatus": {"Preprint": true}, "PublicationType": {"Research": true}, "Section": {"Results": true}, "Species": {"9606": true}}, "citation": {"db": "DOI", "db_id": "10.20944/preprints202003.0286.v1"}, "evidence": "At the time, we put forward pseudoephedrine, andrographolide, chloroquine, abacavir, baricitinib, and quercetin as repurposing candidates from our list, because there were other researches also suggesting or predicting these drugs, mainly based on our Yaozh database search and literature review.", "line": 72, "relation": "decreases"}
a(CHEBI:andrographolide)	decreases	path(DO:"COVID-19")	{"annotations": {"Custom_Disease": {"COVID-19": true}, "PublicationStatus": {"Preprint": true}, "PublicationType": {"Research": true}, "Section": {"Results": true}, "Species": {"9606": true}}, "citation": {"db": "DOI", "db_id": "10.20944/preprints202003.0286.v1"}, "evidence": "At the time, we put forward pseudoephedrine, andrographolide, chloroquine, abacavir, baricitinib, and quercetin as repurposing candidates from our list, because there were other researches also suggesting or predicting these drugs, mainly based on our Yaozh database search and literature review.", "line": 70, "relation": "decreases"}
a(CHEBI:chloroquine)	decreases	path(DO:"COVID-19")	{"annotations": {"Custom_Disease": {"COVID-19": true}, "PublicationStatus": {"Preprint": true}, "PublicationType": {"Research": true}, "Section": {"Results": true}, "Species": {"9606": true}}, "citation": {"db": "DOI", "db_id": "10.20944/preprints202003.0286.v1"}, "evidence": "At the time, we put forward pseudoephedrine, andrographolide, chloroquine, abacavir, baricitinib, and quercetin as repurposing candidates from our list, because there were other researches also suggesting or predicting these drugs, mainly based on our Yaozh database search and literature review.", "line": 71, "relation": "decreases"}
a(CHEBI:pseudoephedrine)	decreases	path(DO:"COVID-19")	{"annotations": {"Custom_Disease": {"COVID-19": true}, "PublicationStatus": {"Preprint": true}, "PublicationType": {"Research": true}, "Section": {"Results": true}, "Species": {"9606": true}}, "citation": {"db": "DOI", "db_id": "10.20944/preprints202003.0286.v1"}, "evidence": "At the time, we put forward pseudoephedrine, andrographolide, chloroquine, abacavir, baricitinib, and quercetin as repurposing candidates from our list, because there were other researches also suggesting or predicting these drugs, mainly based on our Yaozh database search and literature review.", "line": 69, "relation": "decreases"}
a(CHEBI:quercetin)	decreases	path(DO:"COVID-19")	{"annotations": {"Custom_Disease": {"COVID-19": true}, "PublicationStatus": {"Preprint": true}, "PublicationType": {"Research": true}, "Section": {"Results": true}, "Species": {"9606": true}}, "citation": {"db": "DOI", "db_id": "10.20944/preprints202003.0286.v1"}, "evidence": "At the time, we put forward pseudoephedrine, andrographolide, chloroquine, abacavir, baricitinib, and quercetin as repurposing candidates from our list, because there were other researches also suggesting or predicting these drugs, mainly based on our Yaozh database search and literature review.", "line": 74, "relation": "decreases"}
a(CHEBI:thalidomide)	partOf	composite(a(CHEBI:"6alpha-methylprednisolone"), a(CHEBI:thalidomide))	{"relation": "partOf"}
a(CHEBI:thalidomide)	increases	act(complex(GO:"T cell receptor complex"))	{"annotations": {"Custom_Disease": {"COVID-19": true}, "PublicationStatus": {"Preprint": true}, "PublicationType": {"Research": true}, "Section": {"Results": true}, "Species": {"9606": true}}, "citation": {"db": "DOI", "db_id": "10.20944/preprints202003.0286.v1"}, "evidence": "It was previously shown that thalidomide enhances TCR-mediated T cells activation by by-passing T cell need for co-stimulation by accessory molecules, such as the B7 protein together with the CD28 protein, and therefore can overcome T cell deficiency 25 .", "line": 93, "object": {"modifier": "Activity"}, "relation": "increases"}
a(CHEBI:thalidomide)	decreases	complex(p(GFAM:"NF-kappa B complex subunits"), p(HGNC:TNF))	{"annotations": {"Custom_Disease": {"COVID-19": true}, "PublicationStatus": {"Preprint": true}, "PublicationType": {"Research": true}, "Section": {"Results": true}, "Species": {"9606": true}}, "citation": {"db": "DOI", "db_id": "10.20944/preprints202003.0286.v1"}, "evidence": "Finally, it was also reported that thalidomide prevents NF-kB from binding to the promoters of its target genes, including TNF-alpha and IFN-Gamma thereby reducing excessive inflammatory response 27,28 .", "line": 98, "relation": "decreases"}
a(CHEBI:thalidomide)	decreases	complex(p(GFAM:"NF-kappa B complex subunits"), p(HGNC:IFNG))	{"annotations": {"Custom_Disease": {"COVID-19": true}, "PublicationStatus": {"Preprint": true}, "PublicationType": {"Research": true}, "Section": {"Results": true}, "Species": {"9606": true}}, "citation": {"db": "DOI", "db_id": "10.20944/preprints202003.0286.v1"}, "evidence": "Finally, it was also reported that thalidomide prevents NF-kB from binding to the promoters of its target genes, including TNF-alpha and IFN-Gamma thereby reducing excessive inflammatory response 27,28 .", "line": 99, "relation": "decreases"}
a(MESH:"CD4-Positive T-Lymphocytes")	positiveCorrelation	path(DO:"COVID-19")	{"annotations": {"Custom_Disease": {"COVID-19": true}, "PublicationStatus": {"Preprint": true}, "PublicationType": {"Research": true}, "Section": {"Results": true}, "Species": {"9606": true}}, "citation": {"db": "DOI", "db_id": "10.20944/preprints202003.0286.v1"}, "evidence": "Before being treated with thalidomide + methylprednisolone, the patient showed an increase in C-reactive protein (CRP) and cytokine levels, including interleukin 6 (IL-6), interleukin 10 (IL-10) and interferon gamma (IFN-gamma) together with reduced CD4+ and CD8+ T cells counts.", "line": 82, "relation": "positiveCorrelation"}
a(MESH:"CD8-Positive T-Lymphocytes")	positiveCorrelation	path(DO:"COVID-19")	{"annotations": {"Custom_Disease": {"COVID-19": true}, "PublicationStatus": {"Preprint": true}, "PublicationType": {"Research": true}, "Section": {"Results": true}, "Species": {"9606": true}}, "citation": {"db": "DOI", "db_id": "10.20944/preprints202003.0286.v1"}, "evidence": "Before being treated with thalidomide + methylprednisolone, the patient showed an increase in C-reactive protein (CRP) and cytokine levels, including interleukin 6 (IL-6), interleukin 10 (IL-10) and interferon gamma (IFN-gamma) together with reduced CD4+ and CD8+ T cells counts.", "line": 83, "relation": "positiveCorrelation"}
a(PUBCHEM:44205240)	decreases	path(DO:"COVID-19")	{"annotations": {"Custom_Disease": {"COVID-19": true}, "PublicationStatus": {"Preprint": true}, "PublicationType": {"Research": true}, "Section": {"Results": true}, "Species": {"9606": true}}, "citation": {"db": "DOI", "db_id": "10.20944/preprints202003.0286.v1"}, "evidence": "At the time, we put forward pseudoephedrine, andrographolide, chloroquine, abacavir, baricitinib, and quercetin as repurposing candidates from our list, because there were other researches also suggesting or predicting these drugs, mainly based on our Yaozh database search and literature review.", "line": 73, "relation": "decreases"}
a(TAX:"Severe acute respiratory syndrome coronavirus 2")	regulates	bp(GO:"T cell receptor signaling pathway")	{"annotations": {"Custom_Disease": {"COVID-19": true}, "PublicationStatus": {"Preprint": true}, "PublicationType": {"Research": true}, "Section": {"Results": true}, "Species": {"9606": true}}, "citation": {"db": "DOI", "db_id": "10.20944/preprints202003.0286.v1"}, "evidence": "The Newman greedy heuristic module detection algorithm was applied on the network, leading to five modules, representing the T cell receptor signalling pathway, JAK-STAT signalling pathway, C-type lectin receptor signalling pathway, Chemokine signalling pathway and Endocytosis (Figure 2C).", "line": 49, "relation": "regulates"}
a(TAX:"Severe acute respiratory syndrome coronavirus 2")	regulates	bp(GO:"JAK-STAT cascade")	{"annotations": {"Custom_Disease": {"COVID-19": true}, "PublicationStatus": {"Preprint": true}, "PublicationType": {"Research": true}, "Section": {"Results": true}, "Species": {"9606": true}}, "citation": {"db": "DOI", "db_id": "10.20944/preprints202003.0286.v1"}, "evidence": "The Newman greedy heuristic module detection algorithm was applied on the network, leading to five modules, representing the T cell receptor signalling pathway, JAK-STAT signalling pathway, C-type lectin receptor signalling pathway, Chemokine signalling pathway and Endocytosis (Figure 2C).", "line": 50, "relation": "regulates"}
a(TAX:"Severe acute respiratory syndrome coronavirus 2")	regulates	bp(GO:"inhibitory C-type lectin receptor signaling pathway")	{"annotations": {"Custom_Disease": {"COVID-19": true}, "PublicationStatus": {"Preprint": true}, "PublicationType": {"Research": true}, "Section": {"Results": true}, "Species": {"9606": true}}, "citation": {"db": "DOI", "db_id": "10.20944/preprints202003.0286.v1"}, "evidence": "The Newman greedy heuristic module detection algorithm was applied on the network, leading to five modules, representing the T cell receptor signalling pathway, JAK-STAT signalling pathway, C-type lectin receptor signalling pathway, Chemokine signalling pathway and Endocytosis (Figure 2C).", "line": 51, "relation": "regulates"}
a(TAX:"Severe acute respiratory syndrome coronavirus 2")	regulates	bp(GO:"stimulatory C-type lectin receptor signaling pathway")	{"annotations": {"Custom_Disease": {"COVID-19": true}, "PublicationStatus": {"Preprint": true}, "PublicationType": {"Research": true}, "Section": {"Results": true}, "Species": {"9606": true}}, "citation": {"db": "DOI", "db_id": "10.20944/preprints202003.0286.v1"}, "evidence": "The Newman greedy heuristic module detection algorithm was applied on the network, leading to five modules, representing the T cell receptor signalling pathway, JAK-STAT signalling pathway, C-type lectin receptor signalling pathway, Chemokine signalling pathway and Endocytosis (Figure 2C).", "line": 52, "relation": "regulates"}
a(TAX:"Severe acute respiratory syndrome coronavirus 2")	regulates	bp(GO:"chemokine-mediated signaling pathway")	{"annotations": {"Custom_Disease": {"COVID-19": true}, "PublicationStatus": {"Preprint": true}, "PublicationType": {"Research": true}, "Section": {"Results": true}, "Species": {"9606": true}}, "citation": {"db": "DOI", "db_id": "10.20944/preprints202003.0286.v1"}, "evidence": "The Newman greedy heuristic module detection algorithm was applied on the network, leading to five modules, representing the T cell receptor signalling pathway, JAK-STAT signalling pathway, C-type lectin receptor signalling pathway, Chemokine signalling pathway and Endocytosis (Figure 2C).", "line": 53, "relation": "regulates"}
a(TAX:"Severe acute respiratory syndrome coronavirus 2")	regulates	bp(GO:endocytosis)	{"annotations": {"Custom_Disease": {"COVID-19": true}, "PublicationStatus": {"Preprint": true}, "PublicationType": {"Research": true}, "Section": {"Results": true}, "Species": {"9606": true}}, "citation": {"db": "DOI", "db_id": "10.20944/preprints202003.0286.v1"}, "evidence": "The Newman greedy heuristic module detection algorithm was applied on the network, leading to five modules, representing the T cell receptor signalling pathway, JAK-STAT signalling pathway, C-type lectin receptor signalling pathway, Chemokine signalling pathway and Endocytosis (Figure 2C).", "line": 54, "relation": "regulates"}
a(TAX:"Severe acute respiratory syndrome coronavirus 2")	increases	path(DO:"COVID-19")	{"annotations": {"Custom_Disease": {"COVID-19": true}, "PublicationStatus": {"Preprint": true}, "PublicationType": {"Research": true}, "Section": {"Results": true}, "Species": {"9606": true}}, "citation": {"db": "DOI", "db_id": "10.20944/preprints202003.0286.v1"}, "evidence": "Through a literature review, we identified a list of important symptoms and mechanisms linked to SARS-CoV-2, including fever, fatigue, cough 17, breathing difficulty, septic shock, viral proliferation, immunodeficiency and pulmonary fibrosis 18 (Figure 4).", "line": 58, "relation": "increases"}
bp(MESH:"Virus Replication")	positiveCorrelation	path(DO:"COVID-19")	{"annotations": {"Custom_Disease": {"COVID-19": true}, "PublicationStatus": {"Preprint": true}, "PublicationType": {"Research": true}, "Section": {"Results": true}, "Species": {"9606": true}}, "citation": {"db": "DOI", "db_id": "10.20944/preprints202003.0286.v1"}, "evidence": "Through a literature review, we identified a list of important symptoms and mechanisms linked to SARS-CoV-2, including fever, fatigue, cough 17, breathing difficulty, septic shock, viral proliferation, immunodeficiency and pulmonary fibrosis 18 (Figure 4).", "line": 63, "relation": "positiveCorrelation"}
act(complex(GO:"T cell receptor complex"))	increases	bp(GO:"T cell activation")	{"annotations": {"Custom_Disease": {"COVID-19": true}, "PublicationStatus": {"Preprint": true}, "PublicationType": {"Research": true}, "Section": {"Results": true}, "Species": {"9606": true}}, "citation": {"db": "DOI", "db_id": "10.20944/preprints202003.0286.v1"}, "evidence": "It was previously shown that thalidomide enhances TCR-mediated T cells activation by by-passing T cell need for co-stimulation by accessory molecules, such as the B7 protein together with the CD28 protein, and therefore can overcome T cell deficiency 25 .", "line": 94, "relation": "increases", "subject": {"modifier": "Activity"}}
complex(p(GFAM:"NF-kappa B complex subunits"), p(HGNC:IFNG))	increases	bp(GO:"inflammatory response")	{"annotations": {"Custom_Disease": {"COVID-19": true}, "PublicationStatus": {"Preprint": true}, "PublicationType": {"Research": true}, "Section": {"Results": true}, "Species": {"9606": true}}, "citation": {"db": "DOI", "db_id": "10.20944/preprints202003.0286.v1"}, "evidence": "Finally, it was also reported that thalidomide prevents NF-kB from binding to the promoters of its target genes, including TNF-alpha and IFN-Gamma thereby reducing excessive inflammatory response 27,28 .", "line": 101, "relation": "increases"}
p(GFAM:"NF-kappa B complex subunits")	partOf	complex(p(GFAM:"NF-kappa B complex subunits"), p(HGNC:IFNG))	{"relation": "partOf"}
p(GFAM:"NF-kappa B complex subunits")	partOf	complex(p(GFAM:"NF-kappa B complex subunits"), p(HGNC:TNF))	{"relation": "partOf"}
p(HGNC:IFNG)	partOf	complex(p(GFAM:"NF-kappa B complex subunits"), p(HGNC:IFNG))	{"relation": "partOf"}
p(HGNC:IFNG)	positiveCorrelation	path(DO:"COVID-19")	{"annotations": {"Custom_Disease": {"COVID-19": true}, "PublicationStatus": {"Preprint": true}, "PublicationType": {"Research": true}, "Section": {"Results": true}, "Species": {"9606": true}}, "citation": {"db": "DOI", "db_id": "10.20944/preprints202003.0286.v1"}, "evidence": "Before being treated with thalidomide + methylprednisolone, the patient showed an increase in C-reactive protein (CRP) and cytokine levels, including interleukin 6 (IL-6), interleukin 10 (IL-10) and interferon gamma (IFN-gamma) together with reduced CD4+ and CD8+ T cells counts.", "line": 81, "relation": "positiveCorrelation"}
complex(p(GFAM:"NF-kappa B complex subunits"), p(HGNC:TNF))	increases	bp(GO:"inflammatory response")	{"annotations": {"Custom_Disease": {"COVID-19": true}, "PublicationStatus": {"Preprint": true}, "PublicationType": {"Research": true}, "Section": {"Results": true}, "Species": {"9606": true}}, "citation": {"db": "DOI", "db_id": "10.20944/preprints202003.0286.v1"}, "evidence": "Finally, it was also reported that thalidomide prevents NF-kB from binding to the promoters of its target genes, including TNF-alpha and IFN-Gamma thereby reducing excessive inflammatory response 27,28 .", "line": 100, "relation": "increases"}
p(HGNC:TNF)	partOf	complex(p(GFAM:"NF-kappa B complex subunits"), p(HGNC:TNF))	{"relation": "partOf"}
composite(a(CHEBI:"6alpha-methylprednisolone"), a(CHEBI:thalidomide))	decreases	p(HGNC:CRP)	{"annotations": {"Custom_Disease": {"COVID-19": true}, "PublicationStatus": {"Preprint": true}, "PublicationType": {"Research": true}, "Section": {"Results": true}, "Species": {"9606": true}}, "citation": {"db": "DOI", "db_id": "10.20944/preprints202003.0286.v1"}, "evidence": "Before being treated with thalidomide + methylprednisolone, the patient showed an increase in C-reactive protein (CRP) and cytokine levels, including interleukin 6 (IL-6), interleukin 10 (IL-10) and interferon gamma (IFN-gamma) together with reduced CD4+ and CD8+ T cells counts.", "line": 84, "relation": "decreases"}
composite(a(CHEBI:"6alpha-methylprednisolone"), a(CHEBI:thalidomide))	decreases	p(HGNC:IL10)	{"annotations": {"Custom_Disease": {"COVID-19": true}, "PublicationStatus": {"Preprint": true}, "PublicationType": {"Research": true}, "Section": {"Results": true}, "Species": {"9606": true}}, "citation": {"db": "DOI", "db_id": "10.20944/preprints202003.0286.v1"}, "evidence": "Before being treated with thalidomide + methylprednisolone, the patient showed an increase in C-reactive protein (CRP) and cytokine levels, including interleukin 6 (IL-6), interleukin 10 (IL-10) and interferon gamma (IFN-gamma) together with reduced CD4+ and CD8+ T cells counts.", "line": 85, "relation": "decreases"}
composite(a(CHEBI:"6alpha-methylprednisolone"), a(CHEBI:thalidomide))	decreases	p(HGNC:IL6)	{"annotations": {"Custom_Disease": {"COVID-19": true}, "PublicationStatus": {"Preprint": true}, "PublicationType": {"Research": true}, "Section": {"Results": true}, "Species": {"9606": true}}, "citation": {"db": "DOI", "db_id": "10.20944/preprints202003.0286.v1"}, "evidence": "Before being treated with thalidomide + methylprednisolone, the patient showed an increase in C-reactive protein (CRP) and cytokine levels, including interleukin 6 (IL-6), interleukin 10 (IL-10) and interferon gamma (IFN-gamma) together with reduced CD4+ and CD8+ T cells counts.", "line": 86, "relation": "decreases"}
composite(a(CHEBI:"6alpha-methylprednisolone"), a(CHEBI:thalidomide))	decreases	p(HGNC:IFNG)	{"annotations": {"Custom_Disease": {"COVID-19": true}, "PublicationStatus": {"Preprint": true}, "PublicationType": {"Research": true}, "Section": {"Results": true}, "Species": {"9606": true}}, "citation": {"db": "DOI", "db_id": "10.20944/preprints202003.0286.v1"}, "evidence": "Before being treated with thalidomide + methylprednisolone, the patient showed an increase in C-reactive protein (CRP) and cytokine levels, including interleukin 6 (IL-6), interleukin 10 (IL-10) and interferon gamma (IFN-gamma) together with reduced CD4+ and CD8+ T cells counts.", "line": 87, "relation": "decreases"}
composite(a(CHEBI:"6alpha-methylprednisolone"), a(CHEBI:thalidomide))	decreases	a(MESH:"CD4-Positive T-Lymphocytes")	{"annotations": {"Custom_Disease": {"COVID-19": true}, "PublicationStatus": {"Preprint": true}, "PublicationType": {"Research": true}, "Section": {"Results": true}, "Species": {"9606": true}}, "citation": {"db": "DOI", "db_id": "10.20944/preprints202003.0286.v1"}, "evidence": "Before being treated with thalidomide + methylprednisolone, the patient showed an increase in C-reactive protein (CRP) and cytokine levels, including interleukin 6 (IL-6), interleukin 10 (IL-10) and interferon gamma (IFN-gamma) together with reduced CD4+ and CD8+ T cells counts.", "line": 88, "relation": "decreases"}
composite(a(CHEBI:"6alpha-methylprednisolone"), a(CHEBI:thalidomide))	decreases	a(MESH:"CD8-Positive T-Lymphocytes")	{"annotations": {"Custom_Disease": {"COVID-19": true}, "PublicationStatus": {"Preprint": true}, "PublicationType": {"Research": true}, "Section": {"Results": true}, "Species": {"9606": true}}, "citation": {"db": "DOI", "db_id": "10.20944/preprints202003.0286.v1"}, "evidence": "Before being treated with thalidomide + methylprednisolone, the patient showed an increase in C-reactive protein (CRP) and cytokine levels, including interleukin 6 (IL-6), interleukin 10 (IL-10) and interferon gamma (IFN-gamma) together with reduced CD4+ and CD8+ T cells counts.", "line": 89, "relation": "decreases"}
p(HGNC:CRP)	positiveCorrelation	path(DO:"COVID-19")	{"annotations": {"Custom_Disease": {"COVID-19": true}, "PublicationStatus": {"Preprint": true}, "PublicationType": {"Research": true}, "Section": {"Results": true}, "Species": {"9606": true}}, "citation": {"db": "DOI", "db_id": "10.20944/preprints202003.0286.v1"}, "evidence": "Before being treated with thalidomide + methylprednisolone, the patient showed an increase in C-reactive protein (CRP) and cytokine levels, including interleukin 6 (IL-6), interleukin 10 (IL-10) and interferon gamma (IFN-gamma) together with reduced CD4+ and CD8+ T cells counts.", "line": 78, "relation": "positiveCorrelation"}
p(HGNC:IL10)	positiveCorrelation	path(DO:"COVID-19")	{"annotations": {"Custom_Disease": {"COVID-19": true}, "PublicationStatus": {"Preprint": true}, "PublicationType": {"Research": true}, "Section": {"Results": true}, "Species": {"9606": true}}, "citation": {"db": "DOI", "db_id": "10.20944/preprints202003.0286.v1"}, "evidence": "Before being treated with thalidomide + methylprednisolone, the patient showed an increase in C-reactive protein (CRP) and cytokine levels, including interleukin 6 (IL-6), interleukin 10 (IL-10) and interferon gamma (IFN-gamma) together with reduced CD4+ and CD8+ T cells counts.", "line": 80, "relation": "positiveCorrelation"}
p(HGNC:IL6)	positiveCorrelation	path(DO:"COVID-19")	{"annotations": {"Custom_Disease": {"COVID-19": true}, "PublicationStatus": {"Preprint": true}, "PublicationType": {"Research": true}, "Section": {"Results": true}, "Species": {"9606": true}}, "citation": {"db": "DOI", "db_id": "10.20944/preprints202003.0286.v1"}, "evidence": "Before being treated with thalidomide + methylprednisolone, the patient showed an increase in C-reactive protein (CRP) and cytokine levels, including interleukin 6 (IL-6), interleukin 10 (IL-10) and interferon gamma (IFN-gamma) together with reduced CD4+ and CD8+ T cells counts.", "line": 79, "relation": "positiveCorrelation"}
path(DO:"COVID-19")	positiveCorrelation	path(MESH:Fever)	{"annotations": {"Custom_Disease": {"COVID-19": true}, "PublicationStatus": {"Preprint": true}, "PublicationType": {"Research": true}, "Section": {"Results": true}, "Species": {"9606": true}}, "citation": {"db": "DOI", "db_id": "10.20944/preprints202003.0286.v1"}, "evidence": "Through a literature review, we identified a list of important symptoms and mechanisms linked to SARS-CoV-2, including fever, fatigue, cough 17, breathing difficulty, septic shock, viral proliferation, immunodeficiency and pulmonary fibrosis 18 (Figure 4).", "line": 59, "relation": "positiveCorrelation"}
path(DO:"COVID-19")	positiveCorrelation	path(MESH:Cough)	{"annotations": {"Custom_Disease": {"COVID-19": true}, "PublicationStatus": {"Preprint": true}, "PublicationType": {"Research": true}, "Section": {"Results": true}, "Species": {"9606": true}}, "citation": {"db": "DOI", "db_id": "10.20944/preprints202003.0286.v1"}, "evidence": "Through a literature review, we identified a list of important symptoms and mechanisms linked to SARS-CoV-2, including fever, fatigue, cough 17, breathing difficulty, septic shock, viral proliferation, immunodeficiency and pulmonary fibrosis 18 (Figure 4).", "line": 60, "relation": "positiveCorrelation"}
path(DO:"COVID-19")	positiveCorrelation	path(MESH:Dyspnea)	{"annotations": {"Custom_Disease": {"COVID-19": true}, "PublicationStatus": {"Preprint": true}, "PublicationType": {"Research": true}, "Section": {"Results": true}, "Species": {"9606": true}}, "citation": {"db": "DOI", "db_id": "10.20944/preprints202003.0286.v1"}, "evidence": "Through a literature review, we identified a list of important symptoms and mechanisms linked to SARS-CoV-2, including fever, fatigue, cough 17, breathing difficulty, septic shock, viral proliferation, immunodeficiency and pulmonary fibrosis 18 (Figure 4).", "line": 61, "relation": "positiveCorrelation"}
path(DO:"COVID-19")	positiveCorrelation	path(MESH:"Shock, Septic")	{"annotations": {"Custom_Disease": {"COVID-19": true}, "PublicationStatus": {"Preprint": true}, "PublicationType": {"Research": true}, "Section": {"Results": true}, "Species": {"9606": true}}, "citation": {"db": "DOI", "db_id": "10.20944/preprints202003.0286.v1"}, "evidence": "Through a literature review, we identified a list of important symptoms and mechanisms linked to SARS-CoV-2, including fever, fatigue, cough 17, breathing difficulty, septic shock, viral proliferation, immunodeficiency and pulmonary fibrosis 18 (Figure 4).", "line": 62, "relation": "positiveCorrelation"}
path(DO:"COVID-19")	positiveCorrelation	bp(MESH:"Virus Replication")	{"annotations": {"Custom_Disease": {"COVID-19": true}, "PublicationStatus": {"Preprint": true}, "PublicationType": {"Research": true}, "Section": {"Results": true}, "Species": {"9606": true}}, "citation": {"db": "DOI", "db_id": "10.20944/preprints202003.0286.v1"}, "evidence": "Through a literature review, we identified a list of important symptoms and mechanisms linked to SARS-CoV-2, including fever, fatigue, cough 17, breathing difficulty, septic shock, viral proliferation, immunodeficiency and pulmonary fibrosis 18 (Figure 4).", "line": 63, "relation": "positiveCorrelation"}
path(DO:"COVID-19")	positiveCorrelation	path(HP:Immunodeficiency)	{"annotations": {"Custom_Disease": {"COVID-19": true}, "PublicationStatus": {"Preprint": true}, "PublicationType": {"Research": true}, "Section": {"Results": true}, "Species": {"9606": true}}, "citation": {"db": "DOI", "db_id": "10.20944/preprints202003.0286.v1"}, "evidence": "Through a literature review, we identified a list of important symptoms and mechanisms linked to SARS-CoV-2, including fever, fatigue, cough 17, breathing difficulty, septic shock, viral proliferation, immunodeficiency and pulmonary fibrosis 18 (Figure 4).", "line": 64, "relation": "positiveCorrelation"}
path(DO:"COVID-19")	positiveCorrelation	path(DO:"pulmonary fibrosis")	{"annotations": {"Custom_Disease": {"COVID-19": true}, "PublicationStatus": {"Preprint": true}, "PublicationType": {"Research": true}, "Section": {"Results": true}, "Species": {"9606": true}}, "citation": {"db": "DOI", "db_id": "10.20944/preprints202003.0286.v1"}, "evidence": "Through a literature review, we identified a list of important symptoms and mechanisms linked to SARS-CoV-2, including fever, fatigue, cough 17, breathing difficulty, septic shock, viral proliferation, immunodeficiency and pulmonary fibrosis 18 (Figure 4).", "line": 65, "relation": "positiveCorrelation"}
path(DO:"COVID-19")	positiveCorrelation	p(HGNC:CRP)	{"annotations": {"Custom_Disease": {"COVID-19": true}, "PublicationStatus": {"Preprint": true}, "PublicationType": {"Research": true}, "Section": {"Results": true}, "Species": {"9606": true}}, "citation": {"db": "DOI", "db_id": "10.20944/preprints202003.0286.v1"}, "evidence": "Before being treated with thalidomide + methylprednisolone, the patient showed an increase in C-reactive protein (CRP) and cytokine levels, including interleukin 6 (IL-6), interleukin 10 (IL-10) and interferon gamma (IFN-gamma) together with reduced CD4+ and CD8+ T cells counts.", "line": 78, "relation": "positiveCorrelation"}
path(DO:"COVID-19")	positiveCorrelation	p(HGNC:IL6)	{"annotations": {"Custom_Disease": {"COVID-19": true}, "PublicationStatus": {"Preprint": true}, "PublicationType": {"Research": true}, "Section": {"Results": true}, "Species": {"9606": true}}, "citation": {"db": "DOI", "db_id": "10.20944/preprints202003.0286.v1"}, "evidence": "Before being treated with thalidomide + methylprednisolone, the patient showed an increase in C-reactive protein (CRP) and cytokine levels, including interleukin 6 (IL-6), interleukin 10 (IL-10) and interferon gamma (IFN-gamma) together with reduced CD4+ and CD8+ T cells counts.", "line": 79, "relation": "positiveCorrelation"}
path(DO:"COVID-19")	positiveCorrelation	p(HGNC:IL10)	{"annotations": {"Custom_Disease": {"COVID-19": true}, "PublicationStatus": {"Preprint": true}, "PublicationType": {"Research": true}, "Section": {"Results": true}, "Species": {"9606": true}}, "citation": {"db": "DOI", "db_id": "10.20944/preprints202003.0286.v1"}, "evidence": "Before being treated with thalidomide + methylprednisolone, the patient showed an increase in C-reactive protein (CRP) and cytokine levels, including interleukin 6 (IL-6), interleukin 10 (IL-10) and interferon gamma (IFN-gamma) together with reduced CD4+ and CD8+ T cells counts.", "line": 80, "relation": "positiveCorrelation"}
path(DO:"COVID-19")	positiveCorrelation	p(HGNC:IFNG)	{"annotations": {"Custom_Disease": {"COVID-19": true}, "PublicationStatus": {"Preprint": true}, "PublicationType": {"Research": true}, "Section": {"Results": true}, "Species": {"9606": true}}, "citation": {"db": "DOI", "db_id": "10.20944/preprints202003.0286.v1"}, "evidence": "Before being treated with thalidomide + methylprednisolone, the patient showed an increase in C-reactive protein (CRP) and cytokine levels, including interleukin 6 (IL-6), interleukin 10 (IL-10) and interferon gamma (IFN-gamma) together with reduced CD4+ and CD8+ T cells counts.", "line": 81, "relation": "positiveCorrelation"}
path(DO:"COVID-19")	positiveCorrelation	a(MESH:"CD4-Positive T-Lymphocytes")	{"annotations": {"Custom_Disease": {"COVID-19": true}, "PublicationStatus": {"Preprint": true}, "PublicationType": {"Research": true}, "Section": {"Results": true}, "Species": {"9606": true}}, "citation": {"db": "DOI", "db_id": "10.20944/preprints202003.0286.v1"}, "evidence": "Before being treated with thalidomide + methylprednisolone, the patient showed an increase in C-reactive protein (CRP) and cytokine levels, including interleukin 6 (IL-6), interleukin 10 (IL-10) and interferon gamma (IFN-gamma) together with reduced CD4+ and CD8+ T cells counts.", "line": 82, "relation": "positiveCorrelation"}
path(DO:"COVID-19")	positiveCorrelation	a(MESH:"CD8-Positive T-Lymphocytes")	{"annotations": {"Custom_Disease": {"COVID-19": true}, "PublicationStatus": {"Preprint": true}, "PublicationType": {"Research": true}, "Section": {"Results": true}, "Species": {"9606": true}}, "citation": {"db": "DOI", "db_id": "10.20944/preprints202003.0286.v1"}, "evidence": "Before being treated with thalidomide + methylprednisolone, the patient showed an increase in C-reactive protein (CRP) and cytokine levels, including interleukin 6 (IL-6), interleukin 10 (IL-10) and interferon gamma (IFN-gamma) together with reduced CD4+ and CD8+ T cells counts.", "line": 83, "relation": "positiveCorrelation"}
path(DO:"pulmonary fibrosis")	positiveCorrelation	path(DO:"COVID-19")	{"annotations": {"Custom_Disease": {"COVID-19": true}, "PublicationStatus": {"Preprint": true}, "PublicationType": {"Research": true}, "Section": {"Results": true}, "Species": {"9606": true}}, "citation": {"db": "DOI", "db_id": "10.20944/preprints202003.0286.v1"}, "evidence": "Through a literature review, we identified a list of important symptoms and mechanisms linked to SARS-CoV-2, including fever, fatigue, cough 17, breathing difficulty, septic shock, viral proliferation, immunodeficiency and pulmonary fibrosis 18 (Figure 4).", "line": 65, "relation": "positiveCorrelation"}
path(HP:Immunodeficiency)	positiveCorrelation	path(DO:"COVID-19")	{"annotations": {"Custom_Disease": {"COVID-19": true}, "PublicationStatus": {"Preprint": true}, "PublicationType": {"Research": true}, "Section": {"Results": true}, "Species": {"9606": true}}, "citation": {"db": "DOI", "db_id": "10.20944/preprints202003.0286.v1"}, "evidence": "Through a literature review, we identified a list of important symptoms and mechanisms linked to SARS-CoV-2, including fever, fatigue, cough 17, breathing difficulty, septic shock, viral proliferation, immunodeficiency and pulmonary fibrosis 18 (Figure 4).", "line": 64, "relation": "positiveCorrelation"}
path(MESH:"Shock, Septic")	positiveCorrelation	path(DO:"COVID-19")	{"annotations": {"Custom_Disease": {"COVID-19": true}, "PublicationStatus": {"Preprint": true}, "PublicationType": {"Research": true}, "Section": {"Results": true}, "Species": {"9606": true}}, "citation": {"db": "DOI", "db_id": "10.20944/preprints202003.0286.v1"}, "evidence": "Through a literature review, we identified a list of important symptoms and mechanisms linked to SARS-CoV-2, including fever, fatigue, cough 17, breathing difficulty, septic shock, viral proliferation, immunodeficiency and pulmonary fibrosis 18 (Figure 4).", "line": 62, "relation": "positiveCorrelation"}
path(MESH:Cough)	positiveCorrelation	path(DO:"COVID-19")	{"annotations": {"Custom_Disease": {"COVID-19": true}, "PublicationStatus": {"Preprint": true}, "PublicationType": {"Research": true}, "Section": {"Results": true}, "Species": {"9606": true}}, "citation": {"db": "DOI", "db_id": "10.20944/preprints202003.0286.v1"}, "evidence": "Through a literature review, we identified a list of important symptoms and mechanisms linked to SARS-CoV-2, including fever, fatigue, cough 17, breathing difficulty, septic shock, viral proliferation, immunodeficiency and pulmonary fibrosis 18 (Figure 4).", "line": 60, "relation": "positiveCorrelation"}
path(MESH:Dyspnea)	positiveCorrelation	path(DO:"COVID-19")	{"annotations": {"Custom_Disease": {"COVID-19": true}, "PublicationStatus": {"Preprint": true}, "PublicationType": {"Research": true}, "Section": {"Results": true}, "Species": {"9606": true}}, "citation": {"db": "DOI", "db_id": "10.20944/preprints202003.0286.v1"}, "evidence": "Through a literature review, we identified a list of important symptoms and mechanisms linked to SARS-CoV-2, including fever, fatigue, cough 17, breathing difficulty, septic shock, viral proliferation, immunodeficiency and pulmonary fibrosis 18 (Figure 4).", "line": 61, "relation": "positiveCorrelation"}
path(MESH:Fever)	positiveCorrelation	path(DO:"COVID-19")	{"annotations": {"Custom_Disease": {"COVID-19": true}, "PublicationStatus": {"Preprint": true}, "PublicationType": {"Research": true}, "Section": {"Results": true}, "Species": {"9606": true}}, "citation": {"db": "DOI", "db_id": "10.20944/preprints202003.0286.v1"}, "evidence": "Through a literature review, we identified a list of important symptoms and mechanisms linked to SARS-CoV-2, including fever, fatigue, cough 17, breathing difficulty, septic shock, viral proliferation, immunodeficiency and pulmonary fibrosis 18 (Figure 4).", "line": 59, "relation": "positiveCorrelation"}
