a(CHEBI:favipiravir)	partOf	complex(a(CHEBI:favipiravir), p(COVID:E))	{"relation": "partOf"}
a(CHEBI:favipiravir)	partOf	complex(a(CHEBI:favipiravir), p(COVID:ORF1ab))	{"relation": "partOf"}
a(CHEBI:favipiravir)	partOf	complex(a(CHEBI:favipiravir), p(COVID:ORF7a))	{"relation": "partOf"}
a(CHEBI:favipiravir)	decreases	path(DO:"COVID-19")	{"annotations": {"BioAssay": {"molecular docking": true}, "Custom_Disease": {"COVID-19": true}, "PublicationStatus": {"Preprint": true}, "PublicationType": {"Research": true}, "Section": {"Results": true}, "Species": {"9606": true}}, "citation": {"db": "DOI", "db_id": "10.26434/chemrxiv.11938173.v5"}, "evidence": "Favipiravir is the latest anti-novel coronavirus drug with specific therapeutic effects.", "line": 88, "relation": "decreases"}
a(CHEBI:porphyrins)	partOf	complex(a(CHEBI:porphyrins), p(COVID:E))	{"relation": "partOf"}
a(CHEBI:porphyrins)	partOf	complex(a(CHEBI:porphyrins), p(COVID:N))	{"relation": "partOf"}
a(CHEBI:porphyrins)	partOf	complex(a(CHEBI:porphyrins), p(COVID:ORF1ab))	{"relation": "partOf"}
a(CHEBI:porphyrins)	partOf	complex(a(CHEBI:porphyrins), p(COVID:ORF7a))	{"relation": "partOf"}
a(CHEBI:porphyrins)	partOf	complex(a(CHEBI:porphyrins), p(COVID:ORF8))	{"relation": "partOf"}
a(CHEBI:porphyrins)	partOf	complex(a(CHEBI:porphyrins), p(COVID:S))	{"relation": "partOf"}
a(PUBCHEM:64927)	partOf	complex(a(PUBCHEM:64927), p(COVID:N))	{"relation": "partOf"}
a(PUBCHEM:64927)	partOf	complex(a(PUBCHEM:64927), p(COVID:ORF1ab))	{"relation": "partOf"}
a(PUBCHEM:64927)	partOf	complex(a(PUBCHEM:64927), p(COVID:ORF7a))	{"relation": "partOf"}
a(PUBCHEM:64927)	partOf	complex(a(PUBCHEM:64927), p(COVID:ORF8))	{"relation": "partOf"}
a(PUBCHEM:64927)	partOf	complex(a(PUBCHEM:64927), p(COVID:S))	{"relation": "partOf"}
complex(a(CHEBI:favipiravir), p(COVID:E))	decreases	complex(a(CHEBI:porphyrins), p(COVID:E))	{"annotations": {"BioAssay": {"molecular docking": true}, "Custom_Disease": {"COVID-19": true}, "PublicationStatus": {"Preprint": true}, "PublicationType": {"Research": true}, "Section": {"Results": true}, "Species": {"9606": true}}, "citation": {"db": "DOI", "db_id": "10.26434/chemrxiv.11938173.v5"}, "evidence": "It is useful to note that the binding energy of Envelope protein and Favipiravir is more than 2700 times the binding energy of porphyrin.", "line": 92, "relation": "decreases"}
p(COVID:E)	partOf	complex(a(CHEBI:favipiravir), p(COVID:E))	{"relation": "partOf"}
p(COVID:E)	partOf	complex(a(CHEBI:porphyrins), p(COVID:E))	{"relation": "partOf"}
complex(a(CHEBI:favipiravir), p(COVID:ORF1ab))	decreases	complex(a(CHEBI:porphyrins), p(COVID:ORF1ab))	{"annotations": {"BioAssay": {"molecular docking": true}, "Custom_Disease": {"COVID-19": true}, "PublicationStatus": {"Preprint": true}, "PublicationType": {"Research": true}, "Section": {"Results": true}, "Species": {"9606": true}}, "citation": {"db": "DOI", "db_id": "10.26434/chemrxiv.11938173.v5"}, "evidence": "The binding energy of orf1ab and Favisiravir is 1.8 times higher than that of porphyrin, which shows that Faifiravir can prevent virus unstructured protein from attacking heme on hemoglobin.", "line": 100, "relation": "decreases"}
p(COVID:ORF1ab)	partOf	complex(a(CHEBI:favipiravir), p(COVID:ORF1ab))	{"relation": "partOf"}
p(COVID:ORF1ab)	partOf	complex(a(CHEBI:porphyrins), p(COVID:ORF1ab))	{"relation": "partOf"}
p(COVID:ORF1ab)	partOf	complex(a(PUBCHEM:64927), p(COVID:ORF1ab))	{"relation": "partOf"}
complex(a(CHEBI:favipiravir), p(COVID:ORF7a))	decreases	complex(a(CHEBI:porphyrins), p(COVID:ORF7a))	{"annotations": {"BioAssay": {"molecular docking": true}, "Custom_Disease": {"COVID-19": true}, "PublicationStatus": {"Preprint": true}, "PublicationType": {"Research": true}, "Section": {"Results": true}, "Species": {"9606": true}}, "citation": {"db": "DOI", "db_id": "10.26434/chemrxiv.11938173.v5"}, "evidence": "The binding energy of ORF7a to Favisiravir is 450 times higher than that of porphyrin, indicating that it can effectively avoid the non-structural protein of the virus capturing porphyrin.", "line": 96, "relation": "decreases"}
p(COVID:ORF7a)	partOf	complex(a(CHEBI:favipiravir), p(COVID:ORF7a))	{"relation": "partOf"}
p(COVID:ORF7a)	partOf	complex(a(CHEBI:porphyrins), p(COVID:ORF7a))	{"relation": "partOf"}
p(COVID:ORF7a)	partOf	complex(a(PUBCHEM:64927), p(COVID:ORF7a))	{"relation": "partOf"}
p(COVID:N)	partOf	complex(a(CHEBI:porphyrins), p(COVID:N))	{"relation": "partOf"}
p(COVID:N)	partOf	complex(a(PUBCHEM:64927), p(COVID:N))	{"relation": "partOf"}
complex(a(CHEBI:porphyrins), p(COVID:ORF1ab))	positiveCorrelation	path(DO:"COVID-19")	{"annotations": {"BioAssay": {"molecular docking": true}, "Custom_Disease": {"COVID-19": true}, "PublicationStatus": {"Preprint": true}, "PublicationType": {"Research": true}, "Section": {"Results": true}, "Species": {"9606": true}}, "citation": {"db": "DOI", "db_id": "10.26434/chemrxiv.11938173.v5"}, "evidence": "The docking result is shown in Figure 7.A-1, where is the molecular model of the orf1ab protein binding to the porphyrin. The binding part of the orf1ab protein acts like a clip. It was this clip that grasps the porphyrin without the iron ion.", "line": 50, "relation": "positiveCorrelation"}
complex(a(CHEBI:porphyrins), p(COVID:ORF7a))	positiveCorrelation	path(DO:"COVID-19")	{"annotations": {"BioAssay": {"molecular docking": true}, "Custom_Disease": {"COVID-19": true}, "PublicationStatus": {"Preprint": true}, "PublicationType": {"Research": true}, "Section": {"Results": true}, "Species": {"9606": true}}, "citation": {"db": "DOI", "db_id": "10.26434/chemrxiv.11938173.v5"}, "evidence": "The ORF7a protein and the porphyrin had the highest binding energy (37,123.79 kcal/mol).", "line": 58, "relation": "positiveCorrelation"}
complex(a(CHEBI:porphyrins), p(COVID:ORF8))	positiveCorrelation	path(DO:"COVID-19")	{"annotations": {"BioAssay": {"molecular docking": true}, "Custom_Disease": {"COVID-19": true}, "PublicationStatus": {"Preprint": true}, "PublicationType": {"Research": true}, "Section": {"Results": true}, "Species": {"9606": true}}, "citation": {"db": "DOI", "db_id": "10.26434/chemrxiv.11938173.v5"}, "evidence": "The docking result (Figure 7.B-1) represents the molecular model of ORF8 protein binding to the porphyrin.", "line": 54, "relation": "positiveCorrelation"}
p(COVID:ORF8)	partOf	complex(a(CHEBI:porphyrins), p(COVID:ORF8))	{"relation": "partOf"}
p(COVID:ORF8)	partOf	complex(a(PUBCHEM:64927), p(COVID:ORF8))	{"relation": "partOf"}
p(COVID:S)	partOf	complex(a(CHEBI:porphyrins), p(COVID:S))	{"relation": "partOf"}
p(COVID:S)	partOf	complex(a(PUBCHEM:64927), p(COVID:S))	{"relation": "partOf"}
p(COVID:S)	partOf	complex(p(CHEBI:porphyrins), p(COVID:S))	{"relation": "partOf"}
complex(a(PUBCHEM:64927), p(COVID:N))	decreases	complex(a(CHEBI:porphyrins), p(COVID:N))	{"annotations": {"BioAssay": {"molecular docking": true}, "Custom_Disease": {"COVID-19": true}, "PublicationStatus": {"Preprint": true}, "PublicationType": {"Research": true}, "Section": {"Results": true}, "Species": {"9606": true}}, "citation": {"db": "DOI", "db_id": "10.26434/chemrxiv.11938173.v5"}, "evidence": "The binding energy of chloroquine to the nucleocapsid phosphoprotein is 198,815.22 kcal/mol, which is only equivalent to the 1.4% of the binding energy of the nucleocapsid phosphoprotein and the porphyrin.", "line": 67, "relation": "decreases"}
complex(a(PUBCHEM:64927), p(COVID:ORF1ab))	decreases	complex(a(CHEBI:porphyrins), p(COVID:ORF1ab))	{"annotations": {"BioAssay": {"molecular docking": true}, "Custom_Disease": {"COVID-19": true}, "PublicationStatus": {"Preprint": true}, "PublicationType": {"Research": true}, "Section": {"Results": true}, "Species": {"9606": true}}, "citation": {"db": "DOI", "db_id": "10.26434/chemrxiv.11938173.v5"}, "evidence": "The binding energy of chloroquine and the orf1ab protein is 4,584,302.64 kcal/mol, which equals 8-fold of the binding energy between the orf1ab and the porphyrin.", "line": 71, "relation": "decreases"}
complex(a(PUBCHEM:64927), p(COVID:ORF7a))	decreases	complex(a(CHEBI:porphyrins), p(COVID:ORF7a))	{"annotations": {"BioAssay": {"molecular docking": true}, "Custom_Disease": {"COVID-19": true}, "PublicationStatus": {"Preprint": true}, "PublicationType": {"Research": true}, "Section": {"Results": true}, "Species": {"9606": true}}, "citation": {"db": "DOI", "db_id": "10.26434/chemrxiv.11938173.v5"}, "evidence": "The binding energy of chloroquine to the ORF7a protein is 497,154.45 kcal / mol, which equals 13-fold of the binding energy of the ORF7a protein to the porphyrin.", "line": 79, "relation": "decreases"}
complex(a(PUBCHEM:64927), p(COVID:ORF8))	decreases	complex(a(CHEBI:porphyrins), p(COVID:ORF8))	{"annotations": {"BioAssay": {"molecular docking": true}, "Custom_Disease": {"COVID-19": true}, "PublicationStatus": {"Preprint": true}, "PublicationType": {"Research": true}, "Section": {"Results": true}, "Species": {"9606": true}}, "citation": {"db": "DOI", "db_id": "10.26434/chemrxiv.11938173.v5"}, "evidence": "The binding energy of chloroquine to the ORF8 protein is 4,707,657.39 kcal/mol, which is only equivalent to 37% of the binding energy of the ORF8 protein to the porphyrin.", "line": 75, "relation": "decreases"}
complex(a(PUBCHEM:64927), p(COVID:ORF8))	decreases	complex(a(CHEBI:porphyrins), p(COVID:ORF8))	{"annotations": {"BioAssay": {"molecular docking": true}, "Custom_Disease": {"COVID-19": true}, "PublicationStatus": {"Preprint": true}, "PublicationType": {"Research": true}, "Section": {"Results": true}, "Species": {"9606": true}}, "citation": {"db": "DOI", "db_id": "10.26434/chemrxiv.11938173.v5"}, "evidence": "These results marked the chloroquine could inhibit E2 and ORF8 bind to the porphyrin to form a complex respectively to a certain extent. Meanwhile, chloroquine could prevent orf1ab, ORF3a and ORF10 to attack the heme to form the porphyrin.", "line": 84, "relation": "decreases"}
complex(a(PUBCHEM:64927), p(COVID:S))	negativeCorrelation	path(DO:"COVID-19")	{"annotations": {"BioAssay": {"molecular docking": true}, "Custom_Disease": {"COVID-19": true}, "PublicationStatus": {"Preprint": true}, "PublicationType": {"Research": true}, "Section": {"Results": true}, "Species": {"9606": true}}, "citation": {"db": "DOI", "db_id": "10.26434/chemrxiv.11938173.v5"}, "evidence": "According to the results of Figure 4.A-2, further analysis showed that some amino acids (for example VALA:952, ALA A:956, ALA B:956, ASN A:955 etc.) of the E2 glycoprotein could bind to not only chloroquine phosphate, but also the porphyrins. In other words, the chloroquine has a one-third chance of inhibiting viral E2 glycoprotein and reducing patient symptoms.", "line": 62, "relation": "negativeCorrelation"}
complex(a(PUBCHEM:64927), p(COVID:S))	decreases	act(p(COVID:S))	{"annotations": {"BioAssay": {"molecular docking": true}, "Custom_Disease": {"COVID-19": true}, "PublicationStatus": {"Preprint": true}, "PublicationType": {"Research": true}, "Section": {"Results": true}, "Species": {"9606": true}}, "citation": {"db": "DOI", "db_id": "10.26434/chemrxiv.11938173.v5"}, "evidence": "According to the results of Figure 4.A-2, further analysis showed that some amino acids (for example VALA:952, ALA A:956, ALA B:956, ASN A:955 etc.) of the E2 glycoprotein could bind to not only chloroquine phosphate, but also the porphyrins. In other words, the chloroquine has a one-third chance of inhibiting viral E2 glycoprotein and reducing patient symptoms.", "line": 63, "object": {"modifier": "Activity"}, "relation": "decreases"}
complex(a(PUBCHEM:64927), p(COVID:S))	decreases	complex(a(CHEBI:porphyrins), p(COVID:S))	{"annotations": {"BioAssay": {"molecular docking": true}, "Custom_Disease": {"COVID-19": true}, "PublicationStatus": {"Preprint": true}, "PublicationType": {"Research": true}, "Section": {"Results": true}, "Species": {"9606": true}}, "citation": {"db": "DOI", "db_id": "10.26434/chemrxiv.11938173.v5"}, "evidence": "These results marked the chloroquine could inhibit E2 and ORF8 bind to the porphyrin to form a complex respectively to a certain extent. Meanwhile, chloroquine could prevent orf1ab, ORF3a and ORF10 to attack the heme to form the porphyrin.", "line": 83, "relation": "decreases"}
complex(p(CHEBI:porphyrins), p(COVID:S))	positiveCorrelation	path(DO:"COVID-19")	{"annotations": {"BioAssay": {"molecular docking": true}, "Custom_Disease": {"COVID-19": true}, "PublicationStatus": {"Preprint": true}, "PublicationType": {"Research": true}, "Section": {"Results": true}, "Species": {"9606": true}}, "citation": {"db": "DOI", "db_id": "10.26434/chemrxiv.11938173.v5"}, "evidence": "It means that binding E2 glycoprotein to the porphyrin is the most stable, the binding of nucleocapsid phosphoprotein to the porphyrin is unstable, and binding envelope protein to the porphyrin is the most unstable.", "line": 46, "relation": "positiveCorrelation"}
p(CHEBI:porphyrins)	partOf	complex(p(CHEBI:porphyrins), p(COVID:S))	{"relation": "partOf"}
path(DO:"COVID-19")	positiveCorrelation	complex(p(CHEBI:porphyrins), p(COVID:S))	{"annotations": {"BioAssay": {"molecular docking": true}, "Custom_Disease": {"COVID-19": true}, "PublicationStatus": {"Preprint": true}, "PublicationType": {"Research": true}, "Section": {"Results": true}, "Species": {"9606": true}}, "citation": {"db": "DOI", "db_id": "10.26434/chemrxiv.11938173.v5"}, "evidence": "It means that binding E2 glycoprotein to the porphyrin is the most stable, the binding of nucleocapsid phosphoprotein to the porphyrin is unstable, and binding envelope protein to the porphyrin is the most unstable.", "line": 46, "relation": "positiveCorrelation"}
path(DO:"COVID-19")	positiveCorrelation	complex(a(CHEBI:porphyrins), p(COVID:ORF1ab))	{"annotations": {"BioAssay": {"molecular docking": true}, "Custom_Disease": {"COVID-19": true}, "PublicationStatus": {"Preprint": true}, "PublicationType": {"Research": true}, "Section": {"Results": true}, "Species": {"9606": true}}, "citation": {"db": "DOI", "db_id": "10.26434/chemrxiv.11938173.v5"}, "evidence": "The docking result is shown in Figure 7.A-1, where is the molecular model of the orf1ab protein binding to the porphyrin. The binding part of the orf1ab protein acts like a clip. It was this clip that grasps the porphyrin without the iron ion.", "line": 50, "relation": "positiveCorrelation"}
path(DO:"COVID-19")	positiveCorrelation	complex(a(CHEBI:porphyrins), p(COVID:ORF8))	{"annotations": {"BioAssay": {"molecular docking": true}, "Custom_Disease": {"COVID-19": true}, "PublicationStatus": {"Preprint": true}, "PublicationType": {"Research": true}, "Section": {"Results": true}, "Species": {"9606": true}}, "citation": {"db": "DOI", "db_id": "10.26434/chemrxiv.11938173.v5"}, "evidence": "The docking result (Figure 7.B-1) represents the molecular model of ORF8 protein binding to the porphyrin.", "line": 54, "relation": "positiveCorrelation"}
path(DO:"COVID-19")	positiveCorrelation	complex(a(CHEBI:porphyrins), p(COVID:ORF7a))	{"annotations": {"BioAssay": {"molecular docking": true}, "Custom_Disease": {"COVID-19": true}, "PublicationStatus": {"Preprint": true}, "PublicationType": {"Research": true}, "Section": {"Results": true}, "Species": {"9606": true}}, "citation": {"db": "DOI", "db_id": "10.26434/chemrxiv.11938173.v5"}, "evidence": "The ORF7a protein and the porphyrin had the highest binding energy (37,123.79 kcal/mol).", "line": 58, "relation": "positiveCorrelation"}
path(DO:"COVID-19")	negativeCorrelation	complex(a(PUBCHEM:64927), p(COVID:S))	{"annotations": {"BioAssay": {"molecular docking": true}, "Custom_Disease": {"COVID-19": true}, "PublicationStatus": {"Preprint": true}, "PublicationType": {"Research": true}, "Section": {"Results": true}, "Species": {"9606": true}}, "citation": {"db": "DOI", "db_id": "10.26434/chemrxiv.11938173.v5"}, "evidence": "According to the results of Figure 4.A-2, further analysis showed that some amino acids (for example VALA:952, ALA A:956, ALA B:956, ASN A:955 etc.) of the E2 glycoprotein could bind to not only chloroquine phosphate, but also the porphyrins. In other words, the chloroquine has a one-third chance of inhibiting viral E2 glycoprotein and reducing patient symptoms.", "line": 62, "relation": "negativeCorrelation"}
