a(MESH:"Interferon Type I")	decreases	a(TAX:"Severe acute respiratory syndrome coronavirus 2")	{"annotations": {"CellLine": {"Vero cell": true}, "PublicationStatus": {"Preprint": true}, "PublicationType": {"Research": true}, "Section": {"Results": true}, "Timeline": {"24 hour": true, "48 hour": true}}, "citation": {"db": "DOI", "db_id": "10.1101/2020.03.07.982264"}, "evidence": "At both 24 and 48 hours post infection, SARS-CoV-2 had massive 3-log (24 HPI) and 4-log (48 HPI) drops in viral titer as compared to control untreated cells.", "line": 61, "relation": "decreases"}
a(MESH:"Interferon Type I")	decreases	p(COVID:N)	{"annotations": {"BioAssay": {"western blot": true}, "CellLine": {"Vero cell": true}, "PublicationStatus": {"Preprint": true}, "PublicationType": {"Research": true}, "Section": {"Results": true}}, "citation": {"db": "DOI", "db_id": "10.1101/2020.03.07.982264"}, "evidence": "Finally, we examined viral protein production finding a major deficit in nucleocapsid protein production in IFN-I treated cells following SARS-CoV-2 infection (Fig. 1C).", "line": 69, "relation": "decreases"}
a(MESH:"Interferon-alpha")	decreases	a(TAX:"Severe acute respiratory syndrome-related coronavirus")	{"annotations": {"CellLine": {"Vero cell": true}, "PublicationStatus": {"Preprint": true}, "PublicationType": {"Research": true}, "Section": {"Results": true}, "Timeline": {"24 hour": true}}, "citation": {"db": "DOI", "db_id": "10.1101/2020.03.07.982264"}, "evidence": "Vero E6 lack the capacity to produce IFN-I, but are able to respond to exogenous treatment Following pretreatment with IFN-I, SARS-CoV infection has a modest reduction in viral titer (1.5 log plaque forming units (PFU) as compared to untreated control 24 hours post infection (Fig. 1B).", "line": 53, "relation": "decreases"}
a(MESH:"Interferon-beta")	increases	p(UNIPROT:A0A0D9RIE1, pmod(Ph))	{"annotations": {"BioAssay": {"western blot": true}, "CellLine": {"Vero cell": true}, "CellLine_Infection_Type": {"Severe acute respiratory syndrome coronavirus 2": true}, "PublicationStatus": {"Preprint": true}, "PublicationType": {"Research": true}, "Section": {"Results": true}, "Timeline": {"48 hour": true}}, "citation": {"db": "DOI", "db_id": "10.1101/2020.03.07.982264"}, "evidence": "Examining Vero cell protein lysates, we found that IFN-I treated cells infected with SARS-C oV-2 induced phosphorylated STAT-1 by 48 hours post infection (Fig. 2).", "line": 80, "relation": "increases"}
a(MESH:"Interferon-beta")	increases	p(UNIPROT:A0A0D9RIE1)	{"annotations": {"BioAssay": {"western blot": true}, "CellLine": {"Vero cell": true}, "CellLine_Infection_Type": {"Severe acute respiratory syndrome coronavirus 2": true}, "PublicationStatus": {"Preprint": true}, "PublicationType": {"Research": true}, "Section": {"Results": true}, "Timeline": {"48 hour": true}}, "citation": {"db": "DOI", "db_id": "10.1101/2020.03.07.982264"}, "evidence": "Examining further, STAT1, IFIT2, and TRIM25, known ISGs 17 , had increased protein expression in the context of SARS-CoV-2 infection following IFN SARS-CoV-2 infection relative to control likely due to the mRNA targeting activity of nonstructural protein 1 (NSP1) 24.", "line": 87, "relation": "increases"}
a(MESH:"Interferon-beta")	increases	p(UNIPROT:A0A0D9R376)	{"annotations": {"BioAssay": {"western blot": true}, "CellLine": {"Vero cell": true}, "CellLine_Infection_Type": {"Severe acute respiratory syndrome coronavirus 2": true}, "PublicationStatus": {"Preprint": true}, "PublicationType": {"Research": true}, "Section": {"Results": true}, "Timeline": {"48 hour": true}}, "citation": {"db": "DOI", "db_id": "10.1101/2020.03.07.982264"}, "evidence": "Examining further, STAT1, IFIT2, and TRIM25, known ISGs 17 , had increased protein expression in the context of SARS-CoV-2 infection following IFN SARS-CoV-2 infection relative to control likely due to the mRNA targeting activity of nonstructural protein 1 (NSP1) 24.", "line": 88, "relation": "increases"}
a(MESH:"Interferon-beta")	increases	p(NCBIGENE:103242879)	{"annotations": {"BioAssay": {"western blot": true}, "CellLine": {"Vero cell": true}, "CellLine_Infection_Type": {"Severe acute respiratory syndrome coronavirus 2": true}, "PublicationStatus": {"Preprint": true}, "PublicationType": {"Research": true}, "Section": {"Results": true}, "Timeline": {"48 hour": true}}, "citation": {"db": "DOI", "db_id": "10.1101/2020.03.07.982264"}, "evidence": "Examining further, STAT1, IFIT2, and TRIM25, known ISGs 17 , had increased protein expression in the context of SARS-CoV-2 infection following IFN SARS-CoV-2 infection relative to control likely due to the mRNA targeting activity of nonstructural protein 1 (NSP1) 24.", "line": 89, "relation": "increases"}
a(TAX:"Severe acute respiratory syndrome coronavirus 2")	association	p(COVID:N)	{"annotations": {"BioAssay": {"western blot": true}, "CellLine": {"Vero cell": true}, "PublicationStatus": {"Preprint": true}, "PublicationType": {"Research": true}, "Section": {"Results": true}}, "citation": {"db": "DOI", "db_id": "10.1101/2020.03.07.982264"}, "evidence": "Finally, we examined viral protein production finding a major deficit in nucleocapsid protein production in IFN-I treated cells following SARS-CoV-2 infection (Fig. 1C).", "line": 70, "relation": "association"}
a(TAX:"Severe acute respiratory syndrome coronavirus 2")	association	p(COVID:ORF6)	{"annotations": {"PublicationStatus": {"Preprint": true}, "PublicationType": {"Research": true}, "Section": {"Results": true}}, "citation": {"db": "DOI", "db_id": "10.1101/2020.03.07.982264"}, "evidence": "Importantly, SARS-CoV145 2 has a two amino acid truncation in its ORF6; previous work has found that alanine substitution in this C-terminal of SARS-CoV ORF6 resulted in ablated antagonism 31 146 .", "line": 108, "relation": "association"}
p(COVID:N)	association	a(TAX:"Severe acute respiratory syndrome coronavirus 2")	{"annotations": {"BioAssay": {"western blot": true}, "CellLine": {"Vero cell": true}, "PublicationStatus": {"Preprint": true}, "PublicationType": {"Research": true}, "Section": {"Results": true}}, "citation": {"db": "DOI", "db_id": "10.1101/2020.03.07.982264"}, "evidence": "Finally, we examined viral protein production finding a major deficit in nucleocapsid protein production in IFN-I treated cells following SARS-CoV-2 infection (Fig. 1C).", "line": 70, "relation": "association"}
p(COVID:ORF6)	association	a(TAX:"Severe acute respiratory syndrome coronavirus 2")	{"annotations": {"PublicationStatus": {"Preprint": true}, "PublicationType": {"Research": true}, "Section": {"Results": true}}, "citation": {"db": "DOI", "db_id": "10.1101/2020.03.07.982264"}, "evidence": "Importantly, SARS-CoV145 2 has a two amino acid truncation in its ORF6; previous work has found that alanine substitution in this C-terminal of SARS-CoV ORF6 resulted in ablated antagonism 31 146 .", "line": 108, "relation": "association"}
act(p(PFAM:Interferon))	decreases	act(p(COVID:N))	{"annotations": {"PublicationStatus": {"Preprint": true}, "PublicationType": {"Research": true}, "Section": {"Results": true}}, "citation": {"db": "DOI", "db_id": "10.1101/2020.03.07.982264"}, "evidence": "For SARS-CoV structural proteins including the nucleocapsid (N) and matrix (M) protein, a high degree of sequence homology (>90%AA identity) suggests that their reported IFN antagonism is likely maintained in SARS-CoV-2 and other SARS-like viruses.", "line": 101, "object": {"modifier": "Activity"}, "relation": "decreases", "subject": {"modifier": "Activity"}}
act(p(PFAM:Interferon))	decreases	act(p(COVID:M))	{"annotations": {"PublicationStatus": {"Preprint": true}, "PublicationType": {"Research": true}, "Section": {"Results": true}}, "citation": {"db": "DOI", "db_id": "10.1101/2020.03.07.982264"}, "evidence": "For SARS-CoV structural proteins including the nucleocapsid (N) and matrix (M) protein, a high degree of sequence homology (>90%AA identity) suggests that their reported IFN antagonism is likely maintained in SARS-CoV-2 and other SARS-like viruses.", "line": 102, "object": {"modifier": "Activity"}, "relation": "decreases", "subject": {"modifier": "Activity"}}
p(UNIPROT:A0A0D9RIE1)	hasVariant	p(UNIPROT:A0A0D9RIE1, pmod(Ph))	{"relation": "hasVariant"}
