complex(p(COVID:S), p(HGNC:ACE2))	increases	act(p(HGNC:TMPRSS2))	{"annotations": {"PublicationStatus": {"Preprint": true}, "PublicationType": {"Research": true}, "Section": {"Results": true}}, "citation": {"db": "DOI", "db_id": "10.1101/2020.02.08.926006."}, "evidence": "Then it is cleaved by TMPRSS2 at the S1/S2 boundary or within S2 subunit, which removes the structural constraint of S1 on S2, and releases the internal fusion peptide combined with the Spike TM domain for the fusion of viral and cellular membranes. Finally, the viral genomes enter into the host cells.", "line": 44, "object": {"modifier": "Activity"}, "relation": "increases"}
p(COVID:S)	partOf	complex(p(COVID:S), p(HGNC:ACE2))	{"relation": "partOf"}
p(HGNC:ACE2)	partOf	complex(p(COVID:S), p(HGNC:ACE2))	{"relation": "partOf"}
p(HGNC:ACE2)	hasVariant	p(HGNC:ACE2, frag("697_716"))	{"relation": "hasVariant"}
p(HGNC:ACE2)	hasVariant	p(HGNC:ACE2, frag("?"))	{"relation": "hasVariant"}
p(HGNC:ACE2, frag("697_716"))	increases	bp(MESH:Virulence)	{"annotations": {"PublicationStatus": {"Preprint": true}, "PublicationType": {"Research": true}, "Section": {"Results": true}}, "citation": {"db": "DOI", "db_id": "10.1101/2020.02.08.926006."}, "evidence": "ACE2 cleaving by TMPRSSs: TMPRSS2 can also cleave ACE2 amino acids 697 to 716, resulting in the shedding of 13kD ACE2 fragment in culture supernatants and augmented viral infectivity.", "line": 53, "relation": "increases"}
p(HGNC:ACE2, frag("?"))	increases	bp(GO:"viral entry into host cell")	{"annotations": {"PublicationStatus": {"Preprint": true}, "PublicationType": {"Research": true}, "Section": {"Results": true}}, "citation": {"db": "DOI", "db_id": "10.1101/2020.02.08.926006."}, "evidence": "Then it is cleaved by TMPRSS2 at the S1/S2 boundary or within S2 subunit, which removes the structural constraint of S1 on S2, and releases the internal fusion peptide combined with the Spike TM domain for the fusion of viral and cellular membranes. Finally, the viral genomes enter into the host cells.", "line": 46, "relation": "increases"}
act(p(HGNC:TMPRSS2))	increases	p(HGNC:ACE2, frag("?"))	{"annotations": {"PublicationStatus": {"Preprint": true}, "PublicationType": {"Research": true}, "Section": {"Results": true}}, "citation": {"db": "DOI", "db_id": "10.1101/2020.02.08.926006."}, "evidence": "Then it is cleaved by TMPRSS2 at the S1/S2 boundary or within S2 subunit, which removes the structural constraint of S1 on S2, and releases the internal fusion peptide combined with the Spike TM domain for the fusion of viral and cellular membranes. Finally, the viral genomes enter into the host cells.", "line": 45, "relation": "increases", "subject": {"modifier": "Activity"}}
act(p(HGNC:TMPRSS2))	increases	p(HGNC:ACE2, frag("697_716"))	{"annotations": {"PublicationStatus": {"Preprint": true}, "PublicationType": {"Research": true}, "Section": {"Results": true}}, "citation": {"db": "DOI", "db_id": "10.1101/2020.02.08.926006."}, "evidence": "ACE2 cleaving by TMPRSSs: TMPRSS2 can also cleave ACE2 amino acids 697 to 716, resulting in the shedding of 13kD ACE2 fragment in culture supernatants and augmented viral infectivity.", "line": 52, "relation": "increases", "subject": {"modifier": "Activity"}}
