a(CHEBI:auranofin)	decreases	a(TAX:"Severe acute respiratory syndrome coronavirus 2")	{"annotations": {"BioAssay": {"reverse transcription PCR": true}, "CellLine": {"Huh7 cell": true}, "Custom_Disease": {"COVID-19": true}, "PublicationStatus": {"Preprint": true}, "PublicationType": {"Research": true}, "Sample": {"supernatant": true}, "Section": {"Results": true}, "Species": {"9606": true}, "Timeline": {"24hr": true, "48hr": true}}, "citation": {"db": "DOI", "db_id": "https://doi.org/10.1101/2020.04.14.041228"}, "evidence": "As depicted in Figure 1, treatment of cells with auranofin resulted in a 70% reduction in the viral RNA in the supernatant compared to the DMSO at 24 hours after infection. At 48 hours, there was an 85% reduction in the viral RNA in thesupernatant compared to the DMSO.", "line": 90, "relation": "decreases"}
a(CHEBI:auranofin)	decreases	a(TAX:"Severe acute respiratory syndrome coronavirus 2")	{"annotations": {"BioAssay": {"reverse transcription PCR": true}, "CellLine": {"Huh7 cell": true}, "Custom_Disease": {"COVID-19": true}, "PublicationStatus": {"Preprint": true}, "PublicationType": {"Research": true}, "Sample": {"intracellular": true}, "Section": {"Results": true}, "Species": {"9606": true}, "Timeline": {"24hr": true, "48hr": true}}, "citation": {"db": "DOI", "db_id": "https://doi.org/10.1101/2020.04.14.041228"}, "evidence": "Similarly, the levels of intracellular viral RNA decreased by 85% at 24 hours and 95% at 48 hours in auranofin-treated cells compared to the DMSO-treated cells.", "line": 94, "relation": "decreases"}
a(CHEBI:auranofin)	decreases	bp(GO:"viral genome replication")	{"annotations": {"BioAssay": {"reverse transcription PCR": true}, "CellLine": {"Huh7 cell": true}, "Custom_Disease": {"COVID-19": true}, "PublicationStatus": {"Preprint": true}, "PublicationType": {"Research": true}, "Section": {"Results": true}, "Species": {"9606": true}, "Timeline": {"24hr": true, "48hr": true}}, "citation": {"db": "DOI", "db_id": "https://doi.org/10.1101/2020.04.14.041228"}, "evidence": " Auranofin inhibited virus replication in the infected cells at EC50 of approximately 1.5 \u00b5M. ", "line": 99, "relation": "decreases"}
a(CHEBI:auranofin)	decreases	r(HGNC:IL6)	{"annotations": {"BioAssay": {"reverse transcription PCR": true}, "CellLine": {"Huh7 cell": true}, "Custom_Disease": {"COVID-19": true}, "PublicationStatus": {"Preprint": true}, "PublicationType": {"Research": true}, "Section": {"Results": true}, "Species": {"9606": true}, "Timeline": {"24hr": true, "48hr": true}}, "citation": {"db": "DOI", "db_id": "https://doi.org/10.1101/2020.04.14.041228"}, "evidence": "SARS-COV-2 infection induces a strong up-regulation of IL-6, IL-1\u03b2, TNF\u03b1 and NF-kB in Huh7 cells (Figure 3). Treatment with auranofin dramatically reduced the expression of SARS-COV-2-induced cytokines in Huh7 cells", "line": 108, "relation": "decreases"}
a(CHEBI:auranofin)	decreases	r(HGNC:IL1B)	{"annotations": {"BioAssay": {"reverse transcription PCR": true}, "CellLine": {"Huh7 cell": true}, "Custom_Disease": {"COVID-19": true}, "PublicationStatus": {"Preprint": true}, "PublicationType": {"Research": true}, "Section": {"Results": true}, "Species": {"9606": true}, "Timeline": {"24hr": true, "48hr": true}}, "citation": {"db": "DOI", "db_id": "https://doi.org/10.1101/2020.04.14.041228"}, "evidence": "SARS-COV-2 infection induces a strong up-regulation of IL-6, IL-1\u03b2, TNF\u03b1 and NF-kB in Huh7 cells (Figure 3). Treatment with auranofin dramatically reduced the expression of SARS-COV-2-induced cytokines in Huh7 cells", "line": 109, "relation": "decreases"}
a(CHEBI:auranofin)	decreases	r(HGNC:TNF)	{"annotations": {"BioAssay": {"reverse transcription PCR": true}, "CellLine": {"Huh7 cell": true}, "Custom_Disease": {"COVID-19": true}, "PublicationStatus": {"Preprint": true}, "PublicationType": {"Research": true}, "Section": {"Results": true}, "Species": {"9606": true}, "Timeline": {"24hr": true, "48hr": true}}, "citation": {"db": "DOI", "db_id": "https://doi.org/10.1101/2020.04.14.041228"}, "evidence": "SARS-COV-2 infection induces a strong up-regulation of IL-6, IL-1\u03b2, TNF\u03b1 and NF-kB in Huh7 cells (Figure 3). Treatment with auranofin dramatically reduced the expression of SARS-COV-2-induced cytokines in Huh7 cells", "line": 110, "relation": "decreases"}
a(CHEBI:auranofin)	decreases	r(HGNC:NFKB1)	{"annotations": {"BioAssay": {"reverse transcription PCR": true}, "CellLine": {"Huh7 cell": true}, "Custom_Disease": {"COVID-19": true}, "PublicationStatus": {"Preprint": true}, "PublicationType": {"Research": true}, "Section": {"Results": true}, "Species": {"9606": true}, "Timeline": {"24hr": true, "48hr": true}}, "citation": {"db": "DOI", "db_id": "https://doi.org/10.1101/2020.04.14.041228"}, "evidence": "SARS-COV-2 infection induces a strong up-regulation of IL-6, IL-1\u03b2, TNF\u03b1 and NF-kB in Huh7 cells (Figure 3). Treatment with auranofin dramatically reduced the expression of SARS-COV-2-induced cytokines in Huh7 cells", "line": 111, "relation": "decreases"}
a(CHEBI:auranofin)	decreases	bp(GO:"inflammatory response")	{"annotations": {"BioAssay": {"reverse transcription PCR": true}, "CellLine": {"Huh7 cell": true}, "Custom_Disease": {"COVID-19": true}, "PublicationStatus": {"Preprint": true}, "PublicationType": {"Research": true}, "Section": {"Results": true}, "Species": {"9606": true}}, "citation": {"db": "DOI", "db_id": "https://doi.org/10.1101/2020.04.14.041228"}, "evidence": "We also demonstrate that auranofin treatment resulted in significant reduction in virus-induced inflammation.", "line": 116, "relation": "decreases"}
a(TAX:"Severe acute respiratory syndrome coronavirus 2")	increases	r(HGNC:IL6)	{"annotations": {"BioAssay": {"reverse transcription PCR": true}, "CellLine": {"Huh7 cell": true}, "Custom_Disease": {"COVID-19": true}, "PublicationStatus": {"Preprint": true}, "PublicationType": {"Research": true}, "Section": {"Results": true}, "Species": {"9606": true}, "Timeline": {"24hr": true, "48hr": true}}, "citation": {"db": "DOI", "db_id": "https://doi.org/10.1101/2020.04.14.041228"}, "evidence": "SARS-COV-2 infection induces a strong up-regulation of IL-6, IL-1\u03b2, TNF\u03b1 and NF-kB in Huh7 cells (Figure 3). Treatment with auranofin dramatically reduced the expression of SARS-COV-2-induced cytokines in Huh7 cells", "line": 103, "relation": "increases"}
a(TAX:"Severe acute respiratory syndrome coronavirus 2")	increases	r(HGNC:IL1B)	{"annotations": {"BioAssay": {"reverse transcription PCR": true}, "CellLine": {"Huh7 cell": true}, "Custom_Disease": {"COVID-19": true}, "PublicationStatus": {"Preprint": true}, "PublicationType": {"Research": true}, "Section": {"Results": true}, "Species": {"9606": true}, "Timeline": {"24hr": true, "48hr": true}}, "citation": {"db": "DOI", "db_id": "https://doi.org/10.1101/2020.04.14.041228"}, "evidence": "SARS-COV-2 infection induces a strong up-regulation of IL-6, IL-1\u03b2, TNF\u03b1 and NF-kB in Huh7 cells (Figure 3). Treatment with auranofin dramatically reduced the expression of SARS-COV-2-induced cytokines in Huh7 cells", "line": 104, "relation": "increases"}
a(TAX:"Severe acute respiratory syndrome coronavirus 2")	increases	r(HGNC:TNF)	{"annotations": {"BioAssay": {"reverse transcription PCR": true}, "CellLine": {"Huh7 cell": true}, "Custom_Disease": {"COVID-19": true}, "PublicationStatus": {"Preprint": true}, "PublicationType": {"Research": true}, "Section": {"Results": true}, "Species": {"9606": true}, "Timeline": {"24hr": true, "48hr": true}}, "citation": {"db": "DOI", "db_id": "https://doi.org/10.1101/2020.04.14.041228"}, "evidence": "SARS-COV-2 infection induces a strong up-regulation of IL-6, IL-1\u03b2, TNF\u03b1 and NF-kB in Huh7 cells (Figure 3). Treatment with auranofin dramatically reduced the expression of SARS-COV-2-induced cytokines in Huh7 cells", "line": 105, "relation": "increases"}
a(TAX:"Severe acute respiratory syndrome coronavirus 2")	increases	r(HGNC:NFKB1)	{"annotations": {"BioAssay": {"reverse transcription PCR": true}, "CellLine": {"Huh7 cell": true}, "Custom_Disease": {"COVID-19": true}, "PublicationStatus": {"Preprint": true}, "PublicationType": {"Research": true}, "Section": {"Results": true}, "Species": {"9606": true}, "Timeline": {"24hr": true, "48hr": true}}, "citation": {"db": "DOI", "db_id": "https://doi.org/10.1101/2020.04.14.041228"}, "evidence": "SARS-COV-2 infection induces a strong up-regulation of IL-6, IL-1\u03b2, TNF\u03b1 and NF-kB in Huh7 cells (Figure 3). Treatment with auranofin dramatically reduced the expression of SARS-COV-2-induced cytokines in Huh7 cells", "line": 106, "relation": "increases"}
a(TAX:"Severe acute respiratory syndrome coronavirus 2")	increases	r(HGNC:NFKB2)	{"annotations": {"BioAssay": {"reverse transcription PCR": true}, "CellLine": {"Huh7 cell": true}, "Custom_Disease": {"COVID-19": true}, "PublicationStatus": {"Preprint": true}, "PublicationType": {"Research": true}, "Section": {"Results": true}, "Species": {"9606": true}, "Timeline": {"24hr": true, "48hr": true}}, "citation": {"db": "DOI", "db_id": "https://doi.org/10.1101/2020.04.14.041228"}, "evidence": "SARS-COV-2 infection induces a strong up-regulation of IL-6, IL-1\u03b2, TNF\u03b1 and NF-kB in Huh7 cells (Figure 3). Treatment with auranofin dramatically reduced the expression of SARS-COV-2-induced cytokines in Huh7 cells", "line": 107, "relation": "increases"}
