a(PUBCHEM:10281)	partOf	complex(a(PUBCHEM:10281), p(COVID:ORF1ab, frag("3264_3569")))	{"relation": "partOf"}
a(PUBCHEM:1254)	partOf	complex(a(PUBCHEM:1254), p(COVID:ORF1ab, frag("3264_3569")))	{"relation": "partOf"}
a(PUBCHEM:1285630)	partOf	complex(a(PUBCHEM:1285630), p(COVID:ORF1ab, frag("3264_3569")))	{"relation": "partOf"}
a(PUBCHEM:275196)	partOf	complex(a(PUBCHEM:275196), p(COVID:ORF1ab, frag("3264_3569")))	{"relation": "partOf"}
a(PUBCHEM:441293)	partOf	complex(a(PUBCHEM:441293), p(COVID:ORF1ab, frag("3264_3569")))	{"relation": "partOf"}
a(PUBCHEM:442393)	partOf	complex(a(PUBCHEM:442393), p(COVID:ORF1ab, frag("3264_3569")))	{"relation": "partOf"}
a(PUBCHEM:47936)	partOf	complex(a(PUBCHEM:47936), p(COVID:ORF1ab, frag("3264_3569")))	{"relation": "partOf"}
a(PUBCHEM:638011)	partOf	complex(a(PUBCHEM:638011), p(COVID:ORF1ab, frag("3264_3569")))	{"relation": "partOf"}
a(PUBCHEM:73581)	partOf	complex(a(PUBCHEM:73581), p(COVID:ORF1ab, frag("3264_3569")))	{"relation": "partOf"}
complex(a(PUBCHEM:10281), p(COVID:ORF1ab, frag("3264_3569")))	decreases	a(TAX:"Severe acute respiratory syndrome coronavirus 2")	{"annotations": {"BioAssay": {"molecular docking": true}, "PublicationStatus": {"Published": true}, "PublicationType": {"Research": true}, "Section": {"Results": true}}, "citation": {"db": "DOI", "db_id": "10.26434/chemrxiv.11935722"}, "evidence": "The results of this study indicate the strong interactions of terpenoids in the two enzymatically protected flap regions. Connecting to the above mentioned areas is highly desirable. The results for the binding of these compounds are summarized in Tables 2,3 and 4.", "line": 43, "relation": "decreases"}
p(COVID:ORF1ab, frag("3264_3569"))	partOf	complex(a(PUBCHEM:10281), p(COVID:ORF1ab, frag("3264_3569")))	{"relation": "partOf"}
p(COVID:ORF1ab, frag("3264_3569"))	partOf	complex(a(PUBCHEM:1254), p(COVID:ORF1ab, frag("3264_3569")))	{"relation": "partOf"}
p(COVID:ORF1ab, frag("3264_3569"))	partOf	complex(a(PUBCHEM:1285630), p(COVID:ORF1ab, frag("3264_3569")))	{"relation": "partOf"}
p(COVID:ORF1ab, frag("3264_3569"))	partOf	complex(a(PUBCHEM:275196), p(COVID:ORF1ab, frag("3264_3569")))	{"relation": "partOf"}
p(COVID:ORF1ab, frag("3264_3569"))	partOf	complex(a(PUBCHEM:441293), p(COVID:ORF1ab, frag("3264_3569")))	{"relation": "partOf"}
p(COVID:ORF1ab, frag("3264_3569"))	partOf	complex(a(PUBCHEM:442393), p(COVID:ORF1ab, frag("3264_3569")))	{"relation": "partOf"}
p(COVID:ORF1ab, frag("3264_3569"))	partOf	complex(a(PUBCHEM:47936), p(COVID:ORF1ab, frag("3264_3569")))	{"relation": "partOf"}
p(COVID:ORF1ab, frag("3264_3569"))	partOf	complex(a(PUBCHEM:638011), p(COVID:ORF1ab, frag("3264_3569")))	{"relation": "partOf"}
p(COVID:ORF1ab, frag("3264_3569"))	partOf	complex(a(PUBCHEM:73581), p(COVID:ORF1ab, frag("3264_3569")))	{"relation": "partOf"}
p(COVID:ORF1ab)	hasVariant	p(COVID:ORF1ab, frag("3264_3569"))	{"relation": "hasVariant"}
complex(a(PUBCHEM:1254), p(COVID:ORF1ab, frag("3264_3569")))	decreases	a(TAX:"Severe acute respiratory syndrome coronavirus 2")	{"annotations": {"BioAssay": {"molecular docking": true}, "PublicationStatus": {"Published": true}, "PublicationType": {"Research": true}, "Section": {"Results": true}}, "citation": {"db": "DOI", "db_id": "10.26434/chemrxiv.11935722"}, "evidence": "The results of this study indicate the strong interactions of terpenoids in the two enzymatically protected flap regions. Connecting to the above mentioned areas is highly desirable. The results for the binding of these compounds are summarized in Tables 2,3 and 4.", "line": 52, "relation": "decreases"}
complex(a(PUBCHEM:1285630), p(COVID:ORF1ab, frag("3264_3569")))	decreases	a(TAX:"Severe acute respiratory syndrome coronavirus 2")	{"annotations": {"BioAssay": {"molecular docking": true}, "PublicationStatus": {"Published": true}, "PublicationType": {"Research": true}, "Section": {"Results": true}}, "citation": {"db": "DOI", "db_id": "10.26434/chemrxiv.11935722"}, "evidence": "The results of this study indicate the strong interactions of terpenoids in the two enzymatically protected flap regions. Connecting to the above mentioned areas is highly desirable. The results for the binding of these compounds are summarized in Tables 2,3 and 4.", "line": 46, "relation": "decreases"}
complex(a(PUBCHEM:275196), p(COVID:ORF1ab, frag("3264_3569")))	decreases	a(TAX:"Severe acute respiratory syndrome coronavirus 2")	{"annotations": {"BioAssay": {"molecular docking": true}, "PublicationStatus": {"Published": true}, "PublicationType": {"Research": true}, "Section": {"Results": true}}, "citation": {"db": "DOI", "db_id": "10.26434/chemrxiv.11935722"}, "evidence": "The results of this study indicate the strong interactions of terpenoids in the two enzymatically protected flap regions. Connecting to the above mentioned areas is highly desirable. The results for the binding of these compounds are summarized in Tables 2,3 and 4.", "line": 56, "relation": "decreases"}
complex(a(PUBCHEM:441293), p(COVID:ORF1ab, frag("3264_3569")))	decreases	a(TAX:"Severe acute respiratory syndrome coronavirus 2")	{"annotations": {"BioAssay": {"molecular docking": true}, "PublicationStatus": {"Published": true}, "PublicationType": {"Research": true}, "Section": {"Results": true}}, "citation": {"db": "DOI", "db_id": "10.26434/chemrxiv.11935722"}, "evidence": "The results of this study indicate the strong interactions of terpenoids in the two enzymatically protected flap regions. Connecting to the above mentioned areas is highly desirable. The results for the binding of these compounds are summarized in Tables 2,3 and 4.", "line": 54, "relation": "decreases"}
complex(a(PUBCHEM:442393), p(COVID:ORF1ab, frag("3264_3569")))	decreases	a(TAX:"Severe acute respiratory syndrome coronavirus 2")	{"annotations": {"BioAssay": {"molecular docking": true}, "PublicationStatus": {"Published": true}, "PublicationType": {"Research": true}, "Section": {"Results": true}}, "citation": {"db": "DOI", "db_id": "10.26434/chemrxiv.11935722"}, "evidence": "The results of this study indicate the strong interactions of terpenoids in the two enzymatically protected flap regions. Connecting to the above mentioned areas is highly desirable. The results for the binding of these compounds are summarized in Tables 2,3 and 4.", "line": 60, "relation": "decreases"}
complex(a(PUBCHEM:47936), p(COVID:ORF1ab, frag("3264_3569")))	decreases	a(TAX:"Severe acute respiratory syndrome coronavirus 2")	{"annotations": {"BioAssay": {"molecular docking": true}, "PublicationStatus": {"Published": true}, "PublicationType": {"Research": true}, "Section": {"Results": true}}, "citation": {"db": "DOI", "db_id": "10.26434/chemrxiv.11935722"}, "evidence": "The results of this study indicate the strong interactions of terpenoids in the two enzymatically protected flap regions. Connecting to the above mentioned areas is highly desirable. The results for the binding of these compounds are summarized in Tables 2,3 and 4.", "line": 58, "relation": "decreases"}
complex(a(PUBCHEM:638011), p(COVID:ORF1ab, frag("3264_3569")))	decreases	a(TAX:"Severe acute respiratory syndrome coronavirus 2")	{"annotations": {"BioAssay": {"molecular docking": true}, "PublicationStatus": {"Published": true}, "PublicationType": {"Research": true}, "Section": {"Results": true}}, "citation": {"db": "DOI", "db_id": "10.26434/chemrxiv.11935722"}, "evidence": "The results of this study indicate the strong interactions of terpenoids in the two enzymatically protected flap regions. Connecting to the above mentioned areas is highly desirable. The results for the binding of these compounds are summarized in Tables 2,3 and 4.", "line": 50, "relation": "decreases"}
complex(a(PUBCHEM:73581), p(COVID:ORF1ab, frag("3264_3569")))	decreases	a(TAX:"Severe acute respiratory syndrome coronavirus 2")	{"annotations": {"BioAssay": {"molecular docking": true}, "PublicationStatus": {"Published": true}, "PublicationType": {"Research": true}, "Section": {"Results": true}}, "citation": {"db": "DOI", "db_id": "10.26434/chemrxiv.11935722"}, "evidence": "The results of this study indicate the strong interactions of terpenoids in the two enzymatically protected flap regions. Connecting to the above mentioned areas is highly desirable. The results for the binding of these compounds are summarized in Tables 2,3 and 4.", "line": 48, "relation": "decreases"}
