a(TAX:"Severe acute respiratory syndrome coronavirus 2")	association	path(DO:"COVID-19")	{"annotations": {"PublicationStatus": {"Preprint": true}, "PublicationType": {"Research": true}, "Section": {"Results": true}}, "citation": {"db": "DOI", "db_id": "10.20944/preprints202003.0422.v1"}, "evidence": "Consistent with this hypothesis, we found that SARS-CoV-2 along with other residue substitutions has five substituted amino acids in the RBD compared to SARSCoV;the following are the substitutions in the RBD: S460 \u2192 Q474, T488 \u2192 N481, N480 \u2192 Q493, Y485 \u2192 Q498 and T488 \u2192 N501, therefore forming a hydrophobic Q/N rich region that enables the prionogenity of the SARS-CoV-2 RBD (Figure 1).", "line": 44, "relation": "association"}
a(TAX:"Severe acute respiratory syndrome coronavirus 2")	association	path(DO:"COVID-19")	{"annotations": {"PublicationStatus": {"Preprint": true}, "PublicationType": {"Research": true}, "Section": {"Results": true}}, "citation": {"db": "DOI", "db_id": "10.20944/preprints202003.0422.v1"}, "evidence": "Thus, Q498 and T500 from the PrD of the SARS-CoV2 RBD interact with Y41 and Q42 within the PrD of ACE2; while Q474, F486 and N501 from the PrD of the SARS-CoV2 RBD bind to Q24, M82 and K343 of a non-PrD of ACE2. Notably, only K417 and Y453 were the only residues of the SARS-CoV-2 RBD that were outside the viral PrD and bound to a non-PrD of ACE2 (Figure 2B).", "line": 54, "relation": "association"}
complex(p(COVID:S), p(HGNC:ACE2))	increases	a(TAX:"Severe acute respiratory syndrome coronavirus 2")	{"annotations": {"PublicationStatus": {"Preprint": true}, "PublicationType": {"Research": true}, "Section": {"Results": true}}, "citation": {"db": "DOI", "db_id": "10.20944/preprints202003.0422.v1"}, "evidence": "Consistent with this hypothesis, we found that SARS-CoV-2 along with other residue substitutions has five substituted amino acids in the RBD compared to SARSCoV;the following are the substitutions in the RBD: S460 \u2192 Q474, T488 \u2192 N481, N480 \u2192 Q493, Y485 \u2192 Q498 and T488 \u2192 N501, therefore forming a hydrophobic Q/N rich region that enables the prionogenity of the SARS-CoV-2 RBD (Figure 1).", "line": 43, "relation": "increases"}
complex(p(COVID:S), p(HGNC:ACE2))	increases	a(TAX:"Severe acute respiratory syndrome coronavirus 2")	{"annotations": {"PublicationStatus": {"Preprint": true}, "PublicationType": {"Research": true}, "Section": {"Results": true}}, "citation": {"db": "DOI", "db_id": "10.20944/preprints202003.0422.v1"}, "evidence": "Thus, Q498 and T500 from the PrD of the SARS-CoV2 RBD interact with Y41 and Q42 within the PrD of ACE2; while Q474, F486 and N501 from the PrD of the SARS-CoV2 RBD bind to Q24, M82 and K343 of a non-PrD of ACE2. Notably, only K417 and Y453 were the only residues of the SARS-CoV-2 RBD that were outside the viral PrD and bound to a non-PrD of ACE2 (Figure 2B).", "line": 53, "relation": "increases"}
p(COVID:S)	partOf	complex(p(COVID:S), p(HGNC:ACE2))	{"relation": "partOf"}
p(HGNC:ACE2)	partOf	complex(p(COVID:S), p(HGNC:ACE2))	{"relation": "partOf"}
p(INTERPRO:"Prion protein")	hasComponent	p(HGNC:ACE2)	{"relation": "hasComponent"}
p(INTERPRO:"Prion protein")	hasComponent	p(COVID:S)	{"relation": "hasComponent"}
path(DO:"COVID-19")	association	a(TAX:"Severe acute respiratory syndrome coronavirus 2")	{"annotations": {"PublicationStatus": {"Preprint": true}, "PublicationType": {"Research": true}, "Section": {"Results": true}}, "citation": {"db": "DOI", "db_id": "10.20944/preprints202003.0422.v1"}, "evidence": "Consistent with this hypothesis, we found that SARS-CoV-2 along with other residue substitutions has five substituted amino acids in the RBD compared to SARSCoV;the following are the substitutions in the RBD: S460 \u2192 Q474, T488 \u2192 N481, N480 \u2192 Q493, Y485 \u2192 Q498 and T488 \u2192 N501, therefore forming a hydrophobic Q/N rich region that enables the prionogenity of the SARS-CoV-2 RBD (Figure 1).", "line": 44, "relation": "association"}
path(DO:"COVID-19")	association	a(TAX:"Severe acute respiratory syndrome coronavirus 2")	{"annotations": {"PublicationStatus": {"Preprint": true}, "PublicationType": {"Research": true}, "Section": {"Results": true}}, "citation": {"db": "DOI", "db_id": "10.20944/preprints202003.0422.v1"}, "evidence": "Thus, Q498 and T500 from the PrD of the SARS-CoV2 RBD interact with Y41 and Q42 within the PrD of ACE2; while Q474, F486 and N501 from the PrD of the SARS-CoV2 RBD bind to Q24, M82 and K343 of a non-PrD of ACE2. Notably, only K417 and Y453 were the only residues of the SARS-CoV-2 RBD that were outside the viral PrD and bound to a non-PrD of ACE2 (Figure 2B).", "line": 54, "relation": "association"}
