a(MESH:"CD8-Positive T-Lymphocytes")	increases	a(MESH:"Histocompatibility Antigens Class II")	{"annotations": {"PublicationStatus": {"Published": true}, "PublicationType": {"Case report": true}, "Section": {"Full Text": true}, "Species": {"9606": true}, "Timeline": {"7-9 days": true}}, "citation": {"db": "DOI", "db_id": "10.1038/s41591-020-0819-2"}, "evidence": "As per reports for Ebola and influenza1,4, co-expression of CD38 and HLA-DR on CD8+ T cells (assessed as the frequency of CD38+HLA-DR+ CD8+ T cells) rapidly increased in this patient from day 7 (3.57%) to day 8 (5.32%) and day 9 (11.8%), then decreased at day 20 (7.05%) (Fig. 1e).", "line": 83, "relation": "increases"}
a(MESH:"CD8-Positive T-Lymphocytes")	decreases	a(MESH:"Histocompatibility Antigens Class II")	{"annotations": {"PublicationStatus": {"Published": true}, "PublicationType": {"Case report": true}, "Section": {"Full Text": true}, "Species": {"9606": true}, "Timeline": {"20 days": true}}, "citation": {"db": "DOI", "db_id": "10.1038/s41591-020-0819-2"}, "evidence": "As per reports for Ebola and influenza1,4, co-expression of CD38 and HLA-DR on CD8+ T cells (assessed as the frequency of CD38+HLA-DR+ CD8+ T cells) rapidly increased in this patient from day 7 (3.57%) to day 8 (5.32%) and day 9 (11.8%), then decreased at day 20 (7.05%) (Fig. 1e).", "line": 87, "relation": "decreases"}
a(MESH:"CD8-Positive T-Lymphocytes")	increases	p(HGNC:CD38)	{"annotations": {"PublicationStatus": {"Published": true}, "PublicationType": {"Case report": true}, "Section": {"Full Text": true}, "Species": {"9606": true}, "Timeline": {"7-9 days": true}}, "citation": {"db": "DOI", "db_id": "10.1038/s41591-020-0819-2"}, "evidence": "As per reports for Ebola and influenza1,4, co-expression of CD38 and HLA-DR on CD8+ T cells (assessed as the frequency of CD38+HLA-DR+ CD8+ T cells) rapidly increased in this patient from day 7 (3.57%) to day 8 (5.32%) and day 9 (11.8%), then decreased at day 20 (7.05%) (Fig. 1e).", "line": 84, "relation": "increases"}
a(MESH:"CD8-Positive T-Lymphocytes")	decreases	p(HGNC:CD38)	{"annotations": {"PublicationStatus": {"Published": true}, "PublicationType": {"Case report": true}, "Section": {"Full Text": true}, "Species": {"9606": true}, "Timeline": {"20 days": true}}, "citation": {"db": "DOI", "db_id": "10.1038/s41591-020-0819-2"}, "evidence": "As per reports for Ebola and influenza1,4, co-expression of CD38 and HLA-DR on CD8+ T cells (assessed as the frequency of CD38+HLA-DR+ CD8+ T cells) rapidly increased in this patient from day 7 (3.57%) to day 8 (5.32%) and day 9 (11.8%), then decreased at day 20 (7.05%) (Fig. 1e).", "line": 88, "relation": "decreases"}
a(MESH:"CD8-Positive T-Lymphocytes")	increases	p(UNIPROT:P12544)	{"annotations": {"PublicationStatus": {"Published": true}, "PublicationType": {"Case report": true}, "Section": {"Full Text": true}, "Species": {"9606": true}}, "citation": {"db": "DOI", "db_id": "10.1038/s41591-020-0819-2"}, "evidence": "CD38+HLA-DR+ T cells, especially CD8+T cells, produced larger amounts of granzymes A and B and perforin (~34\u201354% higher) than did their parent cells (CD8+ or CD4+ populations; Fig. 1e).", "line": 93, "relation": "increases"}
a(MESH:"CD8-Positive T-Lymphocytes")	increases	p(UNIPROT:P10144)	{"annotations": {"PublicationStatus": {"Published": true}, "PublicationType": {"Case report": true}, "Section": {"Full Text": true}, "Species": {"9606": true}}, "citation": {"db": "DOI", "db_id": "10.1038/s41591-020-0819-2"}, "evidence": "CD38+HLA-DR+ T cells, especially CD8+T cells, produced larger amounts of granzymes A and B and perforin (~34\u201354% higher) than did their parent cells (CD8+ or CD4+ populations; Fig. 1e).", "line": 94, "relation": "increases"}
a(MESH:"CD8-Positive T-Lymphocytes")	increases	p(UNIPROT:P14222)	{"annotations": {"PublicationStatus": {"Published": true}, "PublicationType": {"Case report": true}, "Section": {"Full Text": true}, "Species": {"9606": true}}, "citation": {"db": "DOI", "db_id": "10.1038/s41591-020-0819-2"}, "evidence": "CD38+HLA-DR+ T cells, especially CD8+T cells, produced larger amounts of granzymes A and B and perforin (~34\u201354% higher) than did their parent cells (CD8+ or CD4+ populations; Fig. 1e).", "line": 95, "relation": "increases"}
a(TAX:"Severe acute respiratory syndrome coronavirus 2")	increases	path(DO:"COVID-19")	{"annotations": {"PublicationStatus": {"Published": true}, "PublicationType": {"Case report": true}, "Section": {"Full Text": true}, "Species": {"9606": true}}, "citation": {"db": "DOI", "db_id": "10.1038/s41591-020-0819-2"}, "evidence": "Increased antibody-secreting cells (ASCs),follicular helper T cells (TFH cells), activated CD4+ T cells and CD8+ T cells and immunoglobulin M (IgM) and IgG antibodies that bound the COVID-19- causing coronavirus SARS-CoV-2 were detected in blood before symptomatic recovery.", "line": 51, "relation": "increases"}
a(TAX:"Severe acute respiratory syndrome coronavirus 2")	increases	path(DO:"COVID-19")	{"annotations": {"Assay": {"real-time reverse-transcriptase polymerase chain reaction": true}, "PublicationStatus": {"Published": true}, "PublicationType": {"Case report": true}, "Sample": {"nasopharyngeal swab": true}, "Section": {"Full Text": true}, "Species": {"9606": true}, "Timeline": {"4 days": true}}, "citation": {"db": "DOI", "db_id": "10.1038/s41591-020-0819-2"}, "evidence": "At presentation on day 4, SARS-CoV-2 was detected in a nasopharyngeal swab specimen by real-time reverse-transcriptase PCR. SARS-CoV-2 was again detected at days 5\u20136 in nasopharyngeal, sputum and fecal samples, but was undetectable from day 7 (Fig.1a).", "line": 65, "relation": "increases"}
g(dbSNP:rs12252)	association	p(HGNC:IFITM3)	{"annotations": {"PublicationStatus": {"Published": true}, "PublicationType": {"Case report": true}, "Section": {"Full Text": true}, "Species": {"9606": true}}, "citation": {"db": "DOI", "db_id": "10.1038/s41591-020-0819-2"}, "evidence": "As the single-nucleotide polymorphism rs12252-C/C in the gene IFITM3 (which encodes interferon-induced transmembrane protein 3) is linked to severe influenza6,7, we analyzed IFITM3-rs12252 in the patient with COVID-19 and found the \u2018risk\u2019 IFITM3-rs12252-C/C variant (Extended Data Fig. 2b).", "line": 103, "relation": "association"}
g(dbSNP:rs12252)	positiveCorrelation	path(DO:"COVID-19")	{"annotations": {"PublicationStatus": {"Published": true}, "PublicationType": {"Case report": true}, "Section": {"Full Text": true}, "Species": {"9606": true}}, "citation": {"db": "DOI", "db_id": "10.1038/s41591-020-0819-2"}, "evidence": "As the single-nucleotide polymorphism rs12252-C/C in the gene IFITM3 (which encodes interferon-induced transmembrane protein 3) is linked to severe influenza6,7, we analyzed IFITM3-rs12252 in the patient with COVID-19 and found the \u2018risk\u2019 IFITM3-rs12252-C/C variant (Extended Data Fig. 2b).", "line": 105, "relation": "positiveCorrelation"}
p(HGNC:IFITM3)	association	g(dbSNP:rs12252)	{"annotations": {"PublicationStatus": {"Published": true}, "PublicationType": {"Case report": true}, "Section": {"Full Text": true}, "Species": {"9606": true}}, "citation": {"db": "DOI", "db_id": "10.1038/s41591-020-0819-2"}, "evidence": "As the single-nucleotide polymorphism rs12252-C/C in the gene IFITM3 (which encodes interferon-induced transmembrane protein 3) is linked to severe influenza6,7, we analyzed IFITM3-rs12252 in the patient with COVID-19 and found the \u2018risk\u2019 IFITM3-rs12252-C/C variant (Extended Data Fig. 2b).", "line": 103, "relation": "association"}
p(HGNC:IFITM3)	association	path(DO:influenza)	{"annotations": {"PublicationStatus": {"Published": true}, "PublicationType": {"Case report": true}, "Section": {"Full Text": true}, "Species": {"9606": true}}, "citation": {"db": "DOI", "db_id": "10.1038/s41591-020-0819-2"}, "evidence": "As the single-nucleotide polymorphism rs12252-C/C in the gene IFITM3 (which encodes interferon-induced transmembrane protein 3) is linked to severe influenza6,7, we analyzed IFITM3-rs12252 in the patient with COVID-19 and found the \u2018risk\u2019 IFITM3-rs12252-C/C variant (Extended Data Fig. 2b).", "line": 104, "relation": "association"}
path(DO:"COVID-19")	increases	a(MESH:"Antibody-Producing Cells")	{"annotations": {"PublicationStatus": {"Published": true}, "PublicationType": {"Case report": true}, "Sample": {"Blood": true}, "Section": {"Full Text": true}, "Species": {"9606": true}}, "citation": {"db": "DOI", "db_id": "10.1038/s41591-020-0819-2"}, "evidence": "Increased antibody-secreting cells (ASCs),follicular helper T cells (TFH cells), activated CD4+ T cells and CD8+ T cells and immunoglobulin M (IgM) and IgG antibodies that bound the COVID-19- causing coronavirus SARS-CoV-2 were detected in blood before symptomatic recovery.", "line": 53, "relation": "increases"}
path(DO:"COVID-19")	increases	a(MESH:"T-Lymphocytes, Helper-Inducer")	{"annotations": {"PublicationStatus": {"Published": true}, "PublicationType": {"Case report": true}, "Sample": {"Blood": true}, "Section": {"Full Text": true}, "Species": {"9606": true}}, "citation": {"db": "DOI", "db_id": "10.1038/s41591-020-0819-2"}, "evidence": "Increased antibody-secreting cells (ASCs),follicular helper T cells (TFH cells), activated CD4+ T cells and CD8+ T cells and immunoglobulin M (IgM) and IgG antibodies that bound the COVID-19- causing coronavirus SARS-CoV-2 were detected in blood before symptomatic recovery.", "line": 54, "relation": "increases"}
path(DO:"COVID-19")	increases	a(MESH:"CD8-Positive T-Lymphocytes")	{"annotations": {"PublicationStatus": {"Published": true}, "PublicationType": {"Case report": true}, "Sample": {"Blood": true}, "Section": {"Full Text": true}, "Species": {"9606": true}}, "citation": {"db": "DOI", "db_id": "10.1038/s41591-020-0819-2"}, "evidence": "Increased antibody-secreting cells (ASCs),follicular helper T cells (TFH cells), activated CD4+ T cells and CD8+ T cells and immunoglobulin M (IgM) and IgG antibodies that bound the COVID-19- causing coronavirus SARS-CoV-2 were detected in blood before symptomatic recovery.", "line": 55, "relation": "increases"}
path(DO:"COVID-19")	increases	a(MESH:"Immunoglobulin M")	{"annotations": {"PublicationStatus": {"Published": true}, "PublicationType": {"Case report": true}, "Sample": {"Blood": true}, "Section": {"Full Text": true}, "Species": {"9606": true}}, "citation": {"db": "DOI", "db_id": "10.1038/s41591-020-0819-2"}, "evidence": "Increased antibody-secreting cells (ASCs),follicular helper T cells (TFH cells), activated CD4+ T cells and CD8+ T cells and immunoglobulin M (IgM) and IgG antibodies that bound the COVID-19- causing coronavirus SARS-CoV-2 were detected in blood before symptomatic recovery.", "line": 56, "relation": "increases"}
path(DO:"COVID-19")	increases	a(MESH:"Immunoglobulin G")	{"annotations": {"PublicationStatus": {"Published": true}, "PublicationType": {"Case report": true}, "Sample": {"Blood": true}, "Section": {"Full Text": true}, "Species": {"9606": true}}, "citation": {"db": "DOI", "db_id": "10.1038/s41591-020-0819-2"}, "evidence": "Increased antibody-secreting cells (ASCs),follicular helper T cells (TFH cells), activated CD4+ T cells and CD8+ T cells and immunoglobulin M (IgM) and IgG antibodies that bound the COVID-19- causing coronavirus SARS-CoV-2 were detected in blood before symptomatic recovery.", "line": 57, "relation": "increases"}
path(DO:"COVID-19")	increases	p(HGNC:CRP)	{"annotations": {"PublicationStatus": {"Published": true}, "PublicationType": {"Case report": true}, "Sample": {"Blood": true}, "Section": {"Full Text": true}, "Species": {"9606": true}}, "citation": {"db": "DOI", "db_id": "10.1038/s41591-020-0819-2"}, "evidence": "Blood C-reactive protein was elevated at 83.2, with normal counts of lymphocytes (4.3 \u00d7 109 cells per liter (range, 4.0 \u00d7 109 to 12.0 \u00d7 109 cells per liter)) and neutrophils (6.3 \u00d7 109 cells per liter (range, 2.0 \u00d7 109 to 8.0 \u00d7 109 \u00d7 109 cells per liter)).", "line": 78, "relation": "increases"}
path(DO:"COVID-19")	increases	p(HGNC:CCL2)	{"annotations": {"PublicationStatus": {"Published": true}, "PublicationType": {"Case report": true}, "Sample": {"Plasma": true}, "Section": {"Full Text": true}, "Species": {"9606": true}}, "citation": {"db": "DOI", "db_id": "10.1038/s41591-020-0819-2"}, "evidence": "We found low levels of the chemokine MCP-1 (CCL2) in the patient\u2019s plasma (Extended Data Fig. 2a), although this was comparable to results obtained for healthy donors (22.15 \u00b1 13.81; n = 5), patients infected with influenza A virus or influenza B, assessed at days 7\u20139 (33.85 \u00b1 30.12; n = 5), and a patient infected with the human coronavirus HCoV-229e (40.56).", "line": 99, "relation": "increases"}
path(DO:"COVID-19")	positiveCorrelation	g(dbSNP:rs12252)	{"annotations": {"PublicationStatus": {"Published": true}, "PublicationType": {"Case report": true}, "Section": {"Full Text": true}, "Species": {"9606": true}}, "citation": {"db": "DOI", "db_id": "10.1038/s41591-020-0819-2"}, "evidence": "As the single-nucleotide polymorphism rs12252-C/C in the gene IFITM3 (which encodes interferon-induced transmembrane protein 3) is linked to severe influenza6,7, we analyzed IFITM3-rs12252 in the patient with COVID-19 and found the \u2018risk\u2019 IFITM3-rs12252-C/C variant (Extended Data Fig. 2b).", "line": 105, "relation": "positiveCorrelation"}
path(DO:influenza)	association	p(HGNC:IFITM3)	{"annotations": {"PublicationStatus": {"Published": true}, "PublicationType": {"Case report": true}, "Section": {"Full Text": true}, "Species": {"9606": true}}, "citation": {"db": "DOI", "db_id": "10.1038/s41591-020-0819-2"}, "evidence": "As the single-nucleotide polymorphism rs12252-C/C in the gene IFITM3 (which encodes interferon-induced transmembrane protein 3) is linked to severe influenza6,7, we analyzed IFITM3-rs12252 in the patient with COVID-19 and found the \u2018risk\u2019 IFITM3-rs12252-C/C variant (Extended Data Fig. 2b).", "line": 104, "relation": "association"}
