a(CHEBI:"allyl methyl disulfide")	partOf	complex(a(CHEBI:"allyl methyl disulfide"), p(COVID:ORF1ab, frag("3264_3569")))	{"relation": "partOf"}
a(CHEBI:"allyl methyl disulfide")	partOf	complex(a(CHEBI:"allyl methyl disulfide"), p(HGNC:ACE2))	{"relation": "partOf"}
a(CHEBI:"diacetone alcohol")	partOf	complex(a(CHEBI:"diacetone alcohol"), p(COVID:ORF1ab, frag("3264_3569")))	{"relation": "partOf"}
a(CHEBI:"diacetone alcohol")	partOf	complex(a(CHEBI:"diacetone alcohol"), p(HGNC:ACE2))	{"relation": "partOf"}
a(CHEBI:"diallyl disulfide")	partOf	complex(a(CHEBI:"diallyl disulfide"), p(COVID:ORF1ab, frag("3264_3569")))	{"relation": "partOf"}
a(CHEBI:"diallyl disulfide")	partOf	complex(a(CHEBI:"diallyl disulfide"), p(HGNC:ACE2))	{"relation": "partOf"}
a(CHEBI:"diallyl trisulfide")	partOf	complex(a(CHEBI:"diallyl trisulfide"), p(HGNC:ACE2))	{"relation": "partOf"}
a(CHEBI:carvone)	partOf	complex(a(CHEBI:carvone), p(COVID:ORF1ab, frag("3264_3569")))	{"relation": "partOf"}
a(CHEBI:carvone)	partOf	complex(a(CHEBI:carvone), p(HGNC:ACE2))	{"relation": "partOf"}
a(PUBCHEM:133337)	partOf	complex(a(PUBCHEM:133337), p(COVID:ORF1ab, frag("3264_3569")))	{"relation": "partOf"}
a(PUBCHEM:133337)	partOf	complex(a(PUBCHEM:133337), p(HGNC:ACE2))	{"relation": "partOf"}
a(PUBCHEM:181104)	partOf	complex(a(PUBCHEM:181104), p(COVID:ORF1ab, frag("3264_3569")))	{"relation": "partOf"}
a(PUBCHEM:181104)	partOf	complex(a(PUBCHEM:181104), p(HGNC:ACE2))	{"relation": "partOf"}
a(PUBCHEM:21159455)	partOf	complex(a(PUBCHEM:21159455), p(COVID:ORF1ab, frag("3264_3569")))	{"relation": "partOf"}
a(PUBCHEM:21159455)	partOf	complex(a(PUBCHEM:21159455), p(HGNC:ACE2))	{"relation": "partOf"}
a(PUBCHEM:525328)	partOf	complex(a(PUBCHEM:525328), p(COVID:ORF1ab, frag("3264_3569")))	{"relation": "partOf"}
a(PUBCHEM:525328)	partOf	complex(a(PUBCHEM:525328), p(HGNC:ACE2))	{"relation": "partOf"}
a(PUBCHEM:525331)	partOf	complex(a(PUBCHEM:525331), p(COVID:ORF1ab, frag("3264_3569")))	{"relation": "partOf"}
a(PUBCHEM:525331)	partOf	complex(a(PUBCHEM:525331), p(HGNC:ACE2))	{"relation": "partOf"}
a(PUBCHEM:5352693)	partOf	complex(a(PUBCHEM:5352693), p(COVID:ORF1ab, frag("3264_3569")))	{"relation": "partOf"}
a(PUBCHEM:5352693)	partOf	complex(a(PUBCHEM:5352693), p(HGNC:ACE2))	{"relation": "partOf"}
a(PUBCHEM:5352855)	partOf	complex(a(PUBCHEM:5352855), p(COVID:ORF1ab, frag("3264_3569")))	{"relation": "partOf"}
a(PUBCHEM:5352855)	partOf	complex(a(PUBCHEM:5352855), p(HGNC:ACE2))	{"relation": "partOf"}
a(PUBCHEM:5352907)	partOf	complex(a(PUBCHEM:5352907), p(COVID:ORF1ab, frag("3264_3569")))	{"relation": "partOf"}
a(PUBCHEM:5352907)	partOf	complex(a(PUBCHEM:5352907), p(HGNC:ACE2))	{"relation": "partOf"}
a(PUBCHEM:6164465)	partOf	complex(a(PUBCHEM:6164465), p(COVID:ORF1ab, frag("3264_3569")))	{"relation": "partOf"}
a(PUBCHEM:6164465)	partOf	complex(a(PUBCHEM:6164465), p(HGNC:ACE2))	{"relation": "partOf"}
a(PUBCHEM:61926)	partOf	complex(a(PUBCHEM:61926), p(COVID:ORF1ab, frag("3264_3569")))	{"relation": "partOf"}
a(PUBCHEM:61926)	partOf	complex(a(PUBCHEM:61926), p(HGNC:ACE2))	{"relation": "partOf"}
a(PUBCHEM:66282)	partOf	complex(a(PUBCHEM:66282), p(COVID:ORF1ab, frag("3264_3569")))	{"relation": "partOf"}
a(PUBCHEM:66282)	partOf	complex(a(PUBCHEM:66282), p(HGNC:ACE2))	{"relation": "partOf"}
a(PUBCHEM:75552)	partOf	complex(a(PUBCHEM:75552), p(COVID:ORF1ab, frag("3264_3569")))	{"relation": "partOf"}
a(PUBCHEM:75552)	partOf	complex(a(PUBCHEM:75552), p(HGNC:ACE2))	{"relation": "partOf"}
complex(a(CHEBI:"allyl methyl disulfide"), p(COVID:ORF1ab, frag("3264_3569")))	decreases	a(TAX:"Severe acute respiratory syndrome coronavirus 2")	{"annotations": {"BioAssay": {"molecular docking": true}, "PublicationStatus": {"Published": true}, "PublicationType": {"Research": true}, "Section": {"Results": true}}, "citation": {"db": "DOI", "db_id": "10.1021/acsomega.0c00772"}, "evidence": "Meanwhile, the order of active compounds resisting SARS-CoV-2 is T2 = T1 > T5 > T4 > T11 > T15 > T8 > T16 > T9 > T12 > T13 > T3 > T6 > T7 > T10 > T14 > T17", "line": 101, "relation": "decreases"}
p(COVID:ORF1ab, frag("3264_3569"))	partOf	complex(a(CHEBI:"allyl methyl disulfide"), p(COVID:ORF1ab, frag("3264_3569")))	{"relation": "partOf"}
p(COVID:ORF1ab, frag("3264_3569"))	partOf	complex(a(CHEBI:"diacetone alcohol"), p(COVID:ORF1ab, frag("3264_3569")))	{"relation": "partOf"}
p(COVID:ORF1ab, frag("3264_3569"))	partOf	complex(a(CHEBI:"diallyl disulfide"), p(COVID:ORF1ab, frag("3264_3569")))	{"relation": "partOf"}
p(COVID:ORF1ab, frag("3264_3569"))	partOf	complex(a(CHEBI:carvone), p(COVID:ORF1ab, frag("3264_3569")))	{"relation": "partOf"}
p(COVID:ORF1ab, frag("3264_3569"))	partOf	complex(a(PUBCHEM:133337), p(COVID:ORF1ab, frag("3264_3569")))	{"relation": "partOf"}
p(COVID:ORF1ab, frag("3264_3569"))	partOf	complex(a(PUBCHEM:181104), p(COVID:ORF1ab, frag("3264_3569")))	{"relation": "partOf"}
p(COVID:ORF1ab, frag("3264_3569"))	partOf	complex(a(PUBCHEM:21159455), p(COVID:ORF1ab, frag("3264_3569")))	{"relation": "partOf"}
p(COVID:ORF1ab, frag("3264_3569"))	partOf	complex(a(PUBCHEM:525328), p(COVID:ORF1ab, frag("3264_3569")))	{"relation": "partOf"}
p(COVID:ORF1ab, frag("3264_3569"))	partOf	complex(a(PUBCHEM:525331), p(COVID:ORF1ab, frag("3264_3569")))	{"relation": "partOf"}
p(COVID:ORF1ab, frag("3264_3569"))	partOf	complex(a(PUBCHEM:5352693), p(COVID:ORF1ab, frag("3264_3569")))	{"relation": "partOf"}
p(COVID:ORF1ab, frag("3264_3569"))	partOf	complex(a(PUBCHEM:5352855), p(COVID:ORF1ab, frag("3264_3569")))	{"relation": "partOf"}
p(COVID:ORF1ab, frag("3264_3569"))	partOf	complex(a(PUBCHEM:5352907), p(COVID:ORF1ab, frag("3264_3569")))	{"relation": "partOf"}
p(COVID:ORF1ab, frag("3264_3569"))	partOf	complex(a(PUBCHEM:6164465), p(COVID:ORF1ab, frag("3264_3569")))	{"relation": "partOf"}
p(COVID:ORF1ab, frag("3264_3569"))	partOf	complex(a(PUBCHEM:61926), p(COVID:ORF1ab, frag("3264_3569")))	{"relation": "partOf"}
p(COVID:ORF1ab, frag("3264_3569"))	partOf	complex(a(PUBCHEM:66282), p(COVID:ORF1ab, frag("3264_3569")))	{"relation": "partOf"}
p(COVID:ORF1ab, frag("3264_3569"))	partOf	complex(a(PUBCHEM:75552), p(COVID:ORF1ab, frag("3264_3569")))	{"relation": "partOf"}
p(COVID:ORF1ab)	hasVariant	p(COVID:ORF1ab, frag("3264_3569"))	{"relation": "hasVariant"}
complex(a(CHEBI:"allyl methyl disulfide"), p(HGNC:ACE2))	decreases	act(p(HGNC:ACE2))	{"annotations": {"BioAssay": {"molecular docking": true}, "PublicationStatus": {"Published": true}, "PublicationType": {"Research": true}, "Section": {"Results": true}}, "citation": {"db": "DOI", "db_id": "10.1021/acsomega.0c00772"}, "evidence": "The model describing the docking molecules indicated that all of the 17 compounds in the garlic essential oil from T1-ACE2 to T17-ACE2 have the binding ability toward the areas affected by the ACE2 protein.", "line": 70, "object": {"modifier": "Activity"}, "relation": "decreases"}
p(HGNC:ACE2)	partOf	complex(a(CHEBI:"allyl methyl disulfide"), p(HGNC:ACE2))	{"relation": "partOf"}
p(HGNC:ACE2)	partOf	complex(a(CHEBI:"diacetone alcohol"), p(HGNC:ACE2))	{"relation": "partOf"}
p(HGNC:ACE2)	partOf	complex(a(CHEBI:"diallyl disulfide"), p(HGNC:ACE2))	{"relation": "partOf"}
p(HGNC:ACE2)	partOf	complex(a(CHEBI:"diallyl trisulfide"), p(HGNC:ACE2))	{"relation": "partOf"}
p(HGNC:ACE2)	partOf	complex(a(CHEBI:carvone), p(HGNC:ACE2))	{"relation": "partOf"}
p(HGNC:ACE2)	partOf	complex(a(PUBCHEM:133337), p(HGNC:ACE2))	{"relation": "partOf"}
p(HGNC:ACE2)	partOf	complex(a(PUBCHEM:181104), p(HGNC:ACE2))	{"relation": "partOf"}
p(HGNC:ACE2)	partOf	complex(a(PUBCHEM:21159455), p(HGNC:ACE2))	{"relation": "partOf"}
p(HGNC:ACE2)	partOf	complex(a(PUBCHEM:525328), p(HGNC:ACE2))	{"relation": "partOf"}
p(HGNC:ACE2)	partOf	complex(a(PUBCHEM:525331), p(HGNC:ACE2))	{"relation": "partOf"}
p(HGNC:ACE2)	partOf	complex(a(PUBCHEM:5352693), p(HGNC:ACE2))	{"relation": "partOf"}
p(HGNC:ACE2)	partOf	complex(a(PUBCHEM:5352855), p(HGNC:ACE2))	{"relation": "partOf"}
p(HGNC:ACE2)	partOf	complex(a(PUBCHEM:5352907), p(HGNC:ACE2))	{"relation": "partOf"}
p(HGNC:ACE2)	partOf	complex(a(PUBCHEM:6164465), p(HGNC:ACE2))	{"relation": "partOf"}
p(HGNC:ACE2)	partOf	complex(a(PUBCHEM:61926), p(HGNC:ACE2))	{"relation": "partOf"}
p(HGNC:ACE2)	partOf	complex(a(PUBCHEM:66282), p(HGNC:ACE2))	{"relation": "partOf"}
p(HGNC:ACE2)	partOf	complex(a(PUBCHEM:75552), p(HGNC:ACE2))	{"relation": "partOf"}
complex(a(CHEBI:"diacetone alcohol"), p(COVID:ORF1ab, frag("3264_3569")))	decreases	a(TAX:"Severe acute respiratory syndrome coronavirus 2")	{"annotations": {"BioAssay": {"molecular docking": true}, "PublicationStatus": {"Published": true}, "PublicationType": {"Research": true}, "Section": {"Results": true}}, "citation": {"db": "DOI", "db_id": "10.1021/acsomega.0c00772"}, "evidence": "Meanwhile, the order of active compounds resisting SARS-CoV-2 is T2 = T1 > T5 > T4 > T11 > T15 > T8 > T16 > T9 > T12 > T13 > T3 > T6 > T7 > T10 > T14 > T17", "line": 102, "relation": "decreases"}
complex(a(CHEBI:"diacetone alcohol"), p(HGNC:ACE2))	decreases	act(p(HGNC:ACE2))	{"annotations": {"BioAssay": {"molecular docking": true}, "PublicationStatus": {"Published": true}, "PublicationType": {"Research": true}, "Section": {"Results": true}}, "citation": {"db": "DOI", "db_id": "10.1021/acsomega.0c00772"}, "evidence": "The model describing the docking molecules indicated that all of the 17 compounds in the garlic essential oil from T1-ACE2 to T17-ACE2 have the binding ability toward the areas affected by the ACE2 protein.", "line": 72, "object": {"modifier": "Activity"}, "relation": "decreases"}
complex(a(CHEBI:"diallyl disulfide"), p(COVID:ORF1ab, frag("3264_3569")))	decreases	a(TAX:"Severe acute respiratory syndrome coronavirus 2")	{"annotations": {"BioAssay": {"molecular docking": true}, "PublicationStatus": {"Published": true}, "PublicationType": {"Research": true}, "Section": {"Results": true}}, "citation": {"db": "DOI", "db_id": "10.1021/acsomega.0c00772"}, "evidence": "Meanwhile, the order of active compounds resisting SARS-CoV-2 is T2 = T1 > T5 > T4 > T11 > T15 > T8 > T16 > T9 > T12 > T13 > T3 > T6 > T7 > T10 > T14 > T17", "line": 92, "relation": "decreases"}
complex(a(CHEBI:"diallyl disulfide"), p(HGNC:ACE2))	decreases	act(p(HGNC:ACE2))	{"annotations": {"BioAssay": {"molecular docking": true}, "PublicationStatus": {"Published": true}, "PublicationType": {"Research": true}, "Section": {"Results": true}}, "citation": {"db": "DOI", "db_id": "10.1021/acsomega.0c00772"}, "evidence": "The model describing the docking molecules indicated that all of the 17 compounds in the garlic essential oil from T1-ACE2 to T17-ACE2 have the binding ability toward the areas affected by the ACE2 protein.", "line": 48, "object": {"modifier": "Activity"}, "relation": "decreases"}
complex(a(CHEBI:"diallyl disulfide"), p(HGNC:ACE2))	decreases	act(p(HGNC:ACE2))	{"annotations": {"BioAssay": {"molecular docking": true}, "PublicationStatus": {"Published": true}, "PublicationType": {"Research": true}, "Section": {"Results": true}}, "citation": {"db": "DOI", "db_id": "10.1021/acsomega.0c00772"}, "evidence": "The compounds T1 and T2 indicated the highest content in the garlic essential oil (51.3%) and gave the best anti-SARS-CoV-2 activity, followed by the three compounds T5, T4, and T11.", "line": 85, "object": {"modifier": "Activity"}, "relation": "decreases"}
complex(a(CHEBI:"diallyl trisulfide"), p(HGNC:ACE2))	decreases	act(p(HGNC:ACE2))	{"annotations": {"BioAssay": {"molecular docking": true}, "PublicationStatus": {"Published": true}, "PublicationType": {"Research": true}, "Section": {"Results": true}}, "citation": {"db": "DOI", "db_id": "10.1021/acsomega.0c00772"}, "evidence": "The model describing the docking molecules indicated that all of the 17 compounds in the garlic essential oil from T1-ACE2 to T17-ACE2 have the binding ability toward the areas affected by the ACE2 protein.", "line": 50, "object": {"modifier": "Activity"}, "relation": "decreases"}
complex(a(CHEBI:"diallyl trisulfide"), p(HGNC:ACE2))	decreases	act(p(HGNC:ACE2))	{"annotations": {"BioAssay": {"molecular docking": true}, "PublicationStatus": {"Published": true}, "PublicationType": {"Research": true}, "Section": {"Results": true}}, "citation": {"db": "DOI", "db_id": "10.1021/acsomega.0c00772"}, "evidence": "The compounds T1 and T2 indicated the highest content in the garlic essential oil (51.3%) and gave the best anti-SARS-CoV-2 activity, followed by the three compounds T5, T4, and T11.", "line": 86, "object": {"modifier": "Activity"}, "relation": "decreases"}
complex(a(CHEBI:carvone), p(COVID:ORF1ab, frag("3264_3569")))	decreases	a(TAX:"Severe acute respiratory syndrome coronavirus 2")	{"annotations": {"BioAssay": {"molecular docking": true}, "PublicationStatus": {"Published": true}, "PublicationType": {"Research": true}, "Section": {"Results": true}}, "citation": {"db": "DOI", "db_id": "10.1021/acsomega.0c00772"}, "evidence": "Meanwhile, the order of active compounds resisting SARS-CoV-2 is T2 = T1 > T5 > T4 > T11 > T15 > T8 > T16 > T9 > T12 > T13 > T3 > T6 > T7 > T10 > T14 > T17", "line": 106, "relation": "decreases"}
complex(a(CHEBI:carvone), p(HGNC:ACE2))	decreases	act(p(HGNC:ACE2))	{"annotations": {"BioAssay": {"molecular docking": true}, "PublicationStatus": {"Published": true}, "PublicationType": {"Research": true}, "Section": {"Results": true}}, "citation": {"db": "DOI", "db_id": "10.1021/acsomega.0c00772"}, "evidence": "The model describing the docking molecules indicated that all of the 17 compounds in the garlic essential oil from T1-ACE2 to T17-ACE2 have the binding ability toward the areas affected by the ACE2 protein.", "line": 66, "object": {"modifier": "Activity"}, "relation": "decreases"}
complex(a(PUBCHEM:133337), p(COVID:ORF1ab, frag("3264_3569")))	decreases	a(TAX:"Severe acute respiratory syndrome coronavirus 2")	{"annotations": {"BioAssay": {"molecular docking": true}, "PublicationStatus": {"Published": true}, "PublicationType": {"Research": true}, "Section": {"Results": true}}, "citation": {"db": "DOI", "db_id": "10.1021/acsomega.0c00772"}, "evidence": "Meanwhile, the order of active compounds resisting SARS-CoV-2 is T2 = T1 > T5 > T4 > T11 > T15 > T8 > T16 > T9 > T12 > T13 > T3 > T6 > T7 > T10 > T14 > T17", "line": 98, "relation": "decreases"}
complex(a(PUBCHEM:133337), p(HGNC:ACE2))	decreases	act(p(HGNC:ACE2))	{"annotations": {"BioAssay": {"molecular docking": true}, "PublicationStatus": {"Published": true}, "PublicationType": {"Research": true}, "Section": {"Results": true}}, "citation": {"db": "DOI", "db_id": "10.1021/acsomega.0c00772"}, "evidence": "The model describing the docking molecules indicated that all of the 17 compounds in the garlic essential oil from T1-ACE2 to T17-ACE2 have the binding ability toward the areas affected by the ACE2 protein.", "line": 62, "object": {"modifier": "Activity"}, "relation": "decreases"}
complex(a(PUBCHEM:181104), p(COVID:ORF1ab, frag("3264_3569")))	decreases	a(TAX:"Severe acute respiratory syndrome coronavirus 2")	{"annotations": {"BioAssay": {"molecular docking": true}, "PublicationStatus": {"Published": true}, "PublicationType": {"Research": true}, "Section": {"Results": true}}, "citation": {"db": "DOI", "db_id": "10.1021/acsomega.0c00772"}, "evidence": "Meanwhile, the order of active compounds resisting SARS-CoV-2 is T2 = T1 > T5 > T4 > T11 > T15 > T8 > T16 > T9 > T12 > T13 > T3 > T6 > T7 > T10 > T14 > T17", "line": 96, "relation": "decreases"}
complex(a(PUBCHEM:181104), p(HGNC:ACE2))	decreases	act(p(HGNC:ACE2))	{"annotations": {"BioAssay": {"molecular docking": true}, "PublicationStatus": {"Published": true}, "PublicationType": {"Research": true}, "Section": {"Results": true}}, "citation": {"db": "DOI", "db_id": "10.1021/acsomega.0c00772"}, "evidence": "The model describing the docking molecules indicated that all of the 17 compounds in the garlic essential oil from T1-ACE2 to T17-ACE2 have the binding ability toward the areas affected by the ACE2 protein.", "line": 68, "object": {"modifier": "Activity"}, "relation": "decreases"}
complex(a(PUBCHEM:181104), p(HGNC:ACE2))	decreases	act(p(HGNC:ACE2))	{"annotations": {"BioAssay": {"molecular docking": true}, "PublicationStatus": {"Published": true}, "PublicationType": {"Research": true}, "Section": {"Results": true}}, "citation": {"db": "DOI", "db_id": "10.1021/acsomega.0c00772"}, "evidence": "The compounds T1 and T2 indicated the highest content in the garlic essential oil (51.3%) and gave the best anti-SARS-CoV-2 activity, followed by the three compounds T5, T4, and T11.", "line": 89, "object": {"modifier": "Activity"}, "relation": "decreases"}
complex(a(PUBCHEM:21159455), p(COVID:ORF1ab, frag("3264_3569")))	decreases	a(TAX:"Severe acute respiratory syndrome coronavirus 2")	{"annotations": {"BioAssay": {"molecular docking": true}, "PublicationStatus": {"Published": true}, "PublicationType": {"Research": true}, "Section": {"Results": true}}, "citation": {"db": "DOI", "db_id": "10.1021/acsomega.0c00772"}, "evidence": "Meanwhile, the order of active compounds resisting SARS-CoV-2 is T2 = T1 > T5 > T4 > T11 > T15 > T8 > T16 > T9 > T12 > T13 > T3 > T6 > T7 > T10 > T14 > T17", "line": 108, "relation": "decreases"}
complex(a(PUBCHEM:21159455), p(HGNC:ACE2))	decreases	act(p(HGNC:ACE2))	{"annotations": {"BioAssay": {"molecular docking": true}, "PublicationStatus": {"Published": true}, "PublicationType": {"Research": true}, "Section": {"Results": true}}, "citation": {"db": "DOI", "db_id": "10.1021/acsomega.0c00772"}, "evidence": "The model describing the docking molecules indicated that all of the 17 compounds in the garlic essential oil from T1-ACE2 to T17-ACE2 have the binding ability toward the areas affected by the ACE2 protein.", "line": 80, "object": {"modifier": "Activity"}, "relation": "decreases"}
complex(a(PUBCHEM:525328), p(COVID:ORF1ab, frag("3264_3569")))	decreases	a(TAX:"Severe acute respiratory syndrome coronavirus 2")	{"annotations": {"BioAssay": {"molecular docking": true}, "PublicationStatus": {"Published": true}, "PublicationType": {"Research": true}, "Section": {"Results": true}}, "citation": {"db": "DOI", "db_id": "10.1021/acsomega.0c00772"}, "evidence": "Meanwhile, the order of active compounds resisting SARS-CoV-2 is T2 = T1 > T5 > T4 > T11 > T15 > T8 > T16 > T9 > T12 > T13 > T3 > T6 > T7 > T10 > T14 > T17", "line": 100, "relation": "decreases"}
complex(a(PUBCHEM:525328), p(HGNC:ACE2))	decreases	act(p(HGNC:ACE2))	{"annotations": {"BioAssay": {"molecular docking": true}, "PublicationStatus": {"Published": true}, "PublicationType": {"Research": true}, "Section": {"Results": true}}, "citation": {"db": "DOI", "db_id": "10.1021/acsomega.0c00772"}, "evidence": "The model describing the docking molecules indicated that all of the 17 compounds in the garlic essential oil from T1-ACE2 to T17-ACE2 have the binding ability toward the areas affected by the ACE2 protein.", "line": 64, "object": {"modifier": "Activity"}, "relation": "decreases"}
complex(a(PUBCHEM:525331), p(COVID:ORF1ab, frag("3264_3569")))	decreases	a(TAX:"Severe acute respiratory syndrome coronavirus 2")	{"annotations": {"BioAssay": {"molecular docking": true}, "PublicationStatus": {"Published": true}, "PublicationType": {"Research": true}, "Section": {"Results": true}}, "citation": {"db": "DOI", "db_id": "10.1021/acsomega.0c00772"}, "evidence": "Meanwhile, the order of active compounds resisting SARS-CoV-2 is T2 = T1 > T5 > T4 > T11 > T15 > T8 > T16 > T9 > T12 > T13 > T3 > T6 > T7 > T10 > T14 > T17", "line": 104, "relation": "decreases"}
complex(a(PUBCHEM:525331), p(HGNC:ACE2))	decreases	act(p(HGNC:ACE2))	{"annotations": {"BioAssay": {"molecular docking": true}, "PublicationStatus": {"Published": true}, "PublicationType": {"Research": true}, "Section": {"Results": true}}, "citation": {"db": "DOI", "db_id": "10.1021/acsomega.0c00772"}, "evidence": "The model describing the docking molecules indicated that all of the 17 compounds in the garlic essential oil from T1-ACE2 to T17-ACE2 have the binding ability toward the areas affected by the ACE2 protein.", "line": 58, "object": {"modifier": "Activity"}, "relation": "decreases"}
complex(a(PUBCHEM:5352693), p(COVID:ORF1ab, frag("3264_3569")))	decreases	a(TAX:"Severe acute respiratory syndrome coronavirus 2")	{"annotations": {"BioAssay": {"molecular docking": true}, "PublicationStatus": {"Published": true}, "PublicationType": {"Research": true}, "Section": {"Results": true}}, "citation": {"db": "DOI", "db_id": "10.1021/acsomega.0c00772"}, "evidence": "Meanwhile, the order of active compounds resisting SARS-CoV-2 is T2 = T1 > T5 > T4 > T11 > T15 > T8 > T16 > T9 > T12 > T13 > T3 > T6 > T7 > T10 > T14 > T17", "line": 107, "relation": "decreases"}
complex(a(PUBCHEM:5352693), p(HGNC:ACE2))	decreases	act(p(HGNC:ACE2))	{"annotations": {"BioAssay": {"molecular docking": true}, "PublicationStatus": {"Published": true}, "PublicationType": {"Research": true}, "Section": {"Results": true}}, "citation": {"db": "DOI", "db_id": "10.1021/acsomega.0c00772"}, "evidence": "The model describing the docking molecules indicated that all of the 17 compounds in the garlic essential oil from T1-ACE2 to T17-ACE2 have the binding ability toward the areas affected by the ACE2 protein.", "line": 74, "object": {"modifier": "Activity"}, "relation": "decreases"}
complex(a(PUBCHEM:5352855), p(COVID:ORF1ab, frag("3264_3569")))	decreases	a(TAX:"Severe acute respiratory syndrome coronavirus 2")	{"annotations": {"BioAssay": {"molecular docking": true}, "PublicationStatus": {"Published": true}, "PublicationType": {"Research": true}, "Section": {"Results": true}}, "citation": {"db": "DOI", "db_id": "10.1021/acsomega.0c00772"}, "evidence": "Meanwhile, the order of active compounds resisting SARS-CoV-2 is T2 = T1 > T5 > T4 > T11 > T15 > T8 > T16 > T9 > T12 > T13 > T3 > T6 > T7 > T10 > T14 > T17", "line": 103, "relation": "decreases"}
complex(a(PUBCHEM:5352855), p(HGNC:ACE2))	decreases	act(p(HGNC:ACE2))	{"annotations": {"BioAssay": {"molecular docking": true}, "PublicationStatus": {"Published": true}, "PublicationType": {"Research": true}, "Section": {"Results": true}}, "citation": {"db": "DOI", "db_id": "10.1021/acsomega.0c00772"}, "evidence": "The model describing the docking molecules indicated that all of the 17 compounds in the garlic essential oil from T1-ACE2 to T17-ACE2 have the binding ability toward the areas affected by the ACE2 protein.", "line": 52, "object": {"modifier": "Activity"}, "relation": "decreases"}
complex(a(PUBCHEM:5352907), p(COVID:ORF1ab, frag("3264_3569")))	decreases	a(TAX:"Severe acute respiratory syndrome coronavirus 2")	{"annotations": {"BioAssay": {"molecular docking": true}, "PublicationStatus": {"Published": true}, "PublicationType": {"Research": true}, "Section": {"Results": true}}, "citation": {"db": "DOI", "db_id": "10.1021/acsomega.0c00772"}, "evidence": "Meanwhile, the order of active compounds resisting SARS-CoV-2 is T2 = T1 > T5 > T4 > T11 > T15 > T8 > T16 > T9 > T12 > T13 > T3 > T6 > T7 > T10 > T14 > T17", "line": 105, "relation": "decreases"}
complex(a(PUBCHEM:5352907), p(HGNC:ACE2))	decreases	act(p(HGNC:ACE2))	{"annotations": {"BioAssay": {"molecular docking": true}, "PublicationStatus": {"Published": true}, "PublicationType": {"Research": true}, "Section": {"Results": true}}, "citation": {"db": "DOI", "db_id": "10.1021/acsomega.0c00772"}, "evidence": "The model describing the docking molecules indicated that all of the 17 compounds in the garlic essential oil from T1-ACE2 to T17-ACE2 have the binding ability toward the areas affected by the ACE2 protein.", "line": 60, "object": {"modifier": "Activity"}, "relation": "decreases"}
complex(a(PUBCHEM:6164465), p(COVID:ORF1ab, frag("3264_3569")))	decreases	a(TAX:"Severe acute respiratory syndrome coronavirus 2")	{"annotations": {"BioAssay": {"molecular docking": true}, "PublicationStatus": {"Published": true}, "PublicationType": {"Research": true}, "Section": {"Results": true}}, "citation": {"db": "DOI", "db_id": "10.1021/acsomega.0c00772"}, "evidence": "Meanwhile, the order of active compounds resisting SARS-CoV-2 is T2 = T1 > T5 > T4 > T11 > T15 > T8 > T16 > T9 > T12 > T13 > T3 > T6 > T7 > T10 > T14 > T17", "line": 99, "relation": "decreases"}
complex(a(PUBCHEM:6164465), p(HGNC:ACE2))	decreases	act(p(HGNC:ACE2))	{"annotations": {"BioAssay": {"molecular docking": true}, "PublicationStatus": {"Published": true}, "PublicationType": {"Research": true}, "Section": {"Results": true}}, "citation": {"db": "DOI", "db_id": "10.1021/acsomega.0c00772"}, "evidence": "The model describing the docking molecules indicated that all of the 17 compounds in the garlic essential oil from T1-ACE2 to T17-ACE2 have the binding ability toward the areas affected by the ACE2 protein.", "line": 78, "object": {"modifier": "Activity"}, "relation": "decreases"}
complex(a(PUBCHEM:61926), p(COVID:ORF1ab, frag("3264_3569")))	decreases	a(TAX:"Severe acute respiratory syndrome coronavirus 2")	{"annotations": {"BioAssay": {"molecular docking": true}, "PublicationStatus": {"Published": true}, "PublicationType": {"Research": true}, "Section": {"Results": true}}, "citation": {"db": "DOI", "db_id": "10.1021/acsomega.0c00772"}, "evidence": "Meanwhile, the order of active compounds resisting SARS-CoV-2 is T2 = T1 > T5 > T4 > T11 > T15 > T8 > T16 > T9 > T12 > T13 > T3 > T6 > T7 > T10 > T14 > T17", "line": 95, "relation": "decreases"}
complex(a(PUBCHEM:61926), p(HGNC:ACE2))	decreases	act(p(HGNC:ACE2))	{"annotations": {"BioAssay": {"molecular docking": true}, "PublicationStatus": {"Published": true}, "PublicationType": {"Research": true}, "Section": {"Results": true}}, "citation": {"db": "DOI", "db_id": "10.1021/acsomega.0c00772"}, "evidence": "The model describing the docking molecules indicated that all of the 17 compounds in the garlic essential oil from T1-ACE2 to T17-ACE2 have the binding ability toward the areas affected by the ACE2 protein.", "line": 54, "object": {"modifier": "Activity"}, "relation": "decreases"}
complex(a(PUBCHEM:61926), p(HGNC:ACE2))	decreases	act(p(HGNC:ACE2))	{"annotations": {"BioAssay": {"molecular docking": true}, "PublicationStatus": {"Published": true}, "PublicationType": {"Research": true}, "Section": {"Results": true}}, "citation": {"db": "DOI", "db_id": "10.1021/acsomega.0c00772"}, "evidence": "The compounds T1 and T2 indicated the highest content in the garlic essential oil (51.3%) and gave the best anti-SARS-CoV-2 activity, followed by the three compounds T5, T4, and T11.", "line": 87, "object": {"modifier": "Activity"}, "relation": "decreases"}
complex(a(PUBCHEM:66282), p(COVID:ORF1ab, frag("3264_3569")))	decreases	a(TAX:"Severe acute respiratory syndrome coronavirus 2")	{"annotations": {"BioAssay": {"molecular docking": true}, "PublicationStatus": {"Published": true}, "PublicationType": {"Research": true}, "Section": {"Results": true}}, "citation": {"db": "DOI", "db_id": "10.1021/acsomega.0c00772"}, "evidence": "Meanwhile, the order of active compounds resisting SARS-CoV-2 is T2 = T1 > T5 > T4 > T11 > T15 > T8 > T16 > T9 > T12 > T13 > T3 > T6 > T7 > T10 > T14 > T17", "line": 97, "relation": "decreases"}
complex(a(PUBCHEM:66282), p(HGNC:ACE2))	decreases	act(p(HGNC:ACE2))	{"annotations": {"BioAssay": {"molecular docking": true}, "PublicationStatus": {"Published": true}, "PublicationType": {"Research": true}, "Section": {"Results": true}}, "citation": {"db": "DOI", "db_id": "10.1021/acsomega.0c00772"}, "evidence": "The model describing the docking molecules indicated that all of the 17 compounds in the garlic essential oil from T1-ACE2 to T17-ACE2 have the binding ability toward the areas affected by the ACE2 protein.", "line": 76, "object": {"modifier": "Activity"}, "relation": "decreases"}
complex(a(PUBCHEM:75552), p(COVID:ORF1ab, frag("3264_3569")))	decreases	a(TAX:"Severe acute respiratory syndrome coronavirus 2")	{"annotations": {"BioAssay": {"molecular docking": true}, "PublicationStatus": {"Published": true}, "PublicationType": {"Research": true}, "Section": {"Results": true}}, "citation": {"db": "DOI", "db_id": "10.1021/acsomega.0c00772"}, "evidence": "Meanwhile, the order of active compounds resisting SARS-CoV-2 is T2 = T1 > T5 > T4 > T11 > T15 > T8 > T16 > T9 > T12 > T13 > T3 > T6 > T7 > T10 > T14 > T17", "line": 94, "relation": "decreases"}
complex(a(PUBCHEM:75552), p(HGNC:ACE2))	decreases	act(p(HGNC:ACE2))	{"annotations": {"BioAssay": {"molecular docking": true}, "PublicationStatus": {"Published": true}, "PublicationType": {"Research": true}, "Section": {"Results": true}}, "citation": {"db": "DOI", "db_id": "10.1021/acsomega.0c00772"}, "evidence": "The model describing the docking molecules indicated that all of the 17 compounds in the garlic essential oil from T1-ACE2 to T17-ACE2 have the binding ability toward the areas affected by the ACE2 protein.", "line": 56, "object": {"modifier": "Activity"}, "relation": "decreases"}
complex(a(PUBCHEM:75552), p(HGNC:ACE2))	decreases	act(p(HGNC:ACE2))	{"annotations": {"BioAssay": {"molecular docking": true}, "PublicationStatus": {"Published": true}, "PublicationType": {"Research": true}, "Section": {"Results": true}}, "citation": {"db": "DOI", "db_id": "10.1021/acsomega.0c00772"}, "evidence": "The compounds T1 and T2 indicated the highest content in the garlic essential oil (51.3%) and gave the best anti-SARS-CoV-2 activity, followed by the three compounds T5, T4, and T11.", "line": 88, "object": {"modifier": "Activity"}, "relation": "decreases"}
