a(CHEBI:liquiritin)	decreases	bp(MESH:"Cytopathogenic Effect, Viral")	{"annotations": {"BioAssay": {"cytotoxicity assay": true}, "Custom_CellLine": {"Vero E6 cell": true}, "Custom_Disease": {"COVID-19": true}, "PublicationStatus": {"Preprint": true}, "PublicationType": {"Research": true}, "Section": {"Results": true}}, "citation": {"db": "DOI", "db_id": "10.1101/2020.05.02.074021"}, "evidence": "First, a cytopathic effect (CPE) inhibition assay with only one dose was performed in Vero E6 cells (ATCC-1586) for fast screening. Among the five tested drugs, liquiritin exhibited significant CPE inhibition at 10 \u00b5M qualitatively.", "line": 58, "relation": "decreases"}
a(CHEBI:liquiritin)	decreases	path(DO:"COVID-19")	{"annotations": {"Custom_CellLine": {"Vero E6 cell": true}, "Custom_Disease": {"COVID-19": true}, "EC50": {"2.39 \u00b5M": true}, "PublicationStatus": {"Preprint": true}, "PublicationType": {"Research": true}, "Section": {"Results": true}}, "citation": {"db": "DOI", "db_id": "10.1101/2020.05.02.074021"}, "evidence": "Vero E6 cells were infected with SARS-CoV-2 at 100 \u00b5l median tissue culture infectious dose (TCID 50 ). Notably, liquiritin potently blocked virus infection at low-micromolar concentration (EC 50 = 2.39 \u00b5M, Figure 1c).", "line": 68, "relation": "decreases"}
a(CHEBI:liquiritin)	increases	bp(GO:"type I interferon signaling pathway")	{"annotations": {"CellLine": {"MCF7 cell": true}, "Custom_Disease": {"COVID-19": true}, "PublicationStatus": {"Preprint": true}, "PublicationType": {"Research": true}, "Section": {"Results": true}, "Species": {"9606": true}}, "citation": {"db": "DOI", "db_id": "10.1101/2020.05.02.074021"}, "evidence": "Gene Ontology analysis reveals that the upregulated genes are enriched in the \u201ctype I interferon signaling pathway\u201d, \u201cnegative regulation of viral genome replication\u201d, \u201cdefense response to virus\u201d and \u201cresponse to virus\u201d categories (Figure 2b) with p-value < 8.26e-4, 8.29e-4, 0.0021 and 0.0039, respectively.", "line": 80, "relation": "increases"}
a(CHEBI:liquiritin)	increases	bp(GO:"negative regulation of viral genome replication")	{"annotations": {"CellLine": {"MCF7 cell": true}, "Custom_Disease": {"COVID-19": true}, "PublicationStatus": {"Preprint": true}, "PublicationType": {"Research": true}, "Section": {"Results": true}, "Species": {"9606": true}}, "citation": {"db": "DOI", "db_id": "10.1101/2020.05.02.074021"}, "evidence": "Gene Ontology analysis reveals that the upregulated genes are enriched in the \u201ctype I interferon signaling pathway\u201d, \u201cnegative regulation of viral genome replication\u201d, \u201cdefense response to virus\u201d and \u201cresponse to virus\u201d categories (Figure 2b) with p-value < 8.26e-4, 8.29e-4, 0.0021 and 0.0039, respectively.", "line": 81, "relation": "increases"}
a(CHEBI:liquiritin)	increases	bp(GO:"defense response to virus")	{"annotations": {"CellLine": {"MCF7 cell": true}, "Custom_Disease": {"COVID-19": true}, "PublicationStatus": {"Preprint": true}, "PublicationType": {"Research": true}, "Section": {"Results": true}, "Species": {"9606": true}}, "citation": {"db": "DOI", "db_id": "10.1101/2020.05.02.074021"}, "evidence": "Gene Ontology analysis reveals that the upregulated genes are enriched in the \u201ctype I interferon signaling pathway\u201d, \u201cnegative regulation of viral genome replication\u201d, \u201cdefense response to virus\u201d and \u201cresponse to virus\u201d categories (Figure 2b) with p-value < 8.26e-4, 8.29e-4, 0.0021 and 0.0039, respectively.", "line": 82, "relation": "increases"}
a(CHEBI:liquiritin)	increases	bp(GO:"response to virus")	{"annotations": {"CellLine": {"MCF7 cell": true}, "Custom_Disease": {"COVID-19": true}, "PublicationStatus": {"Preprint": true}, "PublicationType": {"Research": true}, "Section": {"Results": true}, "Species": {"9606": true}}, "citation": {"db": "DOI", "db_id": "10.1101/2020.05.02.074021"}, "evidence": "Gene Ontology analysis reveals that the upregulated genes are enriched in the \u201ctype I interferon signaling pathway\u201d, \u201cnegative regulation of viral genome replication\u201d, \u201cdefense response to virus\u201d and \u201cresponse to virus\u201d categories (Figure 2b) with p-value < 8.26e-4, 8.29e-4, 0.0021 and 0.0039, respectively.", "line": 83, "relation": "increases"}
a(CHEBI:liquiritin)	increases	r(HGNC:IFIT1)	{"annotations": {"CellLine": {"MCF7 cell": true}, "Custom_Disease": {"COVID-19": true}, "PublicationStatus": {"Preprint": true}, "PublicationType": {"Research": true}, "Section": {"Results": true}, "Species": {"9606": true}}, "citation": {"db": "DOI", "db_id": "10.1101/2020.05.02.074021"}, "evidence": "Nine genes in the first category were IFIT1, IFIT3, IFITM1, IFI6, IFI27, OAS3, OAS1, PSMB8 and IRF8. The induced ISGs include MX1, OAS, IFIT, IFITM and etc. as shown in the \u201cnegative regulation of viral genome replication\u201d category.", "line": 90, "relation": "increases"}
a(CHEBI:liquiritin)	increases	r(HGNC:IFIT3)	{"annotations": {"CellLine": {"MCF7 cell": true}, "Custom_Disease": {"COVID-19": true}, "PublicationStatus": {"Preprint": true}, "PublicationType": {"Research": true}, "Section": {"Results": true}, "Species": {"9606": true}}, "citation": {"db": "DOI", "db_id": "10.1101/2020.05.02.074021"}, "evidence": "Nine genes in the first category were IFIT1, IFIT3, IFITM1, IFI6, IFI27, OAS3, OAS1, PSMB8 and IRF8. The induced ISGs include MX1, OAS, IFIT, IFITM and etc. as shown in the \u201cnegative regulation of viral genome replication\u201d category.", "line": 91, "relation": "increases"}
a(CHEBI:liquiritin)	increases	r(HGNC:IFITM1)	{"annotations": {"CellLine": {"MCF7 cell": true}, "Custom_Disease": {"COVID-19": true}, "PublicationStatus": {"Preprint": true}, "PublicationType": {"Research": true}, "Section": {"Results": true}, "Species": {"9606": true}}, "citation": {"db": "DOI", "db_id": "10.1101/2020.05.02.074021"}, "evidence": "Nine genes in the first category were IFIT1, IFIT3, IFITM1, IFI6, IFI27, OAS3, OAS1, PSMB8 and IRF8. The induced ISGs include MX1, OAS, IFIT, IFITM and etc. as shown in the \u201cnegative regulation of viral genome replication\u201d category.", "line": 92, "relation": "increases"}
a(CHEBI:liquiritin)	increases	r(HGNC:IFI6)	{"annotations": {"CellLine": {"MCF7 cell": true}, "Custom_Disease": {"COVID-19": true}, "PublicationStatus": {"Preprint": true}, "PublicationType": {"Research": true}, "Section": {"Results": true}, "Species": {"9606": true}}, "citation": {"db": "DOI", "db_id": "10.1101/2020.05.02.074021"}, "evidence": "Nine genes in the first category were IFIT1, IFIT3, IFITM1, IFI6, IFI27, OAS3, OAS1, PSMB8 and IRF8. The induced ISGs include MX1, OAS, IFIT, IFITM and etc. as shown in the \u201cnegative regulation of viral genome replication\u201d category.", "line": 93, "relation": "increases"}
a(CHEBI:liquiritin)	increases	r(HGNC:IFI27)	{"annotations": {"CellLine": {"MCF7 cell": true}, "Custom_Disease": {"COVID-19": true}, "PublicationStatus": {"Preprint": true}, "PublicationType": {"Research": true}, "Section": {"Results": true}, "Species": {"9606": true}}, "citation": {"db": "DOI", "db_id": "10.1101/2020.05.02.074021"}, "evidence": "Nine genes in the first category were IFIT1, IFIT3, IFITM1, IFI6, IFI27, OAS3, OAS1, PSMB8 and IRF8. The induced ISGs include MX1, OAS, IFIT, IFITM and etc. as shown in the \u201cnegative regulation of viral genome replication\u201d category.", "line": 94, "relation": "increases"}
a(CHEBI:liquiritin)	increases	r(HGNC:OAS1)	{"annotations": {"CellLine": {"MCF7 cell": true}, "Custom_Disease": {"COVID-19": true}, "PublicationStatus": {"Preprint": true}, "PublicationType": {"Research": true}, "Section": {"Results": true}, "Species": {"9606": true}}, "citation": {"db": "DOI", "db_id": "10.1101/2020.05.02.074021"}, "evidence": "Nine genes in the first category were IFIT1, IFIT3, IFITM1, IFI6, IFI27, OAS3, OAS1, PSMB8 and IRF8. The induced ISGs include MX1, OAS, IFIT, IFITM and etc. as shown in the \u201cnegative regulation of viral genome replication\u201d category.", "line": 95, "relation": "increases"}
a(CHEBI:liquiritin)	increases	r(HGNC:OAS3)	{"annotations": {"CellLine": {"MCF7 cell": true}, "Custom_Disease": {"COVID-19": true}, "PublicationStatus": {"Preprint": true}, "PublicationType": {"Research": true}, "Section": {"Results": true}, "Species": {"9606": true}}, "citation": {"db": "DOI", "db_id": "10.1101/2020.05.02.074021"}, "evidence": "Nine genes in the first category were IFIT1, IFIT3, IFITM1, IFI6, IFI27, OAS3, OAS1, PSMB8 and IRF8. The induced ISGs include MX1, OAS, IFIT, IFITM and etc. as shown in the \u201cnegative regulation of viral genome replication\u201d category.", "line": 96, "relation": "increases"}
a(CHEBI:liquiritin)	increases	r(HGNC:PSMB8)	{"annotations": {"CellLine": {"MCF7 cell": true}, "Custom_Disease": {"COVID-19": true}, "PublicationStatus": {"Preprint": true}, "PublicationType": {"Research": true}, "Section": {"Results": true}, "Species": {"9606": true}}, "citation": {"db": "DOI", "db_id": "10.1101/2020.05.02.074021"}, "evidence": "Nine genes in the first category were IFIT1, IFIT3, IFITM1, IFI6, IFI27, OAS3, OAS1, PSMB8 and IRF8. The induced ISGs include MX1, OAS, IFIT, IFITM and etc. as shown in the \u201cnegative regulation of viral genome replication\u201d category.", "line": 97, "relation": "increases"}
a(CHEBI:liquiritin)	increases	r(HGNC:IRF8)	{"annotations": {"CellLine": {"MCF7 cell": true}, "Custom_Disease": {"COVID-19": true}, "PublicationStatus": {"Preprint": true}, "PublicationType": {"Research": true}, "Section": {"Results": true}, "Species": {"9606": true}}, "citation": {"db": "DOI", "db_id": "10.1101/2020.05.02.074021"}, "evidence": "Nine genes in the first category were IFIT1, IFIT3, IFITM1, IFI6, IFI27, OAS3, OAS1, PSMB8 and IRF8. The induced ISGs include MX1, OAS, IFIT, IFITM and etc. as shown in the \u201cnegative regulation of viral genome replication\u201d category.", "line": 98, "relation": "increases"}
a(CHEBI:liquiritin)	increases	r(HGNC:IL13)	{"annotations": {"CellLine": {"MCF7 cell": true}, "Custom_Disease": {"COVID-19": true}, "PublicationStatus": {"Preprint": true}, "PublicationType": {"Research": true}, "Section": {"Results": true}, "Species": {"9606": true}}, "citation": {"db": "DOI", "db_id": "10.1101/2020.05.02.074021"}, "evidence": "Further, the \u201cinflammatory response\u201d is also enriched in down- regulated genes with p-value < 0.015 (Figure 2c), showing liquiritin reduced inflammatory response. In this category, IL13, IL17B and etc. showed up.", "line": 119, "relation": "increases"}
a(CHEBI:liquiritin)	increases	r(HGNC:IL17B)	{"annotations": {"CellLine": {"MCF7 cell": true}, "Custom_Disease": {"COVID-19": true}, "PublicationStatus": {"Preprint": true}, "PublicationType": {"Research": true}, "Section": {"Results": true}, "Species": {"9606": true}}, "citation": {"db": "DOI", "db_id": "10.1101/2020.05.02.074021"}, "evidence": "Further, the \u201cinflammatory response\u201d is also enriched in down- regulated genes with p-value < 0.015 (Figure 2c), showing liquiritin reduced inflammatory response. In this category, IL13, IL17B and etc. showed up.", "line": 120, "relation": "increases"}
a(CHEBI:liquiritin)	decreases	path(MESH:Death)	{"annotations": {"BioAssay": {"toxicity assay": true}, "Custom_Disease": {"COVID-19": true}, "PublicationStatus": {"Preprint": true}, "PublicationType": {"Research": true}, "Section": {"Results": true}, "Species": {"10090": true}, "Timeline": {"14 days": true}, "concentration": {"150 mg/kg": true}, "mode_of_administration": {"intravenous injection": true}}, "citation": {"db": "DOI", "db_id": "10.1101/2020.05.02.074021"}, "evidence": "No mortality was observed at 150 mg/kg dose of one-time treatment of liquiritin by intravenous administration during the 14 days monitoring period (Figure 3a).", "line": 136, "relation": "decreases"}
a(CHEBI:liquiritin)	decreases	path(MESH:Death)	{"annotations": {"BioAssay": {"toxicity assay": true}, "Custom_Disease": {"COVID-19": true}, "PublicationStatus": {"Preprint": true}, "PublicationType": {"Research": true}, "Section": {"Results": true}, "Species": {"10090": true}, "Timeline": {"7 days": true}, "concentration": {"300 mg/kg": true}, "mode_of_administration": {"intravenous injection": true}}, "citation": {"db": "DOI", "db_id": "10.1101/2020.05.02.074021"}, "evidence": "A continuous treatment for seven days at 300 mg/kg was also performed. The mortality rate is also zero (Figure 3d).", "line": 145, "relation": "decreases"}
a(CHEBI:liquiritin)	decreases	p(MGI:Gpt)	{"annotations": {"Custom_Disease": {"COVID-19": true}, "PublicationStatus": {"Preprint": true}, "PublicationType": {"Research": true}, "Section": {"Results": true}, "Species": {"10090": true}, "mode_of_administration": {"intravenous injection": true}}, "citation": {"db": "DOI", "db_id": "10.1101/2020.05.02.074021"}, "evidence": "We observed declined ALT and it may be due to the anti-inflammatory effect of liquiritin.", "line": 153, "relation": "decreases"}
a(TAX:"Severe acute respiratory syndrome coronavirus 2")	increases	path(DO:"COVID-19")	{"annotations": {"Custom_CellLine": {"Vero E6 cell": true}, "Custom_Disease": {"COVID-19": true}, "PublicationStatus": {"Preprint": true}, "PublicationType": {"Research": true}, "Section": {"Results": true}}, "citation": {"db": "DOI", "db_id": "10.1101/2020.05.02.074021"}, "evidence": "Vero E6 cells were infected with SARS-CoV-2 at 100 \u00b5l median tissue culture infectious dose (TCID 50 ). Notably, liquiritin potently blocked virus infection at low-micromolar concentration (EC 50 = 2.39 \u00b5M, Figure 1c).", "line": 66, "relation": "increases"}
path(DO:"COVID-19")	increases	bp(MESH:"Cytopathogenic Effect, Viral")	{"annotations": {"BioAssay": {"cytotoxicity assay": true}, "Custom_CellLine": {"Vero E6 cell": true}, "Custom_Disease": {"COVID-19": true}, "PublicationStatus": {"Preprint": true}, "PublicationType": {"Research": true}, "Section": {"Results": true}}, "citation": {"db": "DOI", "db_id": "10.1101/2020.05.02.074021"}, "evidence": "First, a cytopathic effect (CPE) inhibition assay with only one dose was performed in Vero E6 cells (ATCC-1586) for fast screening. Among the five tested drugs, liquiritin exhibited significant CPE inhibition at 10 \u00b5M qualitatively.", "line": 57, "relation": "increases"}
path(DO:"COVID-19")	increases	path(MESH:Death)	{"annotations": {"Custom_Disease": {"COVID-19": true}, "PublicationStatus": {"Preprint": true}, "PublicationType": {"Research": true}, "Section": {"Results": true}}, "citation": {"db": "DOI", "db_id": "10.1101/2020.05.02.074021"}, "evidence": "No mortality was observed at 150 mg/kg dose of one-time treatment of liquiritin by intravenous administration during the 14 days monitoring period (Figure 3a).", "line": 130, "relation": "increases"}
r(HGNC:IFI27)	increases	bp(GO:"type I interferon signaling pathway")	{"annotations": {"CellLine": {"MCF7 cell": true}, "Custom_Disease": {"COVID-19": true}, "PublicationStatus": {"Preprint": true}, "PublicationType": {"Research": true}, "Section": {"Results": true}, "Species": {"9606": true}}, "citation": {"db": "DOI", "db_id": "10.1101/2020.05.02.074021"}, "evidence": "Nine genes in the first category were IFIT1, IFIT3, IFITM1, IFI6, IFI27, OAS3, OAS1, PSMB8 and IRF8. The induced ISGs include MX1, OAS, IFIT, IFITM and etc. as shown in the \u201cnegative regulation of viral genome replication\u201d category.", "line": 103, "relation": "increases"}
r(HGNC:IFI6)	increases	bp(GO:"type I interferon signaling pathway")	{"annotations": {"CellLine": {"MCF7 cell": true}, "Custom_Disease": {"COVID-19": true}, "PublicationStatus": {"Preprint": true}, "PublicationType": {"Research": true}, "Section": {"Results": true}, "Species": {"9606": true}}, "citation": {"db": "DOI", "db_id": "10.1101/2020.05.02.074021"}, "evidence": "Nine genes in the first category were IFIT1, IFIT3, IFITM1, IFI6, IFI27, OAS3, OAS1, PSMB8 and IRF8. The induced ISGs include MX1, OAS, IFIT, IFITM and etc. as shown in the \u201cnegative regulation of viral genome replication\u201d category.", "line": 102, "relation": "increases"}
r(HGNC:IFIT1)	increases	bp(GO:"type I interferon signaling pathway")	{"annotations": {"CellLine": {"MCF7 cell": true}, "Custom_Disease": {"COVID-19": true}, "PublicationStatus": {"Preprint": true}, "PublicationType": {"Research": true}, "Section": {"Results": true}, "Species": {"9606": true}}, "citation": {"db": "DOI", "db_id": "10.1101/2020.05.02.074021"}, "evidence": "Nine genes in the first category were IFIT1, IFIT3, IFITM1, IFI6, IFI27, OAS3, OAS1, PSMB8 and IRF8. The induced ISGs include MX1, OAS, IFIT, IFITM and etc. as shown in the \u201cnegative regulation of viral genome replication\u201d category.", "line": 99, "relation": "increases"}
r(HGNC:IFIT1)	increases	bp(GO:"negative regulation of viral genome replication")	{"annotations": {"CellLine": {"MCF7 cell": true}, "Custom_Disease": {"COVID-19": true}, "PublicationStatus": {"Preprint": true}, "PublicationType": {"Research": true}, "Section": {"Results": true}, "Species": {"9606": true}}, "citation": {"db": "DOI", "db_id": "10.1101/2020.05.02.074021"}, "evidence": "Nine genes in the first category were IFIT1, IFIT3, IFITM1, IFI6, IFI27, OAS3, OAS1, PSMB8 and IRF8. The induced ISGs include MX1, OAS, IFIT, IFITM and etc. as shown in the \u201cnegative regulation of viral genome replication\u201d category.", "line": 108, "relation": "increases"}
r(HGNC:IFIT3)	increases	bp(GO:"type I interferon signaling pathway")	{"annotations": {"CellLine": {"MCF7 cell": true}, "Custom_Disease": {"COVID-19": true}, "PublicationStatus": {"Preprint": true}, "PublicationType": {"Research": true}, "Section": {"Results": true}, "Species": {"9606": true}}, "citation": {"db": "DOI", "db_id": "10.1101/2020.05.02.074021"}, "evidence": "Nine genes in the first category were IFIT1, IFIT3, IFITM1, IFI6, IFI27, OAS3, OAS1, PSMB8 and IRF8. The induced ISGs include MX1, OAS, IFIT, IFITM and etc. as shown in the \u201cnegative regulation of viral genome replication\u201d category.", "line": 100, "relation": "increases"}
r(HGNC:IFIT3)	increases	bp(GO:"negative regulation of viral genome replication")	{"annotations": {"CellLine": {"MCF7 cell": true}, "Custom_Disease": {"COVID-19": true}, "PublicationStatus": {"Preprint": true}, "PublicationType": {"Research": true}, "Section": {"Results": true}, "Species": {"9606": true}}, "citation": {"db": "DOI", "db_id": "10.1101/2020.05.02.074021"}, "evidence": "Nine genes in the first category were IFIT1, IFIT3, IFITM1, IFI6, IFI27, OAS3, OAS1, PSMB8 and IRF8. The induced ISGs include MX1, OAS, IFIT, IFITM and etc. as shown in the \u201cnegative regulation of viral genome replication\u201d category.", "line": 109, "relation": "increases"}
r(HGNC:IFITM1)	increases	bp(GO:"type I interferon signaling pathway")	{"annotations": {"CellLine": {"MCF7 cell": true}, "Custom_Disease": {"COVID-19": true}, "PublicationStatus": {"Preprint": true}, "PublicationType": {"Research": true}, "Section": {"Results": true}, "Species": {"9606": true}}, "citation": {"db": "DOI", "db_id": "10.1101/2020.05.02.074021"}, "evidence": "Nine genes in the first category were IFIT1, IFIT3, IFITM1, IFI6, IFI27, OAS3, OAS1, PSMB8 and IRF8. The induced ISGs include MX1, OAS, IFIT, IFITM and etc. as shown in the \u201cnegative regulation of viral genome replication\u201d category.", "line": 101, "relation": "increases"}
r(HGNC:IFITM1)	increases	bp(GO:"negative regulation of viral genome replication")	{"annotations": {"CellLine": {"MCF7 cell": true}, "Custom_Disease": {"COVID-19": true}, "PublicationStatus": {"Preprint": true}, "PublicationType": {"Research": true}, "Section": {"Results": true}, "Species": {"9606": true}}, "citation": {"db": "DOI", "db_id": "10.1101/2020.05.02.074021"}, "evidence": "Nine genes in the first category were IFIT1, IFIT3, IFITM1, IFI6, IFI27, OAS3, OAS1, PSMB8 and IRF8. The induced ISGs include MX1, OAS, IFIT, IFITM and etc. as shown in the \u201cnegative regulation of viral genome replication\u201d category.", "line": 110, "relation": "increases"}
r(HGNC:IL13)	increases	bp(GO:"inflammatory response")	{"annotations": {"CellLine": {"MCF7 cell": true}, "Custom_Disease": {"COVID-19": true}, "PublicationStatus": {"Preprint": true}, "PublicationType": {"Research": true}, "Section": {"Results": true}, "Species": {"9606": true}}, "citation": {"db": "DOI", "db_id": "10.1101/2020.05.02.074021"}, "evidence": "Further, the \u201cinflammatory response\u201d is also enriched in down- regulated genes with p-value < 0.015 (Figure 2c), showing liquiritin reduced inflammatory response. In this category, IL13, IL17B and etc. showed up.", "line": 121, "relation": "increases"}
r(HGNC:IL17B)	increases	bp(GO:"inflammatory response")	{"annotations": {"CellLine": {"MCF7 cell": true}, "Custom_Disease": {"COVID-19": true}, "PublicationStatus": {"Preprint": true}, "PublicationType": {"Research": true}, "Section": {"Results": true}, "Species": {"9606": true}}, "citation": {"db": "DOI", "db_id": "10.1101/2020.05.02.074021"}, "evidence": "Further, the \u201cinflammatory response\u201d is also enriched in down- regulated genes with p-value < 0.015 (Figure 2c), showing liquiritin reduced inflammatory response. In this category, IL13, IL17B and etc. showed up.", "line": 122, "relation": "increases"}
r(HGNC:IRF8)	increases	bp(GO:"type I interferon signaling pathway")	{"annotations": {"CellLine": {"MCF7 cell": true}, "Custom_Disease": {"COVID-19": true}, "PublicationStatus": {"Preprint": true}, "PublicationType": {"Research": true}, "Section": {"Results": true}, "Species": {"9606": true}}, "citation": {"db": "DOI", "db_id": "10.1101/2020.05.02.074021"}, "evidence": "Nine genes in the first category were IFIT1, IFIT3, IFITM1, IFI6, IFI27, OAS3, OAS1, PSMB8 and IRF8. The induced ISGs include MX1, OAS, IFIT, IFITM and etc. as shown in the \u201cnegative regulation of viral genome replication\u201d category.", "line": 107, "relation": "increases"}
r(HGNC:OAS1)	increases	bp(GO:"type I interferon signaling pathway")	{"annotations": {"CellLine": {"MCF7 cell": true}, "Custom_Disease": {"COVID-19": true}, "PublicationStatus": {"Preprint": true}, "PublicationType": {"Research": true}, "Section": {"Results": true}, "Species": {"9606": true}}, "citation": {"db": "DOI", "db_id": "10.1101/2020.05.02.074021"}, "evidence": "Nine genes in the first category were IFIT1, IFIT3, IFITM1, IFI6, IFI27, OAS3, OAS1, PSMB8 and IRF8. The induced ISGs include MX1, OAS, IFIT, IFITM and etc. as shown in the \u201cnegative regulation of viral genome replication\u201d category.", "line": 104, "relation": "increases"}
r(HGNC:OAS1)	increases	bp(GO:"negative regulation of viral genome replication")	{"annotations": {"CellLine": {"MCF7 cell": true}, "Custom_Disease": {"COVID-19": true}, "PublicationStatus": {"Preprint": true}, "PublicationType": {"Research": true}, "Section": {"Results": true}, "Species": {"9606": true}}, "citation": {"db": "DOI", "db_id": "10.1101/2020.05.02.074021"}, "evidence": "Nine genes in the first category were IFIT1, IFIT3, IFITM1, IFI6, IFI27, OAS3, OAS1, PSMB8 and IRF8. The induced ISGs include MX1, OAS, IFIT, IFITM and etc. as shown in the \u201cnegative regulation of viral genome replication\u201d category.", "line": 111, "relation": "increases"}
r(HGNC:OAS3)	increases	bp(GO:"type I interferon signaling pathway")	{"annotations": {"CellLine": {"MCF7 cell": true}, "Custom_Disease": {"COVID-19": true}, "PublicationStatus": {"Preprint": true}, "PublicationType": {"Research": true}, "Section": {"Results": true}, "Species": {"9606": true}}, "citation": {"db": "DOI", "db_id": "10.1101/2020.05.02.074021"}, "evidence": "Nine genes in the first category were IFIT1, IFIT3, IFITM1, IFI6, IFI27, OAS3, OAS1, PSMB8 and IRF8. The induced ISGs include MX1, OAS, IFIT, IFITM and etc. as shown in the \u201cnegative regulation of viral genome replication\u201d category.", "line": 105, "relation": "increases"}
r(HGNC:OAS3)	increases	bp(GO:"negative regulation of viral genome replication")	{"annotations": {"CellLine": {"MCF7 cell": true}, "Custom_Disease": {"COVID-19": true}, "PublicationStatus": {"Preprint": true}, "PublicationType": {"Research": true}, "Section": {"Results": true}, "Species": {"9606": true}}, "citation": {"db": "DOI", "db_id": "10.1101/2020.05.02.074021"}, "evidence": "Nine genes in the first category were IFIT1, IFIT3, IFITM1, IFI6, IFI27, OAS3, OAS1, PSMB8 and IRF8. The induced ISGs include MX1, OAS, IFIT, IFITM and etc. as shown in the \u201cnegative regulation of viral genome replication\u201d category.", "line": 112, "relation": "increases"}
r(HGNC:PSMB8)	increases	bp(GO:"type I interferon signaling pathway")	{"annotations": {"CellLine": {"MCF7 cell": true}, "Custom_Disease": {"COVID-19": true}, "PublicationStatus": {"Preprint": true}, "PublicationType": {"Research": true}, "Section": {"Results": true}, "Species": {"9606": true}}, "citation": {"db": "DOI", "db_id": "10.1101/2020.05.02.074021"}, "evidence": "Nine genes in the first category were IFIT1, IFIT3, IFITM1, IFI6, IFI27, OAS3, OAS1, PSMB8 and IRF8. The induced ISGs include MX1, OAS, IFIT, IFITM and etc. as shown in the \u201cnegative regulation of viral genome replication\u201d category.", "line": 106, "relation": "increases"}
